Index,Customer Id,First Name,Last Name,Company,City,Country,Phone,Email,Subscription Date,Website,Notes
1,40e938d90c5a9fc,Ada,Easley,Wonka Labs,Sevilla,Spain,202-646-1155,ada.easley@acme.net,2022-01-30,https://www.easley-sirius.net/,
2,14d96cb14241a7a,Rasmus,Stroustrup,Sirius & Wonka,Paris,France,179-159-3434,rasmus.stroustrup@umbrella.org,2024-05-12,https://www.stroustrup-umbrella.biz/,
3,3b83c335a3c70e0,Radia,Johnson,"Piper, Northwind and Vandelay",Łódź,Poland,125-445-8880x708,radia.johnson@soylent.biz,2020-10-21,https://www.johnson-initech.net/,
4,5a46cd04a532f1c,Anders,Stroustrup,Massive Holdings,Wien,Austria,911-464-9475,anders.stroustrup@initech.biz,2019-05-29,https://www.stroustrup-gringotts.com/,
5,dedab3707264690,Anders,Lerdorf,Dynamic & Vandelay,Tallinn,Estonia,704-393-3801,anders.lerdorf@gringotts.com,2020-04-18,https://www.lerdorf-stark.org/,
6,2bb57999a75cb52,Margaret,Wall,Vandelay Works,Bratislava,Slovakia,386-228-7629x723,margaret.wall@gringotts.org,2022-06-18,https://www.wall-piper.org/,
7,fa7440ce66360ee,Ken,Gosling,Oceanic & Initech,Łódź,Poland,421-974-2660,ken.gosling@cyberdyne.biz,2022-09-25,https://www.gosling-umbrella.net/,
8,8c026a0c6c17f7d,Larry,Eich,Initech Partners,Kraków,Poland,323-405-8864,larry.eich@hooli.net,2020-02-07,https://www.eich-stark.net/,
9,19d22069808f7e1,Larry,Rossum,Cyberdyne Partners,Nairobi,Kenya,503-522-8294x575,larry.rossum@hooli.net,2023-01-19,https://www.rossum-vandelay.io/,
10,a0a5457fba27723,James,Stroustrup,Tyrell Systems,Nairobi,Kenya,933-224-8997,james.stroustrup@massive.com,2023-01-17,https://www.stroustrup-pied.net/,
11,2af1737f0618a88,Guido,Liskov,Pied Partners,Nairobi,Kenya,939-800-8154,guido.liskov@globex.org,2021-10-10,https://www.liskov-massive.net/,
12,0cc0be68d2663b3,Ida,Wall,Acme Labs,Kraków,Poland,297-187-3063x326,ida.wall@sirius.biz,2023-02-04,https://www.wall-piper.com/,
13,1a0b85ff183c124,Brendan,Matsumoto,"Vandelay, Inc.",København,Denmark,259-478-1487,brendan.matsumoto@sirius.org,2023-09-24,https://www.matsumoto-pied.biz/,
14,c120654cc972c60,Larry,Lovelace,Acme Systems,Porto,Portugal,572-857-3087,larry.lovelace@vandelay.io,2024-05-03,https://www.lovelace-umbrella.io/,
15,6b12cbb2eb7525f,Ida,Wall,Tyrell Works,Москва,Russia,342-914-3474x804,ida.wall@gringotts.net,2023-05-01,https://www.wall-wonka.org/,
16,a9a64b943c55286,Bjarne,Johnson,Wayne Labs,Wien,Austria,897-364-9080,bjarne.johnson@pied.com,2020-10-10,https://www.johnson-vandelay.biz/,
17,2488cdec8d0d803,Anders,Rhodes,Soylent Systems,Nairobi,Kenya,733-122-1791,anders.rhodes@hooli.biz,2020-12-12,https://www.rhodes-soylent.com/,"said ""call me"", then left"
18,d93d855c8a2c04a,Audrey,Matsumoto,"Hooli, Inc.",Montréal,Canada,729-305-5263x726,audrey.matsumoto@globex.biz,2021-10-14,https://www.matsumoto-tyrell.biz/,
19,087ac840ba017d7,Margaret,Eich,Soylent Systems,Wien,Austria,271-203-4207,margaret.eich@gringotts.com,2023-10-07,https://www.eich-hooli.biz/,
20,99023c704c830fa,Ida,Ritchie,"Pied, Inc.",Nairobi,Kenya,235-174-5643,ida.ritchie@globex.org,2021-11-18,https://www.ritchie-stark.org/,
21,75a4eb02ae6719d,Ida,Gosling,"Vandelay, Inc.",東京,Japan,623-273-5277x910,ida.gosling@oceanic.com,2023-09-24,https://www.gosling-dynamic.com/,
22,4e4affe79d72d62,Yukihiro,Torvalds,"Tyrell, Soylent and Massive",Москва,Russia,951-671-4447,yukihiro.torvalds@wayne.biz,2021-07-05,https://www.torvalds-dynamic.org/,
23,ec33b6fede56480,Larry,Eich,"Umbrella, Massive and Piper",Bratislava,Slovakia,546-468-9843,larry.eich@acme.com,2021-08-13,https://www.eich-oceanic.biz/,
24,cacd7424d4940f7,Barbara,Gosling,Massive Systems,Wien,Austria,176-500-4410x382,barbara.gosling@cyberdyne.net,2020-07-19,https://www.gosling-wonka.biz/,
25,53ec99ea1f4ff73,Guido,Liskov,Dynamic Partners,Paris,France,838-612-1669,guido.liskov@stark.com,2021-12-04,https://www.liskov-pied.net/,
26,95a92dd7104f6b8,Grace,Hamilton,Wayne Labs,Kraków,Poland,661-686-8847,grace.hamilton@acme.net,2023-08-17,https://www.hamilton-stark.com/,
27,4089db46bb6eb30,Brendan,Wall,"Sirius, Soylent and Northwind",Москва,Russia,830-725-6756x220,brendan.wall@dynamic.org,2023-09-16,https://www.wall-tyrell.net/,
28,da255b49468035b,Dennis,Lerdorf,"Vandelay, Inc.",Nairobi,Kenya,200-750-9798,dennis.lerdorf@dynamic.net,2023-12-02,https://www.lerdorf-pied.net/,
29,87e879a389988c0,Guido,Keller,Globex Holdings,東京,Japan,422-268-9977,guido.keller@massive.net,2020-08-15,https://www.keller-stark.org/,
30,7392efc0d503905,Annie,Liskov,Cyberdyne Group,Reykjavík,Iceland,126-578-9202x61,annie.liskov@soylent.org,2023-01-20,https://www.liskov-oceanic.com/,
31,65d95c36332eb86,Anders,Gosling,Initech Group,Zürich,Switzerland,726-465-7764,anders.gosling@vandelay.net,2021-10-18,https://www.gosling-globex.com/,
32,2276b4f4cb096de,Linus,Stroustrup,Wayne Systems,Reykjavík,Iceland,448-313-2301,linus.stroustrup@massive.io,2023-03-23,https://www.stroustrup-gringotts.io/,
33,e0010b5e47e3773,Guido,Allen,Gringotts Holdings,Reykjavík,Iceland,642-189-6921x133,guido.allen@acme.net,2023-02-09,https://www.allen-wayne.com/,
34,e23be84a606f710,Linus,Ritchie,Cyberdyne Works,Wien,Austria,632-757-2244,linus.ritchie@piper.org,2023-06-28,https://www.ritchie-stark.com/,
35,7d81c9dee151070,Linus,Liskov,"Wonka, Acme and Soylent",Kraków,Poland,360-120-4502,linus.liskov@acme.net,2021-05-13,https://www.liskov-piper.net/,
36,ccea953dadfc189,Audrey,Rossum,Oceanic Works,Nairobi,Kenya,158-399-3564x970,audrey.rossum@vandelay.net,2020-07-20,https://www.rossum-wayne.io/,
37,55748180a9ef069,Frances,Liskov,Soylent Labs,Wien,Austria,524-999-7383,frances.liskov@pied.org,2021-12-21,https://www.liskov-globex.biz/,
38,c68b41f198b0718,Barbara,Hopper,Stark Partners,Sevilla,Spain,898-671-7660,barbara.hopper@northwind.net,2024-02-22,https://www.hopper-cyberdyne.biz/,
39,9105600e18ee377,Brendan,Tang,"Tyrell, Oceanic and Acme",Genève,Switzerland,466-614-9707x574,brendan.tang@stark.net,2019-09-11,https://www.tang-oceanic.com/,
40,79f37c8af12f35a,Yukihiro,Tang,Tyrell & Soylent,Москва,Russia,615-640-3630,yukihiro.tang@initech.com,2024-03-16,https://www.tang-umbrella.org/,
41,a47cbd485a06681,Linus,Rossum,"Tyrell, Inc.",Paris,France,170-617-6040,linus.rossum@piper.org,2021-11-11,https://www.rossum-globex.org/,
42,05c48dd085f6faa,Radia,Wilson,Tyrell Holdings,Amsterdam,Netherlands,848-481-7544x903,radia.wilson@tyrell.com,2021-06-07,https://www.wilson-soylent.com/,
43,683eabb81632fa2,Radia,Keller,Oceanic Holdings,København,Denmark,126-560-8344,radia.keller@northwind.io,2019-10-10,https://www.keller-sirius.com/,
44,6a0f53e50af3e4c,Yukihiro,Tang,"Umbrella, Dynamic and Pied",Bratislava,Slovakia,234-727-7247,yukihiro.tang@massive.org,2024-02-24,https://www.tang-globex.io/,
45,90eb462a1c05af6,Barbara,Rossum,Cyberdyne Works,Sevilla,Spain,528-182-5584x661,barbara.rossum@oceanic.org,2020-09-16,https://www.rossum-soylent.com/,
46,7cb294d6a880ce5,Linus,Hamilton,Gringotts Group,Tallinn,Estonia,145-238-9208,linus.hamilton@sirius.io,2019-10-08,https://www.hamilton-vandelay.net/,
47,e799402a1dc610e,Margaret,Matsumoto,Gringotts Partners,Paris,France,812-957-7429,margaret.matsumoto@umbrella.org,2020-06-16,https://www.matsumoto-dynamic.biz/,
48,59f510316a75215,James,Wall,Aperture Labs,Tallinn,Estonia,332-901-5695x428,james.wall@piper.com,2020-07-30,https://www.wall-aperture.biz/,
49,893a4e8defa622a,Hedy,Hejlsberg,Stark Labs,Lima,Peru,672-511-7803,hedy.hejlsberg@vandelay.biz,2022-01-12,https://www.hejlsberg-massive.com/,
50,e97a877b0483955,Hedy,Lovelace,Wonka Group,København,Denmark,851-151-6547,hedy.lovelace@northwind.net,2019-10-16,https://www.lovelace-piper.org/,
51,131eb2bb4dae376,Guido,Gosling,Piper & Soylent,Paris,France,826-798-3424x27,guido.gosling@cyberdyne.net,2024-01-20,https://www.gosling-gringotts.org/,
52,33db6b13752ff0d,Grace,Lamarr,Tyrell Holdings,Montréal,Canada,678-894-4270,grace.lamarr@stark.org,2022-08-05,https://www.lamarr-soylent.biz/,
53,755ac254d974a49,Grace,Lamarr,Umbrella Group,Tallinn,Estonia,606-997-4854,grace.lamarr@stark.io,2023-08-01,https://www.lamarr-oceanic.biz/,
54,dc3fc89f55f2a61,Frances,Stroustrup,"Stark, Acme and Oceanic",Montréal,Canada,177-544-1707x884,frances.stroustrup@soylent.io,2023-01-20,https://www.stroustrup-aperture.org/,
55,c1c2f954895b6bc,Annie,Hamilton,Cyberdyne Systems,Łódź,Poland,784-535-3345,annie.hamilton@stark.io,2023-09-15,https://www.hamilton-stark.net/,
56,011d6af157396dd,Yukihiro,Eich,Tyrell & Soylent,Åbo,Finland,996-366-1523,yukihiro.eich@northwind.io,2020-01-21,https://www.eich-vandelay.org/,
57,e364ae7ebb24d58,Ida,Hopper,Dynamic Group,東京,Japan,901-693-3236x897,ida.hopper@northwind.com,2021-04-17,https://www.hopper-oceanic.biz/,
58,c0333c71da087bc,Yukihiro,Keller,"Piper, Inc.",Łódź,Poland,289-522-4656,yukihiro.keller@hooli.org,2019-09-07,https://www.keller-sirius.io/,
59,36f420a2c0c6a96,Katherine,Torvalds,Soylent Partners,Porto,Portugal,818-291-4904,katherine.torvalds@oceanic.net,2022-03-28,https://www.torvalds-aperture.io/,
60,d694d053f47a512,Mary,Gosling,Soylent Holdings,Montréal,Canada,508-800-9702x959,mary.gosling@acme.biz,2021-02-12,https://www.gosling-tyrell.net/,
61,be8e513808506b5,Guido,Hopper,Northwind & Northwind,Zürich,Switzerland,119-617-1229,guido.hopper@aperture.io,2020-05-25,https://www.hopper-oceanic.com/,
62,56c1ddacefb0cee,Barbara,Tang,Massive Holdings,Tallinn,Estonia,103-545-1049,barbara.tang@tyrell.biz,2023-09-04,https://www.tang-wayne.io/,
63,50bbd886b24dc5a,Sophie,Allen,"Wonka, Inc.",Zürich,Switzerland,358-185-3908x280,sophie.allen@massive.io,2020-02-11,https://www.allen-initech.biz/,
64,c194125b96f1619,Brendan,Keller,Dynamic Group,Tallinn,Estonia,851-572-7823,brendan.keller@vandelay.com,2020-12-14,https://www.keller-initech.biz/,
65,b0635971fd4e6b5,Larry,Hopper,"Vandelay, Globex and Initech",Paris,France,554-615-8627,larry.hopper@vandelay.biz,2022-08-14,https://www.hopper-pied.io/,
66,f24e3e2eb795769,Ada,Gosling,"Globex, Cyberdyne and Gringotts",Malmö,Sweden,327-862-4637x439,ada.gosling@vandelay.com,2019-03-06,https://www.gosling-pied.net/,
67,749b204a68f0ee4,Frances,Johnson,Pied Labs,Zürich,Switzerland,536-352-8011,frances.johnson@hooli.com,2022-09-06,https://www.johnson-hooli.org/,
68,4bf1f9f6fab99b6,Hedy,Johnson,Piper & Vandelay,Москва,Russia,197-495-1105,hedy.johnson@sirius.org,2020-08-25,https://www.johnson-cyberdyne.io/,
69,f485033c43276d5,Brendan,Eich,Globex Labs,Wien,Austria,333-325-3918x426,brendan.eich@hooli.com,2022-03-26,https://www.eich-cyberdyne.com/,
70,58fb89855b0ea61,Barbara,Thompson,Aperture Systems,Åbo,Finland,728-861-7174,barbara.thompson@cyberdyne.com,2022-09-23,https://www.thompson-piper.biz/,
71,19a92717161d095,Yukihiro,Lamarr,"Aperture, Stark and Piper",Nairobi,Kenya,562-966-9479,yukihiro.lamarr@stark.biz,2020-03-18,https://www.lamarr-piper.net/,
72,a573d9f006869e1,Linus,Hamilton,Cyberdyne & Aperture,Montréal,Canada,983-977-7633x314,linus.hamilton@aperture.biz,2019-07-18,https://www.hamilton-oceanic.io/,
73,e95d899c5cecbba,Rasmus,Lovelace,Pied Holdings,Lima,Peru,852-590-7792,rasmus.lovelace@pied.net,2022-03-04,https://www.lovelace-northwind.io/,
74,df075c03b4c8d87,Hedy,Rossum,"Initech, Inc.",Tallinn,Estonia,310-489-6383,hedy.rossum@wonka.io,2022-10-01,https://www.rossum-tyrell.net/,
75,6e3cc80ea02d527,Linus,Stroustrup,Tyrell Group,København,Denmark,899-932-2071x42,linus.stroustrup@tyrell.com,2022-11-13,https://www.stroustrup-oceanic.biz/,
76,5842e09e02389b4,Ada,Tang,Pied Systems,Montréal,Canada,646-465-6203,ada.tang@aperture.biz,2020-06-21,https://www.tang-dynamic.biz/,
77,6dfebb57e645eef,Radia,Ritchie,Globex Group,Porto,Portugal,467-583-3717,radia.ritchie@vandelay.net,2023-04-11,https://www.ritchie-sirius.biz/,
78,33797038f9e62f6,Frances,Thompson,Cyberdyne Holdings,Porto,Portugal,524-152-1123x286,frances.thompson@cyberdyne.org,2022-03-13,https://www.thompson-northwind.net/,
79,02c767b91ca804f,Audrey,Wilson,"Northwind, Cyberdyne and Vandelay",København,Denmark,685-395-6481,audrey.wilson@tyrell.net,2023-07-22,https://www.wilson-gringotts.biz/,
80,909e747f7731fe2,Frances,Allen,Massive Group,東京,Japan,769-616-8001,frances.allen@sirius.net,2019-09-08,https://www.allen-soylent.net/,
81,a4aa196b714d601,Radia,Eich,Stark & Soylent,Zürich,Switzerland,254-720-1765x284,radia.eich@northwind.com,2019-04-05,https://www.eich-pied.net/,
82,df4c006c23f9199,Larry,Stroustrup,Gringotts Labs,Москва,Russia,344-828-2490,larry.stroustrup@pied.org,2023-04-29,https://www.stroustrup-wayne.org/,
83,989dff7b86e4faf,Radia,Hejlsberg,"Acme, Soylent and Umbrella",Bratislava,Slovakia,407-428-1765,radia.hejlsberg@stark.io,2023-11-11,https://www.hejlsberg-hooli.org/,
84,3917d0368f12fff,Rasmus,Lerdorf,Dynamic Partners,København,Denmark,693-194-1031x919,rasmus.lerdorf@piper.org,2023-01-31,https://www.lerdorf-stark.org/,
85,e7da0756d00358b,Ida,Rhodes,Umbrella Partners,Lima,Peru,792-720-1702,ida.rhodes@initech.biz,2019-05-07,https://www.rhodes-wonka.com/,
86,b034d0d2e924991,Sophie,Stroustrup,Stark Labs,Łódź,Poland,321-758-6719,sophie.stroustrup@sirius.io,2019-12-09,https://www.stroustrup-acme.io/,
87,3dc41641bd66d27,Brendan,Matsumoto,"Gringotts, Northwind and Cyberdyne",Paris,France,981-724-4424x812,brendan.matsumoto@cyberdyne.org,2020-11-02,https://www.matsumoto-hooli.io/,
88,7f1806f1fc82cf7,Audrey,Keller,"Gringotts, Tyrell and Vandelay",Sevilla,Spain,283-160-8622,audrey.keller@acme.org,2020-01-16,https://www.keller-tyrell.org/,
89,fdcbace41131699,Brendan,Perlman,"Acme, Umbrella and Massive",Wien,Austria,838-969-8127,brendan.perlman@umbrella.biz,2019-12-17,https://www.perlman-gringotts.com/,
90,2a8b73fb447370c,Mary,Matsumoto,"Gringotts, Inc.",Sevilla,Spain,655-530-9378x3,mary.matsumoto@pied.biz,2020-04-05,https://www.matsumoto-soylent.biz/,
91,8af57c8ef8289d2,Margaret,Rhodes,Tyrell Partners,København,Denmark,365-135-6908,margaret.rhodes@massive.io,2021-01-05,https://www.rhodes-tyrell.net/,
92,74164f3a7b7c464,Grace,Allen,Umbrella Holdings,Kraków,Poland,169-186-5838,grace.allen@umbrella.net,2021-08-30,https://www.allen-soylent.com/,
93,0ee4b829668390a,Rasmus,Wall,Wonka Group,Wien,Austria,359-429-8957x901,rasmus.wall@soylent.net,2020-05-31,https://www.wall-wonka.org/,
94,09d9da0f8d6f516,Ida,Hopper,Piper Works,Tallinn,Estonia,285-577-5528,ida.hopper@cyberdyne.io,2020-02-22,https://www.hopper-initech.com/,
95,79fec8bf201387d,Yukihiro,Thompson,Wonka Partners,Åbo,Finland,251-622-4381,yukihiro.thompson@acme.com,2023-08-17,https://www.thompson-globex.biz/,
96,6b64014b67b5859,Bjarne,Tang,Dynamic Group,Montréal,Canada,825-810-4834x470,bjarne.tang@initech.net,2023-07-21,https://www.tang-dynamic.com/,
97,3d9d84a3afd08fe,Frances,Wall,"Pied, Tyrell and Acme",København,Denmark,117-996-6387,frances.wall@umbrella.org,2021-02-03,https://www.wall-sirius.net/,VIP
98,4c64322f182b36e,Ada,Hejlsberg,Soylent Group,Bratislava,Slovakia,825-413-9205,ada.hejlsberg@gringotts.biz,2020-04-17,https://www.hejlsberg-piper.io/,
99,7ff0fd0b9cac523,Yukihiro,Eich,Gringotts Works,København,Denmark,417-909-9816x409,yukihiro.eich@cyberdyne.io,2021-08-30,https://www.eich-pied.org/,
100,7d8f80bb6f29e5f,Anders,Ritchie,"Wayne, Inc.",Москва,Russia,985-161-1503,anders.ritchie@acme.io,2021-11-09,https://www.ritchie-pied.net/,
101,a58edb27c2d2e34,Margaret,Lovelace,"Vandelay, Wayne and Acme",Reykjavík,Iceland,674-874-7982,margaret.lovelace@umbrella.biz,2020-12-01,https://www.lovelace-pied.com/,
102,a207521f210e4e0,Guido,Eich,Oceanic Partners,Wien,Austria,478-842-1488x811,guido.eich@oceanic.org,2021-12-19,https://www.eich-vandelay.org/,
103,354183aeafb9b8e,Sophie,Hejlsberg,Cyberdyne Holdings,Amsterdam,Netherlands,903-374-4035,sophie.hejlsberg@cyberdyne.net,2022-06-19,https://www.hejlsberg-hooli.net/,
104,502b0809357b494,Bjarne,Keller,"Cyberdyne, Dynamic and Globex",Kraków,Poland,854-220-9301,bjarne.keller@vandelay.biz,2024-05-22,https://www.keller-umbrella.net/,
105,d5d17c1a5dc1db8,Anders,Hamilton,Aperture Group,Tallinn,Estonia,546-403-6683x505,anders.hamilton@vandelay.net,2022-03-10,https://www.hamilton-globex.com/,
106,d77a130ce48a61c,Dennis,Liskov,Piper Partners,Genève,Switzerland,527-312-2263,dennis.liskov@wayne.biz,2021-02-07,https://www.liskov-cyberdyne.net/,
107,2c088281ea9366c,James,Eich,"Aperture, Inc.",Bratislava,Slovakia,445-872-8954,james.eich@initech.net,2021-09-16,https://www.eich-sirius.org/,
108,e9e0074b18be77f,Dennis,Wall,Umbrella Partners,Porto,Portugal,870-169-2943x668,dennis.wall@pied.net,2022-08-19,https://www.wall-globex.io/,
109,0b4b9c3e06707a8,Bjarne,Ritchie,"Soylent, Vandelay and Wonka",Lima,Peru,148-904-5135,bjarne.ritchie@wonka.com,2023-09-29,https://www.ritchie-pied.io/,
110,2b9a3c5b054cdc0,Radia,Lovelace,"Sirius, Piper and Vandelay",Kraków,Poland,391-555-2070,radia.lovelace@pied.net,2021-10-29,https://www.lovelace-cyberdyne.io/,
111,8ad305131f4cae4,Anders,Allen,"Massive, Soylent and Pied",Москва,Russia,129-366-9894x533,anders.allen@stark.io,2022-09-01,https://www.allen-sirius.net/,
112,b3491558c211685,Ida,Hejlsberg,Acme Holdings,Kraków,Poland,144-211-9074,ida.hejlsberg@vandelay.biz,2020-07-31,https://www.hejlsberg-wonka.org/,
113,0ec4c51be1eba67,James,Thompson,Hooli Holdings,Montréal,Canada,417-981-5373,james.thompson@globex.net,2021-11-07,https://www.thompson-pied.biz/,
114,810eb89b3dcced0,Grace,Gosling,Aperture Labs,Porto,Portugal,645-614-2759x296,grace.gosling@piper.biz,2019-12-11,https://www.gosling-stark.biz/,
115,a144016b884604a,Grace,Lamarr,"Stark, Aperture and Piper",Reykjavík,Iceland,303-141-6562,grace.lamarr@acme.com,2020-01-02,https://www.lamarr-sirius.net/,
116,ff3da13f1a31f2a,Grace,Matsumoto,Wayne Group,Lima,Peru,559-282-1199,grace.matsumoto@wonka.io,2023-02-13,https://www.matsumoto-northwind.org/,
117,fec7068e017ac42,Barbara,Rhodes,Soylent Partners,Bratislava,Slovakia,924-793-9719x319,barbara.rhodes@soylent.io,2022-08-09,https://www.rhodes-pied.org/,
118,0fa8354ef7889fb,Frances,Torvalds,Vandelay Systems,Malmö,Sweden,313-712-6188,frances.torvalds@vandelay.io,2021-12-12,https://www.torvalds-stark.org/,
119,7e1c9571c0c8207,Frances,Thompson,"Globex, Cyberdyne and Pied",Łódź,Poland,788-803-7644,frances.thompson@oceanic.org,2020-07-11,https://www.thompson-gringotts.io/,
120,6d14bebf0aeedb5,Ada,Allen,Globex Holdings,Porto,Portugal,280-161-3336x193,ada.allen@northwind.com,2020-12-26,https://www.allen-acme.org/,
121,f440b9bda80574b,Dennis,Ritchie,"Dynamic, Inc.",Åbo,Finland,620-167-3260,dennis.ritchie@initech.io,2023-10-25,https://www.ritchie-umbrella.biz/,
122,b6c2a08c133c207,Guido,Wilson,"Globex, Inc.",Paris,France,794-313-2643,guido.wilson@tyrell.net,2024-01-23,https://www.wilson-pied.net/,
123,a2ada7dd4aabe27,Rasmus,Lerdorf,"Massive, Cyberdyne and Acme",Lima,Peru,262-257-5144x95,rasmus.lerdorf@initech.org,2021-05-04,https://www.lerdorf-aperture.io/,
124,d058ec298c8e3b3,Radia,Perlman,"Northwind, Globex and Umbrella",Porto,Portugal,929-240-1125,radia.perlman@hooli.org,2019-11-17,https://www.perlman-soylent.biz/,
125,ee6fd6a1dfd97c6,Bjarne,Torvalds,"Massive, Umbrella and Aperture",Paris,France,422-821-8594,bjarne.torvalds@initech.io,2021-11-11,https://www.torvalds-tyrell.org/,
126,52084c2bda157ea,Ken,Rossum,Dynamic Partners,Amsterdam,Netherlands,383-471-9307x772,ken.rossum@sirius.io,2019-05-16,https://www.rossum-gringotts.io/,
127,52ce0ce78daead5,Margaret,Rossum,Massive Group,Sevilla,Spain,994-145-1286,margaret.rossum@sirius.com,2023-09-11,https://www.rossum-initech.net/,
128,7c2cac55ea8916e,Guido,Johnson,Cyberdyne Group,Genève,Switzerland,115-459-2246,guido.johnson@acme.org,2020-01-13,https://www.johnson-gringotts.net/,
129,72331d1ee07b04b,Ken,Stroustrup,"Globex, Initech and Wayne",Reykjavík,Iceland,380-518-8767x608,ken.stroustrup@cyberdyne.biz,2023-02-24,https://www.stroustrup-tyrell.org/,
130,ea7a5a3df127f55,Audrey,Liskov,Initech Labs,Lima,Peru,109-965-1028,audrey.liskov@globex.com,2021-12-13,https://www.liskov-tyrell.biz/,
131,861157bfa89362b,Linus,Liskov,"Globex, Wayne and Globex",Tallinn,Estonia,491-905-7439,linus.liskov@gringotts.io,2020-07-14,https://www.liskov-tyrell.org/,
132,d324acbb2fe1a1e,Anders,Rhodes,Vandelay & Cyberdyne,東京,Japan,345-842-7089x344,anders.rhodes@sirius.com,2024-01-22,https://www.rhodes-sirius.net/,
133,7cabc8c268e383d,Linus,Johnson,"Dynamic, Inc.",Łódź,Poland,195-407-5545,linus.johnson@sirius.net,2020-12-11,https://www.johnson-piper.io/,
134,eae828f6f6f1417,Guido,Thompson,Gringotts Group,Bratislava,Slovakia,960-793-3796,guido.thompson@gringotts.biz,2019-08-28,https://www.thompson-stark.biz/,
135,b56e4cd477a4095,Annie,Lamarr,Aperture Works,Montréal,Canada,700-590-7912x676,annie.lamarr@northwind.biz,2019-02-13,https://www.lamarr-initech.org/,
136,df601f5c2801a6e,Brendan,Gosling,Globex Holdings,Paris,France,420-555-1267,brendan.gosling@globex.biz,2019-12-31,https://www.gosling-wayne.io/,
137,e4c2bfdd522ffd6,Ada,Hamilton,"Wayne, Inc.",Nairobi,Kenya,683-777-9181,ada.hamilton@pied.org,2022-10-21,https://www.hamilton-aperture.net/,
138,a01bc7b47d074b0,Mary,Thompson,"Sirius, Inc.",Nairobi,Kenya,651-887-5058x895,mary.thompson@aperture.biz,2019-07-25,https://www.thompson-dynamic.org/,
139,8acc966baae3de0,Hedy,Eich,Umbrella Partners,Åbo,Finland,598-776-3265,hedy.eich@soylent.biz,2023-09-09,https://www.eich-acme.net/,
140,157fce3de26d2c1,Ida,Lamarr,"Wonka, Piper and Sirius",Bratislava,Slovakia,482-662-1191,ida.lamarr@oceanic.io,2022-05-05,https://www.lamarr-stark.net/,
141,77f4e0f4e769afe,Bjarne,Rossum,"Cyberdyne, Pied and Acme",Tallinn,Estonia,349-505-5701x747,bjarne.rossum@massive.biz,2022-11-08,https://www.rossum-soylent.org/,
142,6b8758c3cc1f360,Anders,Wilson,Aperture Holdings,Zürich,Switzerland,209-844-3463,anders.wilson@pied.com,2020-07-09,https://www.wilson-northwind.io/,
143,7c3251531a9a7a2,Hedy,Allen,Massive Systems,東京,Japan,838-239-4305,hedy.allen@wayne.org,2022-02-07,https://www.allen-soylent.io/,
144,f7b1890b8838b35,Larry,Wall,Hooli Systems,Porto,Portugal,650-897-3703x765,larry.wall@hooli.io,2022-05-31,https://www.wall-umbrella.biz/,
145,d0d5757c8b0e583,Brendan,Rhodes,Acme Systems,Malmö,Sweden,355-435-2306,brendan.rhodes@tyrell.com,2024-04-16,https://www.rhodes-aperture.io/,
146,a3c8bf801cb15ad,Radia,Wilson,Wayne Systems,Porto,Portugal,344-742-4249,radia.wilson@oceanic.net,2019-10-26,https://www.wilson-aperture.biz/,
147,a4d949a06489253,Margaret,Tang,Umbrella Works,Åbo,Finland,296-464-9964x48,margaret.tang@oceanic.net,2021-09-22,https://www.tang-tyrell.net/,
148,31092c4ead2cec9,Mary,Keller,"Tyrell, Soylent and Acme",Łódź,Poland,224-300-3712,mary.keller@wayne.io,2021-05-08,https://www.keller-wonka.biz/,
149,a8ec91453921679,Ken,Torvalds,Dynamic Group,Åbo,Finland,688-603-6572,ken.torvalds@piper.net,2022-06-19,https://www.torvalds-pied.org/,
150,6d346267c080f72,Ken,Hamilton,Stark Partners,København,Denmark,410-711-7481x85,ken.hamilton@oceanic.biz,2021-07-08,https://www.hamilton-aperture.net/,
151,3d57de9841549eb,Audrey,Lamarr,Wonka Systems,Porto,Portugal,572-654-2211,audrey.lamarr@wonka.io,2022-03-29,https://www.lamarr-hooli.org/,
152,675fc594d9e5193,Hedy,Allen,"Soylent, Soylent and Initech",Sevilla,Spain,393-502-1354,hedy.allen@oceanic.net,2024-02-12,https://www.allen-pied.io/,
153,5e2d4cb0b314b34,Annie,Tang,Umbrella Works,Kraków,Poland,280-387-2263x232,annie.tang@cyberdyne.com,2019-05-01,https://www.tang-pied.net/,
154,378698fb86a462e,Frances,Lovelace,"Gringotts, Piper and Wayne",Åbo,Finland,780-353-6145,frances.lovelace@sirius.com,2019-07-29,https://www.lovelace-umbrella.biz/,
155,fa083f023fd6eab,Annie,Liskov,Umbrella Partners,København,Denmark,902-466-9771,annie.liskov@gringotts.io,2019-09-04,https://www.liskov-vandelay.com/,
156,9e221e862776282,Larry,Wall,Initech & Wayne,Sevilla,Spain,912-229-7087x993,larry.wall@piper.biz,2023-01-23,https://www.wall-sirius.biz/,
157,b9a64eee208bb9a,Ken,Liskov,Oceanic Holdings,Sevilla,Spain,412-722-8382,ken.liskov@acme.biz,2023-09-12,https://www.liskov-aperture.net/,
158,b960a8cc3a2bfd1,Sophie,Easley,Northwind Works,Wien,Austria,291-293-2250,sophie.easley@massive.biz,2021-10-18,https://www.easley-wonka.io/,
159,fe555662f6ed403,Katherine,Hopper,"Aperture, Oceanic and Vandelay",Lima,Peru,606-962-3254x711,katherine.hopper@umbrella.net,2020-05-17,https://www.hopper-wayne.net/,
160,587743995af0876,Linus,Lamarr,"Oceanic, Piper and Oceanic",Amsterdam,Netherlands,737-338-5312,linus.lamarr@tyrell.com,2023-05-02,https://www.lamarr-initech.biz/,
161,b21368799e6653c,Grace,Eich,"Globex, Northwind and Stark",Paris,France,827-401-2545,grace.eich@oceanic.net,2023-08-16,https://www.eich-acme.net/,
162,c35d4b9d87cd7c4,James,Tang,"Acme, Oceanic and Northwind",Kraków,Poland,894-108-7926x293,james.tang@oceanic.biz,2019-11-26,https://www.tang-hooli.org/,
163,98ff4b85339506b,Mary,Hopper,"Initech, Inc.",Amsterdam,Netherlands,838-114-6308,mary.hopper@northwind.com,2022-05-27,https://www.hopper-pied.net/,
164,aab3c28f60c9495,Linus,Perlman,Hooli & Cyberdyne,Porto,Portugal,460-537-5991,linus.perlman@sirius.org,2020-10-09,https://www.perlman-oceanic.org/,
165,7d243c67e988527,Radia,Perlman,Globex Holdings,Amsterdam,Netherlands,233-415-6001x116,radia.perlman@vandelay.biz,2019-11-15,https://www.perlman-northwind.io/,
166,831cfd61e4e6ada,Larry,Wilson,"Wayne, Pied and Cyberdyne",Åbo,Finland,768-529-9402,larry.wilson@soylent.com,2021-08-04,https://www.wilson-wonka.com/,
167,609fa7f761ea0e6,Annie,Wilson,Wayne Labs,Porto,Portugal,568-392-4440,annie.wilson@initech.org,2020-02-19,https://www.wilson-wayne.io/,
168,1b8ae7a0fa27c8e,Radia,Allen,Sirius & Sirius,Amsterdam,Netherlands,492-336-1126x287,radia.allen@pied.org,2021-07-24,https://www.allen-wayne.com/,
169,0e1689704dc102b,Guido,Johnson,Acme & Initech,Tallinn,Estonia,484-189-2916,guido.johnson@wayne.com,2021-07-28,https://www.johnson-aperture.biz/,
170,cd02df67d046d23,Brendan,Matsumoto,Sirius Works,Åbo,Finland,599-997-2908,brendan.matsumoto@sirius.biz,2020-04-02,https://www.matsumoto-massive.org/,
171,cecd731bf6b7f39,Frances,Gosling,Sirius Systems,Reykjavík,Iceland,873-301-7718x976,frances.gosling@wonka.org,2020-02-27,https://www.gosling-hooli.org/,
172,95b1f7f22a193c5,Yukihiro,Hamilton,Northwind & Hooli,Tallinn,Estonia,480-514-7267,yukihiro.hamilton@wonka.org,2021-05-17,https://www.hamilton-gringotts.io/,
173,d09416878ca409b,Guido,Thompson,Piper Group,Amsterdam,Netherlands,672-699-7760,guido.thompson@cyberdyne.io,2023-07-25,https://www.thompson-pied.net/,
174,46c986ad7f1017e,Bjarne,Wilson,Massive & Sirius,Porto,Portugal,282-943-2104x857,bjarne.wilson@stark.org,2021-12-25,https://www.wilson-cyberdyne.org/,
175,0a2dd0e999f956a,Margaret,Hopper,"Initech, Pied and Soylent",Łódź,Poland,755-232-8097,margaret.hopper@dynamic.org,2019-03-19,https://www.hopper-umbrella.net/,
176,70bcb46a3decdbd,Hedy,Lovelace,"Northwind, Initech and Gringotts",Kraków,Poland,865-865-2309,hedy.lovelace@massive.io,2019-01-15,https://www.lovelace-wayne.com/,
177,ea09dffd7924d88,Annie,Stroustrup,"Globex, Umbrella and Initech",Zürich,Switzerland,392-623-9188x214,annie.stroustrup@sirius.com,2023-10-19,https://www.stroustrup-hooli.net/,
178,d665f5ba7c9eb3a,Dennis,Thompson,Umbrella Systems,Sevilla,Spain,838-866-9835,dennis.thompson@wayne.com,2021-11-16,https://www.thompson-hooli.org/,
179,8c726a926e0b471,Guido,Stroustrup,Globex Labs,Åbo,Finland,876-492-4465,guido.stroustrup@acme.com,2019-04-04,https://www.stroustrup-oceanic.io/,
180,1c598f922e66924,Grace,Stroustrup,Aperture Labs,Bratislava,Slovakia,776-861-9582x795,grace.stroustrup@massive.net,2022-08-30,https://www.stroustrup-umbrella.org/,
181,872e8f70f75311b,Sophie,Matsumoto,Aperture & Sirius,Montréal,Canada,389-700-4392,sophie.matsumoto@cyberdyne.io,2023-07-05,https://www.matsumoto-aperture.org/,
182,9155dbc6109002d,Katherine,Lovelace,Pied & Cyberdyne,Tallinn,Estonia,453-495-8944,katherine.lovelace@oceanic.net,2022-07-16,https://www.lovelace-pied.org/,
183,eaea9f3a1f7ad93,Dennis,Easley,Gringotts Holdings,Nairobi,Kenya,873-564-6255x433,dennis.easley@wonka.io,2021-09-21,https://www.easley-initech.org/,
184,8f3d51f1c2d97df,Annie,Perlman,"Vandelay, Inc.",Porto,Portugal,339-719-7006,annie.perlman@stark.io,2022-12-19,https://www.perlman-globex.io/,
185,cc25cb50cf4ad87,Dennis,Eich,Piper Systems,Porto,Portugal,990-405-5598,dennis.eich@sirius.net,2023-08-25,https://www.eich-umbrella.com/,
186,c327d78ad29c809,Guido,Easley,"Tyrell, Wonka and Initech",Malmö,Sweden,683-474-8104x471,guido.easley@globex.org,2023-08-08,https://www.easley-northwind.io/,
187,3ff225a8a708d1d,Katherine,Liskov,Globex Works,København,Denmark,832-808-9904,katherine.liskov@cyberdyne.org,2019-06-25,https://www.liskov-wayne.net/,
188,0931de90e61836d,Larry,Wilson,Piper Group,København,Denmark,246-148-6263,larry.wilson@wonka.biz,2020-09-29,https://www.wilson-piper.org/,
189,c410c9518f89698,Barbara,Wall,Umbrella & Tyrell,Åbo,Finland,129-889-9053x399,barbara.wall@dynamic.org,2020-01-13,https://www.wall-massive.org/,
190,69e29a27ab5d8e9,Hedy,Torvalds,Hooli Partners,Genève,Switzerland,289-795-5804,hedy.torvalds@tyrell.net,2019-10-03,https://www.torvalds-wayne.com/,
191,07e813ecb67816c,Larry,Lamarr,Gringotts Works,Reykjavík,Iceland,977-849-4777,larry.lamarr@piper.biz,2019-01-08,https://www.lamarr-vandelay.io/,
192,c15133342280b3a,Hedy,Ritchie,Massive Group,Tallinn,Estonia,564-701-1444x254,hedy.ritchie@oceanic.com,2024-04-19,https://www.ritchie-vandelay.com/,
193,dea39013f96cc76,James,Wall,"Initech, Cyberdyne and Soylent",Malmö,Sweden,783-899-6794,james.wall@oceanic.com,2020-07-06,https://www.wall-wonka.com/,
194,015fcda136b3f09,Audrey,Thompson,Tyrell & Massive,Porto,Portugal,711-557-7272,audrey.thompson@aperture.net,2020-03-12,https://www.thompson-sirius.org/,VIP
195,50766b592bf98e1,Frances,Hejlsberg,Cyberdyne & Stark,Malmö,Sweden,848-227-5235x783,frances.hejlsberg@gringotts.biz,2022-07-28,https://www.hejlsberg-tyrell.net/,
196,9d3a4342ed1797e,Guido,Eich,"Hooli, Aperture and Vandelay",Malmö,Sweden,126-387-8586,guido.eich@initech.io,2023-03-10,https://www.eich-massive.biz/,
197,445c761c513783a,Margaret,Keller,Tyrell Works,Wien,Austria,822-686-9221,margaret.keller@soylent.net,2019-09-10,https://www.keller-wayne.com/,
198,62da7aa41886168,Guido,Hamilton,Tyrell Group,Łódź,Poland,313-509-7991x144,guido.hamilton@soylent.com,2024-06-11,https://www.hamilton-umbrella.net/,
199,c6d20efa2541d4a,Katherine,Hejlsberg,Cyberdyne Labs,Kraków,Poland,534-795-8450,katherine.hejlsberg@pied.org,2020-08-31,https://www.hejlsberg-tyrell.org/,
200,639683a60d89691,Ida,Allen,Sirius Labs,Kraków,Poland,156-597-9290,ida.allen@globex.net,2019-08-09,https://www.allen-initech.io/,
201,4289c11579c4a3b,Hedy,Allen,Initech Labs,Reykjavík,Iceland,931-635-6012x431,hedy.allen@sirius.io,2023-09-29,https://www.allen-umbrella.net/,
202,3673bedd2b5cf3c,Larry,Matsumoto,Wayne Partners,Amsterdam,Netherlands,659-642-4116,larry.matsumoto@northwind.io,2023-10-25,https://www.matsumoto-vandelay.io/,
203,fb462212476b2f6,Audrey,Rhodes,Hooli & Vandelay,Montréal,Canada,112-901-1125,audrey.rhodes@soylent.org,2023-09-27,https://www.rhodes-wonka.org/,
204,ab11c8e27625509,Dennis,Tang,Oceanic Systems,Paris,France,719-168-8409x681,dennis.tang@wonka.org,2023-02-26,https://www.tang-stark.org/,
205,6556c1395c71db3,Linus,Thompson,Piper Works,Bratislava,Slovakia,771-235-7479,linus.thompson@wayne.com,2021-07-17,https://www.thompson-globex.com/,
206,48f2aec826f4b7a,Larry,Gosling,Stark Partners,Lima,Peru,632-234-9582,larry.gosling@umbrella.net,2023-01-21,https://www.gosling-northwind.biz/,
207,e1f98fc764573bb,Grace,Stroustrup,Cyberdyne Partners,Amsterdam,Netherlands,255-675-3364x567,grace.stroustrup@piper.io,2020-01-21,https://www.stroustrup-vandelay.com/,
208,4f970bac37ee161,Ada,Tang,"Massive, Wayne and Stark",Sevilla,Spain,101-561-5182,ada.tang@globex.net,2021-06-25,https://www.tang-wonka.io/,
209,72005e8b03ee59e,Anders,Rossum,Vandelay Holdings,Sevilla,Spain,946-939-8476,anders.rossum@wayne.net,2021-07-09,https://www.rossum-soylent.org/,
210,d37743e0b20376b,Anders,Eich,Umbrella Group,Paris,France,415-174-5701x450,anders.eich@sirius.net,2019-07-12,https://www.eich-pied.net/,
211,3af99bab03d1cac,Dennis,Rossum,Massive Labs,Wien,Austria,782-472-7309,dennis.rossum@globex.org,2023-11-13,https://www.rossum-oceanic.net/,
212,dee01c46299817a,Katherine,Hamilton,"Acme, Inc.",Bratislava,Slovakia,266-692-8657,katherine.hamilton@umbrella.net,2019-11-04,https://www.hamilton-sirius.io/,
213,b3573ef40059175,Radia,Johnson,Massive Systems,Zürich,Switzerland,361-397-2906x964,radia.johnson@dynamic.org,2022-01-31,https://www.johnson-northwind.com/,
214,a8a15f246a2377a,Mary,Tang,Acme Works,Nairobi,Kenya,996-592-3286,mary.tang@vandelay.io,2021-09-25,https://www.tang-massive.net/,
215,3c558a1018c09cf,James,Torvalds,Northwind Labs,Sevilla,Spain,937-787-5686,james.torvalds@cyberdyne.biz,2020-06-22,https://www.torvalds-northwind.biz/,
216,02af71dcc42dcf6,Yukihiro,Keller,Cyberdyne Group,Amsterdam,Netherlands,687-644-9900x817,yukihiro.keller@aperture.org,2020-07-30,https://www.keller-hooli.org/,
217,dbcf20df9ea25ac,James,Eich,"Soylent, Sirius and Umbrella",東京,Japan,373-149-3772,james.eich@pied.com,2019-07-08,https://www.eich-umbrella.net/,
218,08d34e9193e85d3,Guido,Thompson,Aperture Labs,Москва,Russia,665-698-3863,guido.thompson@soylent.net,2022-04-04,https://www.thompson-dynamic.org/,
219,1c8184215032395,Yukihiro,Matsumoto,"Tyrell, Inc.",Malmö,Sweden,101-523-8863x550,yukihiro.matsumoto@gringotts.biz,2022-11-06,https://www.matsumoto-globex.com/,
220,1ace8189e098060,Annie,Rhodes,Cyberdyne Holdings,Sevilla,Spain,458-926-1771,annie.rhodes@hooli.net,2021-01-14,https://www.rhodes-piper.com/,
221,054489df1488416,Margaret,Johnson,Dynamic Labs,東京,Japan,269-618-4713,margaret.johnson@hooli.biz,2021-01-13,https://www.johnson-hooli.biz/,
222,74f37b66c64a27f,Ada,Rossum,"Massive, Inc.",Wien,Austria,604-533-1922x230,ada.rossum@wonka.com,2021-04-30,https://www.rossum-stark.io/,
223,a03bff51be3ad5b,Rasmus,Hejlsberg,Stark Partners,Wien,Austria,648-282-7476,rasmus.hejlsberg@northwind.io,2023-02-09,https://www.hejlsberg-aperture.net/,
224,90f1d5cf4b6baa8,Mary,Keller,Wayne & Wonka,Montréal,Canada,410-117-8165,mary.keller@oceanic.org,2020-11-26,https://www.keller-initech.net/,
225,a922a5faaa1e651,Barbara,Torvalds,Stark Works,東京,Japan,458-235-3442x569,barbara.torvalds@piper.io,2022-08-26,https://www.torvalds-sirius.io/,
226,7b4620d9c31aefd,Ida,Hopper,"Cyberdyne, Massive and Pied",Lima,Peru,484-370-4847,ida.hopper@massive.io,2020-07-04,https://www.hopper-piper.biz/,
227,e38177541bfb431,Radia,Tang,"Dynamic, Cyberdyne and Globex",Paris,France,778-518-6253,radia.tang@tyrell.io,2019-03-02,https://www.tang-globex.biz/,
228,c8d85200e77320b,Ken,Wilson,"Oceanic, Gringotts and Massive",Montréal,Canada,411-498-4830x398,ken.wilson@gringotts.com,2023-01-25,https://www.wilson-stark.biz/,
229,742996a2eeb7138,Ada,Liskov,Wayne Works,Kraków,Poland,554-426-2611,ada.liskov@pied.com,2019-09-29,https://www.liskov-initech.net/,
230,fa4bf5b0b7aeffe,Katherine,Hejlsberg,Vandelay Systems,Åbo,Finland,354-273-3376,katherine.hejlsberg@umbrella.biz,2022-01-22,https://www.hejlsberg-gringotts.org/,
231,8ea09f215c73a05,Sophie,Hopper,Stark Partners,Montréal,Canada,341-989-3910x975,sophie.hopper@pied.com,2022-02-23,https://www.hopper-vandelay.com/,
232,d2ea527d0359f26,Linus,Gosling,"Globex, Northwind and Sirius",Porto,Portugal,614-719-5640,linus.gosling@aperture.com,2021-02-12,https://www.gosling-hooli.net/,
233,a8bd37f13e816a0,Annie,Gosling,Initech Systems,Montréal,Canada,708-538-2513,annie.gosling@northwind.biz,2021-10-25,https://www.gosling-hooli.io/,
234,11cb04cf7782640,Annie,Liskov,Gringotts Systems,Porto,Portugal,966-823-4480x866,annie.liskov@cyberdyne.org,2024-03-30,https://www.liskov-dynamic.com/,
235,d452a74336e5a4e,Audrey,Johnson,Stark Holdings,Nairobi,Kenya,285-571-4546,audrey.johnson@piper.biz,2020-03-24,https://www.johnson-dynamic.io/,
236,77549071b81e27e,Brendan,Stroustrup,Cyberdyne Systems,Sevilla,Spain,896-908-6219,brendan.stroustrup@hooli.biz,2021-06-08,https://www.stroustrup-hooli.biz/,
237,1889c0f34f1d144,Margaret,Matsumoto,Oceanic Works,København,Denmark,952-583-1491x281,margaret.matsumoto@wonka.org,2019-08-27,https://www.matsumoto-initech.org/,
238,0bb877924a961a7,Guido,Hamilton,"Wayne, Umbrella and Vandelay",Reykjavík,Iceland,110-621-9690,guido.hamilton@piper.net,2023-09-11,https://www.hamilton-aperture.io/,
239,902d09926a10f60,Radia,Hejlsberg,Piper & Hooli,Amsterdam,Netherlands,390-428-1879,radia.hejlsberg@dynamic.net,2020-05-29,https://www.hejlsberg-globex.biz/,
240,1a3be6a6851939d,Hedy,Thompson,Sirius & Hooli,Åbo,Finland,335-666-1370x289,hedy.thompson@soylent.net,2024-05-08,https://www.thompson-acme.com/,
241,fc402fc427016e4,James,Lovelace,Umbrella & Wayne,Porto,Portugal,401-571-1154,james.lovelace@sirius.net,2019-11-05,https://www.lovelace-piper.org/,
242,88cce46cbb0671a,Guido,Lamarr,Vandelay Partners,Łódź,Poland,800-821-6284,guido.lamarr@gringotts.com,2021-06-01,https://www.lamarr-vandelay.io/,
243,14be27be59c8cc1,Barbara,Easley,"Umbrella, Inc.",Malmö,Sweden,175-147-6075x411,barbara.easley@pied.org,2024-06-11,https://www.easley-hooli.net/,
244,0bb814a25d3cf5c,Annie,Lerdorf,"Wayne, Pied and Umbrella",Paris,France,373-453-7020,annie.lerdorf@massive.org,2021-07-17,https://www.lerdorf-initech.io/,
245,3267eed8a55da7a,Ken,Liskov,"Wayne, Stark and Wonka",Porto,Portugal,340-831-7206,ken.liskov@acme.org,2022-03-21,https://www.liskov-stark.net/,
246,f2208fac1680041,Brendan,Liskov,Acme Systems,Porto,Portugal,969-664-7006x752,brendan.liskov@stark.com,2024-02-01,https://www.liskov-initech.io/,
247,b7712c1d05578e8,Anders,Johnson,"Soylent, Wayne and Globex",Åbo,Finland,555-767-8634,anders.johnson@northwind.net,2020-03-19,https://www.johnson-hooli.io/,
248,a32c3e3bd772e08,Radia,Rossum,Wonka Systems,Kraków,Poland,938-387-1861,radia.rossum@massive.biz,2022-05-08,https://www.rossum-hooli.biz/,
249,ddacc19779f7651,Anders,Wall,"Umbrella, Cyberdyne and Sirius",Genève,Switzerland,450-504-8726x988,anders.wall@vandelay.net,2023-11-05,https://www.wall-cyberdyne.net/,
250,1a9bc482bc2d31e,Hedy,Stroustrup,Soylent Works,Sevilla,Spain,152-134-3562,hedy.stroustrup@wonka.com,2022-11-22,https://www.stroustrup-soylent.com/,"prefers post
second line of the note"
251,35963f66e40f7a9,Hedy,Gosling,Gringotts Holdings,Genève,Switzerland,992-866-1499,hedy.gosling@umbrella.com,2021-11-16,https://www.gosling-northwind.biz/,
252,422bd2a5b1e4131,Anders,Allen,Gringotts Labs,東京,Japan,420-513-8865x797,anders.allen@acme.com,2023-08-06,https://www.allen-aperture.biz/,
253,7749ae80c9c6dc8,Rasmus,Hejlsberg,Gringotts Labs,København,Denmark,333-849-8638,rasmus.hejlsberg@soylent.com,2019-10-11,https://www.hejlsberg-northwind.io/,
254,29491585b80e003,Hedy,Stroustrup,"Vandelay, Wayne and Sirius",Bratislava,Slovakia,147-389-4399,hedy.stroustrup@umbrella.biz,2019-07-11,https://www.stroustrup-cyberdyne.biz/,
255,14a4b93b058b120,Katherine,Johnson,"Vandelay, Stark and Vandelay",Porto,Portugal,358-753-4450x660,katherine.johnson@wonka.biz,2019-11-12,https://www.johnson-dynamic.org/,
256,0dd0a432725c99c,Brendan,Gosling,"Sirius, Inc.",Bratislava,Slovakia,523-919-6177,brendan.gosling@tyrell.net,2023-11-27,https://www.gosling-stark.biz/,
257,519ad1f2c97aaf0,James,Torvalds,Piper Partners,Bratislava,Slovakia,217-442-1429,james.torvalds@globex.biz,2024-04-26,https://www.torvalds-wonka.net/,
258,e6f097bf9d94e0f,Ada,Lerdorf,Stark Systems,Kraków,Poland,847-278-2875x139,ada.lerdorf@sirius.org,2023-06-21,https://www.lerdorf-sirius.net/,
259,a3ab3801085919b,Linus,Matsumoto,Initech & Northwind,Tallinn,Estonia,474-909-4343,linus.matsumoto@acme.biz,2023-02-17,https://www.matsumoto-stark.net/,
260,6cc5c9d46f125d7,Frances,Rossum,"Dynamic, Vandelay and Acme",Sevilla,Spain,137-453-3371,frances.rossum@pied.io,2022-06-23,https://www.rossum-gringotts.com/,
261,a491512ce7a2adf,Radia,Wall,Northwind Labs,Amsterdam,Netherlands,456-873-7974x597,radia.wall@globex.com,2019-08-22,https://www.wall-hooli.biz/,
262,2bc8d0a6d845dc4,Ken,Torvalds,Wayne Group,Tallinn,Estonia,288-755-3110,ken.torvalds@globex.com,2024-01-17,https://www.torvalds-oceanic.net/,
263,6cc2fd002209fdf,Yukihiro,Torvalds,Sirius Labs,København,Denmark,424-164-3917,yukihiro.torvalds@pied.com,2020-06-24,https://www.torvalds-initech.org/,
264,58368b8f15c66c1,Sophie,Johnson,Vandelay Partners,Nairobi,Kenya,952-318-8006x410,sophie.johnson@oceanic.org,2023-04-29,https://www.johnson-soylent.io/,
265,44d0e380aed1035,Dennis,Johnson,Soylent Group,Łódź,Poland,649-750-8707,dennis.johnson@tyrell.com,2023-05-08,https://www.johnson-hooli.net/,
266,657b6d5c1d0da33,Bjarne,Thompson,"Massive, Globex and Vandelay",Amsterdam,Netherlands,210-908-4290,bjarne.thompson@dynamic.com,2019-07-31,https://www.thompson-initech.io/,
267,70321276eb714d9,Brendan,Thompson,Hooli Partners,Montréal,Canada,632-220-2901x274,brendan.thompson@massive.net,2021-10-17,https://www.thompson-soylent.com/,
268,da6dafe1d44a842,Anders,Easley,Wonka Works,Montréal,Canada,216-368-2673,anders.easley@stark.org,2021-03-19,https://www.easley-gringotts.io/,
269,aa0aba8ff0bfc3b,Margaret,Keller,"Umbrella, Gringotts and Umbrella",Lima,Peru,452-297-4743,margaret.keller@dynamic.net,2019-04-30,https://www.keller-tyrell.io/,
270,44f884204d39dec,Annie,Eich,"Stark, Inc.",Nairobi,Kenya,607-866-2517x871,annie.eich@oceanic.com,2022-02-15,https://www.eich-hooli.biz/,
271,d2eb6ef77177c43,Katherine,Lovelace,Vandelay Works,Amsterdam,Netherlands,750-495-3966,katherine.lovelace@cyberdyne.biz,2021-07-14,https://www.lovelace-oceanic.net/,
272,e34b7241cab7d9c,Audrey,Thompson,"Northwind, Umbrella and Gringotts",Москва,Russia,741-101-3191,audrey.thompson@globex.biz,2022-12-07,https://www.thompson-globex.biz/,
273,a865de05282dabf,Anders,Johnson,"Massive, Inc.",Lima,Peru,665-567-1790x559,anders.johnson@stark.io,2019-06-17,https://www.johnson-cyberdyne.biz/,
274,ac99c76fdb7875c,Barbara,Keller,"Massive, Tyrell and Sirius",Nairobi,Kenya,856-350-7015,barbara.keller@acme.com,2020-04-13,https://www.keller-stark.biz/,
275,a38ece43f53bec1,Dennis,Wall,Northwind Holdings,Åbo,Finland,339-761-2416,dennis.wall@aperture.io,2022-10-23,https://www.wall-massive.net/,
276,37b5ea1b0b2d5d5,Dennis,Ritchie,"Sirius, Tyrell and Initech",東京,Japan,221-602-3978x132,dennis.ritchie@umbrella.com,2020-09-18,https://www.ritchie-aperture.io/,
277,f2a6289f6742289,Katherine,Matsumoto,Piper Labs,Wien,Austria,549-204-8360,katherine.matsumoto@cyberdyne.com,2021-12-21,https://www.matsumoto-gringotts.net/,
278,52b8d38df10f748,Larry,Wall,"Wonka, Vandelay and Cyberdyne",Łódź,Poland,698-480-2997,larry.wall@globex.net,2022-11-21,https://www.wall-piper.org/,
279,7cec239b0a57afd,Rasmus,Hamilton,Wonka Systems,東京,Japan,547-282-9465x844,rasmus.hamilton@stark.org,2021-02-05,https://www.hamilton-globex.net/,
280,6a31e22627e9129,Radia,Rhodes,Dynamic Works,Wien,Austria,969-390-8405,radia.rhodes@oceanic.net,2023-08-31,https://www.rhodes-dynamic.org/,
281,b55db03d1c48ef3,Ada,Hamilton,Vandelay Labs,Wien,Austria,613-804-6359,ada.hamilton@vandelay.biz,2020-04-25,https://www.hamilton-gringotts.net/,
282,78dc32b1c38f8c4,Rasmus,Perlman,"Gringotts, Inc.",Wien,Austria,911-376-3447x221,rasmus.perlman@umbrella.biz,2019-12-20,https://www.perlman-cyberdyne.org/,
283,ee26b581da861e1,Ken,Tang,Aperture Labs,Åbo,Finland,642-841-1671,ken.tang@northwind.io,2023-10-01,https://www.tang-globex.org/,
284,3facda706322231,Ken,Tang,Stark Labs,Malmö,Sweden,209-995-7367,ken.tang@initech.com,2022-12-27,https://www.tang-oceanic.org/,
285,aed41a8447f5a36,Ken,Eich,Cyberdyne & Vandelay,Kraków,Poland,339-890-9937x696,ken.eich@aperture.io,2020-08-26,https://www.eich-acme.io/,
286,12437d0042eb2e4,Sophie,Matsumoto,Umbrella Systems,Reykjavík,Iceland,148-532-4052,sophie.matsumoto@piper.org,2023-07-21,https://www.matsumoto-soylent.io/,
287,a35307828335886,Sophie,Lamarr,Soylent Partners,Łódź,Poland,506-747-9798,sophie.lamarr@dynamic.org,2022-01-03,https://www.lamarr-aperture.biz/,
288,d5ff527242978a2,Ada,Eich,"Cyberdyne, Acme and Tyrell",Malmö,Sweden,183-872-5764x251,ada.eich@soylent.net,2024-06-06,https://www.eich-aperture.net/,
289,4340872a3aedf90,Ida,Matsumoto,Wayne Labs,Tallinn,Estonia,245-820-6865,ida.matsumoto@massive.com,2020-07-20,https://www.matsumoto-pied.biz/,
290,749c8b6a6b1ba7a,Margaret,Allen,Sirius Partners,Lima,Peru,104-705-9617,margaret.allen@umbrella.net,2023-05-17,https://www.allen-vandelay.org/,
291,3ae73f482232cfb,Margaret,Hejlsberg,Globex Partners,Bratislava,Slovakia,606-509-3322x983,margaret.hejlsberg@piper.org,2023-11-24,https://www.hejlsberg-soylent.biz/,VIP
292,35d466401c95ff7,Larry,Rossum,"Wonka, Oceanic and Wonka",København,Denmark,170-171-4436,larry.rossum@pied.net,2019-01-27,https://www.rossum-globex.io/,
293,97fe928cb8fa54b,Katherine,Lerdorf,Wayne & Wayne,Reykjavík,Iceland,884-941-1839,katherine.lerdorf@massive.net,2020-05-30,https://www.lerdorf-sirius.org/,
294,dc628e627b02bd2,Radia,Gosling,Oceanic Works,Łódź,Poland,958-476-4533x856,radia.gosling@oceanic.org,2023-01-08,https://www.gosling-oceanic.net/,
295,b50e761cdb8acb7,Margaret,Liskov,Northwind Partners,Paris,France,511-522-4749,margaret.liskov@vandelay.com,2024-04-17,https://www.liskov-cyberdyne.com/,
296,b6d85a68a081652,Dennis,Matsumoto,Tyrell Partners,東京,Japan,319-605-7085,dennis.matsumoto@piper.net,2024-04-19,https://www.matsumoto-gringotts.biz/,
297,c7fad4e893b01e2,Katherine,Torvalds,Soylent & Sirius,Reykjavík,Iceland,919-473-9127x475,katherine.torvalds@vandelay.org,2022-10-11,https://www.torvalds-gringotts.org/,
298,d2afe5d6740caf3,Radia,Keller,Soylent Systems,Genève,Switzerland,887-891-7817,radia.keller@aperture.biz,2022-10-01,https://www.keller-cyberdyne.io/,
299,37d2ed024e6adb5,James,Ritchie,"Piper, Massive and Aperture",Москва,Russia,310-593-9884,james.ritchie@vandelay.io,2020-08-05,https://www.ritchie-globex.net/,
300,7cf3790083b4280,Brendan,Lerdorf,Oceanic Systems,Москва,Russia,312-349-5635x374,brendan.lerdorf@pied.net,2019-05-19,https://www.lerdorf-initech.net/,
301,0ab51afebcbff3f,James,Tang,Initech & Soylent,Lima,Peru,505-898-4217,james.tang@acme.io,2022-10-21,https://www.tang-piper.biz/,
302,a7344f91d273aa3,Guido,Wilson,Wonka Holdings,東京,Japan,228-702-3706,guido.wilson@oceanic.org,2021-07-08,https://www.wilson-northwind.biz/,
303,d8ff2c28a495b79,Bjarne,Hopper,Massive Systems,Zürich,Switzerland,748-971-8789x771,bjarne.hopper@acme.com,2022-05-06,https://www.hopper-stark.biz/,
304,954186e2362aed1,Anders,Johnson,Cyberdyne Labs,Malmö,Sweden,287-743-3304,anders.johnson@wayne.net,2020-04-08,https://www.johnson-aperture.org/,
305,40ea49b694331a8,Ida,Lerdorf,Northwind Labs,København,Denmark,468-685-6108,ida.lerdorf@initech.net,2023-12-12,https://www.lerdorf-umbrella.biz/,
306,0b67fa89c46cbcf,Grace,Thompson,Stark Holdings,Москва,Russia,157-418-4574x557,grace.thompson@tyrell.net,2021-07-15,https://www.thompson-vandelay.biz/,
307,790959641911983,Guido,Torvalds,"Sirius, Sirius and Hooli",Kraków,Poland,468-692-4183,guido.torvalds@vandelay.io,2020-05-19,https://www.torvalds-initech.com/,
308,795fbc1f9117cd8,Guido,Lovelace,Dynamic Partners,Zürich,Switzerland,403-485-3586,guido.lovelace@piper.org,2020-10-16,https://www.lovelace-acme.com/,
309,949a991b1a54315,Hedy,Lerdorf,Wayne Group,Nairobi,Kenya,187-445-5817x914,hedy.lerdorf@wayne.io,2020-07-03,https://www.lerdorf-acme.io/,
310,e3c29d64738535d,Linus,Hamilton,Globex Partners,Wien,Austria,966-737-5312,linus.hamilton@wonka.org,2023-04-01,https://www.hamilton-soylent.biz/,
311,5a325b89158099a,Mary,Lovelace,"Cyberdyne, Dynamic and Gringotts",Tallinn,Estonia,226-885-2264,mary.lovelace@gringotts.net,2019-02-04,https://www.lovelace-tyrell.org/,
312,d242d24c122ca7c,Radia,Lamarr,Gringotts Systems,Montréal,Canada,882-834-2244x245,radia.lamarr@stark.io,2024-06-11,https://www.lamarr-wonka.net/,
313,d061938191e4998,Barbara,Hopper,Dynamic Group,Москва,Russia,286-338-2265,barbara.hopper@umbrella.io,2022-07-24,https://www.hopper-dynamic.net/,
314,e1dccc8f229fbfb,Anders,Wilson,Massive Works,Amsterdam,Netherlands,709-948-4156,anders.wilson@vandelay.io,2019-02-02,https://www.wilson-sirius.net/,
315,36769fe9742fb18,Sophie,Lamarr,"Hooli, Inc.",Montréal,Canada,469-524-7121x862,sophie.lamarr@initech.io,2021-09-28,https://www.lamarr-piper.io/,
316,a41b6565508fe82,Radia,Thompson,Hooli Works,Porto,Portugal,565-530-3029,radia.thompson@hooli.biz,2020-06-13,https://www.thompson-wonka.biz/,
317,13b44a6fb33c325,James,Hejlsberg,Vandelay & Wonka,Paris,France,874-571-3331,james.hejlsberg@tyrell.com,2019-09-01,https://www.hejlsberg-tyrell.org/,
318,e8b5b63762e41e8,Ken,Allen,"Wonka, Acme and Oceanic",Москва,Russia,478-806-2975x641,ken.allen@vandelay.com,2020-02-06,https://www.allen-initech.com/,
319,f1891707b3efe81,Dennis,Ritchie,"Massive, Oceanic and Soylent",東京,Japan,424-128-2799,dennis.ritchie@wonka.com,2021-11-29,https://www.ritchie-aperture.org/,
320,1f2ffc1131aab03,Mary,Gosling,Massive Group,Montréal,Canada,297-498-7470,mary.gosling@tyrell.io,2019-08-26,https://www.gosling-massive.biz/,
321,35d3af78e555597,Audrey,Lerdorf,Cyberdyne Group,Sevilla,Spain,331-207-1466x713,audrey.lerdorf@acme.com,2023-12-08,https://www.lerdorf-northwind.net/,
322,35c73d53e029377,Ada,Lovelace,Cyberdyne Partners,Tallinn,Estonia,119-890-6317,ada.lovelace@umbrella.com,2022-03-21,https://www.lovelace-tyrell.org/,
323,49aae254cd05381,Ada,Wilson,Wonka Labs,Nairobi,Kenya,489-677-9852,ada.wilson@northwind.net,2019-11-16,https://www.wilson-acme.net/,
324,957d894157ab5c4,Hedy,Liskov,"Cyberdyne, Inc.",Wien,Austria,180-296-7812x392,hedy.liskov@oceanic.com,2020-11-14,https://www.liskov-initech.net/,
325,d4b60a54679920f,Radia,Tang,Tyrell Labs,Nairobi,Kenya,796-929-3270,radia.tang@stark.biz,2021-12-20,https://www.tang-stark.org/,
326,4d5faa14a064d6e,Linus,Hejlsberg,"Tyrell, Aperture and Soylent",Bratislava,Slovakia,533-687-7252,linus.hejlsberg@northwind.biz,2019-06-09,https://www.hejlsberg-wonka.org/,
327,98ec8447df281b7,Annie,Easley,Aperture Works,Wien,Austria,933-628-5120x763,annie.easley@hooli.org,2023-02-14,https://www.easley-aperture.com/,
328,d5afbe45e4d8a5e,Hedy,Thompson,"Dynamic, Initech and Oceanic",Malmö,Sweden,788-554-2686,hedy.thompson@stark.io,2023-09-29,https://www.thompson-vandelay.biz/,
329,8d31be99cfcbe3f,Larry,Lovelace,"Oceanic, Stark and Vandelay",Montréal,Canada,155-209-5705,larry.lovelace@aperture.net,2020-09-21,https://www.lovelace-oceanic.biz/,
330,1390981844be34c,Ada,Stroustrup,"Umbrella, Globex and Wayne",Lima,Peru,191-369-3036x236,ada.stroustrup@hooli.org,2019-10-14,https://www.stroustrup-globex.net/,
331,94f069826438250,Grace,Hejlsberg,Soylent Group,Sevilla,Spain,424-958-5587,grace.hejlsberg@acme.biz,2023-12-04,https://www.hejlsberg-sirius.org/,
332,17b8fc3f1914e95,Mary,Lamarr,Umbrella & Northwind,Tallinn,Estonia,453-441-1146,mary.lamarr@stark.com,2023-03-25,https://www.lamarr-aperture.org/,
333,7b5538d61d499ef,Linus,Allen,"Acme, Umbrella and Aperture",Reykjavík,Iceland,777-424-2983x734,linus.allen@wayne.biz,2022-07-04,https://www.allen-tyrell.net/,
334,127751f6715cbd8,Barbara,Lovelace,Initech Partners,Lima,Peru,253-881-7890,barbara.lovelace@gringotts.org,2022-06-27,https://www.lovelace-gringotts.org/,
335,abff36cbdc92f93,James,Lamarr,Soylent Labs,Montréal,Canada,593-405-8626,james.lamarr@aperture.biz,2019-02-05,https://www.lamarr-gringotts.biz/,
336,88763c73de27446,Annie,Matsumoto,"Wayne, Oceanic and Sirius",東京,Japan,823-585-7342x851,annie.matsumoto@globex.com,2019-01-03,https://www.matsumoto-oceanic.net/,
337,798811dc326149e,Yukihiro,Wall,Wayne Holdings,Łódź,Poland,274-537-4140,yukihiro.wall@cyberdyne.io,2023-07-29,https://www.wall-soylent.io/,
338,771c5e9bb648d25,Radia,Rossum,Pied Systems,Åbo,Finland,499-157-7306,radia.rossum@piper.org,2021-08-06,https://www.rossum-oceanic.org/,
339,90153ba67d95583,Ken,Keller,Massive Labs,Porto,Portugal,430-185-8287x734,ken.keller@tyrell.io,2023-07-12,https://www.keller-globex.io/,
340,7f5f2433ea6ed52,Ada,Perlman,Hooli Systems,Łódź,Poland,466-686-8141,ada.perlman@dynamic.net,2022-02-05,https://www.perlman-hooli.biz/,
341,6df4d7e2f035acf,Larry,Tang,"Stark, Inc.",Paris,France,461-469-5198,larry.tang@stark.com,2020-03-19,https://www.tang-dynamic.biz/,
342,c268dbe0958366c,Grace,Lerdorf,"Aperture, Piper and Tyrell",Paris,France,935-285-4136x798,grace.lerdorf@tyrell.biz,2024-05-05,https://www.lerdorf-hooli.io/,
343,a9e07b22f3b259d,Linus,Wall,Tyrell Labs,東京,Japan,709-653-6782,linus.wall@pied.biz,2022-12-22,https://www.wall-gringotts.net/,
344,d8de476ccfabea4,Rasmus,Rhodes,Stark Labs,Åbo,Finland,660-315-1323,rasmus.rhodes@oceanic.com,2023-07-08,https://www.rhodes-oceanic.biz/,
345,9cc94e7adf32b3c,Yukihiro,Torvalds,"Wonka, Massive and Stark",Paris,France,581-196-5647x533,yukihiro.torvalds@initech.org,2019-01-31,https://www.torvalds-stark.org/,
346,6e963bec1f88eec,Sophie,Lovelace,"Initech, Inc.",Zürich,Switzerland,265-949-4725,sophie.lovelace@globex.biz,2021-06-20,https://www.lovelace-piper.org/,
347,613da4a8346d59a,Ida,Lamarr,"Wayne, Oceanic and Soylent",Tallinn,Estonia,231-780-8582,ida.lamarr@wayne.biz,2019-03-20,https://www.lamarr-acme.org/,
348,ac4dbd7608d677a,Audrey,Eich,Piper & Oceanic,Zürich,Switzerland,465-953-3159x973,audrey.eich@tyrell.com,2022-07-06,https://www.eich-wayne.org/,
349,1adfff26bdae006,Sophie,Wilson,Oceanic Holdings,Genève,Switzerland,857-498-6068,sophie.wilson@oceanic.org,2022-04-28,https://www.wilson-massive.org/,
350,2f31fb49c345d63,Grace,Wilson,"Aperture, Inc.",Nairobi,Kenya,245-105-5092,grace.wilson@initech.org,2021-01-27,https://www.wilson-pied.com/,
351,9e8446ddee59526,Grace,Easley,Oceanic Works,Sevilla,Spain,161-797-3594x141,grace.easley@northwind.biz,2024-04-09,https://www.easley-soylent.io/,
352,d83f737cc33ec5f,Sophie,Easley,"Aperture, Vandelay and Piper",Łódź,Poland,743-551-4242,sophie.easley@northwind.io,2022-01-07,https://www.easley-dynamic.org/,
353,c37025bf1668a86,Margaret,Liskov,"Vandelay, Wayne and Vandelay",Amsterdam,Netherlands,351-216-4954,margaret.liskov@gringotts.com,2020-12-27,https://www.liskov-soylent.com/,
354,57ba8c2548c7c3b,Yukihiro,Matsumoto,Soylent Holdings,Paris,France,417-237-4592x803,yukihiro.matsumoto@hooli.io,2021-03-19,https://www.matsumoto-hooli.net/,
355,488c2f5ce18ded4,Linus,Thompson,Wayne & Acme,Sevilla,Spain,118-478-8777,linus.thompson@hooli.io,2021-11-23,https://www.thompson-pied.org/,
356,0d24275c29e0dc2,Katherine,Ritchie,"Piper, Inc.",Tallinn,Estonia,553-335-9938,katherine.ritchie@vandelay.net,2019-02-06,https://www.ritchie-piper.net/,
357,2f30f934fe99a81,Katherine,Liskov,"Wayne, Gringotts and Northwind",Montréal,Canada,105-695-7021x255,katherine.liskov@oceanic.biz,2023-09-30,https://www.liskov-oceanic.com/,
358,f92cf0592cfc809,Hedy,Wilson,Dynamic Holdings,Åbo,Finland,448-463-8264,hedy.wilson@vandelay.org,2020-07-31,https://www.wilson-piper.net/,
359,1e1ef948a05ff4c,James,Wilson,Gringotts Systems,Tallinn,Estonia,319-249-9624,james.wilson@hooli.biz,2019-03-01,https://www.wilson-wayne.biz/,
360,361a732f72dd735,Anders,Torvalds,Initech Systems,Tallinn,Estonia,418-953-8084x960,anders.torvalds@globex.org,2020-07-20,https://www.torvalds-piper.net/,
361,492c506101772b3,Brendan,Hamilton,Piper Holdings,Zürich,Switzerland,893-182-3686,brendan.hamilton@wayne.net,2019-04-12,https://www.hamilton-aperture.biz/,
362,c55442b519a8802,Grace,Thompson,Cyberdyne Holdings,København,Denmark,804-949-8907,grace.thompson@sirius.net,2020-10-04,https://www.thompson-globex.io/,
363,6597bc8798e891c,Audrey,Gosling,"Globex, Umbrella and Umbrella",Amsterdam,Netherlands,445-619-2036x686,audrey.gosling@sirius.org,2024-04-06,https://www.gosling-piper.biz/,
364,1223e40e823f83a,Larry,Lerdorf,"Dynamic, Soylent and Dynamic",Bratislava,Slovakia,363-450-2086,larry.lerdorf@acme.biz,2022-04-17,https://www.lerdorf-dynamic.com/,
365,cdb758d104855d9,Larry,Wilson,Dynamic Partners,Paris,France,201-324-6561,larry.wilson@globex.io,2020-06-26,https://www.wilson-wonka.biz/,
366,1f369b795c1abf7,Barbara,Thompson,Umbrella Group,Москва,Russia,955-358-9033x17,barbara.thompson@tyrell.org,2024-01-10,https://www.thompson-hooli.io/,
367,ba61ba6bdff09e9,Yukihiro,Allen,Piper Systems,Tallinn,Estonia,247-280-9215,yukihiro.allen@sirius.io,2020-12-14,https://www.allen-stark.com/,
368,387551caf48ffaf,Guido,Johnson,Cyberdyne Systems,東京,Japan,717-217-1368,guido.johnson@umbrella.net,2020-07-06,https://www.johnson-aperture.io/,
369,6d3b5073dafe221,Grace,Liskov,"Gringotts, Inc.",Nairobi,Kenya,520-298-1186x227,grace.liskov@initech.net,2022-05-13,https://www.liskov-piper.biz/,
370,002d2a186756359,Margaret,Stroustrup,"Hooli, Inc.",Kraków,Poland,824-178-9054,margaret.stroustrup@oceanic.net,2022-04-05,https://www.stroustrup-vandelay.io/,
371,6e0dcaa5fff7bf4,Margaret,Keller,Acme Works,Montréal,Canada,823-565-9090,margaret.keller@piper.io,2020-07-18,https://www.keller-massive.com/,
372,805084c5af051ce,Bjarne,Allen,"Cyberdyne, Inc.",Lima,Peru,222-242-5037x34,bjarne.allen@gringotts.io,2021-06-30,https://www.allen-piper.biz/,
373,dff153c7730ceb5,Margaret,Eich,Vandelay Labs,Tallinn,Estonia,233-312-9672,margaret.eich@oceanic.net,2023-11-21,https://www.eich-soylent.io/,
374,ea3bce015b07d44,Brendan,Wilson,Wayne Group,Zürich,Switzerland,987-325-7708,brendan.wilson@gringotts.io,2022-05-06,https://www.wilson-massive.com/,
375,084db1959c9a8e7,Bjarne,Stroustrup,Acme & Cyberdyne,København,Denmark,772-569-3445x164,bjarne.stroustrup@hooli.biz,2021-11-17,https://www.stroustrup-sirius.io/,
376,ae2aaca5a98eb8b,James,Hamilton,Stark Group,Nairobi,Kenya,295-900-9087,james.hamilton@vandelay.net,2022-09-29,https://www.hamilton-hooli.net/,
377,018653b5aca6368,Anders,Wilson,"Oceanic, Hooli and Stark",Genève,Switzerland,428-311-3894,anders.wilson@soylent.org,2022-10-01,https://www.wilson-sirius.biz/,
378,2df7adb5edbdc8d,Linus,Hopper,Gringotts Works,Łódź,Poland,817-540-7816x693,linus.hopper@vandelay.com,2021-07-23,https://www.hopper-aperture.biz/,
379,0b61643dc3be018,Hedy,Rhodes,Stark Works,Paris,France,793-488-8334,hedy.rhodes@aperture.net,2022-09-13,https://www.rhodes-globex.org/,
380,0bebcbbc3786a97,Brendan,Eich,Oceanic Works,Москва,Russia,893-394-2291,brendan.eich@umbrella.net,2021-03-14,https://www.eich-stark.org/,
381,b690b6d626f5a9e,Brendan,Lerdorf,"Oceanic, Hooli and Oceanic",Åbo,Finland,760-136-1885x767,brendan.lerdorf@globex.net,2024-03-02,https://www.lerdorf-tyrell.org/,
382,a30383400b87e20,Mary,Wall,Acme Systems,Kraków,Poland,374-812-6109,mary.wall@gringotts.net,2021-09-01,https://www.wall-piper.com/,
383,0fb37024b1022ab,Larry,Eich,Pied Partners,Москва,Russia,179-967-6715,larry.eich@massive.org,2022-03-03,https://www.eich-globex.biz/,
384,501e070e2566960,Barbara,Liskov,"Gringotts, Inc.",Kraków,Poland,773-431-6290x28,barbara.liskov@wonka.biz,2023-04-09,https://www.liskov-umbrella.biz/,
385,4011784a56da1b1,Brendan,Wilson,"Hooli, Inc.",København,Denmark,920-363-2096,brendan.wilson@tyrell.com,2024-01-14,https://www.wilson-pied.org/,
386,928db0110afe746,Ken,Easley,Soylent & Dynamic,Genève,Switzerland,620-287-2542,ken.easley@hooli.com,2020-02-22,https://www.easley-wayne.io/,
387,562d8bffa42a470,Bjarne,Hamilton,Sirius Partners,Paris,France,511-982-1812x291,bjarne.hamilton@sirius.org,2021-12-16,https://www.hamilton-initech.net/,
388,2511c29ee5bbfeb,Brendan,Lamarr,Acme Holdings,Genève,Switzerland,674-376-6017,brendan.lamarr@massive.com,2020-04-15,https://www.lamarr-soylent.io/,VIP
389,d491feff8884f42,Hedy,Lerdorf,Northwind & Pied,Amsterdam,Netherlands,569-175-4334,hedy.lerdorf@oceanic.com,2023-08-18,https://www.lerdorf-oceanic.io/,
390,7da533179b3fe94,Frances,Lovelace,Hooli Works,Paris,France,165-619-4193x534,frances.lovelace@globex.com,2022-06-04,https://www.lovelace-acme.io/,
391,fcf99ad7696d1e4,Larry,Rhodes,"Globex, Wayne and Massive",Zürich,Switzerland,257-922-6101,larry.rhodes@umbrella.io,2024-02-26,https://www.rhodes-massive.biz/,
392,7a70bcc9638b2e3,Katherine,Ritchie,Dynamic Holdings,Åbo,Finland,775-402-3583,katherine.ritchie@massive.com,2021-04-05,https://www.ritchie-aperture.com/,
393,573f64229c2c6d3,James,Tang,Cyberdyne Works,Zürich,Switzerland,248-115-7246x368,james.tang@globex.com,2021-05-11,https://www.tang-massive.org/,
394,36543e2519b4efe,Frances,Wilson,Oceanic Group,Sevilla,Spain,277-373-7600,frances.wilson@vandelay.org,2023-03-12,https://www.wilson-initech.com/,
395,3f94f80bcfe3160,Ada,Hopper,"Hooli, Umbrella and Aperture",Bratislava,Slovakia,176-686-7114,ada.hopper@vandelay.org,2020-10-31,https://www.hopper-oceanic.org/,
396,8a56d5e8db39bde,Linus,Hopper,Northwind Group,東京,Japan,563-595-3394x304,linus.hopper@massive.net,2023-03-16,https://www.hopper-soylent.net/,
397,53a185538ab1d6e,Barbara,Ritchie,Hooli Labs,Reykjavík,Iceland,160-990-6483,barbara.ritchie@acme.com,2023-09-22,https://www.ritchie-gringotts.org/,
398,a87ca7c8ebc9406,Hedy,Wilson,Pied Systems,Reykjavík,Iceland,704-970-8843,hedy.wilson@wayne.org,2022-07-10,https://www.wilson-dynamic.org/,
399,1b5b03a62781001,Dennis,Ritchie,Globex Group,Москва,Russia,876-363-4625x657,dennis.ritchie@umbrella.net,2021-07-06,https://www.ritchie-wonka.com/,
400,2f3582f02df7692,Annie,Hamilton,Umbrella Works,Sevilla,Spain,244-211-1083,annie.hamilton@cyberdyne.net,2021-01-18,https://www.hamilton-vandelay.io/,
401,455271c037f5612,Guido,Lamarr,"Massive, Globex and Northwind",Москва,Russia,828-599-7678,guido.lamarr@tyrell.io,2022-09-30,https://www.lamarr-aperture.net/,
402,db5683f6f3783f3,Dennis,Matsumoto,Gringotts Partners,Åbo,Finland,340-440-8081x849,dennis.matsumoto@oceanic.biz,2020-04-26,https://www.matsumoto-aperture.net/,
403,830bad58bf15afe,Ken,Matsumoto,"Massive, Gringotts and Oceanic",Porto,Portugal,823-585-8776,ken.matsumoto@northwind.net,2022-08-20,https://www.matsumoto-dynamic.com/,
404,7863d2d654cd498,Guido,Hopper,"Wonka, Sirius and Wayne",東京,Japan,429-630-9119,guido.hopper@soylent.io,2023-09-20,https://www.hopper-northwind.org/,
405,8ff6841a0c504ae,Ida,Wilson,Aperture Partners,Wien,Austria,539-310-1493x504,ida.wilson@wonka.io,2024-04-26,https://www.wilson-northwind.org/,
406,0380d857a15a96f,Frances,Hamilton,Cyberdyne Holdings,Montréal,Canada,465-162-1220,frances.hamilton@dynamic.com,2019-01-18,https://www.hamilton-pied.biz/,
407,d4f27b61919f411,Ida,Keller,Northwind Works,Åbo,Finland,231-862-3513,ida.keller@acme.com,2022-10-26,https://www.keller-piper.com/,
408,6002ab666ad9265,Barbara,Torvalds,Piper Holdings,Kraków,Poland,135-978-1080x555,barbara.torvalds@wonka.net,2023-01-21,https://www.torvalds-pied.org/,
409,d910c8df719aca1,Grace,Matsumoto,Sirius Works,Amsterdam,Netherlands,811-949-4921,grace.matsumoto@umbrella.com,2020-08-12,https://www.matsumoto-massive.net/,
410,68a3c6792d689ef,Larry,Rhodes,Oceanic Group,Wien,Austria,146-350-1942,larry.rhodes@piper.io,2023-07-16,https://www.rhodes-acme.com/,
411,e4f513abd5b90e9,Hedy,Allen,Globex Labs,Zürich,Switzerland,550-445-2309x247,hedy.allen@gringotts.biz,2024-04-07,https://www.allen-stark.io/,
412,eac8faeb7468138,Rasmus,Johnson,Pied Works,Malmö,Sweden,525-129-3950,rasmus.johnson@globex.com,2019-08-10,https://www.johnson-stark.org/,
413,0a558a398941fd8,Yukihiro,Matsumoto,Soylent Group,Malmö,Sweden,527-148-6545,yukihiro.matsumoto@initech.io,2023-09-10,https://www.matsumoto-tyrell.io/,
414,1c5953e5631f352,Ada,Allen,Oceanic Labs,東京,Japan,578-180-6887x860,ada.allen@initech.biz,2024-01-21,https://www.allen-piper.biz/,
415,87fde12a9ce4139,Bjarne,Perlman,Acme Holdings,Wien,Austria,429-912-7246,bjarne.perlman@cyberdyne.net,2020-06-23,https://www.perlman-globex.io/,
416,7aa0e53d1d0e072,Audrey,Johnson,Massive Partners,Paris,France,863-871-4426,audrey.johnson@globex.net,2022-03-25,https://www.johnson-stark.io/,
417,bfd59936743ba66,Margaret,Easley,Acme Holdings,Paris,France,477-305-7269x378,margaret.easley@vandelay.org,2020-08-01,https://www.easley-globex.net/,
418,67ceefb13bc5329,Annie,Torvalds,Pied Labs,Reykjavík,Iceland,508-627-6934,annie.torvalds@sirius.biz,2022-11-29,https://www.torvalds-massive.org/,
419,fd9345bc351b1b5,Ida,Rossum,Massive Holdings,København,Denmark,925-781-1680,ida.rossum@wayne.biz,2019-01-31,https://www.rossum-aperture.org/,
420,4f3ccd0170d3b81,Annie,Wall,"Pied, Inc.",Malmö,Sweden,819-443-6704x671,annie.wall@vandelay.org,2020-10-04,https://www.wall-oceanic.io/,
421,5b83105492192d2,Grace,Easley,"Soylent, Soylent and Dynamic",Nairobi,Kenya,527-799-3351,grace.easley@wonka.com,2024-03-30,https://www.easley-wayne.com/,
422,5b424a946f3597b,Grace,Keller,Acme Holdings,Wien,Austria,110-165-1097,grace.keller@massive.org,2022-11-17,https://www.keller-stark.io/,
423,88875bbaa27190e,Dennis,Easley,"Piper, Inc.",Genève,Switzerland,374-888-5099x659,dennis.easley@vandelay.com,2021-05-13,https://www.easley-soylent.io/,
424,7d1a5f23e9f3e5b,Brendan,Hamilton,Massive Labs,東京,Japan,890-205-9753,brendan.hamilton@umbrella.io,2019-07-03,https://www.hamilton-initech.com/,
425,0f26e95ee9dd0c6,Margaret,Liskov,"Cyberdyne, Globex and Cyberdyne",Bratislava,Slovakia,152-948-8506,margaret.liskov@vandelay.com,2023-04-05,https://www.liskov-piper.io/,
426,6af8c55bae3ac38,Frances,Easley,Umbrella Partners,Malmö,Sweden,710-610-6237x85,frances.easley@globex.biz,2021-06-27,https://www.easley-tyrell.io/,
427,95f928cddab529b,Grace,Ritchie,Globex Labs,Wien,Austria,718-167-4840,grace.ritchie@cyberdyne.io,2022-05-20,https://www.ritchie-soylent.io/,
428,a3f50dea75d34ca,Sophie,Perlman,"Aperture, Northwind and Sirius",Wien,Austria,237-194-8299,sophie.perlman@stark.io,2019-06-01,https://www.perlman-aperture.io/,
429,199dfd25b8e1b51,Brendan,Keller,Cyberdyne & Initech,Amsterdam,Netherlands,996-564-6909x575,brendan.keller@umbrella.io,2022-01-28,https://www.keller-acme.io/,
430,420f7e21df64d7f,Mary,Matsumoto,"Gringotts, Massive and Cyberdyne",Genève,Switzerland,389-780-4659,mary.matsumoto@initech.io,2023-06-22,https://www.matsumoto-globex.org/,
431,d466b5ab71e5639,Annie,Matsumoto,"Soylent, Wonka and Umbrella",Genève,Switzerland,456-550-8415,annie.matsumoto@tyrell.com,2022-09-12,https://www.matsumoto-gringotts.biz/,
432,5f57efdedb17847,Ida,Keller,"Acme, Vandelay and Hooli",Porto,Portugal,882-654-5112x518,ida.keller@initech.org,2019-07-27,https://www.keller-stark.com/,
433,5c325bab78cd0d2,Hedy,Lamarr,Hooli Holdings,Lima,Peru,407-111-8806,hedy.lamarr@vandelay.biz,2019-07-14,https://www.lamarr-acme.org/,
434,14daad3c5746371,Katherine,Lamarr,Soylent Works,Amsterdam,Netherlands,171-960-1446,katherine.lamarr@northwind.com,2022-02-21,https://www.lamarr-acme.org/,
435,af50767645f5a55,Ida,Rhodes,Sirius Systems,Genève,Switzerland,547-277-6897x901,ida.rhodes@tyrell.io,2019-11-03,https://www.rhodes-vandelay.biz/,
436,ac39b002ffba5f0,Bjarne,Liskov,Piper Systems,Åbo,Finland,510-819-7195,bjarne.liskov@oceanic.net,2023-04-01,https://www.liskov-sirius.com/,
437,1f84794f61ea5a1,Radia,Hamilton,Oceanic Works,Porto,Portugal,782-196-3245,radia.hamilton@stark.org,2020-05-11,https://www.hamilton-northwind.net/,
438,99f51fe034db9bb,Larry,Liskov,Aperture Partners,Malmö,Sweden,930-855-1007x665,larry.liskov@gringotts.net,2023-04-11,https://www.liskov-massive.biz/,
439,cb6986bbabef401,Ada,Lovelace,"Piper, Tyrell and Acme",Sevilla,Spain,759-448-9104,ada.lovelace@aperture.io,2022-12-07,https://www.lovelace-oceanic.net/,
440,f9872803604f545,James,Tang,Aperture Labs,Porto,Portugal,738-344-5326,james.tang@tyrell.org,2019-08-14,https://www.tang-massive.org/,
441,2bc043c67f3300f,Audrey,Easley,Oceanic Group,København,Denmark,667-467-7377x177,audrey.easley@dynamic.com,2020-05-07,https://www.easley-tyrell.com/,
442,2298bda632721db,Larry,Hopper,Massive Works,Reykjavík,Iceland,273-502-6530,larry.hopper@massive.net,2024-06-01,https://www.hopper-globex.org/,
443,33a439179d3ede1,James,Hamilton,Stark Systems,Sevilla,Spain,505-308-9283,james.hamilton@umbrella.com,2019-05-30,https://www.hamilton-globex.net/,
444,9b20af31c9e745f,Mary,Liskov,Sirius & Acme,Sevilla,Spain,170-269-4952x742,mary.liskov@soylent.net,2021-04-16,https://www.liskov-northwind.io/,
445,324806f63699ba5,Ada,Stroustrup,Umbrella Holdings,Nairobi,Kenya,314-451-1528,ada.stroustrup@soylent.com,2020-11-18,https://www.stroustrup-wonka.com/,
446,6c3af45c6747260,Annie,Easley,"Stark, Inc.",Genève,Switzerland,543-986-7364,annie.easley@aperture.com,2021-05-15,https://www.easley-wonka.io/,
447,599130e21700094,Anders,Hopper,Pied Holdings,Zürich,Switzerland,234-107-6799x264,anders.hopper@globex.io,2023-05-07,https://www.hopper-soylent.org/,
448,37856704df34842,Sophie,Lamarr,"Wayne, Hooli and Initech",Paris,France,618-818-6358,sophie.lamarr@initech.org,2020-09-01,https://www.lamarr-sirius.org/,
449,7c7837d0d24a6d4,Yukihiro,Torvalds,"Gringotts, Inc.",Nairobi,Kenya,131-941-3995,yukihiro.torvalds@globex.io,2021-09-23,https://www.torvalds-dynamic.biz/,
450,59077c5d3b9e8c0,Margaret,Allen,Wonka Group,Москва,Russia,849-615-8454x743,margaret.allen@gringotts.net,2019-05-03,https://www.allen-aperture.org/,
451,056c5a71d393547,Rasmus,Easley,Vandelay Holdings,Reykjavík,Iceland,914-178-9929,rasmus.easley@oceanic.io,2024-04-30,https://www.easley-cyberdyne.io/,
452,07a60c1a0503584,Yukihiro,Ritchie,"Northwind, Inc.",Sevilla,Spain,303-312-2229,yukihiro.ritchie@globex.com,2023-10-04,https://www.ritchie-northwind.io/,
453,60d6f0d43a4ce7a,Guido,Gosling,Massive & Acme,Москва,Russia,470-431-9288x242,guido.gosling@dynamic.biz,2023-12-24,https://www.gosling-sirius.io/,
454,cd383665491a651,Ken,Perlman,Tyrell Labs,Москва,Russia,957-483-4373,ken.perlman@wonka.com,2022-03-04,https://www.perlman-massive.biz/,
455,e7e58352fa6724d,Katherine,Lovelace,Dynamic Holdings,Amsterdam,Netherlands,678-928-2952,katherine.lovelace@oceanic.io,2021-04-04,https://www.lovelace-wayne.org/,
456,f046bb8481e3c95,Sophie,Tang,Cyberdyne Group,Nairobi,Kenya,926-663-5359x769,sophie.tang@aperture.io,2020-09-19,https://www.tang-dynamic.com/,
457,3082ef976bc66f4,Ken,Easley,Sirius Partners,Bratislava,Slovakia,794-955-7106,ken.easley@hooli.io,2023-03-14,https://www.easley-wayne.com/,
458,3709531ddf4e694,Sophie,Stroustrup,Globex Works,Tallinn,Estonia,367-270-2399,sophie.stroustrup@massive.com,2021-01-09,https://www.stroustrup-massive.net/,
459,0c05edbbb504c97,Annie,Johnson,Wonka Systems,Bratislava,Slovakia,908-241-8158x934,annie.johnson@oceanic.biz,2020-11-07,https://www.johnson-northwind.net/,
460,917ba906cded302,Hedy,Hamilton,Tyrell Systems,Porto,Portugal,106-851-1778,hedy.hamilton@umbrella.com,2022-12-23,https://www.hamilton-hooli.biz/,
461,9efd8d078166bd0,Ada,Tang,Umbrella Labs,Porto,Portugal,713-878-8234,ada.tang@sirius.biz,2021-06-01,https://www.tang-aperture.net/,
462,e900acbcd96cd22,Margaret,Gosling,"Dynamic, Piper and Piper",København,Denmark,894-383-1443x795,margaret.gosling@oceanic.com,2021-05-13,https://www.gosling-tyrell.net/,
463,d69461bcc787ff2,Audrey,Wilson,Globex Group,Wien,Austria,115-658-9064,audrey.wilson@oceanic.com,2020-09-20,https://www.wilson-globex.org/,
464,f2c02c5a345575e,Grace,Perlman,Globex Works,Łódź,Poland,360-479-7964,grace.perlman@piper.biz,2020-01-18,https://www.perlman-oceanic.com/,
465,68f78b71bc0fe1e,Mary,Hejlsberg,Tyrell Works,Łódź,Poland,941-375-4032x768,mary.hejlsberg@aperture.net,2024-04-05,https://www.hejlsberg-globex.com/,
466,3b6a373a5c4a795,Annie,Eich,Globex Group,Montréal,Canada,215-637-4659,annie.eich@vandelay.biz,2023-01-03,https://www.eich-globex.com/,
467,39c25a8d7d90058,Hedy,Hamilton,"Soylent, Initech and Massive",Amsterdam,Netherlands,710-846-4742,hedy.hamilton@globex.biz,2021-07-23,https://www.hamilton-pied.com/,
468,05c1e3fd88eb86c,Frances,Eich,"Vandelay, Inc.",Malmö,Sweden,730-428-8464x202,frances.eich@cyberdyne.org,2022-03-12,https://www.eich-aperture.biz/,
469,eb6f9d2bed6ad23,Audrey,Rossum,Wayne Systems,Zürich,Switzerland,481-742-2022,audrey.rossum@oceanic.org,2023-05-10,https://www.rossum-cyberdyne.org/,
470,85735c6eaae3403,Katherine,Wall,"Soylent, Inc.",Tallinn,Estonia,905-481-4541,katherine.wall@cyberdyne.org,2019-02-06,https://www.wall-gringotts.org/,
471,8b9b9627a57035d,Radia,Hejlsberg,Piper Partners,東京,Japan,778-737-5587x500,radia.hejlsberg@stark.biz,2023-07-11,https://www.hejlsberg-globex.biz/,
472,e1e6bb7fe21acc0,Bjarne,Tang,"Piper, Inc.",Bratislava,Slovakia,852-933-2533,bjarne.tang@vandelay.biz,2019-03-24,https://www.tang-aperture.net/,
473,31b8d50333af2db,Mary,Tang,Cyberdyne Partners,Sevilla,Spain,208-986-6172,mary.tang@stark.io,2022-06-05,https://www.tang-wayne.biz/,
474,fbc204bc5b722bf,Anders,Keller,Vandelay Labs,Porto,Portugal,433-242-5735x943,anders.keller@wonka.io,2021-02-07,https://www.keller-hooli.com/,
475,d7110144ce6d1b1,Katherine,Thompson,Sirius Systems,Reykjavík,Iceland,321-778-8150,katherine.thompson@tyrell.net,2021-06-28,https://www.thompson-initech.biz/,
476,e6afeef2d3b5433,Radia,Hejlsberg,Initech Labs,Malmö,Sweden,127-932-2963,radia.hejlsberg@umbrella.biz,2019-08-26,https://www.hejlsberg-gringotts.net/,
477,d88a3efa250ee50,Mary,Easley,"Hooli, Piper and Soylent",København,Denmark,846-307-5302x101,mary.easley@wonka.com,2019-03-06,https://www.easley-sirius.com/,
478,54937a4fa13b8fd,James,Liskov,"Sirius, Vandelay and Soylent",Lima,Peru,806-914-6759,james.liskov@oceanic.biz,2021-04-25,https://www.liskov-dynamic.org/,
479,58c0e2b6228d5c3,Mary,Rossum,Stark Labs,Montréal,Canada,308-514-5485,mary.rossum@sirius.net,2024-04-25,https://www.rossum-stark.com/,
480,f57760b8adda32e,Sophie,Liskov,Initech & Pied,Wien,Austria,616-436-6088x565,sophie.liskov@pied.org,2019-12-02,https://www.liskov-dynamic.io/,
481,bfd2f0f91999316,Mary,Stroustrup,Sirius Partners,Łódź,Poland,481-378-2679,mary.stroustrup@soylent.com,2023-02-01,https://www.stroustrup-tyrell.net/,
482,73b167f09819fad,Bjarne,Keller,Wayne Group,Łódź,Poland,636-923-7610,bjarne.keller@dynamic.org,2019-01-01,https://www.keller-tyrell.com/,
483,51861fd036b39ff,Margaret,Lerdorf,Piper Holdings,Lima,Peru,247-308-6241x448,margaret.lerdorf@cyberdyne.biz,2023-03-10,https://www.lerdorf-acme.com/,
484,9a990bf1a785041,Anders,Torvalds,Wayne Labs,Malmö,Sweden,357-983-3370,anders.torvalds@cyberdyne.org,2020-02-06,https://www.torvalds-stark.io/,
485,e7a52d09afe7e2c,Brendan,Easley,Soylent & Wonka,Åbo,Finland,897-321-7428,brendan.easley@massive.net,2019-03-10,https://www.easley-gringotts.io/,VIP
486,1e22b98b111ba6c,Ida,Matsumoto,"Wayne, Inc.",Lima,Peru,394-301-9423x931,ida.matsumoto@tyrell.com,2020-02-28,https://www.matsumoto-globex.org/,
487,4e9045b53419b68,Larry,Liskov,Initech Group,København,Denmark,817-624-1368,larry.liskov@umbrella.biz,2020-11-16,https://www.liskov-piper.net/,
488,6bacd597ab9b170,Barbara,Matsumoto,Pied Works,Wien,Austria,853-335-2866,barbara.matsumoto@aperture.net,2023-03-28,https://www.matsumoto-oceanic.io/,
489,f416e8b0e2a2eb9,Mary,Tang,Umbrella Group,Paris,France,343-744-5186x899,mary.tang@wonka.com,2021-06-05,https://www.tang-oceanic.biz/,
490,973e28b0aaf10a9,Sophie,Easley,Umbrella Works,Zürich,Switzerland,251-518-4661,sophie.easley@tyrell.org,2021-12-15,https://www.easley-initech.io/,
491,072c1d08a9dda8a,Barbara,Easley,Stark Holdings,東京,Japan,768-248-6569,barbara.easley@oceanic.io,2023-06-29,https://www.easley-piper.io/,
492,e6bf200bde102a3,Mary,Lamarr,Cyberdyne Labs,Tallinn,Estonia,807-870-8767x708,mary.lamarr@initech.biz,2023-05-16,https://www.lamarr-pied.net/,
493,62bb04e46cbacc5,Margaret,Stroustrup,"Massive, Globex and Globex",København,Denmark,247-777-2033,margaret.stroustrup@hooli.org,2023-02-01,https://www.stroustrup-gringotts.org/,
494,5e051363e9918a8,Rasmus,Liskov,Dynamic Labs,Sevilla,Spain,402-918-9184,rasmus.liskov@cyberdyne.net,2024-02-09,https://www.liskov-piper.io/,
495,9b40945d455ba30,Ada,Matsumoto,"Soylent, Inc.",Porto,Portugal,149-428-5161x149,ada.matsumoto@aperture.io,2021-07-03,https://www.matsumoto-hooli.biz/,
496,d4c77e22859ddc8,Rasmus,Tang,"Massive, Inc.",Paris,France,970-447-5044,rasmus.tang@vandelay.biz,2021-01-09,https://www.tang-vandelay.com/,
497,3224d8f3e58ee50,Dennis,Allen,Northwind Systems,Paris,France,382-241-2015,dennis.allen@initech.biz,2022-11-16,https://www.allen-wayne.io/,
498,e2422218f4be15d,Rasmus,Torvalds,Gringotts Holdings,東京,Japan,425-399-3575x34,rasmus.torvalds@acme.biz,2022-05-29,https://www.torvalds-northwind.io/,
499,e1608c76f4a2418,Brendan,Liskov,Cyberdyne Systems,Kraków,Poland,727-541-8733,brendan.liskov@gringotts.biz,2021-05-06,https://www.liskov-cyberdyne.net/,
500,ea916c67aa6b6fb,Bjarne,Allen,Northwind & Pied,Porto,Portugal,607-921-4855,bjarne.allen@pied.com,2022-01-01,https://www.allen-massive.net/,
501,b620b2d2c8675bf,Brendan,Eich,Oceanic & Oceanic,Tallinn,Estonia,529-816-8106x274,brendan.eich@umbrella.com,2024-02-27,https://www.eich-sirius.org/,
502,1643086fd9e3732,Audrey,Thompson,"Stark, Sirius and Wonka",København,Denmark,952-736-6536,audrey.thompson@acme.net,2023-08-23,https://www.thompson-tyrell.io/,
503,f86507e1ecb246d,Rasmus,Wall,Initech Works,東京,Japan,529-349-3070,rasmus.wall@vandelay.com,2022-01-16,https://www.wall-sirius.org/,
504,ef16353290dd8a2,Ken,Keller,"Oceanic, Hooli and Vandelay",Tallinn,Estonia,490-434-5600x70,ken.keller@cyberdyne.com,2023-12-22,https://www.keller-acme.net/,
505,d01f3696df202f3,Annie,Stroustrup,Aperture Holdings,Łódź,Poland,229-302-2989,annie.stroustrup@aperture.org,2019-06-13,https://www.stroustrup-aperture.org/,
506,b275b5076cdcd67,Yukihiro,Rhodes,Hooli Partners,Москва,Russia,848-373-4764,yukihiro.rhodes@northwind.org,2023-10-28,https://www.rhodes-massive.org/,
507,5045bfd3e558123,Rasmus,Keller,Sirius Holdings,Paris,France,229-518-7684x538,rasmus.keller@wonka.com,2020-08-05,https://www.keller-wonka.biz/,
508,2b530fcb5dd1725,Ada,Perlman,Hooli Labs,Kraków,Poland,153-175-2553,ada.perlman@umbrella.io,2022-11-03,https://www.perlman-sirius.com/,
509,fd363e7f623087e,Bjarne,Allen,Aperture Group,Malmö,Sweden,295-441-3546,bjarne.allen@oceanic.net,2020-12-12,https://www.allen-piper.com/,
510,5b913e11bf4dcd8,Audrey,Wall,Oceanic Works,Paris,France,534-835-9339x40,audrey.wall@sirius.org,2020-01-03,https://www.wall-massive.io/,
511,7604b9209ed6eeb,Yukihiro,Eich,"Globex, Wayne and Sirius",Sevilla,Spain,976-130-4678,yukihiro.eich@sirius.org,2021-05-25,https://www.eich-wonka.io/,
512,11621674d9074f3,Barbara,Ritchie,Aperture Systems,Reykjavík,Iceland,695-627-7221,barbara.ritchie@hooli.net,2023-03-29,https://www.ritchie-wayne.biz/,
513,50e85c573c4fd9f,James,Matsumoto,Wayne Partners,Bratislava,Slovakia,455-720-3214x209,james.matsumoto@stark.net,2022-01-12,https://www.matsumoto-gringotts.org/,
514,3462e032ba77ea5,Sophie,Thompson,Oceanic Holdings,Åbo,Finland,523-624-2255,sophie.thompson@globex.io,2021-04-09,https://www.thompson-wayne.org/,
515,2a05a4b0619f8b2,Anders,Wall,Wonka Partners,Malmö,Sweden,220-179-1361,anders.wall@aperture.biz,2024-01-10,https://www.wall-pied.biz/,
516,f58115c225ad433,James,Liskov,"Cyberdyne, Vandelay and Globex",Bratislava,Slovakia,440-474-4181x618,james.liskov@acme.io,2023-01-19,https://www.liskov-gringotts.org/,
517,af3d7b646b1ec46,Bjarne,Rhodes,Soylent Works,Genève,Switzerland,719-291-5997,bjarne.rhodes@dynamic.com,2021-04-18,https://www.rhodes-pied.com/,
518,f580c948619c8cf,Brendan,Lovelace,"Acme, Sirius and Sirius",Paris,France,760-188-1292,brendan.lovelace@northwind.biz,2022-07-04,https://www.lovelace-soylent.io/,
519,9abb1586266ac56,Larry,Lamarr,"Acme, Oceanic and Stark",Amsterdam,Netherlands,992-292-1747x802,larry.lamarr@umbrella.io,2019-04-16,https://www.lamarr-hooli.com/,
520,ba3f8ab6499b553,Dennis,Gosling,Stark Works,Москва,Russia,619-942-4769,dennis.gosling@massive.org,2023-01-19,https://www.gosling-tyrell.biz/,
521,a180cad4ccd6464,Brendan,Matsumoto,"Sirius, Inc.",Montréal,Canada,204-757-3682,brendan.matsumoto@cyberdyne.org,2023-08-30,https://www.matsumoto-northwind.com/,
522,50cb80b958262ae,James,Thompson,Vandelay Labs,København,Denmark,748-973-5875x13,james.thompson@wonka.biz,2020-01-23,https://www.thompson-wayne.net/,
523,9e44ea1ff298058,Margaret,Lovelace,Hooli Systems,København,Denmark,207-299-8709,margaret.lovelace@vandelay.biz,2019-02-13,https://www.lovelace-vandelay.io/,
524,108f74a488d58bf,James,Lamarr,"Cyberdyne, Soylent and Wayne",Bratislava,Slovakia,170-858-7460,james.lamarr@dynamic.biz,2020-01-15,https://www.lamarr-northwind.com/,
525,5414b859534bc3f,Frances,Eich,Umbrella Partners,Paris,France,492-500-8348x46,frances.eich@soylent.com,2022-04-27,https://www.eich-wonka.com/,
526,327d71a777613a6,Mary,Keller,Initech Systems,Bratislava,Slovakia,338-133-9947,mary.keller@aperture.io,2020-11-05,https://www.keller-acme.org/,
527,180389e95a95ace,Rasmus,Matsumoto,Acme & Acme,Malmö,Sweden,592-482-6879,rasmus.matsumoto@wonka.com,2022-04-24,https://www.matsumoto-gringotts.com/,
528,d0e69f21dcc6a7d,Linus,Lovelace,"Wayne, Northwind and Massive",Genève,Switzerland,734-639-1967x901,linus.lovelace@wayne.org,2022-08-20,https://www.lovelace-soylent.io/,
529,186678f05b37fd8,Mary,Easley,Massive & Oceanic,København,Denmark,921-498-2872,mary.easley@umbrella.biz,2022-12-21,https://www.easley-sirius.org/,
530,94724101bc37043,Frances,Stroustrup,Northwind & Vandelay,Porto,Portugal,714-244-6758,frances.stroustrup@stark.com,2019-01-20,https://www.stroustrup-globex.com/,
531,27e8d1c23fa1081,Grace,Rhodes,Wonka Partners,Reykjavík,Iceland,678-392-9665x96,grace.rhodes@wayne.org,2023-08-26,https://www.rhodes-cyberdyne.net/,
532,809c57174753f47,Sophie,Torvalds,Acme Systems,Amsterdam,Netherlands,269-515-6314,sophie.torvalds@tyrell.io,2020-05-02,https://www.torvalds-wonka.com/,
533,65f9350e445e08e,Guido,Lovelace,Northwind Labs,Amsterdam,Netherlands,527-700-6458,guido.lovelace@stark.com,2020-03-15,https://www.lovelace-wayne.io/,
534,0211255f666b2cf,Sophie,Wilson,Tyrell Group,Reykjavík,Iceland,985-815-1037x459,sophie.wilson@pied.com,2020-10-01,https://www.wilson-vandelay.org/,
535,714c8181ed26d3b,Guido,Perlman,"Globex, Inc.",Åbo,Finland,446-615-2253,guido.perlman@pied.com,2021-11-30,https://www.perlman-initech.biz/,
536,7ab20a170b938c6,Ada,Wall,Wayne Labs,Paris,France,347-351-4482,ada.wall@piper.io,2022-11-11,https://www.wall-stark.net/,
537,5f04214188a61d8,Barbara,Keller,Initech Labs,Zürich,Switzerland,482-642-8674x588,barbara.keller@sirius.com,2020-10-07,https://www.keller-northwind.biz/,
538,f1e062a687f5fb2,Ida,Allen,Umbrella Systems,Łódź,Poland,568-537-7409,ida.allen@soylent.org,2021-08-06,https://www.allen-oceanic.org/,
539,2ac081d7024c494,Sophie,Eich,Gringotts Works,Paris,France,267-907-8710,sophie.eich@globex.biz,2021-04-21,https://www.eich-tyrell.net/,
540,e34033ba5b13b81,Audrey,Wall,"Acme, Aperture and Oceanic",Montréal,Canada,975-504-1628x5,audrey.wall@wayne.org,2021-02-11,https://www.wall-hooli.biz/,
541,a2055d1d31fc8e5,Ida,Stroustrup,"Wonka, Oceanic and Wonka",Lima,Peru,976-561-4920,ida.stroustrup@soylent.biz,2024-02-09,https://www.stroustrup-piper.com/,
542,4fbb803e37099c2,Frances,Liskov,Wayne Labs,Genève,Switzerland,231-978-1748,frances.liskov@stark.org,2023-12-03,https://www.liskov-piper.org/,
543,02bd8fb1f9ce2b8,Radia,Thompson,Northwind Labs,Bratislava,Slovakia,868-371-2404x519,radia.thompson@globex.com,2019-12-31,https://www.thompson-globex.com/,
544,589aaa9686d3331,Rasmus,Torvalds,"Piper, Stark and Aperture",Montréal,Canada,405-825-1999,rasmus.torvalds@sirius.net,2019-08-05,https://www.torvalds-vandelay.net/,
545,a896430a3a475c8,Grace,Gosling,Umbrella Partners,Montréal,Canada,893-836-1586,grace.gosling@hooli.biz,2021-12-13,https://www.gosling-acme.net/,
546,218a30b049b76d7,Linus,Keller,Vandelay Works,Genève,Switzerland,261-359-8294x308,linus.keller@vandelay.org,2024-03-31,https://www.keller-dynamic.com/,
547,6de456ad73ab156,Radia,Lamarr,Northwind & Acme,Reykjavík,Iceland,576-101-3551,radia.lamarr@cyberdyne.net,2022-03-10,https://www.lamarr-soylent.io/,
548,eebdc440b1becab,Sophie,Hopper,Wonka Holdings,Kraków,Poland,724-411-9596,sophie.hopper@tyrell.net,2021-08-05,https://www.hopper-piper.com/,
549,a1e7806a7d17af9,Margaret,Torvalds,Globex Holdings,Tallinn,Estonia,575-531-1472x72,margaret.torvalds@gringotts.com,2021-09-15,https://www.torvalds-gringotts.io/,
550,5404f3266a50150,Anders,Torvalds,Massive Holdings,Zürich,Switzerland,267-543-8527,anders.torvalds@tyrell.biz,2022-05-01,https://www.torvalds-wayne.com/,
551,993e69920d73c3e,Sophie,Eich,Sirius Systems,København,Denmark,148-382-9355,sophie.eich@piper.io,2023-03-21,https://www.eich-acme.net/,
552,d375246e2c3e323,Brendan,Matsumoto,Vandelay Group,Reykjavík,Iceland,234-967-1581x445,brendan.matsumoto@acme.net,2022-07-27,https://www.matsumoto-hooli.com/,
553,a0bf404013aff47,Frances,Easley,Acme & Northwind,Wien,Austria,527-926-8352,frances.easley@oceanic.com,2020-12-31,https://www.easley-globex.biz/,
554,fba8a4e397e0a2d,Brendan,Matsumoto,"Vandelay, Pied and Pied",Montréal,Canada,239-562-6812,brendan.matsumoto@wayne.io,2024-05-15,https://www.matsumoto-oceanic.com/,
555,c353478c32f40d7,Larry,Stroustrup,Wonka Labs,Montréal,Canada,375-529-3438x111,larry.stroustrup@oceanic.com,2023-05-10,https://www.stroustrup-oceanic.biz/,
556,f4e7143e1373ad7,Rasmus,Rossum,"Gringotts, Wonka and Wonka",Amsterdam,Netherlands,737-471-6572,rasmus.rossum@stark.biz,2021-03-29,https://www.rossum-wonka.io/,
557,2987bfc2fca9bf9,Grace,Gosling,"Acme, Umbrella and Piper",Łódź,Poland,116-294-9845,grace.gosling@gringotts.org,2020-07-12,https://www.gosling-umbrella.net/,
558,5c1063690885037,Audrey,Matsumoto,Globex Systems,Porto,Portugal,881-187-9147x877,audrey.matsumoto@dynamic.com,2020-05-11,https://www.matsumoto-wonka.com/,
559,88be82a8dd54c58,Dennis,Lamarr,Aperture Systems,東京,Japan,426-607-5538,dennis.lamarr@gringotts.biz,2023-02-18,https://www.lamarr-globex.org/,
560,15e4fa71071c59b,Rasmus,Rossum,Northwind Partners,東京,Japan,379-649-2965,rasmus.rossum@initech.org,2023-04-27,https://www.rossum-acme.com/,
561,a4e789ec3fe5fb4,James,Lamarr,Vandelay & Oceanic,Łódź,Poland,405-238-8656x875,james.lamarr@wonka.net,2021-12-04,https://www.lamarr-vandelay.biz/,
562,f272c72ae274ae7,Margaret,Tang,"Oceanic, Tyrell and Globex",Paris,France,441-682-8783,margaret.tang@stark.io,2022-10-18,https://www.tang-wayne.io/,
563,97e2b72eee9991f,Dennis,Johnson,Soylent Holdings,København,Denmark,324-610-7192,dennis.johnson@aperture.org,2024-01-30,https://www.johnson-gringotts.org/,
564,4d006a0eca3c5b6,Anders,Stroustrup,Tyrell Labs,Zürich,Switzerland,158-257-6135x945,anders.stroustrup@vandelay.biz,2021-05-08,https://www.stroustrup-hooli.io/,
565,83507812344c44d,Linus,Matsumoto,Aperture Partners,København,Denmark,236-902-2812,linus.matsumoto@aperture.biz,2022-07-02,https://www.matsumoto-pied.com/,
566,b74f3576fb6da72,Frances,Perlman,Aperture Works,Łódź,Poland,230-436-4372,frances.perlman@piper.net,2023-01-22,https://www.perlman-cyberdyne.net/,
567,f77955271c5d1e3,Ken,Perlman,Wonka Labs,Zürich,Switzerland,687-306-9126x741,ken.perlman@dynamic.com,2019-01-05,https://www.perlman-wayne.org/,
568,bbc0a8ae852cbe5,Guido,Hamilton,Sirius & Sirius,Wien,Austria,204-212-7231,guido.hamilton@dynamic.org,2020-06-28,https://www.hamilton-hooli.org/,
569,56a5d4ae92b22a9,Margaret,Allen,Acme Group,Åbo,Finland,585-574-2600,margaret.allen@tyrell.net,2019-11-15,https://www.allen-sirius.io/,
570,2ab8e99f4a80e1c,Anders,Perlman,Stark Works,Montréal,Canada,461-613-3969x927,anders.perlman@aperture.biz,2019-04-08,https://www.perlman-umbrella.net/,
571,afa40e9682a3ae5,Grace,Torvalds,Wayne Systems,Sevilla,Spain,868-423-8604,grace.torvalds@stark.io,2020-05-16,https://www.torvalds-massive.net/,
572,cf00b309a633383,Linus,Lovelace,"Umbrella, Wayne and Northwind",Bratislava,Slovakia,315-104-7197,linus.lovelace@vandelay.org,2021-11-26,https://www.lovelace-initech.io/,
573,42fc97f946cd907,Brendan,Torvalds,"Sirius, Northwind and Gringotts",Montréal,Canada,987-256-6444x965,brendan.torvalds@pied.net,2021-01-12,https://www.torvalds-dynamic.com/,
574,0e55eb9818fd9a1,Barbara,Matsumoto,Initech Systems,København,Denmark,263-585-9388,barbara.matsumoto@hooli.org,2019-03-08,https://www.matsumoto-oceanic.net/,
575,2c98fdc194b3d1e,Annie,Eich,"Soylent, Northwind and Northwind",Amsterdam,Netherlands,665-291-8871,annie.eich@dynamic.io,2022-11-17,https://www.eich-vandelay.org/,
576,f155badb780a7ea,Dennis,Stroustrup,Northwind Holdings,Nairobi,Kenya,384-596-1994x717,dennis.stroustrup@piper.net,2023-10-08,https://www.stroustrup-acme.org/,
577,5e7372ae92a5ab4,Grace,Rossum,Acme Systems,Sevilla,Spain,452-659-3700,grace.rossum@vandelay.biz,2023-11-15,https://www.rossum-hooli.biz/,
578,14b106c6c746718,Barbara,Perlman,"Cyberdyne, Inc.",Paris,France,736-712-3130,barbara.perlman@massive.biz,2022-06-26,https://www.perlman-stark.biz/,
579,49d3c40e6426574,Annie,Easley,Hooli & Gringotts,Paris,France,488-842-2273x48,annie.easley@gringotts.org,2023-08-21,https://www.easley-wonka.net/,
580,4e89613bdad4d45,Rasmus,Wilson,Sirius Holdings,København,Denmark,764-841-6017,rasmus.wilson@vandelay.com,2019-09-19,https://www.wilson-dynamic.com/,
581,3b25e400633890a,Dennis,Lerdorf,"Vandelay, Inc.",Zürich,Switzerland,916-171-4997,dennis.lerdorf@soylent.org,2020-07-18,https://www.lerdorf-dynamic.com/,
582,c844be6658f6b7a,Dennis,Allen,Oceanic Partners,Bratislava,Slovakia,162-550-5086x452,dennis.allen@umbrella.com,2022-06-23,https://www.allen-dynamic.org/,VIP
583,215d86803d2c4b3,Ida,Wall,Cyberdyne Holdings,Åbo,Finland,778-787-3292,ida.wall@initech.io,2021-04-19,https://www.wall-oceanic.com/,
584,f573242e1eaef23,Audrey,Stroustrup,"Vandelay, Inc.",Kraków,Poland,350-940-8844,audrey.stroustrup@tyrell.org,2023-05-08,https://www.stroustrup-tyrell.io/,
585,004304bb1bf00d1,Rasmus,Ritchie,Tyrell & Piper,Paris,France,977-827-6271x521,rasmus.ritchie@vandelay.org,2022-02-25,https://www.ritchie-wonka.biz/,
586,472dc22c47c0585,Mary,Hopper,"Dynamic, Inc.",Lima,Peru,754-667-1155,mary.hopper@hooli.biz,2020-12-28,https://www.hopper-oceanic.org/,
587,ed1434359ee2171,Hedy,Ritchie,"Cyberdyne, Inc.",Kraków,Poland,618-289-1967,hedy.ritchie@wonka.com,2024-04-21,https://www.ritchie-pied.io/,
588,8ae609b3e1edbbd,Hedy,Liskov,Hooli Holdings,Paris,France,932-900-1910x343,hedy.liskov@wonka.org,2019-06-15,https://www.liskov-initech.biz/,
589,21c6cae4b2abccf,Ida,Tang,Initech Group,Tallinn,Estonia,190-399-7622,ida.tang@northwind.io,2020-09-14,https://www.tang-hooli.org/,
590,24f231a939d72ea,Margaret,Ritchie,Gringotts Labs,Paris,France,616-379-4846,margaret.ritchie@vandelay.io,2020-06-27,https://www.ritchie-northwind.io/,
591,338fdeb5aa91e50,Audrey,Lerdorf,Umbrella Group,Zürich,Switzerland,354-722-9680x696,audrey.lerdorf@pied.org,2023-05-17,https://www.lerdorf-stark.biz/,
592,df27897e94ac22e,Radia,Tang,Gringotts Labs,Tallinn,Estonia,591-973-1468,radia.tang@umbrella.biz,2023-12-18,https://www.tang-wonka.biz/,
593,2c77e2951310796,Audrey,Hejlsberg,Gringotts Group,Paris,France,512-347-3686,audrey.hejlsberg@pied.com,2023-10-16,https://www.hejlsberg-vandelay.biz/,
594,e60c41f216c8229,Larry,Lerdorf,"Wayne, Cyberdyne and Wayne",Porto,Portugal,166-389-1046x943,larry.lerdorf@hooli.org,2022-12-03,https://www.lerdorf-hooli.net/,
595,4e9ddb497175b52,Yukihiro,Rhodes,Pied Holdings,Porto,Portugal,169-982-6584,yukihiro.rhodes@gringotts.io,2024-02-20,https://www.rhodes-acme.com/,
596,8a6e48928b2703b,Yukihiro,Hamilton,"Wonka, Inc.",Tallinn,Estonia,422-353-9919,yukihiro.hamilton@piper.com,2023-04-22,https://www.hamilton-hooli.net/,
597,be934337e304d83,Linus,Allen,"Initech, Globex and Sirius",København,Denmark,275-552-1384x458,linus.allen@tyrell.io,2020-06-18,https://www.allen-acme.io/,
598,14445dfce480490,Guido,Matsumoto,Pied Partners,Lima,Peru,579-920-8953,guido.matsumoto@oceanic.io,2019-04-21,https://www.matsumoto-pied.io/,
599,46fa59b4c13146b,Hedy,Lerdorf,Wayne & Stark,東京,Japan,584-915-9236,hedy.lerdorf@stark.com,2024-01-05,https://www.lerdorf-wayne.biz/,
600,144cb07e71f2f49,Margaret,Lerdorf,Gringotts Holdings,東京,Japan,145-812-8135x353,margaret.lerdorf@sirius.io,2020-05-09,https://www.lerdorf-wonka.biz/,
601,245be691dfa1d7c,Yukihiro,Rossum,Vandelay Systems,Kraków,Poland,462-496-2195,yukihiro.rossum@sirius.net,2020-02-23,https://www.rossum-globex.biz/,
602,e9edf079dc18901,Guido,Johnson,"Initech, Sirius and Sirius",Wien,Austria,816-594-1799,guido.johnson@soylent.com,2021-09-27,https://www.johnson-sirius.net/,
603,0d5e783aa7f717f,Larry,Hamilton,"Oceanic, Umbrella and Initech",Sevilla,Spain,152-502-3840x36,larry.hamilton@initech.org,2023-05-02,https://www.hamilton-aperture.com/,
604,31820ad1d80a0c8,Hedy,Keller,Pied Partners,Reykjavík,Iceland,941-286-3309,hedy.keller@initech.com,2020-09-12,https://www.keller-massive.io/,
605,f2a8c641f4deb15,Ken,Easley,"Oceanic, Inc.",Paris,France,838-573-5114,ken.easley@tyrell.net,2019-04-19,https://www.easley-aperture.org/,
606,aaaed6a38675bab,Audrey,Rossum,Tyrell Holdings,Montréal,Canada,339-114-5886x860,audrey.rossum@hooli.io,2023-10-01,https://www.rossum-massive.com/,
607,c3322f5505d45eb,Ida,Wilson,Wonka & Globex,Zürich,Switzerland,440-802-2823,ida.wilson@pied.net,2019-12-04,https://www.wilson-gringotts.biz/,
608,d5be84765088214,James,Easley,Umbrella Holdings,Amsterdam,Netherlands,387-681-4696,james.easley@vandelay.com,2022-06-17,https://www.easley-oceanic.com/,
609,78d4ee3f73f7b8b,Ida,Eich,"Piper, Stark and Wayne",Malmö,Sweden,621-304-1670x385,ida.eich@aperture.io,2020-11-13,https://www.eich-wayne.io/,
610,a31cd35e775d76d,Katherine,Easley,Piper & Northwind,Tallinn,Estonia,373-133-8717,katherine.easley@gringotts.org,2021-04-27,https://www.easley-tyrell.io/,
611,9575e356e540f9d,Audrey,Torvalds,Soylent Labs,Zürich,Switzerland,553-818-2502,audrey.torvalds@hooli.io,2021-12-18,https://www.torvalds-stark.org/,
612,3d242db6db58740,Ada,Thompson,Sirius Group,Reykjavík,Iceland,208-474-1625x399,ada.thompson@tyrell.io,2022-09-18,https://www.thompson-aperture.net/,
613,6220564b288137e,Audrey,Hopper,Aperture Group,Amsterdam,Netherlands,795-702-3639,audrey.hopper@piper.io,2023-04-20,https://www.hopper-initech.io/,
614,6abc705bbc5962b,Ada,Lamarr,Acme & Aperture,Wien,Austria,679-210-8277,ada.lamarr@acme.biz,2023-09-13,https://www.lamarr-piper.io/,
615,af51b5614275b1d,Brendan,Wall,Dynamic Labs,東京,Japan,949-794-7934x685,brendan.wall@soylent.io,2021-08-19,https://www.wall-stark.org/,
616,9de4b2d756b34af,Radia,Eich,Pied Systems,Nairobi,Kenya,174-806-3150,radia.eich@sirius.io,2019-03-05,https://www.eich-acme.biz/,
617,ed9ab35becf40af,Radia,Eich,Stark Group,Wien,Austria,718-806-3110,radia.eich@vandelay.com,2023-08-21,https://www.eich-acme.org/,
618,a27637eea11733e,James,Gosling,Globex Holdings,Wien,Austria,520-179-8295x634,james.gosling@tyrell.net,2019-04-21,https://www.gosling-pied.net/,
619,404f6f3ab1f7c78,Linus,Perlman,Northwind Labs,Malmö,Sweden,211-502-5650,linus.perlman@hooli.com,2021-11-23,https://www.perlman-gringotts.org/,
620,e21eb8312b875da,Linus,Torvalds,Cyberdyne Systems,Amsterdam,Netherlands,734-502-2758,linus.torvalds@cyberdyne.io,2021-02-06,https://www.torvalds-gringotts.io/,
621,1bebb9b95e32b5b,Barbara,Hejlsberg,"Northwind, Aperture and Initech",Genève,Switzerland,564-416-6916x102,barbara.hejlsberg@massive.io,2023-03-26,https://www.hejlsberg-wayne.com/,
622,d70ad5a0ccbc6cc,Radia,Matsumoto,Oceanic Systems,Sevilla,Spain,246-691-6637,radia.matsumoto@pied.io,2021-02-23,https://www.matsumoto-acme.org/,
623,891179a707489bf,Ada,Rhodes,Gringotts Works,Genève,Switzerland,643-871-7066,ada.rhodes@acme.com,2020-02-10,https://www.rhodes-umbrella.net/,
624,e1d8a153fedf44a,Radia,Hejlsberg,"Soylent, Inc.",Montréal,Canada,880-531-9110x118,radia.hejlsberg@wayne.biz,2022-07-17,https://www.hejlsberg-gringotts.io/,
625,f5fcb9b410c5ad3,Rasmus,Ritchie,Gringotts & Dynamic,Nairobi,Kenya,684-984-9675,rasmus.ritchie@aperture.io,2022-05-31,https://www.ritchie-initech.net/,
626,94a96d017377c6b,Ada,Torvalds,"Cyberdyne, Inc.",Kraków,Poland,727-311-1426,ada.torvalds@acme.com,2023-11-25,https://www.torvalds-vandelay.org/,
627,ff6b78c613ae44e,Audrey,Lerdorf,Umbrella & Hooli,Reykjavík,Iceland,152-452-9875x392,audrey.lerdorf@wayne.com,2022-08-16,https://www.lerdorf-massive.com/,
628,234a7abe47ae465,James,Tang,Vandelay & Vandelay,Lima,Peru,854-618-5446,james.tang@soylent.biz,2019-10-09,https://www.tang-pied.io/,
629,0121fa8722e2a33,Brendan,Hamilton,"Dynamic, Tyrell and Gringotts",Porto,Portugal,526-414-6247,brendan.hamilton@wayne.com,2024-05-03,https://www.hamilton-aperture.org/,
630,b40522072eeed64,Linus,Lamarr,Dynamic Group,Zürich,Switzerland,614-430-5864x249,linus.lamarr@initech.org,2019-06-22,https://www.lamarr-globex.biz/,
631,b5816951f94fcb1,Linus,Keller,Cyberdyne Labs,Tallinn,Estonia,430-248-4910,linus.keller@stark.org,2023-06-08,https://www.keller-northwind.io/,
632,a1443e475353f5c,Larry,Hejlsberg,Aperture Works,Bratislava,Slovakia,192-847-7520,larry.hejlsberg@stark.org,2022-05-14,https://www.hejlsberg-hooli.net/,
633,d23f9d3220ce6ce,Anders,Matsumoto,Vandelay Group,Zürich,Switzerland,291-888-8150x459,anders.matsumoto@dynamic.net,2023-03-24,https://www.matsumoto-wayne.io/,
634,25a1c6993a6aa45,Margaret,Perlman,"Umbrella, Hooli and Wonka",Tallinn,Estonia,440-608-7346,margaret.perlman@sirius.net,2021-03-01,https://www.perlman-piper.com/,
635,b21b2ac8857a907,Mary,Ritchie,Soylent Partners,Lima,Peru,326-847-2961,mary.ritchie@stark.io,2022-05-24,https://www.ritchie-gringotts.net/,
636,529268c23747cd0,Ida,Eich,Pied Systems,Montréal,Canada,595-870-5286x884,ida.eich@wonka.io,2021-11-15,https://www.eich-wayne.com/,
637,f54a315ceff2c76,Ida,Matsumoto,Initech Holdings,Wien,Austria,100-944-3411,ida.matsumoto@aperture.biz,2023-10-26,https://www.matsumoto-acme.io/,
638,846c16d08f68df4,Yukihiro,Wall,Gringotts Works,Москва,Russia,524-459-1945,yukihiro.wall@pied.net,2019-11-13,https://www.wall-northwind.io/,
639,fe07be4d0b99809,Mary,Hejlsberg,Sirius Group,Genève,Switzerland,845-308-5840x628,mary.hejlsberg@northwind.biz,2023-06-24,https://www.hejlsberg-hooli.com/,
640,8c2823338a0d14c,Rasmus,Hejlsberg,Acme Works,Lima,Peru,383-379-9909,rasmus.hejlsberg@aperture.org,2023-04-19,https://www.hejlsberg-sirius.net/,
641,e84ececc123683f,Margaret,Perlman,Piper & Cyberdyne,Nairobi,Kenya,702-481-8049,margaret.perlman@piper.net,2022-08-11,https://www.perlman-cyberdyne.biz/,
642,678e98c4380827a,Bjarne,Lamarr,Globex Labs,Nairobi,Kenya,870-786-7076x316,bjarne.lamarr@wonka.net,2020-09-26,https://www.lamarr-massive.net/,
643,4a7b9f2ad0faa83,Frances,Thompson,Tyrell Labs,Zürich,Switzerland,572-652-2635,frances.thompson@sirius.com,2021-06-04,https://www.thompson-initech.com/,
644,19c532d8ba51348,Katherine,Liskov,"Acme, Wayne and Vandelay",Sevilla,Spain,138-989-7940,katherine.liskov@globex.com,2022-10-31,https://www.liskov-umbrella.com/,
645,2acf09cfa23e7c3,James,Lovelace,Gringotts Works,Lima,Peru,876-615-2789x173,james.lovelace@dynamic.org,2020-02-09,https://www.lovelace-northwind.org/,
646,73bd008cf601306,Audrey,Perlman,"Massive, Inc.",Reykjavík,Iceland,835-850-7932,audrey.perlman@piper.org,2021-02-13,https://www.perlman-northwind.net/,
647,1e46a164fd29ea4,Sophie,Gosling,Gringotts Systems,Łódź,Poland,354-707-2556,sophie.gosling@tyrell.com,2022-06-24,https://www.gosling-sirius.io/,
648,2fedeb1b358d4c0,Dennis,Lovelace,"Hooli, Wayne and Hooli",Reykjavík,Iceland,957-643-3490x598,dennis.lovelace@oceanic.io,2023-06-14,https://www.lovelace-acme.net/,
649,9ab4f4026671acb,Margaret,Thompson,Gringotts Group,Łódź,Poland,283-644-5534,margaret.thompson@acme.com,2019-11-05,https://www.thompson-wonka.net/,
650,24cc05bd1c77e9b,Mary,Lamarr,Sirius Holdings,Москва,Russia,799-103-7698,mary.lamarr@piper.biz,2019-06-14,https://www.lamarr-cyberdyne.com/,
651,b9c6a7babeff104,Mary,Hamilton,Dynamic Systems,Reykjavík,Iceland,300-513-4229x909,mary.hamilton@massive.biz,2021-07-29,https://www.hamilton-vandelay.net/,
652,55cd4ebcefbd975,Barbara,Rossum,Piper Systems,Reykjavík,Iceland,895-633-1168,barbara.rossum@wayne.com,2019-01-03,https://www.rossum-northwind.io/,
653,d8c1ef245ff2e18,Larry,Lamarr,Pied Partners,Zürich,Switzerland,275-277-8156,larry.lamarr@gringotts.biz,2020-08-04,https://www.lamarr-gringotts.org/,
654,5af5a2a8d95a6e3,Larry,Allen,Soylent & Initech,Reykjavík,Iceland,427-467-6643x79,larry.allen@northwind.io,2021-08-23,https://www.allen-gringotts.net/,
655,cbe4704216b86d6,James,Hejlsberg,Wonka Group,Wien,Austria,858-116-7611,james.hejlsberg@soylent.biz,2023-03-10,https://www.hejlsberg-soylent.org/,
656,20761804e622356,Linus,Hamilton,Soylent Systems,Kraków,Poland,154-862-3355,linus.hamilton@pied.io,2019-01-05,https://www.hamilton-stark.net/,
657,13b8d9dc5f5ba7c,Hedy,Tang,Pied Systems,Montréal,Canada,373-423-4307x996,hedy.tang@initech.com,2021-10-05,https://www.tang-dynamic.org/,
658,9b562f89cb9d5fd,Rasmus,Lerdorf,"Northwind, Massive and Oceanic",Amsterdam,Netherlands,669-963-9417,rasmus.lerdorf@dynamic.org,2022-10-24,https://www.lerdorf-globex.biz/,
659,6d752e4e5c81d60,Rasmus,Tang,Cyberdyne Systems,東京,Japan,640-466-9117,rasmus.tang@umbrella.com,2019-11-10,https://www.tang-pied.io/,
660,088fa8a7544c0a7,Rasmus,Wall,Piper Partners,東京,Japan,967-756-4731x546,rasmus.wall@wayne.net,2020-12-31,https://www.wall-vandelay.com/,
661,9d52723e8bd9e75,Frances,Liskov,"Aperture, Massive and Acme",Nairobi,Kenya,534-165-7758,frances.liskov@dynamic.net,2020-12-03,https://www.liskov-globex.org/,
662,47a62fde6e60166,Anders,Rossum,Gringotts Partners,Amsterdam,Netherlands,790-294-6269,anders.rossum@wonka.biz,2023-09-04,https://www.rossum-massive.biz/,
663,7b57ffa5d6dbcf8,Guido,Gosling,Piper Works,Åbo,Finland,513-621-8753x258,guido.gosling@hooli.io,2023-01-22,https://www.gosling-acme.org/,
664,9b674b0d95ca070,Katherine,Tang,"Globex, Inc.",東京,Japan,596-129-6828,katherine.tang@massive.io,2024-05-24,https://www.tang-dynamic.biz/,
665,727a220613f00cf,Hedy,Stroustrup,Aperture Systems,Москва,Russia,861-561-6606,hedy.stroustrup@hooli.biz,2022-03-12,https://www.stroustrup-gringotts.io/,
666,3aa85424b5f3aaa,Radia,Ritchie,Umbrella Holdings,København,Denmark,922-526-2742x672,radia.ritchie@massive.com,2021-07-13,https://www.ritchie-sirius.io/,
667,7456d7ea943ae05,Rasmus,Wall,"Wayne, Sirius and Piper",Montréal,Canada,106-227-6500,rasmus.wall@initech.biz,2020-12-05,https://www.wall-wonka.net/,
668,a8b7372e7aecfba,Margaret,Ritchie,Acme Labs,Genève,Switzerland,794-759-7932,margaret.ritchie@northwind.net,2021-09-25,https://www.ritchie-oceanic.com/,
669,9ed51ffefefab41,Dennis,Gosling,Acme Group,Paris,France,530-893-8035x119,dennis.gosling@stark.org,2023-06-17,https://www.gosling-northwind.org/,
670,7a60348f96dbac7,Hedy,Hejlsberg,Hooli Partners,Porto,Portugal,133-444-6955,hedy.hejlsberg@massive.net,2021-10-02,https://www.hejlsberg-gringotts.com/,
671,1b3154a2c075421,Linus,Hamilton,Vandelay Labs,Kraków,Poland,952-993-8263,linus.hamilton@umbrella.net,2022-03-05,https://www.hamilton-globex.biz/,
672,96dd2bbb500e1be,Linus,Perlman,"Stark, Inc.",Porto,Portugal,240-660-5866x668,linus.perlman@piper.org,2020-04-06,https://www.perlman-tyrell.io/,
673,b6c5a5c1d9bfc4e,Mary,Lamarr,Gringotts Holdings,Porto,Portugal,153-575-8263,mary.lamarr@acme.io,2020-12-16,https://www.lamarr-umbrella.com/,
674,69e94cdc2ea9020,Radia,Wilson,Northwind Holdings,Bratislava,Slovakia,516-348-3136,radia.wilson@globex.org,2020-02-12,https://www.wilson-aperture.io/,
675,e825683e13b0afb,Linus,Rhodes,Initech Labs,Malmö,Sweden,489-985-5966x704,linus.rhodes@cyberdyne.org,2021-10-25,https://www.rhodes-umbrella.net/,
676,e8ae3b6c9811f88,Ada,Rhodes,Wayne Systems,Wien,Austria,315-889-8814,ada.rhodes@gringotts.net,2023-09-08,https://www.rhodes-globex.io/,
677,8b6f337b2cceb3c,Barbara,Easley,"Northwind, Hooli and Sirius",Zürich,Switzerland,648-650-9125,barbara.easley@soylent.org,2020-03-30,https://www.easley-gringotts.io/,
678,ec2a1d77bc90c1a,Linus,Ritchie,Soylent Systems,København,Denmark,568-411-8451x69,linus.ritchie@soylent.biz,2023-09-10,https://www.ritchie-piper.biz/,
679,4a4a9ab1dcc3766,Ada,Allen,Massive Group,Москва,Russia,490-401-3350,ada.allen@tyrell.biz,2023-08-03,https://www.allen-oceanic.com/,VIP
680,a65124bc33b0aa8,Linus,Wall,"Hooli, Inc.",Bratislava,Slovakia,456-963-3203,linus.wall@vandelay.net,2023-04-20,https://www.wall-piper.org/,
681,ff24255d29582eb,Anders,Easley,Acme Partners,Amsterdam,Netherlands,165-788-9331x189,anders.easley@piper.com,2019-06-17,https://www.easley-stark.com/,
682,6cb31b2692e9df3,Anders,Rhodes,Hooli Partners,Amsterdam,Netherlands,893-416-5668,anders.rhodes@tyrell.net,2019-04-27,https://www.rhodes-vandelay.com/,
683,52357443409f068,Anders,Matsumoto,"Wonka, Massive and Acme",Lima,Peru,898-680-4121,anders.matsumoto@vandelay.biz,2021-08-14,https://www.matsumoto-aperture.org/,
684,1758678fdab0782,Hedy,Matsumoto,Piper Labs,Łódź,Poland,462-379-7791x213,hedy.matsumoto@acme.biz,2022-03-20,https://www.matsumoto-gringotts.org/,
685,894068352799bbe,Mary,Rossum,Northwind Labs,Amsterdam,Netherlands,107-278-9783,mary.rossum@aperture.net,2021-10-03,https://www.rossum-acme.io/,
686,1721bff601ace49,Bjarne,Perlman,Stark Labs,Åbo,Finland,116-362-4503,bjarne.perlman@stark.com,2022-05-16,https://www.perlman-oceanic.biz/,
687,6f3f1b785cf8afb,Katherine,Lamarr,Soylent & Acme,Sevilla,Spain,561-883-5190x545,katherine.lamarr@umbrella.io,2023-11-16,https://www.lamarr-wayne.org/,
688,051b26a17185f17,Ida,Thompson,Northwind Partners,Genève,Switzerland,315-491-5658,ida.thompson@sirius.io,2019-05-26,https://www.thompson-hooli.org/,
689,93fe98905d10a06,James,Ritchie,Soylent Works,Sevilla,Spain,910-382-9636,james.ritchie@pied.com,2022-04-12,https://www.ritchie-pied.biz/,
690,de2ba3966f0e566,Guido,Wall,Aperture Group,Bratislava,Slovakia,482-890-6295x868,guido.wall@dynamic.org,2019-06-29,https://www.wall-stark.net/,
691,98d64636951e3a8,Grace,Easley,Tyrell Group,Tallinn,Estonia,705-387-8426,grace.easley@pied.biz,2023-02-14,https://www.easley-wonka.net/,
692,1df2969b1ecaa14,Larry,Matsumoto,Northwind Holdings,Bratislava,Slovakia,914-927-9263,larry.matsumoto@northwind.org,2021-10-07,https://www.matsumoto-wayne.org/,
693,ec764ddd3425275,Guido,Lovelace,Northwind Partners,Paris,France,566-886-3062x532,guido.lovelace@wayne.com,2022-12-24,https://www.lovelace-pied.net/,
694,143521f0b14abf5,Radia,Rhodes,Sirius Holdings,Москва,Russia,117-515-7864,radia.rhodes@pied.net,2019-12-18,https://www.rhodes-oceanic.biz/,
695,f7544c0b4e7a6af,James,Eich,"Wonka, Inc.",Genève,Switzerland,726-753-7549,james.eich@gringotts.org,2022-01-26,https://www.eich-pied.io/,
696,d16c88d229cbc55,Annie,Gosling,Gringotts Group,Sevilla,Spain,858-270-8719x72,annie.gosling@soylent.org,2023-01-01,https://www.gosling-aperture.com/,
697,070245d02886bb9,Grace,Matsumoto,Piper Partners,København,Denmark,897-261-8031,grace.matsumoto@wayne.com,2021-04-13,https://www.matsumoto-oceanic.com/,
698,f32233afd51da30,Ada,Liskov,Soylent Partners,Kraków,Poland,188-966-4935,ada.liskov@sirius.io,2023-11-23,https://www.liskov-hooli.net/,
699,e356a34be75e787,Barbara,Ritchie,Umbrella Systems,Porto,Portugal,737-983-9335x124,barbara.ritchie@pied.biz,2021-12-22,https://www.ritchie-soylent.org/,
700,80605a2bc215940,Grace,Easley,"Tyrell, Acme and Piper",Zürich,Switzerland,868-227-2673,grace.easley@wonka.com,2022-08-02,https://www.easley-initech.com/,
701,2acff160da7d46e,Dennis,Hejlsberg,"Umbrella, Oceanic and Wonka",København,Denmark,118-745-7659,dennis.hejlsberg@wonka.org,2020-06-15,https://www.hejlsberg-oceanic.biz/,
702,d73db2ff037d7c3,Larry,Perlman,"Stark, Inc.",Reykjavík,Iceland,181-971-9153x576,larry.perlman@initech.io,2021-09-02,https://www.perlman-wayne.net/,
703,b22512b1c8d442d,Katherine,Ritchie,Dynamic Labs,Amsterdam,Netherlands,236-542-6097,katherine.ritchie@sirius.biz,2022-09-21,https://www.ritchie-acme.io/,
704,32e9c79687a96a1,Hedy,Hejlsberg,Massive Labs,Montréal,Canada,143-925-3738,hedy.hejlsberg@soylent.io,2021-09-06,https://www.hejlsberg-sirius.net/,
705,6af37f78afb802b,Dennis,Matsumoto,Piper Holdings,Genève,Switzerland,657-761-5187x773,dennis.matsumoto@oceanic.org,2024-04-07,https://www.matsumoto-northwind.com/,
706,77aa6a42eff5e05,Rasmus,Stroustrup,Sirius Holdings,Łódź,Poland,752-403-5256,rasmus.stroustrup@vandelay.biz,2019-08-16,https://www.stroustrup-soylent.net/,
707,fc65d9272ac32b7,Annie,Johnson,"Globex, Inc.",Zürich,Switzerland,905-691-3592,annie.johnson@aperture.io,2020-11-18,https://www.johnson-pied.biz/,
708,d89d1c2c34c843e,Sophie,Easley,"Vandelay, Wayne and Piper",Bratislava,Slovakia,518-974-4583x104,sophie.easley@tyrell.com,2023-04-13,https://www.easley-piper.io/,
709,247b9b7df59af37,Ada,Johnson,Tyrell Partners,Lima,Peru,860-986-5301,ada.johnson@hooli.net,2024-05-20,https://www.johnson-hooli.biz/,
710,dd1a02e0474a85d,Audrey,Gosling,"Aperture, Inc.",Kraków,Poland,657-485-4899,audrey.gosling@initech.net,2020-01-05,https://www.gosling-dynamic.biz/,
711,f2de7ab5fad1af4,Annie,Lerdorf,Tyrell Group,Kraków,Poland,228-496-8250x303,annie.lerdorf@hooli.org,2020-12-04,https://www.lerdorf-massive.io/,
712,cf39c3e6d02e242,Guido,Hejlsberg,"Stark, Inc.",Sevilla,Spain,431-145-1071,guido.hejlsberg@stark.biz,2020-08-27,https://www.hejlsberg-acme.org/,
713,bd5892d458566ed,James,Torvalds,Tyrell Labs,Москва,Russia,617-921-2671,james.torvalds@umbrella.net,2023-10-18,https://www.torvalds-pied.com/,
714,d966a40518ab5e2,Radia,Keller,Initech Holdings,Amsterdam,Netherlands,605-922-7974x19,radia.keller@vandelay.org,2020-09-18,https://www.keller-gringotts.com/,
715,fb6bf3679e7b9d7,Linus,Tang,Gringotts Systems,Montréal,Canada,956-433-4361,linus.tang@dynamic.biz,2020-11-10,https://www.tang-stark.com/,
716,307ee54b6369538,Anders,Stroustrup,Cyberdyne Labs,Zürich,Switzerland,693-933-2949,anders.stroustrup@aperture.org,2023-01-08,https://www.stroustrup-soylent.io/,
717,80006f2c5b9ac27,James,Easley,Hooli Systems,Genève,Switzerland,262-854-6017x567,james.easley@aperture.net,2020-09-26,https://www.easley-umbrella.biz/,
718,a5ffeed9819d7a5,Rasmus,Hejlsberg,"Globex, Piper and Pied",Porto,Portugal,566-741-7987,rasmus.hejlsberg@vandelay.org,2021-12-06,https://www.hejlsberg-northwind.biz/,
719,16927f825fbb2cf,James,Hamilton,Initech & Stark,København,Denmark,737-870-3189,james.hamilton@massive.net,2023-12-05,https://www.hamilton-acme.com/,
720,850b250598ab192,Ida,Hamilton,Aperture Works,Montréal,Canada,181-942-9289x228,ida.hamilton@cyberdyne.io,2023-05-21,https://www.hamilton-tyrell.io/,
721,ccd6edd4e71713b,Dennis,Tang,Massive Group,Kraków,Poland,561-428-5964,dennis.tang@gringotts.biz,2024-05-15,https://www.tang-wayne.biz/,
722,9c83cef8084104a,Rasmus,Matsumoto,"Globex, Massive and Cyberdyne",Łódź,Poland,721-662-7717,rasmus.matsumoto@vandelay.org,2022-06-11,https://www.matsumoto-wonka.io/,
723,4ee662a3a8ccdb9,Yukihiro,Stroustrup,Massive Holdings,Bratislava,Slovakia,319-609-6520x17,yukihiro.stroustrup@piper.net,2020-07-07,https://www.stroustrup-wonka.net/,
724,b9c913c5cd5f49f,Mary,Eich,"Soylent, Inc.",Amsterdam,Netherlands,343-892-2453,mary.eich@piper.org,2020-04-30,https://www.eich-pied.com/,
725,de5663759a21db5,Ken,Torvalds,Wonka Systems,Sevilla,Spain,920-874-3450,ken.torvalds@tyrell.biz,2024-05-28,https://www.torvalds-massive.com/,
726,b379977823c3ae0,Katherine,Perlman,"Gringotts, Piper and Acme",Tallinn,Estonia,388-101-3978x269,katherine.perlman@wayne.com,2021-01-26,https://www.perlman-soylent.biz/,
727,44ab3192cacbefc,Anders,Stroustrup,Globex Labs,Nairobi,Kenya,102-207-9872,anders.stroustrup@initech.net,2019-04-28,https://www.stroustrup-dynamic.org/,
728,aba9aba5ae00fc9,Dennis,Wall,Pied Group,København,Denmark,987-212-3824,dennis.wall@globex.biz,2019-05-16,https://www.wall-piper.biz/,
729,6d62a0249312fed,Frances,Ritchie,"Dynamic, Tyrell and Aperture",Malmö,Sweden,135-794-6890x226,frances.ritchie@pied.net,2022-08-30,https://www.ritchie-cyberdyne.io/,
730,7d5b532d2a97f66,Katherine,Lamarr,Cyberdyne Works,Bratislava,Slovakia,798-297-8385,katherine.lamarr@acme.org,2023-04-01,https://www.lamarr-tyrell.com/,
731,3a6f1f2d1a87219,Dennis,Wilson,Umbrella Partners,Zürich,Switzerland,556-267-5570,dennis.wilson@dynamic.io,2020-08-25,https://www.wilson-wayne.io/,"""quoted""
with CRLF inside"
732,aff474ce4f6882e,Larry,Lerdorf,Umbrella Systems,Nairobi,Kenya,465-459-9519x35,larry.lerdorf@dynamic.com,2021-06-02,https://www.lerdorf-wayne.org/,
733,602c4e0064fd3ab,Mary,Hamilton,"Vandelay, Northwind and Massive",Łódź,Poland,644-538-6927,mary.hamilton@soylent.org,2024-03-17,https://www.hamilton-piper.net/,
734,5dd573bd7654f04,Grace,Allen,Dynamic Works,Paris,France,947-761-1948,grace.allen@tyrell.org,2023-08-08,https://www.allen-tyrell.biz/,
735,3fe682e182d64f7,Annie,Wall,Globex Works,Bratislava,Slovakia,455-215-5585x921,annie.wall@dynamic.biz,2023-01-07,https://www.wall-wayne.io/,
736,75ed0361d63e234,Larry,Stroustrup,Gringotts Systems,Sevilla,Spain,547-263-2950,larry.stroustrup@piper.net,2023-04-05,https://www.stroustrup-wonka.io/,
737,32f3d0839f481e6,Larry,Allen,Tyrell Works,Paris,France,658-963-8575,larry.allen@vandelay.net,2020-12-08,https://www.allen-sirius.io/,
738,5bba4abcc949642,Ada,Liskov,Aperture Labs,Amsterdam,Netherlands,938-738-4975x114,ada.liskov@massive.com,2020-04-19,https://www.liskov-massive.biz/,
739,30f89ac424fbd21,Grace,Perlman,Dynamic Labs,Tallinn,Estonia,462-657-8399,grace.perlman@piper.net,2023-07-24,https://www.perlman-initech.org/,
740,ec50f1c6f843876,Linus,Easley,Soylent Labs,Amsterdam,Netherlands,396-382-1771,linus.easley@oceanic.com,2020-07-24,https://www.easley-massive.net/,
741,32a390da2384dbe,Yukihiro,Torvalds,Wayne Works,Zürich,Switzerland,742-415-9226x7,yukihiro.torvalds@gringotts.io,2024-06-07,https://www.torvalds-sirius.io/,
742,8ac54b7046c1f66,Audrey,Wall,Vandelay Systems,Wien,Austria,180-165-5941,audrey.wall@globex.io,2020-10-24,https://www.wall-aperture.com/,
743,0e96d93195d0289,Rasmus,Johnson,"Umbrella, Inc.",Bratislava,Slovakia,809-660-8005,rasmus.johnson@cyberdyne.io,2022-09-08,https://www.johnson-massive.net/,
744,ad25b2c2ab2dc31,Larry,Hamilton,Globex Works,Amsterdam,Netherlands,525-255-8487x13,larry.hamilton@cyberdyne.io,2021-12-17,https://www.hamilton-dynamic.biz/,
745,ae896e5e29a2f6c,Bjarne,Hamilton,Initech Holdings,Nairobi,Kenya,244-413-2602,bjarne.hamilton@vandelay.biz,2019-11-13,https://www.hamilton-acme.biz/,
746,5119eff20f006ac,Bjarne,Hejlsberg,Dynamic Labs,Tallinn,Estonia,714-475-5115,bjarne.hejlsberg@pied.com,2020-04-18,https://www.hejlsberg-initech.net/,
747,a3b1e8966ed4382,Barbara,Perlman,"Soylent, Soylent and Pied",Montréal,Canada,907-754-7875x871,barbara.perlman@oceanic.com,2020-06-17,https://www.perlman-piper.net/,
748,cb45db9937d768d,Ken,Tang,Cyberdyne Partners,København,Denmark,773-843-2811,ken.tang@hooli.io,2019-02-03,https://www.tang-oceanic.biz/,
749,a051bc6f84ef2e8,Annie,Torvalds,Tyrell Systems,Łódź,Poland,838-906-4225,annie.torvalds@massive.org,2020-05-22,https://www.torvalds-stark.org/,
750,e1b5529e06fedac,Ada,Lerdorf,Gringotts Systems,Nairobi,Kenya,295-274-5669x742,ada.lerdorf@globex.org,2023-10-08,https://www.lerdorf-aperture.com/,
751,dac22be581b2fab,Annie,Johnson,Dynamic Labs,Łódź,Poland,626-196-1614,annie.johnson@acme.com,2021-01-18,https://www.johnson-dynamic.biz/,
752,40aaed39ccee755,Brendan,Keller,"Vandelay, Wayne and Dynamic",Bratislava,Slovakia,180-341-5509,brendan.keller@aperture.org,2020-07-02,https://www.keller-aperture.org/,
753,36a623bba0dcee5,Anders,Liskov,Sirius Group,Paris,France,267-815-7219x587,anders.liskov@wayne.org,2021-05-15,https://www.liskov-dynamic.biz/,
754,91f27270954362a,Ada,Torvalds,"Gringotts, Inc.",Bratislava,Slovakia,998-889-4913,ada.torvalds@tyrell.net,2023-10-25,https://www.torvalds-aperture.biz/,
755,a3492eea219663b,Rasmus,Ritchie,Umbrella Partners,Zürich,Switzerland,974-580-7405,rasmus.ritchie@gringotts.biz,2019-08-04,https://www.ritchie-cyberdyne.biz/,
756,11dce3ab146bfc8,Linus,Rossum,Oceanic & Northwind,Amsterdam,Netherlands,324-616-7706x461,linus.rossum@tyrell.io,2024-02-11,https://www.rossum-initech.com/,
757,c5a2f8dc336eda9,Yukihiro,Lamarr,Wonka Partners,Malmö,Sweden,751-326-3830,yukihiro.lamarr@sirius.com,2022-07-21,https://www.lamarr-globex.net/,
758,bb20d82b886e82e,Audrey,Matsumoto,Stark Systems,Sevilla,Spain,988-369-1719,audrey.matsumoto@globex.net,2019-03-03,https://www.matsumoto-oceanic.biz/,
759,f261a4af0e201bb,Rasmus,Rhodes,Stark Systems,Amsterdam,Netherlands,433-601-8187x89,rasmus.rhodes@umbrella.io,2023-04-06,https://www.rhodes-piper.biz/,
760,30c2620e2b4ddec,Guido,Torvalds,Cyberdyne Partners,Sevilla,Spain,721-740-7133,guido.torvalds@wayne.com,2020-07-14,https://www.torvalds-sirius.com/,
761,f7522a2bc510537,Radia,Wilson,Dynamic & Wonka,Москва,Russia,759-245-9845,radia.wilson@hooli.org,2023-07-28,https://www.wilson-acme.com/,
762,96dd14f9a0fd29d,Audrey,Hejlsberg,Piper Systems,Lima,Peru,100-458-9553x907,audrey.hejlsberg@pied.biz,2023-12-31,https://www.hejlsberg-vandelay.com/,
763,66ed2b86648ac16,Rasmus,Hejlsberg,"Sirius, Inc.",Москва,Russia,829-694-1558,rasmus.hejlsberg@sirius.net,2021-02-09,https://www.hejlsberg-cyberdyne.org/,
764,51d1304d233ee15,Margaret,Thompson,Oceanic Systems,København,Denmark,430-987-2805,margaret.thompson@globex.com,2020-02-29,https://www.thompson-initech.biz/,
765,69e8be43f46960f,Mary,Tang,Wonka Labs,Genève,Switzerland,293-715-9592x306,mary.tang@stark.net,2019-03-14,https://www.tang-aperture.io/,
766,44e5f9f609bd59f,Guido,Lerdorf,"Stark, Initech and Sirius",Paris,France,651-530-7063,guido.lerdorf@globex.com,2021-05-05,https://www.lerdorf-pied.com/,
767,09da8f4b8f2975d,Barbara,Ritchie,Hooli Partners,Tallinn,Estonia,642-617-7663,barbara.ritchie@globex.org,2019-06-18,https://www.ritchie-wonka.io/,
768,745a5dacac78b1a,Ida,Rossum,Pied Partners,Åbo,Finland,321-367-8585x359,ida.rossum@wayne.biz,2024-03-25,https://www.rossum-vandelay.net/,
769,7ac57c3351eeb0d,Audrey,Ritchie,"Piper, Inc.",Reykjavík,Iceland,474-298-6936,audrey.ritchie@oceanic.com,2024-02-19,https://www.ritchie-massive.io/,
770,fcfae3537ce1422,Sophie,Perlman,Initech Labs,Lima,Peru,381-207-3704,sophie.perlman@vandelay.com,2022-06-24,https://www.perlman-piper.net/,
771,9e993ce9e475b4d,Bjarne,Allen,Piper Labs,Bratislava,Slovakia,957-511-8949x47,bjarne.allen@hooli.org,2021-01-09,https://www.allen-cyberdyne.org/,
772,809aeeaf9daea13,Bjarne,Eich,Wonka Group,Porto,Portugal,157-825-7959,bjarne.eich@oceanic.com,2020-04-15,https://www.eich-umbrella.com/,
773,4373bbc8beea2f9,Grace,Hopper,Initech Group,Kraków,Poland,253-609-4897,grace.hopper@gringotts.biz,2024-05-26,https://www.hopper-tyrell.com/,
774,00df2d9a0f7f652,Ada,Perlman,"Aperture, Acme and Aperture",東京,Japan,651-761-9896x337,ada.perlman@cyberdyne.org,2023-11-28,https://www.perlman-tyrell.net/,
775,0f3bad15a4e766e,Anders,Liskov,Initech Works,Zürich,Switzerland,728-751-4797,anders.liskov@northwind.biz,2019-08-12,https://www.liskov-wonka.org/,
776,dd9bb1a0bdf61f9,Barbara,Perlman,"Tyrell, Inc.",Lima,Peru,146-110-3412,barbara.perlman@umbrella.org,2024-01-27,https://www.perlman-dynamic.biz/,VIP
777,822fafe7beb575a,Yukihiro,Lamarr,Acme Labs,東京,Japan,514-430-2149x56,yukihiro.lamarr@globex.org,2020-01-24,https://www.lamarr-hooli.net/,
778,2281cdbfc6222a6,Anders,Rhodes,Soylent & Umbrella,東京,Japan,692-899-5172,anders.rhodes@oceanic.org,2024-04-27,https://www.rhodes-hooli.net/,
779,0596be1718be6a9,Ida,Perlman,Cyberdyne Group,Wien,Austria,688-127-6518,ida.perlman@gringotts.biz,2021-03-01,https://www.perlman-massive.com/,
780,1497921314ed2c1,Rasmus,Hejlsberg,Stark Group,Łódź,Poland,357-384-1242x984,rasmus.hejlsberg@pied.biz,2023-12-13,https://www.hejlsberg-aperture.biz/,
781,f9852c79ef06394,Larry,Lovelace,Northwind Systems,Genève,Switzerland,413-419-1412,larry.lovelace@stark.org,2021-09-10,https://www.lovelace-northwind.biz/,
782,4409963f823fe91,James,Lovelace,Globex Systems,Zürich,Switzerland,996-670-9881,james.lovelace@dynamic.org,2020-10-11,https://www.lovelace-piper.net/,
783,6f158388a9df116,Frances,Johnson,"Initech, Soylent and Stark",Tallinn,Estonia,391-874-6713x300,frances.johnson@oceanic.biz,2021-05-02,https://www.johnson-sirius.com/,
784,6fffd9d63567f8c,Ida,Rossum,Gringotts Partners,Tallinn,Estonia,923-761-8864,ida.rossum@globex.com,2019-02-24,https://www.rossum-gringotts.biz/,
785,38d166f48af5b6a,Sophie,Rossum,Initech & Initech,Москва,Russia,185-886-7193,sophie.rossum@cyberdyne.org,2023-09-25,https://www.rossum-massive.org/,
786,b69977bf4c7828f,Annie,Hamilton,Wayne Partners,Sevilla,Spain,123-635-1705x170,annie.hamilton@gringotts.biz,2023-04-14,https://www.hamilton-dynamic.org/,
787,cda9cfcb3bdf65a,Yukihiro,Rhodes,Stark Group,Bratislava,Slovakia,837-535-2969,yukihiro.rhodes@massive.net,2023-01-16,https://www.rhodes-oceanic.net/,
788,44c68eb3707ebfc,Katherine,Ritchie,Cyberdyne & Acme,Łódź,Poland,486-684-1700,katherine.ritchie@acme.com,2020-08-13,https://www.ritchie-umbrella.io/,
789,f58f6673957e914,Dennis,Wilson,Stark Partners,Malmö,Sweden,640-508-9793x108,dennis.wilson@wonka.biz,2019-09-09,https://www.wilson-wonka.net/,
790,013e366f6d5df11,Dennis,Lovelace,Umbrella Works,Tallinn,Estonia,994-302-6951,dennis.lovelace@globex.net,2024-01-05,https://www.lovelace-acme.org/,
791,693ae38a654a4bb,Ken,Allen,Acme & Cyberdyne,Sevilla,Spain,683-461-1203,ken.allen@acme.com,2022-11-28,https://www.allen-tyrell.org/,
792,154e3710f466f4d,Rasmus,Stroustrup,Stark Systems,Bratislava,Slovakia,993-283-3652x587,rasmus.stroustrup@tyrell.io,2019-04-21,https://www.stroustrup-acme.io/,
793,812e0babe0ef5dc,Linus,Keller,"Oceanic, Hooli and Pied",Nairobi,Kenya,627-578-7889,linus.keller@piper.org,2020-03-20,https://www.keller-umbrella.com/,
794,9259cacdef56ca8,Radia,Torvalds,Aperture & Oceanic,東京,Japan,116-624-9035,radia.torvalds@hooli.org,2022-10-08,https://www.torvalds-acme.biz/,
795,e6879b04e5887fe,Annie,Matsumoto,Piper & Massive,Sevilla,Spain,292-107-7064x352,annie.matsumoto@wonka.io,2024-05-30,https://www.matsumoto-wonka.biz/,
796,5bf60d6c7eac3cb,Ida,Wall,Sirius Partners,Kraków,Poland,536-115-1314,ida.wall@soylent.com,2020-10-21,https://www.wall-pied.net/,
797,1cc28f138ccf944,Radia,Torvalds,Wonka Systems,Porto,Portugal,444-823-9928,radia.torvalds@stark.io,2020-02-06,https://www.torvalds-soylent.net/,
798,677af50fcc513eb,Guido,Rhodes,Northwind Group,Reykjavík,Iceland,724-566-5828x156,guido.rhodes@vandelay.net,2020-07-11,https://www.rhodes-stark.io/,
799,aa629ab62367ba7,Mary,Thompson,"Stark, Pied and Tyrell",Åbo,Finland,429-836-5070,mary.thompson@umbrella.biz,2020-12-02,https://www.thompson-hooli.net/,
800,9acc620a4b40181,Frances,Liskov,Globex Group,Porto,Portugal,742-672-8462,frances.liskov@cyberdyne.org,2022-01-08,https://www.liskov-piper.com/,
801,928812f4975070e,Katherine,Rossum,"Wonka, Wonka and Cyberdyne",Reykjavík,Iceland,387-839-2556x304,katherine.rossum@piper.org,2020-08-12,https://www.rossum-soylent.biz/,
802,49e1a0caa7e439c,Ada,Hopper,"Vandelay, Pied and Stark",Wien,Austria,613-961-1131,ada.hopper@cyberdyne.io,2022-09-19,https://www.hopper-acme.net/,
803,10d57c36ab5f7eb,Katherine,Matsumoto,"Cyberdyne, Piper and Wayne",Lima,Peru,918-818-6416,katherine.matsumoto@tyrell.net,2022-02-24,https://www.matsumoto-pied.org/,
804,286cafb20fa8697,Katherine,Johnson,Tyrell Labs,Kraków,Poland,156-868-3095x527,katherine.johnson@oceanic.org,2021-05-21,https://www.johnson-northwind.io/,
805,286be4485be1549,Mary,Lamarr,Acme Labs,Montréal,Canada,734-131-9313,mary.lamarr@acme.org,2019-06-03,https://www.lamarr-globex.biz/,
806,81c83f301705bb5,Annie,Hejlsberg,Cyberdyne Group,Åbo,Finland,887-412-9087,annie.hejlsberg@vandelay.com,2022-02-01,https://www.hejlsberg-tyrell.org/,
807,47f1f8fbe726f01,Bjarne,Stroustrup,"Aperture, Inc.",Amsterdam,Netherlands,982-469-7754x718,bjarne.stroustrup@stark.org,2024-04-30,https://www.stroustrup-dynamic.org/,
808,925ffb25ee8b8b9,Sophie,Lovelace,Oceanic Partners,Montréal,Canada,268-673-4241,sophie.lovelace@gringotts.org,2023-09-18,https://www.lovelace-sirius.com/,
809,694e461e2439d43,Annie,Allen,Acme Partners,Åbo,Finland,506-685-9034,annie.allen@stark.biz,2021-07-20,https://www.allen-wayne.com/,
810,843533744c37114,Radia,Wilson,Piper Labs,Wien,Austria,844-560-4665x149,radia.wilson@pied.org,2022-09-30,https://www.wilson-globex.io/,
811,136d98b7e415da3,Ida,Gosling,Globex & Aperture,Reykjavík,Iceland,324-557-7839,ida.gosling@northwind.io,2021-04-17,https://www.gosling-vandelay.biz/,
812,150d90b0627df4d,Sophie,Easley,Pied Holdings,Nairobi,Kenya,491-298-4024,sophie.easley@hooli.net,2022-04-19,https://www.easley-initech.com/,
813,9e76c92ea954776,Katherine,Hejlsberg,"Pied, Umbrella and Hooli",København,Denmark,337-825-8782x366,katherine.hejlsberg@oceanic.io,2023-04-13,https://www.hejlsberg-stark.io/,
814,c0282ccc55f7a69,Bjarne,Johnson,Tyrell Labs,Москва,Russia,457-403-6949,bjarne.johnson@wonka.org,2021-01-18,https://www.johnson-piper.net/,
815,d2b5d7b8ff048ac,Anders,Wilson,Stark Works,Genève,Switzerland,667-602-2374,anders.wilson@hooli.org,2021-10-22,https://www.wilson-piper.biz/,
816,ae4d5dd28af86d7,Dennis,Allen,Stark Labs,Łódź,Poland,456-650-4459x618,dennis.allen@soylent.org,2022-01-28,https://www.allen-globex.io/,
817,cd391624bcecf3e,Katherine,Perlman,"Wayne, Pied and Oceanic",Sevilla,Spain,100-505-4212,katherine.perlman@gringotts.org,2019-09-27,https://www.perlman-gringotts.biz/,
818,8c69f190fb3648e,Sophie,Allen,Northwind Labs,Москва,Russia,170-262-7855,sophie.allen@pied.biz,2020-12-06,https://www.allen-acme.io/,
819,a977ce0bed3a8ce,Larry,Rhodes,"Oceanic, Inc.",Lima,Peru,730-972-1556x242,larry.rhodes@vandelay.org,2023-06-04,https://www.rhodes-dynamic.net/,
820,596806756aa775c,Ken,Hamilton,Cyberdyne Works,Paris,France,147-864-8025,ken.hamilton@sirius.org,2021-02-11,https://www.hamilton-dynamic.io/,
821,60b03d8a28f5851,Ida,Wall,"Acme, Acme and Cyberdyne",Tallinn,Estonia,721-849-9449,ida.wall@oceanic.biz,2020-07-12,https://www.wall-wayne.biz/,
822,23822d628d1aba9,Guido,Rhodes,Sirius Systems,Tallinn,Estonia,807-765-6435x181,guido.rhodes@soylent.org,2020-06-08,https://www.rhodes-stark.net/,
823,089577a568526dd,Larry,Stroustrup,"Wonka, Oceanic and Umbrella",Москва,Russia,518-433-6603,larry.stroustrup@piper.org,2024-02-05,https://www.stroustrup-globex.org/,
824,c3980b5b191850c,Brendan,Lerdorf,Stark Holdings,Kraków,Poland,344-907-9510,brendan.lerdorf@wayne.com,2019-08-15,https://www.lerdorf-gringotts.io/,
825,ffd404565e4b42d,Sophie,Ritchie,Aperture & Northwind,Nairobi,Kenya,795-367-3878x256,sophie.ritchie@initech.biz,2023-10-26,https://www.ritchie-massive.com/,
826,fde6cfcf42a9050,Margaret,Eich,"Aperture, Inc.",Zürich,Switzerland,882-719-9468,margaret.eich@acme.biz,2024-04-19,https://www.eich-wonka.net/,
827,8ee1bf10db01883,Sophie,Lovelace,Initech Partners,Reykjavík,Iceland,696-670-3388,sophie.lovelace@stark.com,2019-08-20,https://www.lovelace-umbrella.org/,
828,1cc5b520a4b59e7,Dennis,Rossum,"Hooli, Piper and Massive",Malmö,Sweden,998-590-2625x84,dennis.rossum@pied.com,2022-03-20,https://www.rossum-globex.com/,
829,391353258ee0b8f,Margaret,Gosling,Cyberdyne & Oceanic,Porto,Portugal,135-427-3992,margaret.gosling@northwind.net,2022-10-01,https://www.gosling-wonka.net/,
830,031f016bd8bc030,Radia,Perlman,"Cyberdyne, Tyrell and Northwind",Москва,Russia,964-336-9236,radia.perlman@dynamic.org,2019-11-07,https://www.perlman-dynamic.net/,
831,f66e54fa2a0dee8,Sophie,Torvalds,Aperture Group,København,Denmark,973-453-5698x75,sophie.torvalds@piper.biz,2020-12-12,https://www.torvalds-stark.io/,
832,981188eaee4d8ba,Ida,Eich,Cyberdyne Systems,Porto,Portugal,459-545-1797,ida.eich@tyrell.com,2022-04-23,https://www.eich-massive.biz/,
833,d516c0f406b07ec,Linus,Perlman,Piper & Piper,Sevilla,Spain,463-258-6588,linus.perlman@hooli.net,2023-06-05,https://www.perlman-northwind.com/,
834,bc9838a95ba1451,Audrey,Stroustrup,Soylent Works,Tallinn,Estonia,365-179-7099x142,audrey.stroustrup@initech.net,2024-03-14,https://www.stroustrup-northwind.com/,
835,15bfc80b0eb63b6,Margaret,Johnson,Wayne Works,Reykjavík,Iceland,542-625-4537,margaret.johnson@hooli.org,2020-08-14,https://www.johnson-gringotts.biz/,
836,2ef9a12e70585d1,Yukihiro,Rossum,Umbrella Group,Bratislava,Slovakia,906-784-8695,yukihiro.rossum@tyrell.net,2023-09-06,https://www.rossum-pied.org/,
837,54f6fb0dbfbd833,Bjarne,Hejlsberg,"Soylent, Globex and Cyberdyne",Genève,Switzerland,319-793-4075x963,bjarne.hejlsberg@stark.org,2019-12-09,https://www.hejlsberg-vandelay.com/,
838,fa1243714acd16d,Grace,Liskov,Umbrella Works,København,Denmark,686-362-1917,grace.liskov@piper.net,2023-03-21,https://www.liskov-oceanic.org/,
839,2d150a5baecff37,Hedy,Stroustrup,Cyberdyne & Cyberdyne,Bratislava,Slovakia,737-359-9527,hedy.stroustrup@massive.org,2019-09-25,https://www.stroustrup-sirius.org/,
840,260543abb4256ec,Ida,Lamarr,Aperture Group,Genève,Switzerland,359-716-6501x614,ida.lamarr@hooli.io,2021-11-18,https://www.lamarr-hooli.io/,
841,1ea2d13c5538d53,Audrey,Wall,Wonka & Piper,Nairobi,Kenya,401-858-5158,audrey.wall@piper.net,2020-03-14,https://www.wall-acme.com/,
842,a9f2a2562dc6f21,Hedy,Matsumoto,"Umbrella, Cyberdyne and Massive",Montréal,Canada,793-342-8890,hedy.matsumoto@stark.org,2022-09-03,https://www.matsumoto-acme.io/,
843,009875532fc135a,Larry,Johnson,Stark Labs,Nairobi,Kenya,867-741-2724x313,larry.johnson@piper.biz,2023-07-07,https://www.johnson-wayne.net/,
844,7a84e44d2227104,Bjarne,Perlman,"Gringotts, Inc.",Reykjavík,Iceland,636-807-6329,bjarne.perlman@wonka.org,2023-08-07,https://www.perlman-piper.io/,
845,83ad32823511f29,Ada,Ritchie,Tyrell Systems,Porto,Portugal,793-433-3932,ada.ritchie@cyberdyne.com,2021-02-20,https://www.ritchie-dynamic.org/,
846,3acc48353f9419f,Frances,Wall,Sirius Group,東京,Japan,105-873-2339x699,frances.wall@piper.net,2022-07-22,https://www.wall-aperture.io/,
847,681a4098c3bcfd7,Linus,Matsumoto,Acme Systems,Malmö,Sweden,630-464-1272,linus.matsumoto@wonka.org,2023-12-31,https://www.matsumoto-stark.biz/,
848,6adf1511ade33d1,Brendan,Hejlsberg,Aperture Systems,Montréal,Canada,667-805-6189,brendan.hejlsberg@initech.net,2020-08-13,https://www.hejlsberg-dynamic.net/,
849,26a2363d372afe5,Bjarne,Johnson,Piper Group,Zürich,Switzerland,780-507-4922x5,bjarne.johnson@cyberdyne.org,2022-02-13,https://www.johnson-acme.biz/,
850,5648eb7d34f6f1c,Mary,Thompson,Gringotts Labs,Kraków,Poland,991-829-8421,mary.thompson@sirius.com,2022-09-26,https://www.thompson-dynamic.com/,
851,2eafe6976ab542b,Annie,Keller,"Pied, Acme and Wonka",Malmö,Sweden,540-894-9085,annie.keller@wonka.com,2022-03-13,https://www.keller-hooli.net/,
852,b331328bdd4e963,Katherine,Torvalds,"Soylent, Hooli and Wayne",Nairobi,Kenya,283-218-8661x101,katherine.torvalds@stark.org,2022-12-26,https://www.torvalds-tyrell.biz/,
853,10f1fbdaa5f6ce1,Sophie,Wilson,Wonka Holdings,Amsterdam,Netherlands,198-903-2781,sophie.wilson@initech.org,2023-03-29,https://www.wilson-sirius.com/,
854,d7b867022e96744,Hedy,Matsumoto,"Soylent, Inc.",Lima,Peru,684-601-3566,hedy.matsumoto@tyrell.net,2020-12-12,https://www.matsumoto-tyrell.com/,
855,b1c40116bffc996,Anders,Hejlsberg,Initech Partners,Tallinn,Estonia,736-299-8959x20,anders.hejlsberg@vandelay.com,2021-08-06,https://www.hejlsberg-piper.com/,
856,6427b529775626f,Rasmus,Lovelace,"Globex, Inc.",Montréal,Canada,561-476-5540,rasmus.lovelace@wayne.com,2022-11-11,https://www.lovelace-massive.com/,
857,b67236ac0efd8c9,Sophie,Thompson,Wonka Group,Wien,Austria,283-378-4230,sophie.thompson@globex.org,2021-01-15,https://www.thompson-wonka.org/,
858,ace65a6d2ddc7ce,Rasmus,Eich,Hooli Group,Wien,Austria,841-625-1270x731,rasmus.eich@oceanic.biz,2023-01-03,https://www.eich-dynamic.org/,
859,0cd5d40fcb90850,Audrey,Hejlsberg,"Tyrell, Initech and Hooli",Wien,Austria,461-159-5526,audrey.hejlsberg@cyberdyne.net,2022-05-19,https://www.hejlsberg-acme.io/,
860,e18e2bf29f46175,Grace,Johnson,Dynamic Labs,Wien,Austria,452-182-2054,grace.johnson@massive.io,2023-07-01,https://www.johnson-pied.net/,
861,126935248fcc9d4,Mary,Eich,"Dynamic, Inc.",Łódź,Poland,630-475-4473x249,mary.eich@cyberdyne.io,2021-08-25,https://www.eich-soylent.com/,
862,d353bd95fc1d9ec,Dennis,Rhodes,"Vandelay, Aperture and Gringotts",København,Denmark,321-374-2960,dennis.rhodes@aperture.biz,2021-06-26,https://www.rhodes-aperture.biz/,
863,5be8006f0e1fd88,James,Matsumoto,Pied Partners,Tallinn,Estonia,348-441-1327,james.matsumoto@initech.biz,2023-08-04,https://www.matsumoto-vandelay.biz/,
864,65dd30289747a00,Frances,Allen,Umbrella Group,Łódź,Poland,920-708-2037x340,frances.allen@tyrell.com,2019-06-10,https://www.allen-soylent.biz/,
865,f7c18b46df3e044,Ken,Wall,Acme & Globex,Łódź,Poland,727-707-6684,ken.wall@oceanic.net,2020-04-29,https://www.wall-piper.io/,
866,9c706a35bd8aede,Grace,Keller,Aperture Labs,東京,Japan,535-767-1980,grace.keller@piper.io,2019-07-30,https://www.keller-initech.org/,
867,1e9e4cb17b46f06,Radia,Lerdorf,Northwind Labs,Bratislava,Slovakia,355-712-5972x167,radia.lerdorf@soylent.net,2022-09-26,https://www.lerdorf-acme.biz/,
868,2ae9ca0bf66be25,Rasmus,Hamilton,Dynamic & Massive,Łódź,Poland,225-391-5044,rasmus.hamilton@acme.io,2020-12-02,https://www.hamilton-stark.net/,
869,d59dec63c8e0f06,Larry,Ritchie,"Massive, Hooli and Stark",Wien,Austria,772-716-5944,larry.ritchie@stark.com,2023-07-27,https://www.ritchie-hooli.com/,
870,dbe9dd993ba932a,Barbara,Stroustrup,"Wonka, Northwind and Pied",Porto,Portugal,568-725-1217x343,barbara.stroustrup@cyberdyne.com,2019-05-31,https://www.stroustrup-oceanic.io/,
871,f9fc8c6f457f462,Annie,Wall,"Acme, Sirius and Wayne",Kraków,Poland,560-841-4554,annie.wall@wonka.net,2022-05-09,https://www.wall-wonka.net/,
872,6669e15659d8f87,Grace,Ritchie,Hooli Holdings,東京,Japan,132-769-8791,grace.ritchie@globex.com,2020-12-25,https://www.ritchie-umbrella.org/,
873,2f55602fa0549cf,Grace,Liskov,Tyrell Partners,Kraków,Poland,783-543-4312x443,grace.liskov@acme.biz,2022-02-01,https://www.liskov-dynamic.net/,VIP
874,af30e6c74508000,Guido,Rhodes,Vandelay Partners,København,Denmark,305-278-1705,guido.rhodes@soylent.org,2023-04-27,https://www.rhodes-aperture.io/,
875,ba126efdea80a66,Sophie,Allen,Initech Works,Malmö,Sweden,889-371-5074,sophie.allen@cyberdyne.org,2024-02-04,https://www.allen-pied.net/,
876,68351a8c36ce317,Yukihiro,Gosling,Dynamic Works,Москва,Russia,658-301-9832x840,yukihiro.gosling@umbrella.io,2019-05-02,https://www.gosling-dynamic.io/,
877,9793b31de03f5d9,Anders,Perlman,Wayne Partners,東京,Japan,570-236-5040,anders.perlman@wayne.org,2019-08-03,https://www.perlman-wonka.net/,
878,88e4f41a1e143af,Brendan,Hejlsberg,"Stark, Dynamic and Vandelay",Amsterdam,Netherlands,672-243-9740,brendan.hejlsberg@wayne.net,2019-05-25,https://www.hejlsberg-aperture.net/,
879,dfb78f766b91b53,Yukihiro,Rhodes,Stark Holdings,東京,Japan,516-654-4492x746,yukihiro.rhodes@sirius.net,2020-11-14,https://www.rhodes-initech.net/,
880,0dc9b2054c730a9,Frances,Liskov,"Sirius, Inc.",Kraków,Poland,808-977-8601,frances.liskov@globex.biz,2024-01-16,https://www.liskov-wonka.biz/,
881,9ff392590a39b5d,Ken,Matsumoto,"Massive, Northwind and Sirius",Reykjavík,Iceland,618-801-6713,ken.matsumoto@acme.net,2021-09-24,https://www.matsumoto-initech.io/,
882,63c78be5c99bfb9,Sophie,Matsumoto,"Northwind, Sirius and Tyrell",Montréal,Canada,565-656-5967x638,sophie.matsumoto@stark.biz,2020-02-10,https://www.matsumoto-hooli.io/,
883,68f3a97fa41b680,Audrey,Wall,"Hooli, Inc.",Genève,Switzerland,451-893-3377,audrey.wall@tyrell.biz,2022-07-01,https://www.wall-vandelay.biz/,
884,6f2ea2c7bef9b30,Margaret,Wall,"Initech, Inc.",Paris,France,504-130-9501,margaret.wall@massive.net,2020-04-12,https://www.wall-gringotts.org/,
885,e8befb38986a3a9,Mary,Thompson,Stark Systems,Åbo,Finland,173-797-8387x646,mary.thompson@sirius.org,2022-10-10,https://www.thompson-piper.com/,
886,6ed071b71986a33,Sophie,Keller,Wayne & Acme,Łódź,Poland,662-978-6219,sophie.keller@massive.org,2020-11-16,https://www.keller-stark.org/,
887,0b4b238fcd9b6f0,Mary,Rhodes,"Wonka, Northwind and Massive",Porto,Portugal,694-142-7225,mary.rhodes@tyrell.net,2024-06-02,https://www.rhodes-northwind.biz/,
888,ef7415c549608f5,Guido,Lovelace,Wonka Systems,Zürich,Switzerland,783-321-7275x886,guido.lovelace@oceanic.biz,2020-04-12,https://www.lovelace-gringotts.org/,
889,075aab2d097ba08,Ada,Torvalds,"Vandelay, Tyrell and Stark",Kraków,Poland,832-493-9704,ada.torvalds@globex.com,2022-08-24,https://www.torvalds-massive.io/,
890,7e7bf57c5e21e96,Hedy,Perlman,Initech Partners,Lima,Peru,983-777-3336,hedy.perlman@dynamic.io,2024-01-05,https://www.perlman-wayne.biz/,
891,e260a6eac6e91fe,James,Lovelace,"Piper, Inc.",Wien,Austria,548-187-3611x466,james.lovelace@massive.com,2023-02-23,https://www.lovelace-tyrell.net/,
892,62ee8dca4e24e0b,Katherine,Eich,Initech Partners,Åbo,Finland,398-994-2946,katherine.eich@tyrell.io,2021-07-21,https://www.eich-wayne.io/,
893,68920de019bc3c9,Ken,Lovelace,Wayne Labs,Genève,Switzerland,193-124-6868,ken.lovelace@umbrella.net,2023-05-22,https://www.lovelace-aperture.net/,
894,cf1bdfd0db5af52,Audrey,Hejlsberg,Vandelay Systems,Tallinn,Estonia,248-567-2322x180,audrey.hejlsberg@massive.io,2022-10-29,https://www.hejlsberg-acme.biz/,
895,25042f767208ce2,Dennis,Gosling,"Initech, Gringotts and Cyberdyne",Reykjavík,Iceland,407-215-6654,dennis.gosling@wayne.net,2022-03-12,https://www.gosling-wonka.org/,
896,c3520cfe6d2b749,Katherine,Rhodes,Vandelay Works,Åbo,Finland,688-916-6872,katherine.rhodes@gringotts.biz,2022-04-20,https://www.rhodes-oceanic.io/,
897,e2a7cbc6d103d59,Guido,Hejlsberg,Umbrella Group,Nairobi,Kenya,425-740-2877x143,guido.hejlsberg@stark.org,2024-04-08,https://www.hejlsberg-wayne.io/,
898,bd6b5674f97d5fa,Ken,Hopper,Globex Systems,Zürich,Switzerland,657-638-8183,ken.hopper@gringotts.org,2023-03-02,https://www.hopper-stark.org/,
899,a8c5d3a7fb870cd,Sophie,Lovelace,Cyberdyne & Piper,Bratislava,Slovakia,267-269-5408,sophie.lovelace@globex.com,2022-01-09,https://www.lovelace-piper.com/,
900,390dc0be77137d5,Ken,Lamarr,Vandelay Partners,Nairobi,Kenya,180-765-2139x194,ken.lamarr@northwind.org,2022-08-15,https://www.lamarr-aperture.org/,
901,7cf5a65b7749b9d,Sophie,Johnson,Globex Labs,Montréal,Canada,653-188-7192,sophie.johnson@aperture.org,2020-09-16,https://www.johnson-dynamic.biz/,
902,365829f402ecca0,Annie,Hejlsberg,"Cyberdyne, Massive and Northwind",Lima,Peru,682-952-7914,annie.hejlsberg@globex.io,2023-05-31,https://www.hejlsberg-wayne.biz/,
903,70c3e27458bd3e3,Hedy,Gosling,"Globex, Inc.",Kraków,Poland,852-444-8310x205,hedy.gosling@oceanic.net,2021-09-12,https://www.gosling-pied.org/,
904,93045934e63e5f6,Yukihiro,Wall,Acme Holdings,Amsterdam,Netherlands,746-238-6234,yukihiro.wall@globex.net,2023-07-19,https://www.wall-northwind.net/,
905,a06cff726445b10,Guido,Rossum,"Stark, Tyrell and Globex",Zürich,Switzerland,255-763-2700,guido.rossum@aperture.org,2022-08-30,https://www.rossum-umbrella.net/,
906,dbedce13ecca6d4,Mary,Liskov,Sirius Group,Wien,Austria,409-295-8261x802,mary.liskov@tyrell.org,2021-08-03,https://www.liskov-piper.com/,
907,54c8aebd0c6ca42,Ken,Keller,"Piper, Piper and Tyrell",Zürich,Switzerland,773-478-1007,ken.keller@acme.net,2023-12-04,https://www.keller-stark.org/,
908,5b7e06edaf416ce,Margaret,Matsumoto,"Dynamic, Soylent and Wonka",Wien,Austria,420-807-8076,margaret.matsumoto@dynamic.net,2022-11-12,https://www.matsumoto-gringotts.biz/,
909,31442df5761d885,Mary,Johnson,Pied Holdings,Lima,Peru,950-253-4258x811,mary.johnson@globex.net,2022-07-03,https://www.johnson-wayne.com/,
910,b22cf949d69a3f5,Yukihiro,Lerdorf,"Piper, Acme and Acme",Amsterdam,Netherlands,794-749-5466,yukihiro.lerdorf@umbrella.net,2023-07-04,https://www.lerdorf-aperture.com/,
911,cbeebc0a637592d,Radia,Hejlsberg,Globex & Soylent,Tallinn,Estonia,178-859-6667,radia.hejlsberg@dynamic.com,2023-09-22,https://www.hejlsberg-northwind.org/,
912,049b06537291e13,Katherine,Lamarr,Wonka Partners,Łódź,Poland,833-744-7756x759,katherine.lamarr@soylent.com,2023-10-02,https://www.lamarr-globex.org/,
913,43059f311b2bedb,Mary,Wilson,"Sirius, Gringotts and Wonka",Porto,Portugal,623-465-5465,mary.wilson@soylent.biz,2021-01-12,https://www.wilson-tyrell.org/,
914,7af35eca0e6e177,James,Hopper,"Cyberdyne, Inc.",Kraków,Poland,424-493-3849,james.hopper@wayne.net,2024-06-17,https://www.hopper-oceanic.org/,
915,067f873c86f9d67,Anders,Gosling,Cyberdyne Works,東京,Japan,119-698-4495x867,anders.gosling@hooli.biz,2019-03-31,https://www.gosling-sirius.org/,
916,70a62230ae3cfb1,Bjarne,Matsumoto,Hooli Partners,Bratislava,Slovakia,382-657-7489,bjarne.matsumoto@sirius.biz,2021-04-04,https://www.matsumoto-acme.com/,
917,4a7d81cfb915b44,James,Rhodes,Piper Group,Reykjavík,Iceland,634-312-7335,james.rhodes@gringotts.net,2021-10-27,https://www.rhodes-oceanic.biz/,
918,fd5bd5e2a0b489a,Dennis,Ritchie,Northwind & Tyrell,Åbo,Finland,350-267-3828x831,dennis.ritchie@dynamic.io,2022-02-25,https://www.ritchie-gringotts.org/,
919,0e954cf55129114,Hedy,Easley,"Cyberdyne, Aperture and Oceanic",Tallinn,Estonia,263-212-8976,hedy.easley@aperture.org,2019-07-30,https://www.easley-aperture.net/,
920,967e2e1a9be33e8,Radia,Keller,Vandelay Partners,東京,Japan,325-763-8141,radia.keller@initech.biz,2024-05-30,https://www.keller-globex.io/,
921,ca495e15c4fd958,Bjarne,Tang,Globex Systems,Kraków,Poland,572-620-9067x445,bjarne.tang@gringotts.net,2020-10-10,https://www.tang-initech.biz/,
922,16802bcc1d738b7,Grace,Keller,Vandelay Works,Wien,Austria,182-201-1832,grace.keller@wayne.biz,2021-02-13,https://www.keller-sirius.biz/,
923,8c2e1872cc22715,Linus,Hamilton,Aperture Labs,Wien,Austria,626-397-5134,linus.hamilton@gringotts.net,2020-04-19,https://www.hamilton-aperture.io/,
924,883d94001776ca5,Hedy,Liskov,Massive Group,東京,Japan,320-202-7511x981,hedy.liskov@pied.biz,2020-03-12,https://www.liskov-massive.com/,
925,f5c48d126e4258a,Barbara,Rhodes,Globex & Globex,Porto,Portugal,600-338-8161,barbara.rhodes@gringotts.com,2019-08-12,https://www.rhodes-tyrell.io/,
926,c7f32a57e44fd87,Yukihiro,Liskov,Pied Labs,Москва,Russia,263-484-8804,yukihiro.liskov@umbrella.io,2021-12-14,https://www.liskov-wonka.biz/,
927,eb8bf68924a56ea,Hedy,Hopper,Piper Systems,Lima,Peru,294-422-3309x943,hedy.hopper@vandelay.net,2020-02-19,https://www.hopper-acme.org/,
928,04747efc7a9f165,Audrey,Stroustrup,Globex Systems,Łódź,Poland,669-494-7039,audrey.stroustrup@initech.net,2024-04-03,https://www.stroustrup-oceanic.com/,
929,521b25764a0e065,Yukihiro,Hejlsberg,"Northwind, Inc.",Kraków,Poland,283-397-6661,yukihiro.hejlsberg@massive.com,2019-08-02,https://www.hejlsberg-hooli.com/,
930,d5864fc98545f82,Ada,Hejlsberg,"Globex, Gringotts and Soylent",Zürich,Switzerland,277-695-5874x992,ada.hejlsberg@globex.io,2024-03-09,https://www.hejlsberg-soylent.io/,
931,f4bcceffc5420e5,Sophie,Eich,"Vandelay, Inc.",東京,Japan,662-126-8095,sophie.eich@northwind.org,2021-01-11,https://www.eich-oceanic.io/,
932,e10cb18a949109f,Larry,Hamilton,Wonka Works,Kraków,Poland,227-160-8616,larry.hamilton@tyrell.io,2019-02-12,https://www.hamilton-gringotts.io/,
933,5958f29a6a93c5b,Guido,Lamarr,"Hooli, Inc.",Montréal,Canada,426-320-1426x932,guido.lamarr@dynamic.io,2020-12-15,https://www.lamarr-tyrell.com/,
934,b481d606fbb26fc,Ken,Wilson,Vandelay Holdings,Porto,Portugal,342-421-3912,ken.wilson@acme.io,2020-08-28,https://www.wilson-sirius.org/,
935,eec6e32b062c625,Bjarne,Thompson,"Aperture, Inc.",Reykjavík,Iceland,674-273-3399,bjarne.thompson@gringotts.biz,2021-11-13,https://www.thompson-tyrell.org/,
936,34379807c7a656d,Larry,Ritchie,Oceanic Holdings,Montréal,Canada,138-775-4557x812,larry.ritchie@cyberdyne.biz,2022-05-04,https://www.ritchie-cyberdyne.org/,
937,e4fa399f9b5ceae,Ida,Rossum,Initech Labs,Malmö,Sweden,877-399-4428,ida.rossum@hooli.org,2020-10-31,https://www.rossum-cyberdyne.io/,
938,6c3ea8d4ef09817,Bjarne,Johnson,Acme Labs,Porto,Portugal,396-309-8641,bjarne.johnson@wonka.net,2019-12-08,https://www.johnson-wayne.biz/,
939,999779a67fe813f,Frances,Easley,"Massive, Hooli and Tyrell",Malmö,Sweden,251-314-7536x80,frances.easley@dynamic.org,2019-11-15,https://www.easley-aperture.biz/,
940,624a6d9e165a246,Rasmus,Perlman,Piper Group,Nairobi,Kenya,794-255-9820,rasmus.perlman@dynamic.net,2022-11-15,https://www.perlman-dynamic.biz/,
941,9729a6235d234f6,Barbara,Hejlsberg,Northwind Group,Åbo,Finland,701-796-8483,barbara.hejlsberg@acme.net,2022-08-12,https://www.hejlsberg-sirius.net/,
942,eaa3a9d1bc75f28,James,Stroustrup,"Soylent, Inc.",Amsterdam,Netherlands,670-551-5406x6,james.stroustrup@stark.org,2021-11-21,https://www.stroustrup-massive.net/,
943,8744315706725c9,Linus,Perlman,Piper Group,Nairobi,Kenya,993-796-3565,linus.perlman@pied.org,2020-04-01,https://www.perlman-cyberdyne.com/,
944,8c47448068afba3,Frances,Hejlsberg,"Massive, Inc.",København,Denmark,778-446-9429,frances.hejlsberg@initech.biz,2023-02-10,https://www.hejlsberg-stark.net/,
945,9d6c0624fd45436,Ada,Johnson,Aperture Holdings,Nairobi,Kenya,998-682-7328x619,ada.johnson@stark.com,2022-05-29,https://www.johnson-tyrell.biz/,
946,b463ba278b18c96,Barbara,Rhodes,Dynamic Works,Kraków,Poland,964-846-3919,barbara.rhodes@aperture.com,2023-04-15,https://www.rhodes-tyrell.io/,
947,32075e5662b9123,Grace,Liskov,"Umbrella, Wonka and Dynamic",Amsterdam,Netherlands,693-721-3776,grace.liskov@piper.net,2024-04-18,https://www.liskov-massive.biz/,
948,16ef40716d83059,Audrey,Lovelace,"Wayne, Inc.",Paris,France,157-146-1100x546,audrey.lovelace@piper.org,2023-09-28,https://www.lovelace-piper.io/,
949,cb1a302dafdf49c,Sophie,Matsumoto,Stark Labs,Zürich,Switzerland,633-623-1105,sophie.matsumoto@piper.com,2019-10-12,https://www.matsumoto-sirius.io/,
950,eeb969faef5cfe1,Linus,Keller,"Soylent, Piper and Stark",Kraków,Poland,272-784-5258,linus.keller@northwind.biz,2021-01-30,https://www.keller-tyrell.io/,
951,a078943a17108b1,Anders,Gosling,Hooli Systems,Montréal,Canada,109-908-1254x293,anders.gosling@aperture.biz,2021-09-22,https://www.gosling-soylent.com/,
952,85252bc3a5b7133,Rasmus,Wall,Dynamic Partners,Kraków,Poland,233-612-1086,rasmus.wall@hooli.com,2020-06-26,https://www.wall-gringotts.io/,
953,d886a8627dec6cc,James,Lerdorf,Pied Systems,Reykjavík,Iceland,229-766-6474,james.lerdorf@umbrella.org,2020-09-23,https://www.lerdorf-tyrell.biz/,
954,d413065f628f4a9,Guido,Johnson,Globex Labs,Malmö,Sweden,667-358-5034x371,guido.johnson@sirius.net,2024-01-14,https://www.johnson-vandelay.biz/,
955,9fbe4541526879e,Yukihiro,Rossum,Dynamic Labs,Bratislava,Slovakia,604-818-9886,yukihiro.rossum@vandelay.org,2024-06-08,https://www.rossum-aperture.net/,
956,3a5c044851a55a6,Hedy,Rossum,"Hooli, Oceanic and Dynamic",Bratislava,Slovakia,276-842-4741,hedy.rossum@cyberdyne.com,2019-05-07,https://www.rossum-initech.org/,
957,3bff68eadebb1a3,Ada,Wall,Soylent Works,Kraków,Poland,489-145-4682x737,ada.wall@wonka.biz,2024-01-07,https://www.wall-hooli.io/,
958,4e50336a21762dc,Hedy,Stroustrup,"Gringotts, Sirius and Wayne",Москва,Russia,803-667-2038,hedy.stroustrup@gringotts.biz,2022-04-03,https://www.stroustrup-northwind.com/,
959,cb701b00626cd94,Linus,Rhodes,Massive & Cyberdyne,Montréal,Canada,217-241-5612,linus.rhodes@oceanic.org,2023-06-17,https://www.rhodes-sirius.org/,
960,c23d99524df8eef,Ken,Wall,"Tyrell, Inc.",Nairobi,Kenya,260-263-3647x686,ken.wall@massive.net,2023-03-05,https://www.wall-tyrell.com/,
961,4e71f6742a2a6d7,Ida,Liskov,Massive Systems,Reykjavík,Iceland,333-355-5572,ida.liskov@massive.io,2020-10-29,https://www.liskov-sirius.org/,
962,9b9ebc128ad6058,Margaret,Ritchie,Initech Systems,Paris,France,879-751-7666,margaret.ritchie@wayne.org,2022-01-27,https://www.ritchie-vandelay.net/,
963,2d5e44d77e38cf1,Katherine,Stroustrup,Dynamic Holdings,Amsterdam,Netherlands,739-851-4869x388,katherine.stroustrup@umbrella.biz,2020-07-03,https://www.stroustrup-sirius.net/,
964,9d98ba6df80118f,Radia,Liskov,Pied Holdings,Wien,Austria,633-795-3867,radia.liskov@northwind.net,2021-12-12,https://www.liskov-massive.biz/,
965,91e7babd78d2cd4,Katherine,Wall,Cyberdyne Group,Malmö,Sweden,335-709-9696,katherine.wall@northwind.org,2021-07-10,https://www.wall-umbrella.net/,
966,f69463a8e1feabd,Rasmus,Hopper,Tyrell Group,Wien,Austria,122-274-9490x768,rasmus.hopper@sirius.io,2023-11-13,https://www.hopper-globex.biz/,
967,861113eb6f4040f,Guido,Liskov,Tyrell Systems,Zürich,Switzerland,751-232-2299,guido.liskov@hooli.com,2024-01-08,https://www.liskov-initech.org/,
968,5ee309ca820e6f2,Katherine,Johnson,"Initech, Tyrell and Acme",Wien,Austria,582-288-3709,katherine.johnson@globex.io,2022-11-07,https://www.johnson-northwind.net/,
969,8f5e5cdfdc9fcbd,Audrey,Keller,Hooli Group,Nairobi,Kenya,963-513-1214x42,audrey.keller@stark.biz,2024-02-14,https://www.keller-globex.org/,
970,6dab269a3ac6f69,Radia,Torvalds,"Sirius, Dynamic and Wonka",Amsterdam,Netherlands,217-932-9378,radia.torvalds@massive.net,2023-08-24,https://www.torvalds-umbrella.io/,VIP
971,476537ca9025b47,Grace,Eich,"Stark, Piper and Tyrell",Kraków,Poland,807-985-6543,grace.eich@wayne.io,2020-06-12,https://www.eich-wayne.com/,
972,76f0e103f83cd74,Barbara,Eich,"Dynamic, Inc.",Łódź,Poland,436-794-8403x746,barbara.eich@sirius.org,2021-01-16,https://www.eich-initech.net/,
973,73706fffed9d193,Frances,Stroustrup,"Dynamic, Cyberdyne and Soylent",Reykjavík,Iceland,189-767-3353,frances.stroustrup@soylent.com,2020-09-20,https://www.stroustrup-cyberdyne.io/,
974,3e98e101e648bbd,Anders,Easley,Sirius Systems,Lima,Peru,163-463-1875,anders.easley@tyrell.io,2022-04-18,https://www.easley-dynamic.com/,
975,f168eca137d7cc8,Linus,Rossum,Wonka & Wayne,Genève,Switzerland,138-107-7435x493,linus.rossum@globex.org,2020-06-09,https://www.rossum-oceanic.io/,
976,54c19f5c4c331f4,Margaret,Liskov,"Globex, Wayne and Hooli",Nairobi,Kenya,105-277-4365,margaret.liskov@acme.net,2019-01-23,https://www.liskov-massive.biz/,
977,1e83a5024536ff4,Margaret,Torvalds,"Initech, Inc.",Paris,France,459-408-5560,margaret.torvalds@piper.org,2020-05-08,https://www.torvalds-tyrell.biz/,
978,f0ea99c22b775dd,Yukihiro,Eich,"Gringotts, Northwind and Piper",Москва,Russia,108-736-4123x344,yukihiro.eich@wonka.com,2020-05-22,https://www.eich-aperture.net/,
979,10f6d80356f95bc,Annie,Eich,"Piper, Inc.",Amsterdam,Netherlands,223-340-5065,annie.eich@vandelay.io,2021-01-07,https://www.eich-wayne.com/,
980,c5ba11bcaa3104b,Sophie,Easley,"Cyberdyne, Vandelay and Umbrella",Sevilla,Spain,382-826-6947,sophie.easley@stark.net,2023-10-14,https://www.easley-wayne.com/,
981,3f9de365369cbbf,Margaret,Gosling,Acme Holdings,Kraków,Poland,760-662-9221x545,margaret.gosling@initech.org,2021-05-12,https://www.gosling-sirius.io/,
982,215d26429092bb7,Audrey,Thompson,Acme Group,Łódź,Poland,488-519-2873,audrey.thompson@initech.net,2021-06-17,https://www.thompson-vandelay.org/,
983,d9832f98de020fd,Mary,Hamilton,Piper Works,Kraków,Poland,388-907-3251,mary.hamilton@wonka.biz,2021-01-03,https://www.hamilton-massive.com/,
984,8edb52d9ae66f4d,Yukihiro,Lerdorf,"Dynamic, Inc.",Malmö,Sweden,463-174-4978x476,yukihiro.lerdorf@tyrell.org,2023-03-26,https://www.lerdorf-oceanic.org/,
985,743004ebe56a6a7,Audrey,Hopper,Tyrell & Dynamic,Reykjavík,Iceland,956-196-1553,audrey.hopper@globex.org,2020-06-20,https://www.hopper-piper.biz/,
986,4b080d7b6640c5c,Mary,Perlman,Piper Labs,Sevilla,Spain,940-513-1706,mary.perlman@sirius.org,2021-12-28,https://www.perlman-initech.com/,
987,ce3ebb6d617d6d8,Grace,Wilson,Dynamic Systems,Genève,Switzerland,377-945-1246x9,grace.wilson@globex.org,2022-04-28,https://www.wilson-oceanic.io/,
988,bd6450c59403bf1,James,Liskov,Gringotts Partners,Tallinn,Estonia,197-219-3677,james.liskov@dynamic.biz,2022-04-27,https://www.liskov-sirius.io/,
989,90bc8afccf040c3,Margaret,Johnson,Acme Works,Sevilla,Spain,769-465-6103,margaret.johnson@northwind.org,2019-09-27,https://www.johnson-piper.com/,
990,cc6e97e51c75229,Bjarne,Perlman,Oceanic Works,Lima,Peru,311-500-6855x209,bjarne.perlman@massive.org,2021-02-27,https://www.perlman-hooli.org/,
991,98ac6f82c77a30d,Hedy,Johnson,Northwind & Pied,Tallinn,Estonia,150-595-5022,hedy.johnson@massive.com,2021-11-06,https://www.johnson-oceanic.biz/,
992,41da2f3009e0552,Katherine,Lovelace,Globex Partners,Москва,Russia,621-860-5137,katherine.lovelace@initech.io,2023-04-24,https://www.lovelace-pied.io/,
993,5fa5e6ac769b80d,Sophie,Gosling,"Aperture, Stark and Gringotts",Montréal,Canada,442-300-8692x623,sophie.gosling@gringotts.com,2022-08-24,https://www.gosling-pied.org/,
994,a28acdea1f7c0b7,Barbara,Liskov,"Umbrella, Inc.",Tallinn,Estonia,122-124-5489,barbara.liskov@pied.net,2021-06-14,https://www.liskov-wonka.net/,
995,9ce933af3570e3c,Radia,Perlman,Massive Labs,Sevilla,Spain,192-809-1649,radia.perlman@cyberdyne.com,2022-09-08,https://www.perlman-stark.io/,
996,cf19380ef9732cc,Brendan,Stroustrup,Cyberdyne Partners,Kraków,Poland,883-589-5417x592,brendan.stroustrup@umbrella.biz,2024-03-20,https://www.stroustrup-hooli.io/,
997,43d1ef48d4f55cf,Audrey,Ritchie,Wonka Labs,Москва,Russia,424-137-4669,audrey.ritchie@acme.biz,2021-04-09,https://www.ritchie-vandelay.io/,
998,bd93f0579eb1c6e,Barbara,Hopper,"Massive, Cyberdyne and Massive",Genève,Switzerland,810-359-3940,barbara.hopper@pied.com,2020-01-16,https://www.hopper-oceanic.biz/,
999,4fbb81321d7c21c,Grace,Liskov,"Vandelay, Globex and Oceanic",Montréal,Canada,781-149-1834x349,grace.liskov@umbrella.net,2022-04-22,https://www.liskov-massive.net/,
1000,6d1062fd8e5535e,Audrey,Rhodes,Hooli Labs,Åbo,Finland,586-393-2069,audrey.rhodes@acme.biz,2024-02-02,https://www.rhodes-cyberdyne.biz/,
