# GENERATED by tools/gen-vectors.py from PyWavelets 1.8.0 — do not edit.
# dwt  wavelet mode x cA cD
# idwt wavelet mode cA cD y   (- for an absent half)
dwt	haar	zero	-1.099	-0.777110352524	-0.777110352524
idwt	haar	zero	7.397	-6.218	0.8336788950189 9.627258825855
dwt	haar	zero	1.404 12.466	9.807571055057	-7.822015213486
idwt	haar	zero	-4.207	2.856	-0.955301261383 -4.994295195521
dwt	haar	zero	19.21 17.711 -10.633 -2.781 7.777	26.10708946819 -9.485130362836 5.499169437288	1.059953064999 -5.552202445877 5.499169437288
idwt	haar	zero	-4.505 3.183 4.061	-0.151 20.679 3.205	-3.292289173205 -3.078742925286 16.87298201267 -12.37154024364 5.137837872101 0.6052834046957
dwt	haar	zero	15.168 10.803 17.691 -5.789 2.758 1.079 13.034 -9.016 -14.934 3.642 0.567 12.603 10.559	18.3642702142 8.415984909682 2.713168719413 2.841155046808 -7.984649773158 9.312596308227 7.466340502549	3.086521099879 16.60286722226 1.187232285612 15.59170452516 -13.13521556732 -8.510737218361 7.466340502549
idwt	haar	zero	4.599 25.364 3.197 21.405 -9.928 5.334 -5.872	11.773 -10.764 6.49 14.283 24.573 2.456 13.459	11.57675222159 -5.072784048232 10.32375900532 25.54635379071 6.849743389354 -2.328502630447 25.23522680699 5.036014495611 10.35557881048 -24.39589105772 5.508361825443 2.035053316255 5.364819148862 -13.66908118712
dwt	haar	zero	-4.487 -2.359 -13.81 15.136 11.361 7.193 -24.572 -12.131 6.954 12.247 2.067 -13.534 -11.383 -3.193 -0.205 13.22 13.277 8.373 4.813 4.915 7.461 -4.231 3.13 8.287 -6.498 -7.611 12.64 -13.215 -2.725 -1.044	-4.840853024003 0.9376235918534 13.11965921814 -25.95294018989 13.57715730556 -8.108393459866 -10.30678844258 9.202994757143 15.30886181269 6.878734767383 2.283954903233 8.073038120807 -9.976569575761 -0.4065863991823 -2.665085458292	-1.504723230365 -20.46791288823 2.947221063986 -8.797115464742 -3.74271619282 11.03157289329 -5.791204537918 -9.492908537429 3.467651654939 -0.07212489168103 8.267492485633 -3.646549670579 0.7870098474606 18.28224582758 -1.188646499175
idwt	haar	zero	-6.143 -4.458 -0.45 1.878 -5.815 9.82 7.693 3.941 -3.985 22.709 -6.025 -6.898 4.08 10.464 -5.215	7.482 -19.218 -7.43 2.27 -13.786 -11.066 -7.031 2.029 1.092 -9.034 -6.922 2.576 4 -11.27 -12.916	0.9468159800088 -9.634329893667 -16.74146015137 10.43689609031 -5.57200143575 4.935605332682 2.933078928362 -0.2771858582251 -13.86000001804 5.636348152838 -0.8810550493584 14.76863223186 0.4681046891455 10.41144024619 4.221427483684 1.351988165629 -2.045659917973 -3.589981128084 9.669685232726 22.4456905552 -9.154911496022 0.6342747827243 -3.056115508288 -6.699129644961 5.713422791987 0.05656854249492 -0.5699280656364 15.36825878231 -12.82055304969 5.445429321918
dwt	haar	constant	-14.836	-20.98127241137	0
idwt	haar	constant	-2.036	6.527	3.175616554309 -6.0549553673
dwt	haar	constant	-1.846 10.928	6.421943786736	-9.032582022877
idwt	haar	constant	-13.426	21.109	5.432701399856 -24.41993268828
dwt	haar	constant	-2.266 2.921 -7.51 -3.421 6.601	0.4631549416772 -7.72938422515 9.335223725225	-3.667762874015 -2.891359628272 0
idwt	haar	constant	19.53 -14.215 2.071	3.682 -6.858 -4.797	16.4133626049 11.20622826824 -14.90086119994 -5.202184589189 -1.927573085515 4.856409373189
dwt	haar	constant	-0.958 -11.28 9.92 1.638 -0.652 -0.866 -3.303 -8.185 -7.131 -13.291 -6.604 7.265 10.635	-8.653572788161 8.172740176954 -1.073388093841 -8.123242702271 -14.44053468539 0.4673975823643 15.04016123584	7.298756195408 5.856258361787 0.1513208511739 3.452095305753 4.355777772109 -9.806863948276 0
idwt	haar	constant	1.937 17.273 1.544 2.156 4.824 3.771 11.827	-11.054 -1.591 -12.058 14.56 -5.463 10.631 -4.794	-6.446692524078 9.186024194394 11.08884854257 13.3388623203 -7.434520697395 9.618066437699 11.81999695431 -8.770952513838 -0.4518412331782 7.274007458066 10.18375186265 -4.85075251894 4.973081992085 11.7528218101
dwt	haar	constant	0.005 7.545 -8.238 3.408 -8.606 -12 -6.66 8.382 -4.81 -1.661 -17.089 4.279 4.128 -6.033 10.541 2.937 3.541 -9.112 -3.66 6.758 8.169 -3.99 2.554 -10.96 -18.656 -1.951 -8.028 -16.196 12.087 -7.088	5.338656197958 -3.415325753131 -14.57064233313 1.217637877203 -4.575687981058 -9.058037867 -1.34703841816 9.530385196832 -3.93929187799 2.190616808116 2.954999238579 -5.943939602654 -14.57134943991 -17.12895466746 3.534826799152	-5.331585130147 -8.234965573699 2.399920415347 -10.63630020261 -2.226679253956 -15.10945770039 7.184912003637 5.376839964143 8.947022102353 -7.366638446401 8.597711352447 9.555841040955 -11.81221877972 5.775648188732 13.55877252925
idwt	haar	constant	27.316 -5.67 -6.907 -1.534 9.432 -11.518 1.772 -1.275 -8.933 -15.943 11.122 -16.274 3.932 19.764 -0.117	3.46 -10.31 -8.212 5.257 -23.454 -1.013 -14.987 -0.93 3.453 3.862 -9.577 22.395 11.694 -6.225 -14.786	21.7619182978 16.86873937199 -11.29956636336 3.280975464706 -10.69074742476 0.9227743494484 2.632558546358 -4.801962151038 -9.915051285798 23.2539136061 -8.860755075049 -7.428156736365 -9.34441611338 11.85040254591 -1.559170452516 -0.2439518395094 -3.874945160902 -8.758224591777 -8.542557023515 -14.0042498014 1.092479976933 14.63640326378 4.328200607643 -27.3431121217 11.04925056282 -5.48856283557 9.573518710485 18.37699813626 -10.53801236002 10.37254937323
dwt	haar	symmetric	0.241	0.3408254685319	0
idwt	haar	symmetric	4.471	-0.444	2.847519007838 3.475429829532
dwt	haar	symmetric	2.791 -6.356	-2.52083567493	6.467905727513
idwt	haar	symmetric	4.187	-16.775	-8.901060161576 14.82237234723
dwt	haar	symmetric	-3.089 -19.872 2.209 -5.157 4.646	-16.23587880282 -2.084550790938 6.570436210785	11.86737310865 5.20854855022 0
idwt	haar	symmetric	9.344 0.045 -3.601	-11.645 -7.544 -3.11	-1.62705270351 14.84146423032 -5.302593752118 5.366233362425 -4.745393608543 -0.3471894295626
dwt	haar	symmetric	6.198 -6.435 2.576 16.005 -3.212 -0.086 8.937 7.607 -1.298 -2.612 -5.304 -25.564 -5.84	-0.1675843071412 13.13875110123 -2.332038164353 11.69837458795 -2.764787514439 -21.82697212167 -8.259007204259	8.93287996673 -9.495736964554 -2.210415797989 0.9404520189781 0.9291383104791 14.32598338684 0
idwt	haar	symmetric	-11.017 -9.522 4.673 -8.552 -0.195 0.44 0.294	5.325 -5.871 -11.21 0.016 -1.509 9.08 -10.248	-4.024851798514 -11.55553901815 -10.8844946828 -2.581646858112 -4.622357028616 11.23097700559 -6.035863484208 -6.058490901206 -1.204909955142 0.9291383104791 6.731656556896 -6.109402589452 -7.038540899931 7.454319687269
dwt	haar	symmetric	-2.901 -5.834 -9.816 -10.153 0.341 5.922 9.709 2.621 21.513 7.188 -15.861 5.125 12.1 7.595 13.763 12.389 -5.412 5.596 -3.802 1.46 -2.34 -3.835 -6.839 1.323 10.907 -0.762 1.872 -8.825 1.146 -6.719	-6.176577733664 -14.12021531351 4.428609770571 8.71862661203 20.29467172684 -7.591498402819 13.92646805547 18.49225654159 0.1301076477383 -1.656044081539 -4.366384373827 -3.900401005025 7.173598295138 -4.91651344959 -3.940706091553	2.07394418922 0.2382949852599 -3.946362945802 5.01197286505 10.1293046405 -14.83934290998 3.185516049245 0.9715647173503 -7.783831447302 -3.720795882604 1.057124637874 -5.771405548045 8.251229029666 7.563921238352 5.561394834032
idwt	haar	symmetric	-13.177 -10.36 -11.777 10.079 -4.094 -4.744 0.556 -17.155 -3.287 -10.862 12.365 1.841 -7.558 16.014 3.719	8.346 0.325 -0.076 0.29 -4.914 -12.286 -10.724 -8.476 -7.378 -10.788 -7.183 4.104 9.541 7.925 -4.738	-3.416032859912 -15.21905925148 -7.095816549207 -7.555435956978 -8.381336677404 -8.273856446664 7.331990214123 6.921868281035 -6.369617884928 0.579827560573 -12.04202848361 5.332999343709 -7.189861751105 7.976164491784 -18.12385390859 -6.136979753918 -7.541293821355 2.892773841834 -15.30886181269 -0.0523259018078 3.664227340109 13.82252335863 4.203749814154 -1.600182645825 1.402192747093 -12.09081885151 16.92742923482 5.719786753018 -0.7205418100291 5.980002048495
dwt	haar	periodic	-6.032	-8.530536208235	0
idwt	haar	periodic	7.9	6.196	9.967377187606 1.204909955142
dwt	haar	periodic	5.992 1.789	5.501997864413	2.971969801327
idwt	haar	periodic	-11.63	3.583	-5.690088268208 -10.75721546219
dwt	haar	periodic	25.93 4.056 13.269 -4.792 11.794	21.20330394066 5.994144184118 26.67489621348	15.46725373167 12.77105557501 -9.995661458853
idwt	haar	periodic	-11.946 -0.579 -8.286	7.635 -13.95 7.456	-3.048337333695 -13.84585788241 -10.27355442386 9.454724771245 -0.5868986283848 -11.13127494944
dwt	haar	periodic	18.906 -2.95 6.84 -3.597 -18.346 -11.514 6.524 23.736 5.66 7.942 2.681 -7.476 -3.512	11.28259580061 2.293147291388 -21.11420848623 21.3970511987 9.618066437699 -3.390577015789 10.88520178959	15.45452580961 7.380073475244 -4.830953529066 -12.17072191778 -1.613617674668 7.182083576512 -15.85191982064
idwt	haar	periodic	-7.389 -10.524 4.328 -18.892 10.252 7.281 2.1	-7.286 20.818 -2.709 11.085 9.298 1.077 0.441	-10.37679201391 -0.07283199846221 7.278957205534 -22.16214073595 1.144805878741 4.97591041921 -5.520382640723 -21.19693997963 13.8239375722 0.674579869252 5.909998477157 4.386890470481 1.796758330995 1.173090149988
dwt	haar	periodic	-21.679 -11.928 16.546 -5.779 -15.626 -4.768 -24.083 -28.031 -4.397 2.757 8.875 -17.589 -0.04 -25.406 4.169 -0.24 -16.498 -0.044 0.883 -7.186 15.665 18.863 -1.514 -17.048 12.511 -18.126 -5.945 2.705 5.193 23.149	-23.76373759534 7.613418713036 -14.42073569552 -36.85016279476 -1.159655121146 -6.16172849126 -17.99303915407 2.778222543282 -11.69696037439 -4.456894041819 24.41498294081 -13.12531607238 -3.970404576362 -2.291025971044 20.04082039239	-6.89499822335 15.78615888999 -7.677765430124 2.791657572124 -5.058641912609 18.71287385732 17.93647061158 3.117633798251 -11.63473497764 5.705644617394 -2.261327486235 10.98419673895 21.66363045521 -6.116473657264 -12.69680936299
idwt	haar	periodic	1.263 17.633 13.875 10.401 -9.517 -2.362 19.27 -4.937 -2.127 -0.872 -3.376 15.06 0.763 -2.752 -8.438	8.427 -1.361 4.652 -12.335 -19.02 -14.894 0.368 -6.805 2.288 12.995 15.465 -13.672 -19.48 -16.085 -13.974	6.851864709698 -5.06571298042 11.50604154347 13.43078620186 13.10056733504 6.521645842884 -1.367544514815 16.07677977706 -20.17870621472 6.719635741616 -12.20183461616 8.86146218183 13.88616296894 13.36573237799 -8.302847824692 1.320875467256 0.113844191771 -3.121876438939 8.572255508325 -9.805449734714 8.548213877764 -13.32259886434 0.9814642122869 20.31659203705 -13.23491762347 14.31396257156 -13.31977043721 9.42785471356 -15.84767717995 3.914543140649
dwt	haar	smooth	6.422	9.08207949756	0
idwt	haar	smooth	-11.651	-6.961	-13.16067141144 -3.316330803765
dwt	haar	smooth	-19.346 11.847	-5.302593752118	-22.05678182555
idwt	haar	smooth	8.486	12.9	15.12218562246 -3.121169332157
dwt	haar	smooth	0.553 1.711 -1.745 -4.786 -5.364	1.600889752606 -4.618114387929 -7.994549268095	-0.818829652614 2.150311721588 0.4087077195258
idwt	haar	smooth	-10.237 6.489 -1.017	4.428 1.098 7.278	-4.107583291913 -10.3697209461 5.364819148862 3.812012657377 4.427195557009 -5.865450749942
dwt	haar	smooth	3.694 12.133 15.271 11.298 -8.626 -16.129 6.261 14.806 -3.695 -5.55 -8.518 -18.648 4.948	11.19137902584 18.78712006935 -17.50442836827 14.89661855926 -6.53720219207 -19.20926281771 23.6824203155	-5.967274126433 2.809335241654 5.305422179243 -6.042227445239 1.311683079101 7.16299169342 -16.68489160888
idwt	haar	smooth	5.759 -13.447 11.924 -19.602 11.924 -19.474 15.913	-4.983 -5.664 28.274 -2.408 27.622 7.131 -10.536	0.5487148622008 7.595741043506 -13.51351769526 -5.503412077975 28.42427839014 -11.5611958724 -15.56342025392 -12.15799399572 27.9632447688 -11.10016225107 -8.727819000186 -18.81257591347 3.80211316244 18.7022672556
dwt	haar	smooth	-18.429 12.022 7.243 4.131 -1.355 4.721 8.266 1.925 19.961 8.841 -1.782 0.607 4.245 8.179 25.034 -3.791 16.8 -9.081 2.417 -9.36 0.485 -16.745 -22.61 -9.902 -9.856 -9.545 6.795 12.107 1.554 -9.147	-4.530433147062 8.042632529216 2.380121425474 7.206125207072 20.36608951173 -0.8308504678942 8.785094649462 15.02106935275 5.458157243979 -4.909442381778 -11.49755626209 -22.98945566994 -13.7185786618 13.36573237799 -5.369061789549	-21.53210859391 2.200516303053 -4.296380802489 4.483764099504 7.863027406794 -1.689278100255 -2.781758077188 20.3823529677 18.30063060389 8.327596562034 12.18344983984 -8.985912975319 -0.219910208949 -3.756151221663 7.566749665477
idwt	haar	smooth	5.346 4.747 2.773 18.158 -3.984 -7.291 -13.052 -26.53 -8.564 6.531 -5.455 -32.983 -3.279 9.817 -15.516	-6.759 -13.922 21.528 23.045 -17.085 -7.183 8.581 -23.744 -9.251 -12.391 -15.69 9.588 8.807 -7.879 3.517	-0.9991418818166 8.559527586263 -6.487704717387 13.20097649797 17.18340188961 -13.26178768115 29.13492070523 -3.455630839659 -14.89803277282 9.263805940325 -10.23466355089 -0.07636753236815 -3.161474418685 -15.29684099741 -35.54908631737 -1.969999492386 -12.59710730684 0.4857823586752 -4.143645737753 13.37987451361 -14.95177288819 7.237237905444 -16.54276314586 -30.10224278189 3.908886286399 -8.546092557421 1.37037294194 12.51296159988 -8.484574267457 -13.45836336632
dwt	haar	periodization	-6.102	-8.629531157601	0
idwt	haar	periodization	-18.484	3.962	-10.26860467639 -15.87171881051
dwt	haar	periodization	-13.21 -17.009	-21.36805982068	2.686298661728
idwt	haar	periodization	-2.184	-3.06	-3.708067960542 0.6194255403194
dwt	haar	periodization	6.46 -12.14 9.462 -11.299 -17.572	-4.01636651714 -1.29895515704 -24.85056071802	13.15218613007 14.68024388421 0
idwt	haar	periodization	10.593 -2.138 13.828	11.96 12.263 6.964	15.9473792361 -0.966614969882 7.159456159514 -10.18304475587 14.70216419443 4.853580946064
dwt	haar	periodization	2.547 4.264 17.997 -3.423 13.319 16.008 -3.83 3.253 -0.381 6.073 8.099 15.481 5.628	4.816104286662 10.30537422901 20.73732057186 -0.4080006127446 4.024851798514 16.67357790038 7.959193929036	-1.214102343297 15.14622725302 -1.901410134611 -5.008437331144 -4.563667165778 -5.219862258719 0
idwt	haar	periodization	6.708 17.955 -6.729 22.993 -17.535 7.915 11.111	-2.388 -24.76 17.234 5.169 4.122 1.683 -1.394	3.054701294726 6.431843281673 -4.811861645974 30.20406615838 7.428156736365 -16.94439979757 19.91354117178 12.60347126787 -9.484423256055 -15.31381156016 6.786810885828 4.406689460355 6.87095659279 8.842370298738
dwt	haar	periodization	6.25 -5.485 -7.352 -12.843 -2.203 5.806 -10.947 -2.776 -3.538 0.368 3.632 0.323 11.825 9.534 18.117 -20.313 -15.303 13.738 2.642 7.05 -1.633 -10.663 9.933 8.331 -15.321 -2.97 10.805 -12.993 -9.417 12.661	0.5409366876077 -14.28002144606 2.547705732615 -9.703626358223 -2.241528496361 2.796607319593 15.10309373936 -1.552806491486 -1.106622112557 6.85327892326 -8.69458498147 12.91459825159 -12.93369013468 -1.547149637236 2.293854398169	8.297898077224 3.882723335495 -5.663218210523 -5.777769509075 -2.761959087315 2.339816338946 1.619981635698 27.174113601 -20.53508803244 -3.11692669147 6.385174234115 1.132785063461 -8.733475854435 16.82772717868 -15.61150351504
idwt	haar	periodization	6.078 14.425 -9.974 11.677 -12.645 6.769 -0.193 -20.966 -2.781 11.227 4.364 -19.964 13.452 2.871 15.259	3.79 -10.983 5.292 -4.421 4.159 2.993 15.308 -5.945 2.792 22.173 8.382 -2.63 -24.818 -3.375 -9.12	6.977729716749 1.617860315355 2.433861540844 17.96616909639 -3.310673949515 -10.79469212159 5.13076680429 11.38300496354 -6.000508145149 -11.88222235106 6.902776397943 2.67003520576 10.68791899763 -10.96086221517 -19.02895058851 -10.6214509602 0.007778174593052 -3.940706091553 23.61736649163 -7.739990826868 9.012783033004 -2.841155046808 -15.97637061413 -12.25698894509 -8.036975674966 27.06097651601 -0.356381817718 4.416588955291 4.340928529704 17.23855621855
dwt	haar	reflect	8.038 4.005	8.51568696583	2.851761648525
idwt	haar	reflect	10.196	-1.969	5.817367488822 8.601953993134
dwt	haar	reflect	-0.666 2.94 -9.963 14.546 -0.354	1.607960820418 3.240670378178 10.0352594386	-2.549827052959 -17.3304801001 -10.53589103968
idwt	haar	reflect	-5.794 6.501 2.165	-3.45 13.382 -15.705	-6.536495085288 -1.657458295101 14.05940413033 -4.865601761345 -9.574225817266 12.6359981798
dwt	haar	reflect	-5.406 10.813 -7.703 9.073 2.976 9.009 13.669 2.658 8.703 -4.672 -22.954 -4.643 -1.278	3.823326365876 0.9687362902256 8.474674772521 11.54493241643 2.850347434963 -19.51402584041 -4.186779251406	-11.46856488406 -11.86242336119 -4.265975210898 7.785952767645 9.45755319837 -12.94783227031 2.379414318693
idwt	haar	reflect	27.926 12.33 -21.309 2.086 -3.099 11.251 0.491	7.95 -5.441 4.54 -6.238 6.655 10.065 -7.571	25.36816288185 14.12516506098 4.871258615594 12.56599460847 -11.85747361372 -18.27800318689 -2.935907355487 5.885956846597 2.514471713899 -6.897119543694 15.07268814777 0.8386286424872 -5.006316010801 5.700694869926
dwt	haar	reflect	6.726 -2.57 14.392 2.984 -20.303 0.623 -11.375 8.766 -7.247 -6.302 -6.19 3.659 4.856 8.53 -12.459 -8.998 12.96 -4.594 -11.831 -0.682 -3.488 -10.836 -4.136 -5.38 -4.154 10.874 17.799 1.813 10.986 9.943	2.938735782611 12.2866874299 -13.91586145375 -1.844841592116 -9.580589778297 -1.789687263183 9.465331372963 -15.17239020392 5.915655331407 -8.848027152987 -10.12859753372 -6.728828129771 4.751757569574 13.86777819263 14.79903782345	6.57326463791 8.066674159776 -14.79691650311 -14.24183767988 -0.6682159082213 -6.964294687906 -2.597910314079 -2.447296569687 12.41255243695 -7.883533503449 5.195820628159 0.8796408357961 -10.62640070767 11.30380900405 0.7375123727776
idwt	haar	reflect	4.374 10.559 -10.098 -10.348 -2.331 -11.486 5.351 17.159 -10.93 -3.919 -10.561 3.271 -4.975 -18.906 0.805	-5.379 6.221 -3.236 0.762 8.768 -28.107 -6.6 -6.252 -9.042 7.858 0.439 -0.962 -2.414 -2.477 -20.563	-0.7106423150925 6.896412436912 11.86525178831 3.067429216787 -9.428561820341 -4.852166732502 -6.778325604454 -7.855956338983 4.551646350498 -7.848178164389 -27.99647878752 11.7528218101 -0.883176369702 8.45063314196 7.712413662402 16.55407685436 -14.12233663386 -1.33501760288 2.785293611094 -8.327596562034 -7.15733483917 -7.778174593052 1.63270955776 2.993183004763 -5.224812006187 -1.810900466619 -15.12006430211 -11.61705730811 -13.97101578268 15.10945770039
dwt	haar	antisymmetric	-10.357	0	-14.6470098655
idwt	haar	antisymmetric	23.217	-18.204	3.544726294088 29.28906998353
dwt	haar	antisymmetric	-7.809 6.328	-1.047225142937	-9.996368565634
idwt	haar	antisymmetric	0.07	14.955	10.62427938733 -10.52528443796
dwt	haar	antisymmetric	-3.529 8.333 1.792 -7.376 -9.425	3.39694097682 -3.948484266146 0	-8.387700638435 6.482754969918 -13.32896282537
idwt	haar	antisymmetric	-4.498 -15.7 8.643	-1.84 11.068 14.493	-4.48164277916 -1.879489824394 -3.275318610456 -18.9278343188 16.35962248953 -4.136574669941
dwt	haar	antisymmetric	-8.312 1.756 6.705 -1.413 10.224 4.625 7.241 -0.07 -4.753 -3.535 -9.708 -4.607 -2.556	-4.635792057459 3.742009086039 10.49982859384 5.070662727889 -5.860501002474 -10.12223357269 0	-7.119151072986 5.740292849672 3.959090867863 5.169657677255 -0.8612560594852 -3.606951690833 -3.614729865426
idwt	haar	antisymmetric	19.176 -3.196 5.395 -15.219 -10.653 3.314 -2.988	-6.864 -32.551 -13.789 -9.366 2.534 17.492 -5.64	8.705898689969 18.4130605821 -25.27694610708 20.75711956173 -5.93545432128 13.56513649028 -17.38422021547 -4.138695990285 -5.740999956454 -9.324617123507 14.71206368937 -10.02535994366 -6.100917308078 1.875247183707
dwt	haar	antisymmetric	-16.251 -2.642 4.216 -5.445 0.628 19.205 -1.233 -2.644 3.831 -25.423 13.793 12.32 -2.499 -13.17 -12.127 9.905 1.362 -0.308 4.207 -1.204 9.639 18.008 -7.806 -12.433 2.898 -7.369 -8.06 14.112 -3.592 3.784	-13.35936841696 -0.8690342340783 14.02404879127 -2.74145299066 -15.26784961938 18.46467937712 -11.07965615441 -1.571191267797 0.7452905473706 2.123441663903 19.54938117946 -14.31113414443 -3.161474418685 4.279410239741 0.1357645019878	-9.623016185168 6.831358613043 -13.1359226741 0.9977276682542 20.68570177683 1.041568288688 7.545536462042 -15.5789766031 1.180868324582 3.826154793 -5.91777665175 3.27178307655 7.259865322442 -15.67797155247 -5.215619618032
idwt	haar	antisymmetric	-10.604 -15.56 0.563 -8.651 -3.545 -6.059 -8.018 -12.068 4.499 -3.206 -19.118 -6.113 0.182 4.869 -3.546	-4.381 4.823 -8.585 -3.842 8.867 -0.966 -0.532 -19.329 10.558 7.058 3.152 9.937 1.748 0.236 -2.24	-10.59599511608 -4.400325499324 -7.5922055096 -14.41295752093 -5.672410598678 6.468612834295 -8.833885017364 -3.400476510726 3.763222289475 -8.776609368087 -4.967425137835 -3.601294836583 -6.045762979145 -5.293401363962 -22.20103160891 5.134302338196 10.64690680433 -4.284359987209 2.723775321131 -7.257744002099 -11.28966686842 -15.74726801702 2.703976331257 -11.34906383804 1.36471608769 -1.107329219338 3.609780117957 3.276025717237 -4.091319835945 -0.9234814562296
dwt	haar	antireflect	1.319 4.561	4.157787873377	-2.292440184607
idwt	haar	antireflect	-11.717	-10.332	-15.59099741838 -0.9793428919434
dwt	haar	antireflect	-8.792 -6.162 12.733 -15.292 7.216	-10.57407480586 -1.809486253056 26.12052449703	-1.859690834521 19.81666754275 -15.91555943095
idwt	haar	antireflect	-7.77 17.442 8.767	4.974 4.387 -4.694	-1.977070560198 -9.011368819441 15.43543392652 9.23127902839 2.880045919773 9.518364381552
dwt	haar	antireflect	-4.783 -2.23 -4.81 -0.118 -2.951 14.563 -5.908 13.361 6.602 1.719 -10.202 13.961 -21.193	-4.958939856461 -3.484622217687 8.210923943138 5.270066840183 5.883835526253 2.65801439048 -54.8290598132	-1.805243612369 -3.317745017327 -12.3842681657 -13.62524056668 3.452802412534 -17.08582115381 24.85763178583
idwt	haar	antireflect	-0.011 10.501 -14.786 -8.231 -0.446 12.218 -3.283	-13.51 19.559 2.579 14.707 0.271 6.529 -3.993	-9.560790788423 9.545234439237 21.25562984247 -6.404973223988 -8.631652477944 -12.2789092553 4.579223514964 -16.21961534686 -0.1237436867076 -0.5069955621108 13.2561308269 4.02273047817 -5.144908939913 0.5020458146424
dwt	haar	antireflect	1.983 -4.636 0.265 2.416 -13.052 3.743 14.624 -8.008 9.604 -10.457 -13.916 4.424 -0.277 0.708 -9.139 -12.507 7.766 4.823 11.09 -3.325 7.249 6.374 -3.453 5.84 -7.826 9.31 11.171 16.358 -12.496 -0.99	-1.875954290488 1.895753280361 -6.582457026066 4.67821846433 -0.6031620843521 -6.711857567023 0.3047630226914 -15.30603338556 8.901767268357 5.490684155914 9.632915680104 1.687863886692 1.049346463281 19.46594257928 -9.536042051082	4.680339784674 -1.520986686332 -11.87585839003 16.00324067181 14.18526913738 -12.96833836696 -0.6965001794687 2.381535639036 2.081015257032 10.1929442508 0.6187184335382 -6.571143317567 -12.11698180241 -3.667762874015 -8.135970624332
idwt	haar	antireflect	-0.231 -2.31 -8.74 6.524 4.079 8.434 3.704 3.245 -3.903 4.794 5.476 -5.208 -10.335 15.459 -9.348	-19.749 2.402 10.636 -6.807 7.701 14.696 -3.858 -1.229 -7.103 7.78 2.828 -2.77 6.594 -2.059 -5.649	-14.12799348811 13.8013101552 0.06505382386916 -3.331887152951 1.34067445713 -13.70090099227 -0.2001112190758 9.426440499998 8.329717882378 -2.561140761458 16.35537984884 -4.42790266379 -0.1088944443027 5.347141479333 1.425527270872 3.163595739029 -7.782417233739 2.262741699797 8.89116066664 -2.111420848623 5.871814710973 1.872418756582 -5.641297900306 -1.723926332533 -2.645286468419 -11.97061069871 9.4752308679 12.38709659283 -10.60448039745 -2.615587983609
idwt	haar	symmetric	-3.822 0.774 -18.068 0.871 6.915 0.369 4.831 13.055 -3.463 6.173 12.052 -3.499 -16.733 7.086 -11.277 4.015 11.116 -11.604 3.141 1.333 -28.682 -10.413 -16.062 14.894 0.217 21.22 3.938 8.744 -16.064 -2.62 4.083 -10.104 -0.569 -8.972 -10.73 -9.094 -19.882 -3.73 -6.747 7.311	-	-2.702562117695 -2.702562117695 0.5473006486384 0.5473006486384 -12.77600532248 -12.77600532248 0.6158900064135 0.6158900064135 4.889643391905 4.889643391905 0.2609224022578 0.2609224022578 3.416032859912 3.416032859912 9.23127902839 9.23127902839 -2.448710783249 -2.448710783249 4.364970160265 4.364970160265 8.52205092686 8.52205092686 -2.474166627372 -2.474166627372 -11.83201776959 -11.83201776959 5.010558651488 5.010558651488 -7.974043171441 -7.974043171441 2.839033726464 2.839033726464 7.86019897967 7.86019897967 -8.205267088889 -8.205267088889 2.221022399707 2.221022399707 0.9425733393217 0.9425733393217 -20.28123669799 -20.28123669799 -7.363102912496 -7.363102912496 -11.35754911942 -11.35754911942 10.53164839899 10.53164839899 0.1534421715175 0.1534421715175 15.00480589678 15.00480589678 2.784586504313 2.784586504313 6.182941694695 6.182941694695 -11.35896333298 -11.35896333298 -1.852619766709 -1.852619766709 2.887116987585 2.887116987585 -7.144606917109 -7.144606917109 -0.4023437584951 -0.4023437584951 -6.344162040806 -6.344162040806 -7.587255762132 -7.587255762132 -6.43042906811 -6.43042906811 -14.05869702355 -14.05869702355 -2.637508293826 -2.637508293826 -4.770849452666 -4.770849452666 5.169657677255 5.169657677255
idwt	haar	periodization	-	-3.822 0.774 -18.068 0.871 6.915 0.369 4.831 13.055 -3.463 6.173 12.052 -3.499 -16.733 7.086 -11.277 4.015 11.116 -11.604 3.141 1.333 -28.682 -10.413 -16.062 14.894 0.217 21.22 3.938 8.744 -16.064 -2.62 4.083 -10.104 -0.569 -8.972 -10.73 -9.094 -19.882 -3.73 -6.747 7.311	-2.702562117695 2.702562117695 0.5473006486384 -0.5473006486384 -12.77600532248 12.77600532248 0.6158900064135 -0.6158900064135 4.889643391905 -4.889643391905 0.2609224022578 -0.2609224022578 3.416032859912 -3.416032859912 9.23127902839 -9.23127902839 -2.448710783249 2.448710783249 4.364970160265 -4.364970160265 8.52205092686 -8.52205092686 -2.474166627372 2.474166627372 -11.83201776959 11.83201776959 5.010558651488 -5.010558651488 -7.974043171441 7.974043171441 2.839033726464 -2.839033726464 7.86019897967 -7.86019897967 -8.205267088889 8.205267088889 2.221022399707 -2.221022399707 0.9425733393217 -0.9425733393217 -20.28123669799 20.28123669799 -7.363102912496 7.363102912496 -11.35754911942 11.35754911942 10.53164839899 -10.53164839899 0.1534421715175 -0.1534421715175 15.00480589678 -15.00480589678 2.784586504313 -2.784586504313 6.182941694695 -6.182941694695 -11.35896333298 11.35896333298 -1.852619766709 1.852619766709 2.887116987585 -2.887116987585 -7.144606917109 7.144606917109 -0.4023437584951 0.4023437584951 -6.344162040806 6.344162040806 -7.587255762132 7.587255762132 -6.43042906811 6.43042906811 -14.05869702355 14.05869702355 -2.637508293826 2.637508293826 -4.770849452666 4.770849452666 5.169657677255 -5.169657677255
dwt	db2	zero	6.885	1.543230531469 3.325199657	5.759414751235 -0.8909845627654
idwt	db2	zero	-10.066 0.227	-18.02 2.896	-17.59539336509 9.546396507964
dwt	db2	zero	-9.635 4.321	-2.718804715529 -1.038760719697	-10.14671733421 0.2783350959719
idwt	db2	zero	-19.785 -0.476	14.695 2.718	7.276295225265 -5.5441773989
dwt	db2	zero	24.697 1.696 -6.039 -1.211 -0.318	5.316202558787 12.14957682977 -4.000912026344 -0.15358220638	19.84033805272 -8.043028849102 0.7869301462973 0.0411522281713
idwt	db2	zero	6.969 8.404 -25.579 -3.824	3.15 -6.352 -0.098 16.274	9.077914582471 6.03065672735 -15.77087271643 -19.39506163747 -9.768215348277 -3.489059111182
dwt	db2	zero	20.027 20.099 -8.05 -13.605 5.125 10.225 -0.505 -14.755 19.306 -8.578 6.695 -1.921 -0.467	1.88792725152 26.44169786694 -15.44313080754 12.82480898747 -7.149297931926 3.897684037068 1.521813697647 -0.2255436804385	7.045840423665 -7.259997923668 3.440074251003 3.748582196255 23.66523421076 5.952574267365 -0.8264694968175 0.06043424703144
idwt	db2	zero	3.408 -18.438 -1.258 -17.985 1.235 -0.538 4.024 -7.608	-8.547 -5.908 4.251 12.373 6.324 9.646 5.504 -3.398	-14.52614127909 -10.41258927013 -10.23259018654 3.234224574509 -7.013214194239 -19.70835596642 6.097062136532 -4.032658047634 4.058828480069 -5.826215745621 9.17961961522 -2.456584180522 2.2714923752 -8.781546967924
dwt	db2	zero	-2.901 -0.224 4.927 6.457 9.611 8.643 -2.702 8.356 -6.746 13.614 16.416 -5.686 -12.17 -1.909 18.584 -2.721 7.685 -4.406 -22.792 -4.138 1.771 2.82 -3.826 19.204 -8.06 0.153 14.462 12.591 1.95 -5.867	-0.6212536281384 -1.31969551234 8.816704258639 10.18478426955 2.411108668892 12.54563343002 0.6910993836066 -2.95695532225 8.991945897671 -4.547311282849 -14.43717124455 -0.1284516144836 12.39024375792 -2.152520764292 18.71351264175 -3.966063473398	-2.318550104599 1.428649549705 1.780612063359 -9.476935527663 -13.74147771599 14.29988078591 -10.10833190381 18.86276560887 6.76151128739 -17.07431335841 3.996524122798 -13.33660113445 -10.62555274244 7.025459485206 -0.2289657539456 1.062703504828
idwt	db2	zero	-23.42 17.074 2.76 14.465 1.4 -2.093 -3.429 -3.38 6.78 0.763 1.077 -1.405 6.159 8.45 16.014 -11.688	-22.47 -0.205 -14.759 10.675 9.463 -1.864 10.415 -1.761 5.082 -6.693 3.978 -6.206 -5.684 4.669 -30.088 17.957	-15.77333300338 28.21157653948 6.898479344296 3.506393555903 -6.122895165669 16.47835189508 11.62359836013 -7.977488439571 7.460133170354 -6.084475832351 -5.032279512523 -4.031775790373 6.539203502697 -7.019021242584 0.3861178726502 5.820383278224 7.005509918085 -1.193357238941 -5.422421872853 3.143015064024 3.693617406135 -1.84486908596 -1.796210007357 9.605225878831 0.1025669681045 7.970162995617 17.42755211273 16.79154848268 -29.54833996932 -1.343129959961
dwt	db2	constant	-6.99	-9.885352800988 -9.885352800988	-5.551115123126e-16 -5.551115123126e-16
idwt	db2	constant	-5.574 -11.512	-7.414 1.172	-13.16284681293 -5.590656585221
dwt	db2	constant	11.576 -4.419	18.44084151124 1.47558206362	7.724991795747 -2.069905313207
idwt	db2	constant	12.298 9.701	8.761 -7.24	15.70738878991 3.91512987679
dwt	db2	constant	0.316 20.125 -7.61 -4.663 2.061	-2.116581746508 15.88520866113 -7.380775807303 2.914694152051	-9.56701234648 -8.665621760923 2.758662861308 5.551115123126e-17
idwt	db2	constant	7.502 -13.773 -17.415 8.054	14.187 5.929 6.053 7.038	6.130066837233 -20.67291313196 -7.321543302096 -17.00580402079 4.138966807324 4.490070088991
dwt	db2	constant	5.857 19.93 13.253 19.986 -7.085 -30.5 -1.419 7.701 13.733 -9.651 -12.831 -4.406 5.199	6.461868623955 19.88468368123 25.47825346714 -30.25018238555 10.0837867233 -3.746500775646 -9.39006411062 7.352496310778	-6.796737076683 -3.79128507233 2.608847089866 2.846940413427 14.6064536587 -8.219374600668 4.486155544143 2.22044604925e-16
idwt	db2	constant	-8.069 7.265 -10.495 -9.962 8.032 2.61 -4.908 -2.111	-5.956 5.793 12.658 7.044 -9.502 -20.406 20.818 -10.363	-4.031851776438 8.699558067243 -0.2324173610274 -15.35441602659 2.513396260015 -14.66743643973 8.768307031754 6.735900889223 -2.246990449515 10.30688363959 -21.54936561667 0.7457332881248 16.63603447941 -8.862263001832
dwt	db2	constant	-11.336 -19.754 9.545 2.243 0.084 9.395 4.546 -8.832 -2.376 3.888 -10.073 -4.166 6.965 -8.893 2.459 6.637 6.625 4.455 9.481 -16.037 8.336 -8.831 8.427 15.738 9.929 2.346 1.654 0.884 6.608 -10.68	-14.94215558222 -20.15022298606 5.289212695795 10.06154248561 -6.228272645604 0.3861743954625 -5.637811420516 -4.383024028746 7.647998214143 11.1267579588 -5.824961805871 -3.509083324257 19.15695178318 7.014141952987 4.401537451714 -6.754338003702	4.065581802851 12.79598662194 -6.205137788249 5.951629525536 -2.473979590958 -6.978199564756 12.35865071705 -0.05645716972091 1.584459866056 13.82038829481 13.60590892242 0.3491092832215 2.554629143791 -0.8540899126755 10.27355711783 -2.237231825866
idwt	db2	constant	2.685 14.456 -12.678 2.88 7.628 -2.106 -3.906 -6.586 -18.048 6.18 -6.741 1.513 -1.416 6.08 -9.515 -7.46	-7.759 -7.638 1.454 4.481 -9.258 -1.087 11.284 -16.992 -4.237 3.693 -13.002 -2.679 7.567 4.267 8.99 -7.05	2.081438090655 17.20453522598 -9.46025303017 -9.113132210324 -0.8143521340978 2.343204133261 9.276078358256 5.919214056497 -6.911150258649 1.966075860761 -4.72805039947 -4.999154948305 7.581876884026 -6.644923687485 -23.85850305742 -5.088951745291 -5.082866672908 8.723804378419 2.901393428908 -5.307970718824 -11.30992779717 9.017963978263 -3.565014847524 -1.782542698873 8.396755232429 0.6582607619585 -0.8265739405614 -12.82211865126 2.696986468111 -7.770702338282
dwt	db2	symmetric	6.776	9.58271109864 9.58271109864	-1.110223024625e-16 -1.110223024625e-16
idwt	db2	symmetric	3.066 -15.083	7.969 -11.857	1.603302613835 -14.20500261689
dwt	db2	symmetric	11.363 -6.303	9.823834511025 -2.667913885417	10.818171449 -10.818171449
idwt	db2	symmetric	8.594 -5.62	-1.19 4.435	-2.357344803882 -6.232719251936
dwt	db2	symmetric	-20.362 -5.014 2.362 5.207 -2.321	-23.36987911822 -14.172791152 5.276620378526 -2.201059433755	-9.398692143059 3.219957673237 -2.293379832728 4.035579412282
idwt	db2	symmetric	-8.061 -1.452 -15.01 7.964	-8.254 -11.388 -12.904 20.311	-7.938975798411 6.367474742616 -15.43107741066 -3.975872964256 -12.940926015 10.28402010388
dwt	db2	symmetric	5.384 9.353 31.075 -9.794 -13.512 -3.421 -0.134 4.328 3.119 2.756 -8.411 -5.178 5.003	9.017379227081 18.6569168765 4.229309878822 -9.977636849415 3.898177612488 2.596608692868 -7.919726552723 6.529201067519	-2.430506197277 27.93172444278 -11.47692803991 0.3130209684939 0.3252947778679 -5.556525467637 4.017908056038 -2.038107971434
idwt	db2	symmetric	3.353 -1.548 4.112 15.783 -12.729 13.911 -2.744 -16.065	9.768 -2.529 14.339 9.135 7.602 -12.711 4.881 5.179	8.50229573744 -5.879559260618 -2.332184084894 1.647495265367 19.35693453434 3.69784541902 4.047832992101 -18.80629442114 11.86949117061 12.46164075481 -9.47179150172 0.9492787634 -4.961025812323 -16.60171776132
dwt	db2	symmetric	-22.926 1.292 15.277 5.267 11.49 -8.52 2.086 11.288 7.317 0.565 -4.283 -6.993 -0.597 2.699 -12.035 2.266 0.308 2.809 -13.094 15.939 16.03 -1.849 -13.627 8.882 4.97 9.87 13.125 4.455 5.326 -1.104	-23.85990411758 -7.248982765522 15.46213797184 -2.571085617638 12.01700097563 3.951423951467 -8.401378859623 -1.021384785346 -4.211387752914 -2.499071313639 10.84162139247 1.991352982987 0.6853252289665 13.02211044131 11.40222672226 0.7120565286549	-14.83043564768 12.91294274517 10.56886132095 -3.283922012374 3.047831502023 -1.278970439241 0.3187819183963 -11.68957449155 -0.04946220255054 -19.32076861203 12.42421395089 -17.34887690007 -0.8367401953028 5.972211403845 2.291415974207 -3.937554761524
idwt	db2	symmetric	-5.965 7.848 -14.579 0.458 7.342 -6.593 -5.174 -20.949 9.898 -11.31 11.339 3.926 -16.538 -7.032 0.714 1.491	4.101 -8.339 -14.606 -16.97 3.928 11.309 13.843 -21.271 19.126 -2.286 4.084 3.413 -0.307 5.174 7.784 -1.634	6.962974139671 7.225412562549 -10.36758920483 -5.909904055842 -13.06867397266 13.12766364645 -11.05543067914 13.39787666311 0.2838335433525 -10.89719803163 3.692116223683 -12.03958952342 3.055254706116 -18.77250656686 -20.18384780243 16.97696696765 13.05130645206 -19.46665064395 0.5004645641467 11.1375297305 7.412337600732 -0.9206351266438 -4.212492963571 -15.92190867183 -8.029461869839 -4.753658722846 2.089467471914 -2.736305578 7.603034493424 -2.238284825765
dwt	db2	periodic	2.761	3.904643645712 3.904643645712	1.110223024625e-16 2.22044604925e-16
idwt	db2	periodic	-11.504 -0.278	15.581 9.765	9.057261793016 -8.457634406145
dwt	db2	periodic	6.947 -3.882	2.167282284337 2.167282284337	7.657259333469 7.657259333469
idwt	db2	periodic	-9.169 -5.846	-3.312 -13.404	-5.914513074023 0.9002791761911
dwt	db2	periodic	-2.681 1.408 -7.091 -19.156 -4.42	-13.73217794469 0.7725560312284 -20.0927652983 -3.144158795806	0.5469727187091 3.351252818149 2.808764368243 5.775424772668
idwt	db2	periodic	-8.872 -9.802 19.908 -8.836	-8.222 14.261 -14.297 -8.093	-15.44595312235 -6.277006155436 21.19749443185 14.2388894919 -10.7175665041 -1.248825741486
dwt	db2	periodic	12.371 -29.347 20.606 -2.575 -9.981 3.845 6.16 -6.119 13.906 -19.004 -13.428 12.072 8.525	19.53229482671 -13.62257170184 5.063144744994 0.5685354474062 3.432651477955 -13.75310918235 3.923100092595 5.221239310977	21.0489975743 23.45790934812 -12.29570379013 8.537993768519 21.38519659081 -14.6030079664 0.1884135846689 -38.37727772535
idwt	db2	periodic	-7.929 -1.889 -4.539 -7.143 3.792 5.911 -5.454 2.694	7.907 -7.399 4.22 12.493 3.519 -16.125 -2.588 -3.579	4.882281798376 -2.714438468043 -9.351068746017 -0.9249374433475 -2.553807469093 -10.22617897166 10.22554178996 -2.725975902197 8.735176751205 6.368700342702 -14.4630788777 3.040561696562 -1.623126081152 5.011493381205
dwt	db2	periodic	-13.12 -5.233 1.185 -3.465 -4.037 9.902 14.956 4.094 3.908 5.724 8.186 8.048 3.851 -2.032 -11.218 8.985 3.823 7.622 -0.992 4.356 13.691 9.535 11.057 -0.978 0.288 14.557 17.031 5.846 0.124 -14.417	-14.26373566696 -9.999948758646 -4.512499827963 9.155956264359 10.78310520572 7.468992253463 11.81195580514 -3.517101422494 1.968763656068 7.43623588671 4.999599709079 17.193349462 2.702746999801 15.37712730029 15.00910661167 -14.26373566696	-5.232313615789 5.535536111312 -7.536006865604 8.836641333476 -2.348467814873 1.172105022608 1.339548723597 -13.76635740142 -1.045358125175 -5.136767789895 5.999696894821 5.812740944454 -8.001242819073 8.123175749133 3.552285709324 -5.232313615789
idwt	db2	periodic	-18.906 6.898 22.482 13.33 -5.59 10.889 -1.062 2.598 4.314 7.098 -13.914 1.693 5.993 -12.508 2.491 -8.438	0.482 -1.896 -7.972 8.956 -14.488 14.583 -19.233 -4.413 9.569 12.694 -6.55 -17.454 -5.222 10.79 17.304 8.944	-0.2576244811725 8.40909454621 11.84973441696 20.61646525343 3.64939841617 10.08412530423 9.654800255521 -7.479174563432 -10.00060833704 13.56070192044 16.61564656999 -5.029609753965 -14.50093698628 12.58867486824 -2.264038393209 3.25900805715 10.75692743543 -2.087434333161 6.337397534228 -17.22042552506 -5.521549550856 10.29244035291 -10.65090673161 14.39426585156 -10.46222280288 -11.13517719953 5.186177654277 -5.387338904746 9.80074066436 -17.74281669644
dwt	db2	smooth	11	15.5563491861 15.5563491861	1.33226762955e-15 1.33226762955e-15
idwt	db2	smooth	-6.975 -24.296	-7.983 2.225	-20.26331625777 -16.06459586658
dwt	db2	smooth	-8.602 -2.818	-23.33889502205 -6.979272532513	0 0
idwt	db2	smooth	-6.061 -10.073	-12.722 -8.383	-15.78074179691 0.3813746154532
dwt	db2	smooth	6.277 -8.737 -4.032 28.711 3.118	37.88183924282 -8.896309617864 25.67727273071 -18.53653817172	-8.881784197001e-16 -16.09314053393 7.54923390755 -2.609024107869e-15
idwt	db2	smooth	-4.638 -6.496 3.28 1.64	-9.759 -5.007 9.467 11.625	-11.69251547253 1.001714873176 -5.285477294495 3.880643042114 7.942165212562 -6.230458860566
dwt	db2	smooth	-9.158 -0.414 3.187 6.232 2.763 9.365 -17.974 -9.212 4.306 1.337 -1.605 11.705 -2.185	-29.84347865436 -4.861425745415 6.159761737793 6.331760351078 -15.59462062675 1.323571232428 10.60677158299 -15.5434899422	0 0.9340805541895 -4.02094586838 -13.04315552252 7.34713785976 -7.852607321534 3.519939013394 1.165734175856e-15
idwt	db2	smooth	5.976 7.63 4.752 11.235 12.914 -3.998 -2.564 -0.364	-18.918 19.167 5.849 -17.784 4.697 2.912 19.409 8.619	-13.28111697014 10.44979496286 19.28184917276 -7.580236822123 13.68542279973 9.944631091607 -6.729203055296 16.88506425978 4.51598473413 -7.936770503349 -2.210218040447 -7.384244869528 14.37006088633 -11.27840909862
dwt	db2	smooth	1.796 12.495 3.607 -0.615 -2.762 -11.849 -0.103 2.765 1.138 0.011 11.74 3.525 2.344 11.704 -13.281 -4.921 9.572 -5.866 -2.327 -0.675 9.057 -3.41 16.787 1.588 6.105 8.376 2.09 -4.522 -5.427 12.091	-18.12895327291 12.20774639561 2.141877770091 -11.62672939736 2.516874616865 2.73409391832 7.629488745743 8.582621436367 -7.626105815982 -0.7183149863182 0.782854280846 5.078875299614 9.7203504668 11.00879969004 -5.554453546062 8.031272118441	0 0.2812393654791 3.083237857929 1.591756159587 0.3402143472956 7.968523517836 -6.001178649082 -11.65982828678 13.66189435152 -1.544453492352 9.675664766681 12.86792262905 -1.466703443698 1.264803194156 -9.636165894062 1.110223024625e-15
idwt	db2	smooth	-3.304 -12.333 8.653 -11.308 0.816 -18.704 27.104 -9.812 -3.978 13.497 -6.235 21.83 -1.073 10.704 -22.144 5.857	-4.624 2.54 1.032 -6.354 -15.198 4.907 0.674 -14.574 6.812 -18.199 -2.652 -8.769 -11.301 1.348 -1.821 20.284	-10.89370452359 -8.225291425935 3.405912547099 7.376340946661 -1.836274799923 -9.653314550129 -5.488979792909 8.621245041483 -22.1988242425 -9.511602722025 12.91540337425 22.57244162445 3.786189666018 -8.77425794212 -17.19345238001 3.45393784607 13.68037909361 12.59450252241 -14.86657013441 2.421552114685 8.061894242443 22.31435450822 -1.498113019572 3.045559766903 -4.69878613305 14.24874488023 -6.932216067146 -20.15188458257 -6.282966976171 4.098061703839
dwt	db2	periodization	16.353	23.12663438549	0
idwt	db2	periodization	1.507	0.638	0.6144757928511 1.516744045645
dwt	db2	periodization	-1.149 0.583	-0.4002224381516	1.224708945015
idwt	db2	periodization	-3.917	20.597	-17.33401563401 11.79454111019
dwt	db2	periodization	-2.2 -2.427 2.33 -12.609 -10.44	-7.727990036735 -0.6982626191993 -16.87827061561	-1.311376731671 -5.713679561907 -3.698925149897
idwt	db2	periodization	6.414 6.794 -6.338	-3.663 -7.852 6.212	4.006486498288 2.670873152006 8.382329892665 -8.91040347507 -3.78120554357 7.347566649183
dwt	db2	periodization	12.18 -7.868 3.074 13.913 -2.074 -22.752 -0.954 26.468 0.459 0.662 0.786 14.417 6.593	11.21157423981 2.158407902909 0.008263595449705 -5.913167825145 13.21369072444 3.355508426621 12.37960084667	-11.64960756775 12.96929228884 -19.90727262844 25.0773922574 -3.353928334975 8.614034880416 -3.71081390018
idwt	db2	periodization	12.518 8.222 -7.427 12.148 2.305 15.724 13.428	12.128 9.427 -1.075 -5.563 7.88 9.249 -4.584	8.229285183613 15.70208017467 -2.712489808613 6.280899759196 -11.58874840635 4.022967108366 12.88922205134 -1.837158011625 1.276572205815 13.5056002615 6.976239019393 18.33981672344 5.758457101426 3.651464180976
dwt	db2	periodization	18.804 -10.877 -9.121 -11.244 -11.215 -1.002 -10.833 -21.741 12.391 3.824 9.812 7.235 5.291 0.256 11.135 -14.826 -9.01 -2.293 8.962 -1.2 8.842 1.768 10.796 9.303 10.814 13.429 -18.601 14.171 -2.877 8.132	18.39963838767 -13.95199866952 -13.6346641398 -16.0225351864 -0.5474632589404 10.99172325361 6.536650236288 7.281070358481 -16.37115007748 4.976213514209 5.816102815111 10.57068427312 18.95626582252 -5.525676854806 3.826731309181	-9.960842637014 -0.5373566511107 8.362602053407 -21.61327555224 -1.503867997402 0.8026770366311 -7.285866965576 -10.57966568021 -2.308283679669 -6.986218952692 -5.561695439466 -0.08930300432437 16.589382013 15.67521645249 -3.468084472491
idwt	db2	periodization	1.245 0.245 -2.179 13.806 -12.564 11.087 5.402 -16.647 -22.167 -9.668 10.191 5.477 4.94 1.328 9.253	5.712 -1.153 -0.863 2.027 -12.971 9.517 -32.947 3.7 -4.924 -0.588 -11.048 -1.241 -3.841 14.33 12.002	-7.23279417183 5.324775335885 -2.45641464119 -1.85028382032 -1.104181961894 5.195149818073 11.79338481257 0.400773666129 -10.36821442108 -9.54357714195 15.03169225512 17.31882992396 5.872607672249 -34.86857633264 0.4582896384723 -10.7048390541 -17.07205495544 -13.68079604751 -2.708912759411 3.692696950174 12.53639256247 -4.1517968717 8.876724155913 3.072417999381 4.883908157813 -3.318852124033 -0.8853104696933 15.20062443499 -2.042603737064 11.97597352251
dwt	db2	reflect	-14.234 -16.796	-21.94152342022 -21.94152342022	1.8116075734 1.8116075734
idwt	db2	reflect	-2.036 9.602	-11.058 -0.018	-5.066814938646 13.64034581958
dwt	db2	reflect	8.666 1.938 -1.378 12.917 -8.736	2.647280808078 3.826072148998 6.510054567058 6.026451181284	6.057203668328 -8.947005154333 -16.26317839996 -3.853446346716
idwt	db2	reflect	-10.608 0.722 3.695 -2.469	-9.81 -6.98 -7.932 12.209	-9.331965401159 8.279131363404 -2.866027630418 8.146484362087 -8.579432022215 -1.449237597618
dwt	db2	reflect	-11.082 -0.493 4.243 7.761 -4.978 -21.316 -10.852 -5.605 2.341 -9.766 0.415 12.946 27.356	-0.7833543482943 -5.817902413629 10.18411988137 -21.9424397942 -8.141253223573 -8.621118016343 15.48631365235 25.39830662264	-9.470754639082 1.345682763703 3.841994132523 -0.9488165055438 9.335578995921 -4.019242284512 13.67583066395 -1.378123338763
idwt	db2	reflect	-2.134 0.294 -4.644 -9.454 16.082 -7.657 3.649 -6.526	7.124 5.445 -10.881 8.916 4.925 -9.977 7 10.599	4.918375379599 -4.138995440307 3.785954817294 -4.113651748095 -15.86280470809 -4.050794582346 12.46899090628 9.266286939207 5.317596262307 -8.628678255171 -9.205727747784 7.292850614663 2.150087599948 -11.68776199537
dwt	db2	reflect	3.644 -17.789 1.371 6.171 4.4 -0.904 -17.268 -3.61 -7.689 18.428 -3.128 -11.058 3.5 1.665 -1.032 -2.419 5.729 -7.123 -2.738 12.036 3.165 3.357 3.884 -6.157 -11.798 6.56 29.338 -0.898 -16.421 -5.826	-11.09980012146 -13.61215659227 6.927503492058 -2.034521857682 -15.46782832362 12.43170908725 -10.19186859595 3.164895004961 -0.3160464159616 -5.362890026245 9.020945350747 6.004112065574 -6.767978750556 6.481693055108 10.49124772634 -16.36873468819	15.44956748593 1.682226683832 2.556657944824 -13.06824325901 -12.28821142382 -0.4115124859212 5.007049692046 -0.5211304077802 8.908301378509 -7.248133644875 -1.317204721104 5.060599876057 -12.16002885178 25.03180578777 -14.51802767081 -9.871837582648
idwt	db2	reflect	-10.002 4.3 -3.464 -1.934 -17.051 -2.806 -11.403 7.336 -5.594 -10.392 -2.405 8.456 2.959 -0.218 13.423 -7.428	-13.336 7.965 2.961 3.955 -5.512 -12.132 -7.516 -6.237 10.268 -1.722 15.51 -3.153 -8.249 16.85 15.785 -10.299	-12.3516747154 9.546861651371 5.570505864445 -7.964643019587 0.2546254807584 -3.486090129238 -4.646767603235 -14.68779879926 -8.217952566879 5.240702005072 -15.31214761776 -1.63170091677 -4.493025943196 12.64027495004 -7.603504284143 -4.918090008318 2.539381213388 -12.54224801069 -6.938451652612 -3.311807209033 16.92726448649 0.6007825992074 1.754411053998 4.75270965269 -8.523017654051 -0.3581464374227 18.48651822442 -0.4192664225398 13.95843314915 -13.26581901239
dwt	db2	antisymmetric	-0.679	0 0	-0.9602510088513 -0.9602510088513
idwt	db2	antisymmetric	-2.855 -4.698	-5.097 -1.512	-6.976946911267 -0.7599219112992
dwt	db2	antisymmetric	-4.37 -0.564	3.021445597723 -3.021445597723	-4.435680838383 -0.9468159800088
idwt	db2	antisymmetric	5.19 -2.81	-3.541 -7.009	-2.248891998772 0.258949811007
dwt	db2	antisymmetric	-12.657 1.464 5.86 1.467 8.117	6.854284672743 -3.764562425855 6.927124960056 -2.440272123713	-13.94237795805 5.503268650438 9.623053946866 2.371951935792
idwt	db2	antisymmetric	-0.96 9.659 -4.147 -2.053	1.473 4.204 7.635 -10.094	5.137911547343 6.550438927142 2.690831256842 -8.460714209284 5.772014218215 -2.605620319396
dwt	db2	antisymmetric	-6.371 -2.709 6.351 10.008 10.7 12.963 12.072 -9.443 -3.722 -21.038 2.377 -9.312 6.171	5.560341716118 -5.214672182228 12.15995637641 19.93934291245 -0.1806411101343 -17.65836651243 -4.459859002511 0.2130561609605	-5.799689819292 1.910896016988 -0.3750355021856 10.36878475482 7.601418873905 11.68295083999 9.922127511484 9.522248310974
idwt	db2	antisymmetric	1.763 0.425 -11.509 -3.827 16.015 0.334 -14.398 14.72	5.938 1.161 -3.975 -8.837 -2.145 -16.674 -1.035 -6.71	5.417414233358 -3.000694368218 -3.977560742682 -9.352213253497 -6.609531202472 2.188563242275 -0.2378586792456 18.64079070757 4.114420567185 2.980233246218 -20.69296996421 -3.802472004554 3.884534191369 16.18063026638
dwt	db2	antisymmetric	-17.479 -4.315 -5.369 1.231 -4.815 0.115 -9.948 -6.978 -5.341 22.139 14.179 -12.606 1.507 -2.367 -3.457 12.385 -11.896 -14.087 -1.431 -4.897 0.44 0.492 14.222 -3.084 -6.456 -9.369 -5.709 -16.464 0.65 -1.628	13.34604486355 -13.41400815926 -2.657411130487 -3.55603060278 -14.70387564642 20.7496018756 -3.053096230424 -3.629811269457 7.847228121004 -17.21636342876 -4.752586451271 4.210942762064 4.054247274718 -10.10436878035 -16.17326747894 -0.5989002421105	-17.01369626213 -1.856653545574 -3.664488112491 -4.354218675402 -12.30870767083 13.67805031916 3.394463265429 -8.537804156146 -5.476352478039 5.864984904398 1.41326696895 13.2191735229 -2.024872264363 6.111301601249 5.759102827718 1.956564463543
idwt	db2	antisymmetric	6.365 -1.25 10.502 2.371 -6.841 9.573 -1.723 -13.024 -3.79 12.282 5.149 -2.442 3.504 9.274 -0.451 -4.789	-6.325 14.39 -6.139 6.22 7.312 -7.602 -2.021 12.457 -10.234 -14.152 6.103 3.335 27.265 2.237 3.901 -12.232	-6.330196571998 -2.040026826196 17.62381134852 3.373039010804 -2.441236849672 2.195055814902 1.48438480266 -10.67240729472 10.19041416962 7.065777983398 -4.784076146521 1.444323872314 -9.978962737706 -12.48790784926 6.995181471255 -5.207347832958 -1.647259049945 18.87928180663 -7.388454019555 8.184755812132 4.648399586653 -6.404144904185 0.4063739625053 -4.474792695135 27.78252608959 -6.364992425851 3.227354382382 -3.532186031062 2.432189105192 -3.090023414217
dwt	db2	antireflect	-5.905 0.97	-21.63241119729 -2.186974714658	4.440892098501e-16 1.110223024625e-16
idwt	db2	antireflect	14.785 0.085	2.168 -9.053	6.340130690779 -0.8601050634157
dwt	db2	antireflect	-10.566 -0.9 12.201 -4.083 1.12	-35.27483618051 -2.592692399092 1.90991915623 3.191168080879	0.4445217099636 13.74734349279 -2.780622411059 -11.41124279169
idwt	db2	antireflect	11.979 -15.107 3.281 -5.046	-15.279 5.309 -10.455 1.304	-18.07926909363 -7.998237916708 3.992501518334 4.478973684241 -10.61614280167 0.1114397408477
dwt	db2	antireflect	-13.636 -6.256 10.503 -5.645 4.473 2.832 -1.726 -1.753 -12.797 -2.786 -5.812 -16.127 21.497	-38.07099049493 -8.734228478975 0.9865326960439 4.369289859473 -4.807841218046 -7.7267476126 -19.12987853303 64.85313181841	1.213731912008 14.67912867084 2.280090376335 -1.810817382176 -8.743079426311 5.207428619411 -6.203763101585 2.683446427674
idwt	db2	antireflect	3.659 7.395 -13.741 -8.045 18.572 -9.292 6.008 10.184	-4.457 -20.55 1.652 -4.059 -3.055 -9.294 -12.788 8.476	3.322665678539 12.47125081527 -22.38304405841 -2.896951753813 -5.058199341203 -4.839612186326 4.166276219045 19.22198638327 -1.67771667699 -6.617658337915 -5.300797192228 13.58327233569 -5.529094938683 12.01787593355
dwt	db2	antireflect	-1.28 0.108 0.775 4.461 6.209 -1.077 -5.476 -9.62 20.901 -2.687 -6.82 8.646 -8.575 10.602 -0.752 -18.777 2.28 -15.894 -6.455 4.795 -17.739 21.525 -1.599 -1.579 -10.053 5.531 21.464 -7.884 -9.024 1.801	-4.143387193239 -0.9314331503899 5.637078821122 2.115296454134 -5.659437381296 5.199152627466 0.6446794679226 6.988705288191 -13.5025717754 -14.26180201848 -5.868057976038 9.284665912795 -5.062199316377 5.60283416958 1.515480613739 -1.50804876331	-0.09330426575946 -1.364760769024 4.613882612052 -0.4967608344573 21.6466591681 -11.98325239595 -13.348875049 7.1728477266 13.88953508522 -4.448030981913 -25.47417079663 -3.104092368889 -10.51991727988 21.82387974673 -9.4290350679 5.778651255774
idwt	db2	antireflect	-7.301 4.663 -5.273 1.413 8.757 7.951 4.104 6.004 -7.629 -1.909 -5.566 -5.829 6.196 -10.978 -0.068 -1.689	21.452 5.05 -7.789 3.669 2.287 4.011 0.446 13.969 -13.383 13.065 -10.779 -2.133 13.21 -5.871 11.551 -8.121	17.90701134232 -6.646952497913 3.730897520696 -5.707493196467 -7.489913047967 4.803788228231 7.319240256289 4.857909661928 7.196917166551 3.51432470496 7.061797937582 0.3669953869654 2.384960415913 1.14488005515 11.07841960656 -10.90554920232 -15.51780287554 2.925408654352 9.20792853326 -8.302870674663 -12.80355431663 1.528195979351 -1.807885465748 4.006602521813 7.896972225163 -15.04908881753 -8.899489475693 1.610164073232 9.882568413786 -5.162508446843
idwt	db2	symmetric	14.137 9.201 -13.521 10.335 12.388 5.147 -0.274 -5.501 -8.195 -8.645 4.856 12.445 7.339 4.193 13.675 2.928 -2.701 6.381 5.748 19.803 -7.643 3.08 2.828 3.993 9.274 8.642 9.24 -5.44 7.52 -12.577 -3.418 4.485 -3.638 -3.278 -0.74 -16.793 4.329 -13.167 6.458 0.739	-	7.612463626353 5.867324090384 -4.467793818773 -12.50123395983 1.960772467553 10.39514215355 8.299471444249 9.025316555137 5.262504351259 2.702424249973 1.021336650611 -0.8952762797955 -2.718194405052 -4.566217977683 -5.190896491319 -6.143369325577 -6.012073382739 -6.171172408506 0.4075441670067 5.180868493406 7.098916077296 9.782032758508 6.333935257351 4.528691644981 3.670055342375 2.557776375569 7.544353075952 10.89674632556 4.479282805162 0.6796445164558 -0.6481895827764 -2.638341618426 2.476373761194 5.687345654562 4.206332846731 3.982533550485 10.85249352251 15.8216864273 0.7474354736723 -8.956190884551 -0.2256058109599 3.565547196372 2.056182231942 1.967086777513 2.562349771009 2.97423947105 5.374004521594 7.241119977317 6.252475727617 6.029029984762 6.399628625075 6.611053552649 -0.5562289067981 -5.746392680707 2.412538464698 6.994590406787 -4.388662670943 -11.4940251617 -4.469824665492 -1.231629161049 1.399964924486 4.194097370344 -0.7517338298514 -3.623648021641 -2.398587821225 -2.271308600611 -1.092136155169 -0.1948176498429 -8.276262662787 -13.95185524198 -1.673301525027 5.794453191084 -5.38885387262 -11.57462399444 0.1676721825782 7.106157472971 1.804430692629 -0.2175411481738
idwt	db2	periodization	-	14.137 9.201 -13.521 10.335 12.388 5.147 -0.274 -5.501 -8.195 -8.645 4.856 12.445 7.339 4.193 13.675 2.928 -2.701 6.381 5.748 19.803 -7.643 3.08 2.828 3.993 9.274 8.642 9.24 -5.44 7.52 -12.577 -3.418 4.485 -3.638 -3.278 -0.74 -16.793 4.329 -13.167 6.458 0.739	-3.525631455324 10.63513396895 -8.889994432979 9.446532665107 -1.413092524047 -12.64798435841 4.213614672413 7.042270833765 -7.768115944653 9.696693158133 -7.136613056847 4.341007624518 -2.424394694111 0.4826763163303 1.365347256301 -3.541165149554 4.493637983812 -5.736505786676 5.895604812443 -7.860096087322 3.086771760922 2.4516216628 -5.134738344013 9.460708914013 -7.655465301644 5.596579025074 -4.484300058268 1.737837640684 -5.09023089029 11.06044937158 -7.260811082879 2.798854857755 -0.8087028221057 -3.085192699795 -0.1257791935727 4.593964598526 -4.370165302281 2.245598938802 -7.214791843591 17.55460934378 -7.850982985556 -6.792075438926 3.000922431594 2.210500085737 -2.121404631308 1.848935883423 -2.260825583465 2.140065688685 -4.007181144408 6.639495106976 -6.416049364121 6.033429908528 -6.244854836103 8.433398449216 -3.243234675307 -5.523808301919 0.9417563598303 7.918186169236 -0.8128236784825 -10.07854380403 6.840348299586 -3.439614434818 0.6454819889596 4.222567465306 -1.350653273516 -2.619041898075 2.491762677462 -2.646337396965 1.749018891639 1.554152047437 4.121440531756 -14.60783211179 7.140077395682 5.325214262313 0.8605558595065 -11.85013686795 4.911651577559 5.306588652373 -3.28461681157 -1.211276871845
dwt	db5	zero	0.316	-0.00397551763171 0.02451259205345 -0.07656518431298 0.2288814949863 0.05059235775984	0.1908100492559 0.04374329410482 -0.01018937878875 -0.001972310907244 0.00105408919021
idwt	db5	zero	0.336 2.456 1.518 3.904 -3.528	26.131 -0.236 -2.478 -9.79 -15.538	17.91651413577 -5.702202669312
dwt	db5	zero	0.63 -3.959	-0.02113201016461 0.0735801008717 -0.02498834016624 -0.09172265670753 -2.289695568403	1.014257833552 2.954747196003 -0.9795597257341 0.3031734052787 -0.04770569023452
idwt	db5	zero	4.307 11.749 -2.659 15.121 -14.063	-26.246 -6.061 -13.143 -8.9 -12.324	-6.046668379206 -0.4287632835458
dwt	db5	zero	-1.141 -6.275 -9.797 -16.095 1.226	-0.006577038135395 0.02022140547912 -0.1961401193405 1.292774189524 -13.592810697 -10.39915303447 0.1962855399164	0.3156733504495 1.048222240665 9.558250884437 -2.920237648959 1.187378581515 -0.2428193710479 0.004089599199991
idwt	db5	zero	-3.519 -3.21 -22.461 3.635 5.267 -6.764 -7.536	-2.034 18.278 12.291 -8.833 4.958 22.182 -8.267	9.690922293425 -4.771548318455 13.21538779315 -17.41747952016 -0.9443385748103 -1.947629871602
dwt	db5	zero	-5.601 15.636 -5.27 11.244 -7.448 4.991 -3.903 10.563 0.815 12.186 6.836 -0.636 -6.657	0.1226221925105 -0.4282624198204 0.4842818389326 -1.502622659767 7.58950466779 1.746074441261 0.4841016161153 5.878352208782 13.96503679891 -4.11129729685 -1.065801663314	-5.885408834859 -17.0829958105 -10.20090652368 -6.977599084041 -8.861881418537 -2.015584160544 -0.4434915963232 -2.126543534801 0.377350399781 0.05635126012668 -0.0222059232254
idwt	db5	zero	19.71 -4.467 -13.998 -10.928 2.173 -2.811 -4.058 9.357 15.625 -5.727 -7.994	8.535 18.773 5.038 8.971 2.88 -12.51 -3.693 -4.477 3.162 5.714 -5.513	2.77338348418 -14.05852784405 14.42613930663 -5.833552447721 0.3729982305841 -8.570615018125 5.773094910251 -1.194334885601 10.18165928758 18.97802522499 -0.06759384738929 1.838649088564 -11.44263827147 -2.10803058986
dwt	db5	zero	-8.774 15.85 -1.762 1.251 -4.781 1.629 8.204 4.607 -6.21 0.525 -12.691 4.693 -0.466 -8.363 -2.359 -14.624 -5.907 2.853 0.958 5.816 14.63 1.658 3.616 8.06 0.507 13.41 7.18 -1.195 -4.918 2.529	0.1632547638147 -0.7531996294709 1.535907551599 -4.243293159433 8.856302148129 -5.210147877894 7.250091461383 2.590625186646 -8.845092783554 -0.1188420844067 -7.658720425241 -12.4053739282 -1.053704737424 13.21667917942 7.157760391763 5.570914040658 14.323695003 -2.784105321825 0.73970063008	-7.835621021091 -13.95909400113 -0.1744444616163 1.55968104526 -5.402104480908 -8.889405371484 -4.175005268639 8.539458907417 3.931916026747 -6.035742459776 6.412707885485 2.719325141995 -7.689166199549 -3.423239692468 1.139622831177 -3.963561767812 0.9896271704465 -0.1565661501441 0.01541162485172
idwt	db5	zero	-0.837 4.126 -8.845 -21.219 1.793 5.061 5.105 6.141 5.705 -6.354 5.668 -18.409 9.254 -0.973 1.707 8.074 -6.161 -3.992 -7.272	0.779 11.341 21.617 16.286 -5.005 -5.699 7.434 -0.46 -9.869 -7.065 -0.49 -21.644 -14.497 2.43 20.765 3.589 10.074 -3.839 11.977	-11.38343567288 -6.025689694095 15.83970798331 -9.153181931654 18.04307241133 -12.10585097893 13.13752656289 3.224072537804 0.4136544504322 10.74660638398 -0.3999972574457 -7.166866676478 0.1209295614788 -0.3686747410579 1.577645441363 -4.865774579263 -20.62485111469 10.99057722087 7.989604460967 -1.372558719634 -6.943437365557 13.04703401063 -11.55780119398 18.01253637372 -4.819514388523 2.819898971683 -2.762870806378 -18.92705901973 10.81632306268 -7.824404954454
dwt	db5	constant	0.285	0.4030508652763 0.4030508652763 0.4030508652763 0.4030508652763 0.4030508652763	-2.049142105998e-17 -2.049142105998e-17 -2.049142105998e-17 -2.049142105998e-17 -2.049142105998e-17
idwt	db5	constant	16.51 -11.742 2.479 -1.1 12.088	3.144 14.246 -11.012 -11.094 -4.335	3.699726502145 -5.488729315326
dwt	db5	constant	23.003 0.556	32.45627754979 32.87878042072 31.86133368605 34.19283042499 4.380121268006	3.593818527327 6.298216446032 -2.247873474994 0.2171744347997 0.07487702548303
idwt	db5	constant	-11.717 -0.832 -0.287 -10.974 2.169	6.614 3.348 -4.971 5.169 -7.484	-2.888645230309 -5.417513779311
dwt	db5	constant	-3.746 6.423 -6.74 -2.031 -0.304	-5.263723014222 -5.317726178274 -5.900316673676 -3.006140757903 -1.81974897586 -2.503153105263 -0.4299209229614	-1.628081285 -9.447933871982 2.334561604293 -0.7660400338799 0.2472853531366 -0.04319568663972 2.168404344971e-17
idwt	db5	constant	-5.216 13.196 -1.607 1.472 6.286 -2.98 -16.534	3.551 -2.426 -18.42 -1.184 -8.273 8.238 -21.131	5.93332336815 0.6648338206364 -0.4688755809557 13.26601552728 -17.33581249127 -9.716184225041
dwt	db5	constant	15.42 -19.598 -1.595 6.189 14.734 -11.044 -28.559 0.909 -2.814 1.37 10.59 12.957 0.045	21.69036270375 22.20900705122 21.59441396529 21.99684114796 -15.05853351436 19.19844033755 -23.49160035717 -8.852947021918 9.831198289234 9.548562928566 0.06363961030679	5.60646577226 16.56758625893 -0.3312222508843 -4.131001446155 -10.34653785506 4.916672246352 -7.458317787984 2.619006306873 -1.060286984949 0.1976178929475 -4.689174396e-18
idwt	db5	constant	-3.999 -1.639 17.449 -14.861 -22.329 12.397 1.847 9.126 -5.438 3.644 -13.636	-1.843 -1.708 -8.295 -2.516 -23.253 -1.618 -15.803 -14.758 4.186 -23.938 -13.526	-19.78719167598 -16.68085368379 -11.17212414135 12.21491987108 8.662978186692 1.145345628551 -6.386494993916 23.34960337185 -7.11472426356 0.03152554490385 -8.373932244999 8.686772972771 -9.157419400835 8.315594109566
dwt	db5	constant	13.254 0.284 5.204 1.479 3.044 4.566 -12.768 -3.831 0.592 21.593 -3.461 2 16.546 5.049 -14.186 -21.35 11.555 -5.217 10.201 13.14 -4.638 -3.545 11.505 2.893 -20.246 -12.68 -4.697 0.645 -0.668 8.028	18.70072219874 18.88693557211 18.71071423268 18.81133726048 4.480804620958 7.741608916708 -7.845832381015 1.193742584329 5.601528505542 18.30689563882 -9.408371365853 -10.88385165233 10.23231110649 1.40643631791 10.83168386959 -11.88964556267 -13.80936992818 -1.440654997698 9.961056025948	2.076528101725 6.418661728117 -0.5023055484313 -9.685403483803 -1.183507992786 -18.82185619888 12.91213515582 -7.687631844875 22.14265983701 4.237287960956 -10.11154129265 11.28099881559 -12.51726976192 4.275423447629 -5.581798079982 -0.8524997984858 0.5776981787685 -0.08105479737638 -0.02900746708248
idwt	db5	constant	-2.433 -11.529 8.622 0.905 -1.46 12.693 5.091 1.994 -2.211 7.277 -7.544 0.237 5.762 14.345 1.551 -10.988 -0.894 -4.031 15.413	-0.048 -15.265 -3.864 -0.006 -8.58 6.331 -2.583 -8.695 1.816 4.446 0.257 7.562 -16.005 11.194 2.067 1.192 -16.897 11.128 -2.079	-4.577107932028 9.050063528514 -8.108198904333 13.32729616381 8.218714013568 2.921843028824 -0.601751162192 9.352094780573 -3.301106207543 -4.447728445481 3.064860414541 2.699860425062 1.840550816966 3.337648714267 -12.50466574224 0.1137999627146 5.117479696702 -0.5341700519313 8.349561692654 11.83990377248 11.01079975961 -7.528775896357 -1.686797049822 6.030869092459 -15.68253678778 -7.530886798471 8.458816478192 -3.715105820252 0.7742866262162 2.673663700911
dwt	db5	symmetric	8.104	11.46078670947 11.46078670947 11.46078670947 11.46078670947 11.46078670947	-6.245004513517e-16 -6.245004513517e-16 -8.465450562767e-16 -6.245004513517e-16 -7.077671781985e-16
idwt	db5	symmetric	-6.943 6.527 1.928 -10.034 13.632	-8.047 7.986 -10.366 13.906 4.455	-8.449893275529 -1.313928320053
dwt	db5	symmetric	5.243 1.059	1.654189889228 7.258183980847 1.654189889228 7.258183980847 1.654189889228	-0.9496002081267 0.9496002081267 -0.9496002081267 0.9496002081267 -0.9496002081267
idwt	db5	symmetric	4.715 -4.856 -12.81 16.422 2.797	-8.921 23.977 11.963 -11.632 -19.568	12.56410605004 -7.962496018632
dwt	db5	symmetric	4.951 7.448 10.985 11.231 -5.72	1.039461871445 3.558230274643 13.90632669206 5.262655160928 17.0970268857 1.039461871445 3.558230274643	2.198892201896 0.07184123834565 -7.762105631145 10.21959914062 -4.728226949715 2.198892201896 0.07184123834565
idwt	db5	symmetric	0.976 5.028 -13.082 -1.624 -5.901 4.561 -1.036	-4.447 -6.585 -2.726 -3.569 -0.567 -4.941 0.117	-2.062082997678 1.696467545521 -8.479908817501 4.233800109107 2.515516216003 3.431446620239
dwt	db5	symmetric	2.693 2.551 -3.553 4.637 8.997 4.781 -7.998 11.073 -0.478 6.111 -10.772 -0.952 -13.87	0.7984951040855 8.613100419741 -0.3190635472826 5.855208287502 -2.957273096602 11.04749169512 -0.7155168918644 7.532812380618 -0.5977870986974 -13.3765826678 -13.36294141081	-2.181570517757 -3.416673949746 1.093953621864 -7.753937799024 -9.822574423549 -8.284162615397 -6.178890495105 9.034187044108 8.739971638412 7.694127732158 9.080216070678
idwt	db5	symmetric	1.46 -5.817 7.659 -7.513 -7.378 9.748 5.604 -0.185 -0.723 -6.739 -3.179	-2.255 -12.23 -11.434 6.204 -6.292 24.645 6.529 -18.097 1.722 -8.378 7.071	-11.69393726175 0.1876632707625 -10.34179250981 17.58097907219 3.091740927285 -0.9735283793834 3.169086973641 9.172001660168 -1.238146444436 -14.56413174463 15.08430348012 -17.46430856297 -3.842135154315 10.40930774806
dwt	db5	symmetric	-2.764 6.013 3.551 6.501 14.021 -8.864 -6.69 -8.516 -16.809 -10.334 4.012 -3.772 -24.922 9.443 11.235 6.692 -23.2 7.488 28.269 -12.739 5.304 12.621 4.515 -1.108 -1.729 -4.909 -14.554 15.424 -1.536 2.852	-11.03356040512 10.60470989936 7.662407733587 -1.74720907642 3.260042956832 14.01561458108 -4.046275342683 -22.78037029379 0.333225878206 -23.56185309091 18.40339788165 -16.09433148091 18.18957290961 1.495422439039 10.96779813493 0.9730066765453 -11.37905578879 6.967387443525 -0.2795650748077	-0.2914349733186 -4.667307445263 7.457547754407 6.681742168987 -6.31297577478 7.030684239629 -14.59727703586 -4.843154477904 -15.32644189152 11.12217624036 16.33107028739 -9.816102733067 4.884994191366 -9.433413867654 -15.46994275184 4.288844301875 12.71833061384 9.459044292903 -4.710718420073
idwt	db5	symmetric	-1.582 14.575 2.344 -4.299 5.509 -2.78 4.073 -3.725 3.279 -4.028 -0.234 -32.909 2.469 -0.6 2.745 18.249 3.906 -9.844 8.413	-4.786 10.39 -5.574 10.618 3.681 -13.26 3.245 -4.806 -5.312 -1.307 -1.417 -17.276 3.332 -4.92 -19.376 -2.367 7.645 7.395 2.305	-2.97514908079 -6.327647571234 9.677824817399 3.750721616154 -4.980273382498 -2.905406670566 10.82102803333 -9.535689855866 -3.150115741217 11.4759265452 -4.390226092777 -2.889177047529 -2.620802902308 0.9902034949546 -7.805087511512 -15.61394536874 -26.96182286727 -0.1852059980907 9.232958710673 -2.242000816548 -6.531662016239 15.38469541463 -4.037971182643 11.92711569497 15.0965065333 3.423423608247 -8.547804746134 7.737428493135 -17.66092183607 9.610920326962
dwt	db5	periodic	5.959	8.427298618181 8.427298618181 8.427298618181 8.427298618181 8.427298618181	-8.049116928532e-16 -5.828670879282e-16 -4.718447854657e-16 -6.383782391595e-16 -5.273559366969e-16
idwt	db5	periodic	7.511 5.351 -4.446 -11.237 -10.403	-16.849 -6.483 3.369 12.403 -6.432	-19.68561666748 -0.5356255276298
dwt	db5	periodic	-1.369 -18.758	-14.23193818494 -14.23193818494 -14.23193818494 -14.23193818494 -14.23193818494	12.29587981805 12.29587981805 12.29587981805 12.29587981805 12.29587981805
idwt	db5	periodic	-15.526 7.442 -7.974 -13.762 11.093	7.699 -2.692 -0.714 -7.179 -12.841	-1.186013399338 5.891658860131
dwt	db5	periodic	-15.906 -11.622 -7.292 14.381 21.612	25.16120684578 -20.77462966302 10.39248581763 5.423469905266 -18.54366039699 25.16120684578 -20.77462966302	-21.54332270845 4.793455823858 -0.0289569866803 13.70257513718 3.076248734091 -21.54332270845 4.793455823858
idwt	db5	periodic	-13.401 -0.157 13.025 4.508 16.28 3.873 -1.636	11.755 -23.508 1.375 -11.548 -11.207 1.857 -9.578	6.706375686826 26.22366281835 -1.224075232388 5.227509763279 -1.665888108016 4.202858813937
dwt	db5	periodic	-11.125 13.199 -13.114 19.294 17.18 5.769 -0.357 -5.511 1.559 1.779 22.87 -4.876 3.407	-4.451788164743 4.868992850978 11.96963505709 -1.11613036267 -4.994568160579 22.86295588076 6.502014250552 -7.269532466549 17.66728959044 0.1854517488021 -3.131863525662	-6.561351164566 -22.9090029012 -2.723421463041 3.036281739729 4.156755364109 11.83797317383 11.47634926674 16.46195886533 17.68310626099 -8.978533038293 1.826656111055
idwt	db5	periodic	-1.611 4.456 17.084 -6.92 9.578 4.519 -4.399 -7.712 -19.096 -9.932 5.978	10.291 -9.342 22.519 3.033 9.138 4.184 -8.208 16.151 23.874 2.253 4.455	-3.045953455473 14.69630031859 7.942195636863 -10.55041907963 13.1657713051 -6.255255815697 -1.619271443643 -10.74491707184 -1.006808500359 -19.88747548592 -13.22312132002 -0.9844900098904 -5.642258738194 -1.834328175535
dwt	db5	periodic	-1.37 -9.467 -23.522 -7.682 -8.003 13.687 -1.289 -7.991 -5.218 -2.542 -12.455 -7.762 23.242 -10.526 20.057 3.76 -5.013 0.662 9.671 -12.803 10.264 2.386 2.337 -2.37 3.759 5.168 -6.871 9.792 -2.757 6.982	3.458436382901 0.7671670584318 2.789075790732 6.702025997852 -22.53157871095 -11.99463413384 5.044539705806 -4.266005668042 -16.16043956592 3.157963227176 14.31535110663 0.7558445733851 2.431807796849 1.470734624348 2.835098770086 3.458436382901 0.7671670584318 2.789075790732 6.702025997852	-2.602591242854 -5.164519647904 -7.389491550554 -10.80169205739 7.05910517274 -8.240597990963 19.94315412812 20.99627641674 -5.749300292017 7.512539327541 16.2780522842 -1.836579014388 4.654049931683 -9.967063619285 -9.461675992473 -2.602591242854 -5.164519647904 -7.389491550554 -10.80169205739
idwt	db5	periodic	8.852 9.271 4 -5.907 -0.872 -6.541 -2.041 -24.891 7.484 12.508 1.167 3.424 -3.253 -2.213 8.207 -5.989 1.557 -6.452 -5.506	-6.843 -13.698 -3.054 -1.538 4.078 -0.443 -14.692 16.276 10.764 5.021 -6.591 -10.34 4.319 4.493 -15.054 -13.289 -5.487 8.091 0.238	-10.68599291849 8.946248935979 -8.725291909702 -0.1633650720864 -7.596462911617 0.3810004211179 -4.07580220057 -16.58617867697 -14.02330512606 -3.841787911455 10.5016802271 23.26646594191 -1.490810294106 -4.957609100036 10.41923730389 -7.108534874888 10.03870698695 -7.681647816979 -1.166044832734 -0.6763396580683 -4.878536429869 13.78983716394 -0.5146398940614 -1.760793872701 -2.427908429624 -6.78204704352 3.329188322601 3.94610423805 -17.30223732985 5.878137713996
dwt	db5	smooth	4.133	5.844944653288 5.844944653288 5.844944653288 5.844944653288 5.844944653288	-3.209238430557e-16 -3.209238430557e-16 -3.209238430557e-16 -3.209238430557e-16 -3.209238430557e-16
idwt	db5	smooth	-9.805 -10.727 -1.72 -3.627 -9.391	3.48 8.301 -2.767 12.704 1.801	-1.156241385599 -14.28581441849
dwt	db5	smooth	7.364 1.812	63.85375432006 48.15032692347 32.44689952687 16.74347213028 1.040044733693	4.163336342344e-16 3.885780586188e-16 -7.771561172376e-16 1.276756478319e-15 1.127570259385e-15
idwt	db5	smooth	6.227 9.34 -8.423 -6.114 -14.336	11.694 -8.45 2.447 -9.821 9.956	1.870443531892 -3.54062269663
dwt	db5	smooth	11.156 -3.975 -2.885 -9.479 5.508	161.4168903709 118.4984730548 76.51992439689 31.06008998889 -4.129088314114 -5.840315228457 33.09415223943	-2.22044604925e-16 5.830899416335 3.841004203575 -2.2334797 0.530452554967 0.07198828738582 -1.605313104669e-14
idwt	db5	smooth	-2.896 -20.179 -2.798 7.493 5.648 -4.68 7.062	-3.22 -1.349 -0.049 -3.738 -2.228 0.069 -3.028	3.366970800466 6.396859534122 0.8762405757746 -2.816069208248 -3.496879866463 5.510209049851
dwt	db5	smooth	13.42 0.563 9.001 -1.127 -1.369 16.154 6.83 8.988 8.51 -11.716 23.794 10.405 14.645	142.7308113817 106.1779541893 71.26518649685 29.52290270685 8.990411912809 0.5290855445139 15.70169214694 5.780602080918 10.15019350368 18.70006124989 27.87014708493	-4.662936703426e-15 9.012244291399 -3.059162713954 -9.434445805341 5.490992612538 23.09448546552 -2.077434906327 0.6764785964891 -0.2455360427656 0.05880550105761 -2.046973701653e-15
idwt	db5	smooth	-13.108 -5.932 -7.355 -3.098 -4.753 2.579 3.667 -9.65 14.997 -3.233 -20.603	14.319 2.841 5.518 -6.977 4.35 2.317 -17.917 -5.481 2.401 -4.422 1.141	7.401594540017 -5.485731061987 -0.09013779476253 -5.425023242016 5.610553560807 7.538205707799 -3.435469494621 -5.534581296415 -1.649818440727 1.309112469034 12.00085158001 11.45728428707 -21.69222182662 -5.521730948807
dwt	db5	smooth	12.272 9.967 11.375 -8.109 -11.374 3.966 -3.464 -8.775 7.757 -2.45 15.771 -12.445 -3.781 5.719 4.937 4.016 -1.557 11.656 -7.827 7.048 18.104 19.825 -5.343 6.842 14.777 3.602 -7.021 6.692 16.197 -12.614	39.54147062702 32.93031489561 27.06672007381 18.38592166113 17.40791753034 -9.265218140449 -3.582710810561 -4.371537313972 10.61094676036 -8.333875465608 6.168424719638 6.741012987734 -3.56138717706 21.16829324994 7.417771637409 17.58509308635 -5.091331608024 19.67115971113 -25.73965402615	-8.326672684689e-16 4.397956969877 1.041311684501 -8.075457345202 13.00450009751 12.0486360957 7.868985019194 -5.831793257678 -2.662121629386 -14.22277491487 4.160681506696 -15.04238141624 6.514066540642 -5.632521588351 6.189448891937 -0.8456867034624 1.841785663108 -0.7517041256745 -4.19109191796e-15
idwt	db5	smooth	-11.29 -2.106 -2.841 11.81 6.456 -16.644 18.021 8.655 -5.157 -11.143 12.465 0.605 4.874 -3.77 -10.224 -4.098 -8.869 7.962 17.495	-1.397 12.333 6.115 23.62 14.48 2.904 0.542 -12.662 -2.881 16.777 -2.314 -11.117 -10.554 -8.248 14.543 8.69 -4.972 -15.108 -20.769	10.82212045966 -3.277420109087 6.407204226122 -11.29393215022 -3.303714610705 -6.510964953473 34.95105719163 -5.510783599806 8.901910776646 -5.715903682774 -3.698254432908 -11.38032025092 -5.826151861132 13.21244552373 2.708226752865 10.72975716671 -1.909587329899 -8.844327321254 14.09416808131 -4.724872624495 -8.154226679153 -0.1265761657335 -14.74707369067 2.610345376355 -10.3190350841 4.897684167013 -8.16868877324 -3.148590108508 20.69735484185 3.026970918997
dwt	db5	periodization	-4.17	-5.897270555096	-6.938893903907e-18
idwt	db5	periodization	2.94	12.639	11.01601654411 -6.858228670728
dwt	db5	periodization	5.487 -0.98	3.186930262808	4.572859553933
idwt	db5	periodization	-6.389	2.545	-2.718118466881 -6.317291983121
dwt	db5	periodization	10.301 -4.619 -5.811 -7.147 9.919	0.4667602277156 16.60009069435 -8.184175536801	6.381599930582 0.05578882688812 5.057339077498
idwt	db5	periodization	13.376 8.345 0.545	-3.953 -33.251 -11.165	-18.49775675527 15.96894098144 -4.615219200805 5.212053625358 4.655367646766 28.76549288231
dwt	db5	periodization	-9.575 4.807 -6.055 4.283 -12.933 -17.145 -21.411 -2.946 -0.131 -13.277 5.165 7.816 -2.819	4.888464386679 -7.731045014909 -0.4218716585707 -4.807483959563 -27.50144559171 -8.707691122963 -3.123365649706	-7.179479054581 -0.9539490869982 -2.786527523598 12.88689224529 -9.306481034365 -2.250198351638 -10.54724410874
idwt	db5	periodization	4.107 16.044 -0.573 5.414 -1.464 6.026 -18.427	-7.517 7.091 6.516 -1.388 -15.891 2.674 18.244	13.38872515129 -14.05418221129 6.816546988325 6.304288607502 1.206896300538 -2.648558466051 3.682921075132 -1.606318838487 6.495360563442 -14.14718823004 -17.59408242149 10.6323225762 0.7510513711906 16.50817184226
dwt	db5	periodization	3.469 -6.423 1.976 -5.227 0.259 -8.01 -0.314 7.226 4.716 9.371 -15.687 -2.911 1.929 -7.622 10.295 25.385 -9.068 6.043 10.59 -2.36 -6.471 -4.159 12.313 -2.608 -3.563 6.36 3.602 -8.128 -4.562 -1.165	-8.274283963142 -0.02243703782018 -2.517333620266 -3.423005507248 -6.715574600521 13.07315862928 -4.798883316324 -8.1223814817 9.58322870568 8.115533639188 12.28032129351 -8.280069907197 6.051911691749 -2.326091882489 6.163528411089	3.858792569784 3.607586467657 -5.555215591414 -12.81936909358 3.782025864839 7.073939069695 -24.8561024415 7.449085537601 -0.4324710500708 8.997375365482 -0.2125319494307 -2.283809266729 5.525078178634 0.7869587238554 7.703437986938
idwt	db5	periodization	7.243 5.686 -1.795 -10.643 14.279 -3 3.239 -7.615 -4.885 -6.965 16.974 -6.216 3.651 11.92 3.616	8.309 -14.724 16.812 9.306 -0.749 6.293 -0.102 -2.729 -6.236 7.074 -9.301 1.039 3.562 9.475 -7.829	6.724214250289 7.007411667579 -7.041730130525 -16.41096618233 -2.261526209083 19.87192475679 5.392131438814 -6.88917909024 5.507229905222 -8.962441570419 8.399449505158 -3.626745562412 -7.076477216994 -8.371554069227 1.417004552932 -5.688706629761 -2.088536126953 9.317358720612 10.02599573986 6.228215579818 -10.99024199712 -5.590765010395 10.42313897226 13.47317039605 1.959840273953 4.577327442742 2.143502427941 4.707461560927 9.773006339878 -5.902624244033
dwt	db5	reflect	-0.176 23.123	16.22597930789 16.22597930789 16.22597930789 16.22597930789 16.22597930789	-16.47488089487 -16.47488089487 -16.47488089487 -16.47488089487 -16.47488089487
idwt	db5	reflect	-5.514 1.395 -10.281 -10.058 2.88	16.345 0.605 13.05 -14.744 -5.591	5.45053334815 1.831370484043
dwt	db5	reflect	3.432 9.309 -0.693 -2.615 0.371	5.177027669712 -1.707373900042 -1.915483223196 9.62165213018 5.177027669712 -1.707373900042 -1.915483223196	-6.566396702781 -3.824096270015 3.836234442003 -1.203409965604 -6.566396702781 -3.824096270015 3.836234442003
idwt	db5	reflect	0.003 0.502 17.065 0.229 2.667 2.02 -1.272	-0.807 6.571 -3.102 -7.608 -8.417 5.921 7.199	-2.961246182473 -3.808824921733 7.373056608578 1.555505012149 -2.251450786214 3.080100684142
dwt	db5	reflect	-17.012 10.386 -5.001 6.186 0.187 1.48 7.332 9.152 -1.771 -6.962 15.416 -7.545 5.663	10.30934144746 2.635202588129 4.943739560916 -4.457718343651 1.199416077499 0.890285182213 9.301245363402 1.23090988652 5.797375259493 -2.822970068952 7.264769743608	-18.70864514069 -11.6479676855 -2.927858301647 2.990525689861 -5.590825823017 17.2403173673 9.860168927855 15.03759252213 3.026851212759 -4.36121402566 1.707892019163
idwt	db5	reflect	8.146 -5.396 11.952 14.356 -17.011 2.718 -0.837 -8.988 3.439 5.126 6.295	2.397 9.098 -34.945 1.713 1.139 2.445 24.165 8.612 -0.315 -8.155 3.53	8.084406982666 -24.1680737885 -13.76734075866 22.94270861115 -13.91547155289 5.113989067343 -3.212889905377 -7.749663263551 -5.13962297964 4.01541356689 9.908755665199 -12.01049265013 19.0572245922 -5.052832461825
dwt	db5	reflect	-2.207 -6.389 -1.553 7.675 3.102 -9.071 3.305 5.843 -0.587 -9.729 6.981 -9.678 16.643 -7.048 -8.406 -7.155 1.599 9.361 -2.767 1.763 2.366 -18.092 -6.024 -10.135 -11 14.147 19.929 -12.502 -13.14 -8.319	3.499136298937 -1.142843181143 3.624860178831 -6.185511400564 -4.537895459663 4.282762203023 -0.9530447964851 2.322880634179 -6.653495809886 8.726585349424 -9.675229178414 -2.260207654951 3.939986731713 0.3831959446335 -12.34129052787 -18.36264540057 21.79257255202 -9.878305840683 -24.43449934367	6.61703513126 -0.06019998844205 -3.313335225831 10.39329417321 -5.542730318118 14.81517003093 16.23814689988 1.75138932898 1.824068120221 -9.630154242455 5.456146253498 11.07908632796 -6.856391361371 1.406001769118 9.598121506537 -6.574266160432 16.3998497778 -14.47649194183 8.765721446322
idwt	db5	reflect	-3.592 0.885 3.513 2.266 1.228 4.546 -3.018 -25.112 -11.817 -0.684 7.064 2.988 21.22 13.433 4.533 2.567 -8.405 5.641 1.55	2.936 7.068 -10.802 -5.711 -27.599 4.809 -9.372 27.011 14.833 18.236 10.143 7.235 -6.341 -1.7 -4.058 12.15 0.027 2.781 1.905	4.143692186177 -7.186549411635 4.47462614074 10.33298388107 -3.840918266591 -2.547176499657 -14.51659371737 7.40872297451 -34.82862321101 -13.78261524738 -2.171707119053 10.4366284855 -0.889550629574 -11.05837330486 22.89604280439 -8.551347906689 15.03325002997 -0.8027429006763 29.56919780264 2.863172982499 12.78450311778 -4.402522634914 5.659607210976 5.112141392907 -3.818732674757 -4.557916621084 -7.594930398066 8.364649490816 5.732258284218 -6.348945513983
dwt	db5	antisymmetric	2.06	2.775557561563e-16 2.775557561563e-16 2.775557561563e-16 2.775557561563e-16 2.22044604925e-16	2.913279938489 2.913279938489 2.913279938489 2.913279938489 2.913279938489
idwt	db5	antisymmetric	-1.654 -27.503 -1.196 7.784 1.644	-9.981 -9.433 -2.002 -11.286 0.511	-3.117542017778 11.10213794974
dwt	db5	antisymmetric	14.634 1.44	-3.648153380838 3.648153380838 -3.648153380838 3.648153380838 -3.648153380838	20.09421804553 -1.435084303581 20.09421804553 -1.435084303581 20.09421804553
idwt	db5	antisymmetric	12.421 15.341 7.305 -5.397 -2.554	-5.571 13.205 23.482 8.555 -9.805	-7.433465994199 -6.349116612357
dwt	db5	antisymmetric	-15.419 -6.233 7.132 -12.5 -7.307	-12.92530258088 8.012897501755 9.028295618932 -3.841031607757 -0.2748589320545 -12.92530258088 8.012897501755	-21.40360117913 12.76571907113 2.163029629471 -0.07844235331201 10.99251120413 -21.40360117913 12.76571907113
idwt	db5	antisymmetric	1.576 7.507 2.893 -0.726 -8.581 -3.645 18.139	0.537 9.644 1.774 2.286 -10.879 8.182 -6.824	-0.4866462815356 -12.37240971197 -0.4026046955148 -4.686643923875 3.915013156646 5.442905293441
dwt	db5	antisymmetric	-16.453 -3.462 18.606 2.489 -3.863 14.448 -15.228 -3.063 4.307 -11.232 -2.813 9.47 11.656	1.31976819652 -7.208765325419 -1.225564187888 -6.704078497296 8.312728533392 7.943418667511 -4.492353642427 -1.241132611391 -10.17539101676 15.21117133913 -13.88725264175	-25.25390425194 16.4004315742 -5.721533738745 -19.11136894782 7.727132608813 4.262513536084 -0.703019747316 7.02773449672 0.07935677838584 6.01402478455 -21.62096589856
idwt	db5	antisymmetric	-1.489 3.919 -16.61 1.811 6.94 -2.162 -8.303 4.813 15.577 -7.128 1.829	-0.49 4.721 -3.725 -2.513 5.68 8.279 -13.798 10.773 5.088 -7.05 -5.411	7.282473743529 0.9702654866318 5.312226584419 0.7104296094499 -7.1053479539 -2.626365099879 -5.080007410067 1.289388012469 12.70721063846 -0.6443072268028 11.04472565774 8.53700297012 -15.14492062577 -4.324609164198
dwt	db5	antisymmetric	10.59 -7.988 10.321 23.128 2.91 4.025 -9.322 -5.038 -14.505 10.048 2.393 4.773 8.761 -9.391 -0.964 -9.385 3.499 -5.658 4.764 -20.813 -5.96 -5.341 1.763 -5.664 5.142 -1.499 -2.688 3.701 6.41 -9.877	9.57978258646 -21.35741639889 -7.290400021411 -1.496392163489 6.238711283908 19.50174056201 -1.348311237244 -13.66441228216 4.239949014601 9.024456670442 -6.374013566829 -5.02339140637 -0.5680496485772 -16.65113407385 -5.229110264129 1.324250987892 -1.889430561073 2.553642695408 2.210199909909	15.07961328143 7.852461642184 -15.92265395522 -1.616860324006 -9.050870559339 -9.530044966039 7.079427502652 9.231148474505 6.81780227727 9.290320648719 12.1521639928 0.1141475835845 8.114749206941 -1.641745153015 2.21139960388 16.03381483683 0.4730876566485 -1.83870946362 8.737582662728
idwt	db5	antisymmetric	17.718 4.33 11.198 6.198 -4.012 -15.936 1.223 4.465 10.37 -7.025 5.078 -17.403 1.129 11.478 5.391 -0.889 0.077 -0.618 -0.5	2.807 12.798 4.119 1.414 -10.271 8.981 -17.487 -0.83 -2.133 -1.812 -5.704 6.223 13.206 -7.354 5.021 -1.573 -13.053 12.16 3.556	4.537342949802 -10.85358503806 2.201572368622 -14.21338698411 -7.135068967182 -6.428386641851 4.321509737913 14.16005441205 -0.9845084317077 -2.133627076633 8.636199915037 8.158496967355 -17.06989184592 4.688490003006 2.660483443722 -7.869258122003 -15.67982539428 -1.857333848 5.162996752665 12.4055019191 4.543331668409 5.172503967206 7.07413136826 -12.97839121108 5.698911707729 4.068345031733 -3.126744277252 -2.004169541886 2.487822423048 -4.09215870107
dwt	db5	antireflect	4.81 9.619	-39.48554459409 -25.88363855118 -12.28173250828 1.320173534625 14.92207957753	-2.22044604925e-16 4.163336342344e-17 1.110223024625e-16 -9.679756995951e-16 -2.1302404285e-15
idwt	db5	antireflect	6.106 0.926 0.193 2.435 19.548	5.69 15.583 1.35 2.781 -6.508	10.35194044508 -0.01929404386716
dwt	db5	antireflect	17.14 -18.561 2.921 -1.74 -8.81	68.05866973638 67.36258068656 55.41788972175 45.79850976089 -5.339014150781 -6.035103200609 -17.97979416541	-16.85631673038 27.40169704357 -9.86036390497 -0.6850164082204 -16.85631673038 27.40169704357 -9.86036390497
idwt	db5	antireflect	10.893 -15.537 -4.158 -7.647 7.801 -33.572 4.874	-11.708 4.581 0.395 0.34 -13.819 -2.52 -13.89	-11.12108577355 2.371196626003 4.888829871817 -18.86807052311 -25.26660237449 -5.558974222946
dwt	db5	antireflect	-13.913 -2.687 14.705 -19.785 1.716 -11.521 2.373 6.197 -4.263 -0.737 22.551 -2.716 27.191	-44.00609914227 -27.38882280297 -39.20879941453 -35.16738339817 4.214449205609 -11.33801646684 -1.434043712081 -2.908036951414 7.94910149164 23.89327485764 56.96107674599	4.300963235937 7.84983071721 21.06013816431 3.592201604288 -8.100233794915 16.10360496055 11.69025824146 -28.41233393586 5.184401347299 1.841470872089 -14.48895754042
idwt	db5	antireflect	2.966 10.523 10.432 -15.63 -4.798 0.517 9.583 -8.36 -14.773 -15.194 0.457	11.399 -8.218 17.046 -24.55 14.942 1.635 14.263 5.057 -0.621 -2.134 2.826	-8.438891259188 4.896911990527 -0.8273693761656 -17.99570546678 8.17760732656 24.87077587953 -7.578713940728 -11.29905046216 -1.886653323799 -10.92659753968 -7.575000369588 -20.3540715907 1.233604519236 -7.162571783044
dwt	db5	antireflect	-0.37 25.662 -9.377 -5.573 -7.323 4.087 8.522 -0.281 -1.344 -9 3.908 1.479 3.391 -15.178 -3.95 -10.67 10.023 -1.561 0.007 -6.745 4.23 -7.777 13.696 1.552 10.468 0.779 11.982 -12.521 2.11 -10.56	-8.383031655967 -0.291268776402 5.248672947107 -9.5251627583 10.16517351438 -11.75286716398 8.245554755614 -1.647305889718 -3.317632070171 3.939583561802 -15.37476450575 0.3937293997766 -0.1170022563005 -4.838306044346 4.500602061337 8.813516301822 7.516088264263 -1.779241684656 -17.24339442304	17.37406280606 -30.59146235395 5.968949138628 -2.122762399178 4.051424210772 7.740107136358 1.805624879412 11.74989671268 9.439957321964 2.332167375161 8.657034051279 12.51667841973 5.484198399471 10.55100803612 13.25407783412 -8.190136970012 -15.15469563435 -4.81054834709 -10.39025220354
idwt	db5	antireflect	-6.829 3.444 2.132 11.005 -6.778 -1.338 5.545 10.13 2.941 -9.143 -13.08 -16.617 4.116 -10.363 -7.854 7.059 7.658 3.482 0.153	-14.631 3.658 4.706 7.246 -14.817 -17.643 -0.699 -4.006 6.861 -6.548 5.636 -17.617 17.401 -0.008 -22.972 -14.571 4.356 5.546 -1.904	-1.852312741648 -2.597689187729 -5.007749173633 -3.414030083164 6.817999918053 -4.912068569046 8.182241050941 12.30752546432 -4.872734008881 18.36399918227 -12.02671839599 -3.733658461292 -9.851224977773 -4.04857722632 -11.17036785195 -18.10770718266 -5.73115805946 7.269118329022 1.73444754947 -13.75304292091 -10.55836675279 9.535952809335 -9.653155275965 -4.758198877906 18.73861635896 -1.228099068067 1.191349467048 15.79094122578 -14.73219755831 15.09024713077
idwt	db5	symmetric	-6.436 -6.625 -5.187 1.558 -22.78 -4.034 5.135 -1.689 -19.187 7.011 -7.641 -18.756 -5.019 12.778 -4.603 -5.068 2.47 -11.394 -2.794 5.907 -11.018 -0.87 -12.586 8.069 5.384 17.579 6.337 0.342 -12.107 -2.711 17.61 -7.131 19.48 -5.674 -7.406 4.622 -4.782 13.291 -1.664 -10.943	-	-1.694817786157 -13.35242443141 -17.84211264184 -5.629202515089 3.605855485274 3.249755640173 2.639649476485 -0.03158509653743 -5.56575993516 -12.03586439383 -11.91651338425 1.586381391824 8.308076253488 -2.996986580575 -11.7031668576 -12.4950985951 -11.75206883082 -5.488356010075 2.274039402205 7.696822315812 8.37553966425 -0.7571771665791 -7.394801919355 -4.140655262545 -1.105707991388 0.8418318205223 0.6749673951858 -6.303342703491 -9.633788973343 -3.327716573178 1.938075620529 3.515127364519 2.276530112815 -5.665848890227 -9.624346015978 -2.261571751149 0.5177733002519 -7.411142202653 -8.542481559104 3.246567638644 9.82708780116 4.742504501748 3.793670160127 11.17548133344 13.22693857386 5.99394205869 0.7015271800316 0.5102079924417 -1.930174393436 -7.559313893608 -9.015692289008 -3.304872066931 3.736072230919 10.66754727513 11.32678373157 -1.704064492104 -6.371043520339 10.18416596778 16.32905439273 -0.6185646235598 -10.79005871508 -5.782280742486 -1.648648446449 1.803286140125 3.69136657995 -1.908497029642 -2.958720676072 7.2417932152 10.97073690502 0.9357189993579 -6.606686395634 -7.221350167353
idwt	db5	periodization	-	-6.436 -6.625 -5.187 1.558 -22.78 -4.034 5.135 -1.689 -19.187 7.011 -7.641 -18.756 -5.019 12.778 -4.603 -5.068 2.47 -11.394 -2.794 5.907 -11.018 -0.87 -12.586 8.069 5.384 17.579 6.337 0.342 -12.107 -2.711 17.61 -7.131 19.48 -5.674 -7.406 4.622 -4.782 13.291 -1.664 -10.943	-2.28801565929 7.081763509835 -7.247433315685 5.230410753405 -4.72178957223 4.164733537107 -4.639908380763 6.911490033747 -2.139546121126 -5.43997350872 -2.120235449634 14.85331265635 -14.53268799595 7.702808839145 -1.527414917741 -1.906139379781 3.416293109913 -4.887663976546 -3.916830889492 16.22320933847 -10.26844603496 -2.46582947084 3.854452258721 0.4175688284064 -7.143488860028 12.54327739437 -12.42039346844 10.02753148258 -1.073490008233 -9.142737017893 7.188538918211 -0.27469345063 -3.498829277141 5.85491431078 -2.313748321993 -3.447301799695 -0.06932133626346 6.583516995921 -7.391402726188 6.122898113765 -0.5506832908485 -6.591623588259 2.175142584837 7.901738859097 -6.399992492557 -1.213556423029 -2.502737430228 11.01402578545 -6.74500552355 -3.808786127892 5.012351447667 -1.419509485903 5.437589211146 -12.23803284811 11.5474287197 -6.41646669007 4.339859946908 -3.763903247897 -1.515723810371 6.601839545823 -8.14418383109 8.967008485623 0.890165529295 -15.6313163114 9.028882107201 7.412512894761 -1.364726651957 -13.70997840411 11.17115877387 -1.222200656383 -4.526179981628 7.930694594099 -3.766456008702 -4.372626904948 1.674251927568 5.935399240176 -0.9471757185455 -8.496458539207 8.166077048953 -3.158201876961
dwt	db38	zero	7.706	3.317122324564e-16 1.575953810934e-14 -3.274909611762e-13 2.023978206033e-13 4.848258656511e-11 -6.379224476268e-10 4.0542287487e-09 -1.106835503295e-08 -4.179946161101e-08 6.473310516738e-07 -3.997667619176e-06 1.656759384016e-05 -4.975556468179e-05 0.0001028116141129 -8.903582554143e-05 -0.0003510609086053 0.002171272806343 -0.007262607607911 0.01849977710725 -0.03907954960804 0.07100913345811 -0.113292703196 0.1610911963401 -0.2072258518462 0.246513996258 -0.2820789268225 0.3320969702071 -0.4360552502084 0.6599273647117 -1.092677556108 1.788762677315 -2.478832464956 1.641767702866 3.826731596952 1.233514782405 0.1205006434724 0.003245538073439 1.098703480074e-05	0.000275585978678 0.02375827704697 0.4460999054807 2.548958171553 3.801801941053 -1.40917824736 -0.4798256956045 1.155785331782 -1.232286227109 1.089741940769 -0.884118401497 0.6719970930073 -0.475970404307 0.308663684396 -0.1781175167624 0.08700457202955 -0.03183584909138 0.00433517655572 0.005525064695312 -0.006510511708463 0.004477771463761 -0.002335704367036 0.0009725306056381 -0.0003217364154365 7.993889872255e-05 -1.195080656201e-05 -6.540149693828e-07 1.076048536569e-06 -3.764194466606e-07 7.973433179652e-08 -1.03969178922e-08 5.18793849934e-10 8.489645754023e-11 -1.914778586467e-11 1.393754348673e-12 -3.516553853135e-15 -3.394729606938e-15 -1.322467078809e-17
idwt	db38	zero	8.88 0.084 -3.632 3.121 21.355 12.65 2.187 -18.449 -11.859 -21.275 -16.035 -15.566 18.388 -7.946 7.225 -1.778 -5.71 -11.9 -14.453 26.291 7.258 5.043 20.616 8.502 7.658 -7.948 -8.796 9.721 7.717 4.234 0.089 7.04 -15.809 -5.128 3.589 -0.33 0.03 15.619	-13.086 -1.458 8.139 -1.091 5.758 12.557 -12.215 -15.554 -21.855 -1.006 7.639 -2.487 16.809 5.441 -9.839 12.734 -4.399 8.248 -14.258 19.414 6.506 3.267 -2.943 -11.096 -8.05 -3.066 17.976 25.064 -5.884 1.509 6.209 9.161 -4.386 9.282 2.357 11.728 1.638 -21.737	-6.998789098542 -8.143913451781
dwt	db38	zero	-7.747 20.264	-3.682532304295e-16 -2.477030138697e-14 3.199861184729e-13 3.461596445017e-12 -9.909230870509e-11 8.645635890683e-10 -2.711558725813e-09 -1.621289874477e-08 2.516943847165e-07 -1.64062254405e-06 6.848556785724e-06 -1.837556563966e-05 1.859398071855e-05 0.0001068518387206 -0.0007565411603862 0.002910333383288 -0.008324884988886 0.01907617208411 -0.03571850279136 0.05381640044112 -0.05998698925187 0.03017868228283 0.06684235005973 -0.2600564086971 0.5638485558772 -0.9680507172052 1.433246024462 -1.88653714827 2.202189643568 -2.141977041133 1.241018622121 1.230252687553 -5.356133194733 6.150275739931 5.462762700372 1.051940046675 0.05921289159419 0.0007136462124746	-0.0003059441798625 -0.03241927793966 -0.765346613948 -5.806218856174 -13.88495311679 -2.900580956213 7.000813746914 -5.865735252846 4.112190422839 -2.83091084008 2.035490377189 -1.548867698391 1.22026863422 -0.9585488169204 0.7239944282596 -0.5110792138786 0.3299241708375 -0.1910866458827 0.09721065625002 -0.04210258877445 0.01459644238736 -0.003361532626046 -5.454144172084e-05 0.0005575803243133 -0.0003507216710081 0.0001428535765829 -4.290930023476e-05 9.430649963949e-06 -1.323824938728e-06 2.97589438954e-08 3.955801574079e-08 -1.118271312212e-08 1.592157750084e-09 -1.082420499691e-10 -1.933403111326e-12 8.647183467395e-13 -3.802910848464e-14 -8.589884705296e-16
idwt	db38	zero	9.899 18.441 2.747 14.657 20.022 5.234 7.341 13.879 -7.175 4.25 3.598 -11.009 12.926 7.24 -2.071 -6.508 15.011 -7.014 -4.843 -0.493 -0.831 -8.358 7.245 -3.085 6.427 -3.514 5.708 6.836 -6.12 -9.526 18.488 -6.984 8.014 -5.741 -9.347 3.584 7.809 -6.016	4.96 -7.41 -3.428 -6.118 -0.047 10.582 3.49 1.589 -9.644 8.253 -0.564 1.484 2.559 12.59 -13.654 6.11 1.907 7.331 10.589 -6.497 17.391 -8.713 -1.828 1.579 10.794 -14.261 0.078 -10.774 4.443 -0.545 -1.539 9.109 -2.231 9.601 -24.57 -20.611 6.69 -3.448	4.803470209437 -6.290182015214
dwt	db38	zero	-0.706 9.331 9.403 10.473 -3.332	-4.640387220839e-17 -5.167644396951e-15 4.021857294275e-14 1.257914846704e-12 -2.534460941276e-11 1.942920716202e-10 -4.272292027639e-10 -5.647363572404e-09 7.098885494942e-08 -4.529572412309e-07 1.965591883462e-06 -6.005301621369e-06 1.114329966869e-05 3.258405127719e-06 -0.0001258162424424 0.000619415317678 -0.00209530513498 0.005714231483141 -0.01329349950394 0.02713630473158 -0.04943202381414 0.08126636203651 -0.1216196848399 0.1671058385147 -0.2134211453965 0.2594018026983 -0.3143870250282 0.409884058185 -0.6181771751212 1.082801455906 -2.057785130438 3.872032053734 -6.30702876242 5.4128768626 12.0999385169 3.843861083874 0.2484295015497 -0.01552117546225 -0.001015391878766 -4.750687770058e-06	-3.855226092297e-05 -0.005785257152398 -0.1623212731847 -1.356862095862 -3.741040256374 -3.522787384322 -2.549130237222 1.120875204212 0.6227206754948 -1.417310164053 1.574671816547 -1.421075216345 1.136093067996 -0.814763831463 0.5146551153812 -0.2722031197821 0.1043464547569 -0.008874137215591 -0.03063682308113 0.03617473386578 -0.02709186839705 0.01573418898146 -0.007401136783118 0.002811039752015 -0.0008239111504316 0.0001582729833631 -1.527420099652e-06 -1.340507128117e-05 6.279566743985e-06 -1.76104665805e-06 3.312167563525e-07 -3.707687608856e-08 3.832505531245e-10 6.893004668891e-10 -1.263369219751e-10 1.010180159774e-11 -1.806252764414e-13 -2.444056552011e-14 1.000890898051e-15 5.718219967028e-18
idwt	db38	zero	9.894 -4.267 -16.87 9.488 0.98 13.931 7.028 11.174 -0.946 -12.957 -4.852 -1.949 -5.344 2.183 -20.001 2.073 -7.414 9.662 8.029 5.249 9.64 -7.085 5.586 -2.101 -10.719 -6.579 11.694 0.124 3.457 19.932 7.576 7.295 21.19 -9.668 -3.428 14.621 9.562 -11.978 -16.141 -15.099	-6.974 -26.043 6.676 3.158 0.384 -14.454 -6.31 10.409 -16.61 5.828 -16.763 -19.009 10.251 -4.437 -0.453 -7.64 10.335 -4.641 9.664 2.843 -4.289 -4.784 3.469 -8.038 5.619 14.347 20.525 -10.406 -14.158 -15.715 -2.183 4.275 -20.584 -8.938 -9.047 2.218 -17.505 -3.27 6.234 6.912	5.977376039815 -14.02566413089 -14.98058226668 21.28834532116 4.962486188662 9.714193389476
dwt	db38	zero	-18.46 -1.684 6.284 6.858 0.748 5.012 -2.139 0.985 -1.843 15.727 -2.197 -3.459 -0.867	-7.917385758549e-16 -3.675195483568e-14 7.951386894025e-13 -1.060389907463e-12 -1.105909554069e-10 1.533114796284e-09 -1.027763236649e-08 3.253477032239e-08 6.529655661865e-08 -1.440146600349e-06 9.584060725482e-06 -4.202776391511e-05 0.0001349952863044 -0.0003134835059646 0.0004244360921633 0.0003390560139263 -0.004364399073889 0.01684952739781 -0.04661309794475 0.105234139632 -0.2034664355963 0.3452950081375 -0.5222613242378 0.7123643633239 -0.8874410244048 1.030237702346 -1.158944692886 1.354540874457 -1.782779618655 2.681717264052 -4.186115161925 5.514161848882 -2.452245172674 -13.69651212802 5.583042531147 3.804253916611 -0.864127737366 7.596118564766 1.964448907056 -1.042444187276 -0.3256350837973 -0.0245873986195 -0.0004919896087952 -1.236148348331e-06	-0.0006577751102766 -0.05598960225357 -1.025809886766 -5.57990219393 -7.332442519297 2.72267228325 -5.345554158012 -6.51492182963 -5.131609886007 -5.76654329664 8.250305299056 -6.456236622247 4.194085828208 -2.548903719381 1.547567616935 -1.001006309613 0.7258706885335 -0.5838515725601 0.486144154696 -0.3900612853752 0.2879613542656 -0.190541932767 0.1110122350291 -0.05590007574539 0.0236310934372 -0.007883739422624 0.001701920968269 6.373780566261e-05 -0.0002822848392792 0.0001636452293586 -6.169708682771e-05 1.69268351531e-05 -3.272862856994e-06 3.454659206828e-07 2.563041567956e-08 -1.934774762058e-08 4.122709582909e-09 -4.635027585989e-10 1.695537768663e-11 2.515720633934e-12 -3.341996631652e-13 7.763671197213e-15 5.346065121987e-16 1.487904175094e-18
idwt	db38	zero	9.31 10.789 -5.327 4.055 3.66 6.774 4.969 3.944 -7.781 4.3 19.424 -1.837 2.586 17.164 2.618 0.894 -22.569 6.993 0.671 12.366 19.105 -7.614 13.233 0.225 4.59 -11.291 23.826 -6.338 10.858 17.962 7.054 -12.669 -9.122 -8.695 1.897 10.86 -8.304 7.183 2.104 -3.158 -18.145 1.212 8.132 -14.076	-1.289 -2.896 4.916 10.057 3.343 -9.961 16.907 -6.563 4.891 -5.05 4.73 -6.858 2.865 12.373 -6.737 -5.172 -21.111 0.421 14.99 13.542 -4.502 3.569 4.206 -2.264 -6.518 11.935 12.539 -7.874 -4.223 8.749 1.568 12.019 13.703 -6.277 -3.543 9.075 -12.397 2.377 4.213 -21.827 3.36 6.68 -20.431 -1.547	3.633095616975 9.799269375656 -5.116090665277 -1.455635033655 13.77439423952 3.005075486342 -3.328182952093 -9.043786956805 4.658028113891 8.059343268148 0.1498241512812 -1.031010944618 -2.301486530597 -13.88835773441
dwt	db38	zero	-18.267 -4.409 7.36 7.533 7.213 -27.476 -9.909 -1.842 4.36 5.022 10.833 2.047 -3.323 7.896 -0.553 -3.861 -1.932 -13.139 -9.403 -0.344 10.016 -2.264 -1.651 -1.433 -7.558 -10.08 1.444 2.346 -30.091 -3.408	-7.787541885254e-16 -3.51116453699e-14 7.904172823107e-13 -1.567013109823e-12 -1.027295771125e-10 1.486852368511e-09 -1.032073568444e-08 3.560835768226e-08 3.549103570382e-08 -1.259969638425e-06 8.806081030216e-06 -3.968950077994e-05 0.0001316549276891 -0.0003258553943738 0.0005457252857447 -0.0002428277257958 -0.002292655667327 0.01086929161097 -0.03219608859401 0.07605844920543 -0.1547930877643 0.2827993013924 -0.4772397636652 0.7603273741101 -1.162135024045 1.722617136312 -2.493919923057 3.546937980829 -4.980941091607 6.900364086261 -9.196349167254 10.59508239025 -5.892960042645 -14.90674992524 12.92223250756 -7.103323882541 -18.20115877832 5.744534835222 3.934973700303 6.558905395433 3.673874416625 -8.777799605575 -13.44041341558 9.903253740737 -8.754417669467 0.3259037883677 -8.568805484608 -16.32403569533 -5.819934560377 -0.6603595655787 -0.02309464110559 -0.0001647817128891	-0.0006469877025791 -0.05420935919819 -0.9687149849669 -4.994790549439 -4.776394104509 10.42097088186 11.19472706108 2.029203094884 -2.834972901287 5.295022492862 -9.999452660653 3.87430888929 5.620111835355 -0.4505050753497 4.884467549615 -0.08567598496603 -3.394789716329 -2.773573672333 -19.94143764155 10.82457541386 -1.962071725853 -2.126026789831 3.375026091244 -3.363634376265 2.854314043724 -2.179589263716 1.499840546305 -0.9083681748731 0.458225646481 -0.164234102556 0.007317452024969 0.052111773151 -0.05703156369908 0.04090405315503 -0.02298403096571 0.01053574046899 -0.003932952779558 0.001151115804867 -0.0002328477750493 1.352193170794e-05 1.247238130003e-05 -6.368316708048e-06 1.780133033312e-06 -3.237727937053e-07 3.366394449159e-08 5.912533536408e-11 -6.331435185356e-10 9.598971078901e-11 -5.229881099673e-12 -1.360891290275e-13 2.012224515404e-14 1.983414036979e-16
idwt	db38	zero	-5.687 -5.44 16.477 15.733 -15.023 7.072 19.659 5.545 13.269 -2.718 -10.26 -6.751 5.807 0.05 8.592 -11.819 5.205 -3.664 7.351 -4.787 4.794 4.429 -3.762 -19.653 -17.021 -13.944 -12.337 4.72 15.798 7.603 6.722 -4.589 13.457 -4.141 9.424 9.396 5.929 -8.598 1.518 1.417 20.149 -22.329 -22.848 -15.255 11.296 -6.067 24.277 -10.137 -6.361 -3.12 12.526 0.808	12.021 -9.308 12.279 -6.707 0.619 9.762 -8.654 -5.236 -16.402 6.16 16.781 6.175 2.093 6.101 -1.358 6.853 17.122 -11.086 -4.245 -6.529 -12.475 8.973 5.803 0.335 3.597 -8.121 1.227 -1.805 -0.764 -3.025 11.547 1.319 -7.507 -3.675 0.818 -2.398 -19.028 -8.738 -5.851 4.561 0.268 6.227 -10.898 -9.785 -18.59 -2.099 -16.209 14.438 -5.16 14.607 -14.28 21.249	4.408399525413 -4.773701150332 3.745906718474 5.100038518486 13.32160508274 7.448475402338 -3.812301253795 -0.205385601821 -12.97112164944 11.71852256221 -8.987063693037 -1.400270803981 16.33593463749 -1.650745752118 12.24543883855 -7.411198959161 -7.695276074362 -22.70483339171 -19.35500258031 -21.14848138258 1.240543514364 11.74499141516 -0.4941255822023 -7.966572577272 22.272357936 -1.812221163062 1.726610787204 8.677033994926 2.699546316937 -5.371384542105
dwt	db38	constant	4.036	5.707765937738 5.707765937738 5.707765937738 5.707765937738 5.707765937738 5.707765937738 5.707765937738 5.707765937738 5.707765937738 5.707765937738 5.707765937738 5.707765937738 5.707765937738 5.707765937738 5.707765937738 5.707765937738 5.707765937738 5.707765937738 5.707765937738 5.707765937738 5.707765937738 5.707765937738 5.707765937738 5.707765937738 5.707765937738 5.707765937738 5.707765937738 5.707765937738 5.707765937738 5.707765937738 5.707765937738 5.707765937738 5.707765937738 5.707765937738 5.707765937738 5.707765937738 5.707765937738 5.707765937738	-5.200684225004e-17 -5.200684225004e-17 -5.200684225004e-17 -5.200684225004e-17 -5.200684225004e-17 -5.200684225004e-17 -5.200684225004e-17 -5.200684225004e-17 -5.200684225004e-17 -5.200684225004e-17 -5.200684225004e-17 -5.200684225004e-17 -5.200684225004e-17 -5.200684225004e-17 -5.200684225004e-17 -5.200684225004e-17 -5.200684225004e-17 -5.200684225004e-17 -5.200684225004e-17 -5.200684225004e-17 -5.200684225004e-17 -5.200684225004e-17 -5.200684225004e-17 -5.200684225004e-17 -5.200684225004e-17 -5.200684225004e-17 -5.200684225004e-17 -5.200684225004e-17 -5.200684225004e-17 -5.200684225004e-17 -5.200684225004e-17 -5.200684225004e-17 -5.200684225004e-17 -5.200684225004e-17 -5.200684225004e-17 -5.200684225004e-17 -5.200684225004e-17 -5.200684225004e-17
idwt	db38	constant	-5.421 -13.077 14.283 9.346 -8.076 6.309 22.188 -20.86 -13.662 -13.355 0.112 16.355 -31.381 -7.846 -2.012 7.627 18.084 7.737 2.794 9.496 10.162 12.373 1.176 21.001 -4.353 5.929 -16.013 -0.604 -9.434 10.953 -7.541 -3.779 5.59 7.667 -17.4 -5.253 5.616 -7.341	0.622 3.35 -11.618 1.688 9.474 3.027 -5.792 -8.342 -3.667 -13.408 -16.204 25.599 -5.071 6.462 -0.343 -6.913 -2.271 -1.744 1.268 2.773 -11.464 6.593 -7.545 9.468 -1.001 -8.703 -10.061 -8.781 -2.099 -5.694 -2.87 5.26 5.583 -0.361 -17.536 -0.679 -2.56 -1.191	3.959733713288 -16.69000339428
dwt	db38	constant	15.519 6.674	21.94718027447 21.94718027447 21.94718027447 21.94718027447 21.94718027449 21.94718027434 21.94718027447 21.94718028175 21.94718020294 21.94718068297 21.94717870486 21.9471840441 21.94717874492 21.94714410028 21.94739538368 21.94638130227 21.94946519 21.94183337108 21.95764225252 21.93006637324 21.96994620449 21.92498283826 21.9551565367 21.97469946482 21.85826842032 22.12164006958 21.67408930655 22.30770331638 21.55739722009 22.21435467375 22.14191913316 20.63951222903 25.10219776633 18.85403094821 11.53597021599 9.608096881662 9.442515496768 9.438473926272	1.261099439466e-05 0.003421542512453 0.1144630985769 1.018263330396 2.484900489447 0.005598278603807 -1.222158216937 1.38174317918 -1.199058046279 0.9728377777097 -0.7784827717581 0.6174976282837 -0.4775974139425 0.3516751688499 -0.2404664024014 0.1488797002967 -0.08102289500175 0.03702328598062 -0.01280843643287 0.00208402804722 0.001220767181581 -0.001426647900804 0.0008513395621885 -0.0003671337162676 0.0001201654430064 -2.869875746228e-05 4.034859402138e-06 1.969918070916e-07 -2.950930818126e-07 8.898604714712e-08 -1.523790367129e-08 1.349222209674e-09 2.153525769822e-11 -2.026083479789e-11 1.949439624147e-12 -2.621762547862e-14 -4.092394047522e-15 1.848416220136e-16
idwt	db38	constant	-7.743 2.206 -2.055 7.405 4.4 7.509 -15.34 -19.06 8.441 -0.779 -3.611 9.034 -7.187 2.559 3.373 0.67 2.986 8.693 6.946 11.919 -27.885 -5.029 -4.37 3.765 -2.111 12.079 16.619 -1.618 -16.568 12.881 10.847 24.736 -7.71 -4.355 4.894 -13.002 -15.435 16.125	-4.393 6.055 3.46 -8.163 -3.091 -1.496 -16.933 -9.048 1.52 6.168 16.987 14.502 7.064 5.012 -1.04 -11.871 -6.934 1.984 10.516 -2.266 -4.339 13.85 -8.509 -1.17 -10.883 -14.088 4.882 -13.561 -6.565 7.48 11.026 15.459 7.678 4.153 12.32 2.323 19.627 -5.594	-16.44942572541 -3.526635041948
dwt	db38	constant	-0.137 4.089 6.73 0.3 20.38	-0.1937472580451 -0.1937472580451 -0.1937472580451 -0.1937472580446 -0.1937472580562 -0.193747257953 -0.1937472582428 -0.1937472614955 -0.1937472139867 -0.1937475435679 -0.1937460577958 -0.1937503421758 -0.1937460880215 -0.1937130686905 -0.1939564731648 -0.1929538627025 -0.196021880691 -0.1885705947356 -0.2030547752292 -0.1815346248521 -0.2008938772212 -0.2120328748647 -0.1125452836761 -0.3930904371111 0.1911590714586 -0.8331594635482 0.758997092132 -1.500259918682 1.482819231681 -2.216921783537 2.057681285214 -2.326297015832 1.10810601531 -0.292251227964 1.882530175064 18.65813762044 27.38616314863 28.75340315772 28.82093482791 28.82167240116	-6.025332087714e-06 -0.00153490738606 -0.04439101407207 -0.2304484244295 1.025109106683 6.695061332061 4.368718589654 -5.032857959242 3.085152702726 -1.525929909082 0.6732331464783 -0.3004575093901 0.186534217355 -0.1865258411061 0.2153065407102 -0.2292593675225 0.2140835995202 -0.1745831848581 0.1244476457676 -0.07734317853948 0.04155303746477 -0.01895682129444 0.00707821574446 -0.001974088859286 0.0002765136871366 8.768653244025e-05 -8.281644168823e-05 3.542140737263e-05 -1.027002099166e-05 2.058779664529e-06 -2.382097722414e-07 -4.983712665164e-09 8.246825901295e-09 -1.66316226549e-09 1.561573212662e-10 -2.572998228178e-12 -8.04378011929e-13 4.729821518151e-14 3.706859139682e-16 -5.171026123726e-16
idwt	db38	constant	19.016 -6.404 2.271 -4.003 9.267 -5.692 8.691 7.768 1.162 -16.358 2.901 -0.144 -2.767 2.42 2.976 4.185 0.916 9.73 -10.515 -8.428 1.816 2.653 -15.665 -3.387 -0.579 -7.657 -2.758 10.278 3.698 4.177 6.53 -2.591 -6.264 0.136 4.976 -11.919 -13.293 12.077 -13.931 2.227	5.999 -5.006 14.143 6.273 5.928 -16.836 2.873 7.755 17.649 -6.638 -8.873 12.952 17.182 14.023 5.268 3.6 -14.53 7.704 -3.259 29.462 18.378 -0.602 6.184 6.145 1.508 11.027 -1.275 -9.895 10.906 -2.877 -0.695 -9.369 -6.207 7.145 -0.244 -4.642 -6.851 4.111 1.256 5.07	8.442640276931 2.50139084693 -3.905699505899 3.575208916348 -12.33377894333 -6.822984315515
dwt	db38	constant	0.165 0.188 -8.681 18.85 14.705 3.771 -2.713 -4.301 -3.037 2.748 4.676 -0.374 0.371	0.2333452377916 0.2333452377916 0.2333452377915 0.233345237792 0.233345237794 0.2333452376909 0.233345238813 0.2333452331937 0.2333452335805 0.2333454507448 0.2333435519036 0.2333534521453 0.2333175731725 0.2334050132163 0.2333172327067 0.232917616634 0.2357224545181 0.2251712075539 0.2550740207842 0.1857194383035 0.3216266850679 0.09392266554815 0.4194399810834 0.03046423442723 0.3946256822584 0.1894534844539 0.09475188902314 0.5650811685641 -0.1880175720936 0.4386777491041 0.8976012484368 -2.514742086797 6.862325284304 -10.96541089516 7.82608132957 16.00224734385 -1.464300546454 -0.506506197678 2.234157051343 1.036106809829 0.5545852546931 0.5242696174518 0.5246527265315 0.5246732316404	-3.279286276069e-08 -0.0003526828040911 -0.03498737497756 -0.7647452968516 -5.150187875723 -9.523243031346 2.578181710395 2.724236484003 -5.203149681591 6.721255310253 -3.694655856321 2.073664487501 -1.368852984589 0.9465532501517 -0.5834324702373 0.2556595250835 0.001769232228949 -0.1594158209157 0.2165759079087 -0.1993079890402 0.1451259155644 -0.08649531955207 0.04176185266113 -0.01531068864436 0.00321746858904 0.000660423336047 -0.001104990613251 0.0006701259728419 -0.0002809790009271 8.818940646275e-05 -2.014134412783e-05 2.742277267461e-06 9.939508700708e-08 -1.720171838422e-07 5.111111049676e-08 -8.838245292888e-09 8.813602449621e-10 -2.106287092529e-11 -6.899832020064e-12 9.115176556325e-13 -3.677328277039e-14 -4.634846650496e-16 3.055358700756e-17 5.872376854785e-18
idwt	db38	constant	-8.163 -13.276 -17.947 0.306 16.096 14.402 18.334 -13.55 11.913 10.415 2.292 -1.912 4.192 9.007 -17.707 6.154 -4.024 -11.38 -12.932 -10.455 -7.609 10.674 2.345 17.967 5.295 3.629 -2.302 4.787 1.201 -8.153 -7.877 13.743 -11.066 -2.449 -7.664 1.111 -9.467 2.149 0.494 11.107 -17.133 0.807 -8.47 -16.181	-0.829 -8.164 8.833 -0.292 -4.273 -12.503 4.344 2.342 -17.824 0.117 14.214 4.735 2.993 -12.636 15.419 -1.489 2.845 3.463 0.762 1.725 -7.892 18.457 2.639 24.283 -2.39 -12.144 -5.819 -3.99 -7.443 -1.793 -10.113 -9.287 8.155 13.935 2.764 4.682 17.052 -9.04 -1.076 -2.271 -21.286 4.265 -14.581 1.273	-9.528869808859 1.123667167284 -4.474968139208 8.823577078338 -12.65535521623 -8.81040543869 10.82953154373 -1.844715931969 -16.67585462862 13.26385998814 3.904330996385 4.739549563824 -0.9786383669674 -7.115749147653
dwt	db38	constant	22.396 1.985 -9.39 1.403 -8.587 -6.297 6.244 -7.425 -3.484 6.984 6.162 4.749 -2.382 -10.793 11.583 -3.776 8.562 4.199 -0.117 -1.031 -9.399 8.104 4.486 -10.253 2.163 2.156 -19.457 -5.002 8.127 -5.873	31.67272694291 31.67272694291 31.67272694291 31.67272694291 31.67272694296 31.67272694253 31.67272694381 31.67272695453 31.67272678834 31.67272796975 31.67272236911 31.6727408614 31.67270421997 31.67269159417 31.67316023588 31.67078523731 31.67890944819 31.65707365593 31.7054065386 31.61610733527 31.75237840682 31.5894236934 31.7119839389 31.75567425796 31.37040496359 32.28468043429 30.70397381514 32.9588566148 30.25597288815 32.77493473077 31.79344421486 28.76254957264 38.6401219891 27.3226903034 -2.164586219524 -2.017542035359 -8.384451025273 -0.6098088105539 10.341224262 -6.515361633487 3.858082808226 5.224311658059 2.653532044714 -4.900264288269 6.952995928028 -6.929617232451 -7.746595386513 -2.657898957113 -6.198665827617 -8.089491973285 -8.299768086682 -8.305656290944	2.910152703401e-05 0.007489690179118 0.2289473645326 1.671438689632 1.599208444089 -7.106357489498 0.8126888799641 11.7631502102 -9.37998605618 2.915219014028 9.208426984886 11.37036075792 -1.523496660792 -7.333411396378 -1.53198438292 3.578584455101 1.54481467304 -12.77979624579 17.29016077181 -6.614323669741 0.07387741173331 2.362550171566 -2.831696894852 2.544378398536 -2.02339138233 1.476371355278 -0.9865484136842 0.5900359390524 -0.3006163526137 0.1150214393016 -0.01554803867775 -0.02392967866698 0.02977979856576 -0.02215372457857 0.01268419873414 -0.005903928812948 0.002248161275471 -0.000682881399504 0.0001522295332481 -1.724768304403e-05 -3.593146176792e-06 2.644516927809e-06 -8.149280417843e-07 1.604277128688e-07 -1.950735228661e-08 7.970655866662e-10 1.835349079947e-10 -3.692545334741e-11 2.555560099315e-12 -2.53629289675e-15 -6.172627739507e-15 -1.50431907682e-17
idwt	db38	constant	-10.919 -3.735 18.272 -2.272 3.132 0.335 -6.485 1.042 -4.183 -13.102 -15.518 3.571 -4.014 3.468 11.57 -3.36 2.105 -4.549 -7.975 1.505 4.004 -3.442 4.452 -9.327 7.946 -18.45 0.059 5.97 20.557 -6.413 1.82 9.937 10.45 -8.842 -6.992 10.959 -19.019 -4.112 3.567 -10.771 2.237 10.507 -6.524 3.934 8.748 -4.858 11.081 1.184 0.091 -5.07 -17.971 -7.403	15.529 -13.465 12.696 6.432 27.747 18.346 5.851 -13.395 -2.982 13.252 -3.279 -6.053 -2.991 9.047 9.582 -0.391 3.891 -12.179 1.738 -3.819 0.664 9.209 -25.141 14.281 3.004 1.294 -12.841 11.192 -3.124 -6.877 11.162 -10.086 14.65 0.23 1.228 14.707 7.951 4.179 -17.983 -5.333 -3.946 8.123 6.732 2.424 -1.586 -1.587 -2.91 -9.468 -0.811 7.229 8.82 -0.748	11.05761871685 -18.7090427705 7.970869676364 -19.4121924164 21.89263940411 -3.559898044187 -13.13653467084 -5.642468257761 -16.88247154978 4.178444299976 13.4991966493 -5.654728987001 -5.994556674965 -8.832234701235 1.391178008243 13.8858944008 -0.02832904228439 5.258782424142 -0.2714384296691 -10.61640429966 7.64054226333 2.424407742464 8.68813831015 -1.152252692438 6.789396227259 -3.218552052144 -7.514988830543 16.66750169265 11.0032222994 -7.279339309052
dwt	db38	symmetric	9.982	14.11667977961 14.11667977961 14.11667977961 14.11667977961 14.11667977961 14.11667977961 14.11667977961 14.11667977961 14.11667977961 14.11667977961 14.11667977961 14.11667977961 14.11667977961 14.11667977961 14.11667977961 14.11667977961 14.11667977961 14.11667977961 14.11667977961 14.11667977961 14.11667977961 14.11667977961 14.11667977961 14.11667977961 14.11667977961 14.11667977961 14.11667977961 14.11667977961 14.11667977961 14.11667977961 14.11667977961 14.11667977961 14.11667977961 14.11667977961 14.11667977961 14.11667977961 14.11667977961 14.11667977961	1.351209495113e-15 1.351209495113e-15 1.351209495113e-15 1.351209495113e-15 1.795298704963e-15 9.071202852634e-16 9.071202852634e-16 9.071202852634e-16 1.129164890188e-15 6.850756803383e-16 4.630310754133e-16 1.351209495113e-15 7.960979828008e-16 1.018142587726e-15 1.129164890188e-15 1.18467604142e-15 9.903870121102e-16 5.116033327406e-16 6.746673394825e-16 8.273230053684e-16 5.827269952557e-16 6.0029107045e-16 8.145294197331e-16 1.278242688905e-15 5.316881779859e-16 1.240404033085e-15 5.992864893745e-16 6.06055976689e-16 9.024270874609e-16 4.119261366341e-16 7.754455096756e-16 1.207630865901e-15 8.07134523905e-16 4.352365092824e-16 4.951045481216e-16 1.088655616276e-15 1.189027885616e-15 6.87019713747e-16
idwt	db38	symmetric	7.332 11.607 0.887 -11.738 -13.627 -13.815 -3.948 2.239 -6.653 -15.834 -5.729 1.101 12.342 1.959 11.831 8.57 1.372 9.596 3.603 -3.236 6.275 -31.4 5.609 -11.955 4.919 4.83 -5.408 12.33 -8.918 7.332 -15.083 3.773 -4.949 -8.757 9.185 2.98 8.802 -6.125	5.142 -16.25 -14.958 -9.568 -0.942 -4.654 7.651 -0.736 7.096 -0.952 -1.74 -12.201 3.47 20.659 2.794 -10.177 -9.263 2.438 6.656 17.982 2.087 -8.233 -8.315 -9.421 2.735 2.837 -2.414 -18.92 24.79 10.648 -3.621 -2.807 -0.596 6.837 8.001 12.217 -9.178 -8.841	-16.32577204914 0.3456983049977
dwt	db38	symmetric	-12.471 4.702	-9.252073744721 -1.734951421355 -9.252073744721 -1.734951421355 -9.252073744721 -1.734951421355 -9.252073744721 -1.734951421355 -9.252073744721 -1.734951421355 -9.252073744721 -1.734951421355 -9.252073744721 -1.734951421355 -9.252073744721 -1.734951421355 -9.252073744721 -1.734951421355 -9.252073744721 -1.734951421355 -9.252073744721 -1.734951421355 -9.252073744721 -1.734951421355 -9.252073744721 -1.734951421355 -9.252073744721 -1.734951421355 -9.252073744721 -1.734951421355 -9.252073744721 -1.734951421355 -9.252073744721 -1.734951421355 -9.252073744721 -1.734951421355 -9.252073744721 -1.734951421355	11.54682564577 -11.54682564577 11.54682564577 -11.54682564577 11.54682564577 -11.54682564577 11.54682564577 -11.54682564577 11.54682564577 -11.54682564577 11.54682564577 -11.54682564577 11.54682564577 -11.54682564577 11.54682564577 -11.54682564577 11.54682564577 -11.54682564577 11.54682564577 -11.54682564577 11.54682564577 -11.54682564577 11.54682564577 -11.54682564577 11.54682564577 -11.54682564577 11.54682564577 -11.54682564577 11.54682564577 -11.54682564577 11.54682564577 -11.54682564577 11.54682564577 -11.54682564577 11.54682564577 -11.54682564577 11.54682564577 -11.54682564577
idwt	db38	symmetric	11.895 0.403 -3.059 10.221 -0.019 9.162 17.959 -4.073 -14.314 -13.054 -2.041 -3.263 2.86 -18.611 -4.173 -4.496 9.522 -4.636 10.601 34.11 -1.883 -5.668 0.434 6.39 -14.755 -16.668 -31.854 13.504 -7.193 -5.394 -5.846 6.582 10.851 -1.733 -0.496 -6.355 -0.639 -5.167	2.719 3.232 -10.533 2.695 5.984 10.666 -12.239 4.986 12.162 -3.907 22.049 -14.346 -0.147 2.01 8.012 15.793 10.178 1.938 -17.204 -19.349 16.149 -2.69 -9.075 15.252 -3.524 10.434 3.736 -5.383 14.101 -2.585 5.394 6.37 15.647 -22.367 5.026 -8.009 -4.977 -23.616	-7.709886763259 -15.5733474419
dwt	db38	symmetric	2.71 -10.303 5.42 9.569 -5.799	-2.204247320203 6.129823867881 -2.579417016733 -1.987669191091 2.900008719256 -2.204247320203 6.129823867881 -2.579417016733 -1.987669191091 2.900008719256 -2.204247320203 6.129823867881 -2.579417016733 -1.987669191091 2.900008719256 -2.204247320203 6.129823867881 -2.579417016733 -1.987669191091 2.900008719256 -2.204247320203 6.129823867881 -2.579417016733 -1.987669191091 2.900008719256 -2.204247320203 6.129823867881 -2.579417016733 -1.987669191091 2.900008719256 -2.204247320203 6.129823867881 -2.579417016733 -1.987669191091 2.900008719256 -2.204247320203 6.129823867881 -2.579417016733 -1.987669191091 2.900008719256	-1.187635015378 -6.824583267187 8.794602849099 -13.60195887325 12.81957430672 -1.187635015378 -6.824583267187 8.794602849099 -13.60195887325 12.81957430672 -1.187635015378 -6.824583267187 8.794602849099 -13.60195887325 12.81957430672 -1.187635015378 -6.824583267187 8.794602849099 -13.60195887325 12.81957430672 -1.187635015378 -6.824583267187 8.794602849099 -13.60195887325 12.81957430672 -1.187635015378 -6.824583267187 8.794602849099 -13.60195887325 12.81957430672 -1.187635015378 -6.824583267187 8.794602849099 -13.60195887325 12.81957430672 -1.187635015378 -6.824583267187 8.794602849099 -13.60195887325 12.81957430672
idwt	db38	symmetric	11.98 -5.81 -10.98 -10.087 -11.348 -12.154 5.949 -0.923 -9.079 4.437 17.285 -0.308 -6.428 -5.62 -6.801 12.116 -16.81 -9.024 -11.882 -20.064 27.084 16.078 6.301 20.369 -1 -4.113 3.009 -26.91 -2.872 9.977 11.061 -2.363 -10.88 0.294 7.993 -14.312 7.291 -2.985 9.727 -16.168	9.356 34.485 -13.633 -9.56 -4.253 -14.564 -1.223 -7.769 4.717 -7.927 -6.242 10.076 12.113 -16.98 -7.655 -5.759 20.092 11.062 4.735 5.912 5.621 -10.225 -14.039 16.474 11.31 -4.73 -1.072 9.678 -5.442 -5.79 -3.103 8.069 13.269 0.482 -14.618 -0.373 15.503 -14.416 1.858 -5.378	-4.041665173074 16.91312842334 -3.243695456738 0.8044855611151 -11.69529589999 2.363553991299
dwt	db38	symmetric	-16.597 11.399 8.1 -2.387 9.571 11.096 -10.513 -9.312 -22.34 1.125 19.185 -0.09 3.89	0.155366987024 20.16935087965 -5.081888024845 -15.78581040572 -1.010416757925 15.35755584213 -4.071830049579 -5.777828100012 -1.868230903873 23.8922157185 -17.8386743148 -8.430654217653 4.713089156647 0.155366987024 20.16935087965 -5.081888024845 -15.78581040572 -1.010416757925 15.35755584213 -4.071830049579 -5.777828100012 -1.868230903873 23.8922157185 -17.8386743148 -8.430654217653 4.713089156647 0.155366987024 20.16935087965 -5.081888024845 -15.78581040572 -1.010416757925 15.35755584213 -4.071830049579 -5.777828100012 -1.868230903873 23.8922157185 -17.8386743148 -8.430654217653 4.713089156647 0.155366987024 20.16935087965 -5.081888024845 -15.78581040572 -1.010416757925	5.154571340494 -2.079386983967 -3.296319715048 7.582086358025 -5.956022477614 -3.18213402842 8.87683435453 -24.84804999292 13.41878762126 1.169531471359 3.030905726921 -16.64183048511 16.77102681049 5.154571340494 -2.079386983967 -3.296319715048 7.582086358025 -5.956022477614 -3.18213402842 8.87683435453 -24.84804999292 13.41878762126 1.169531471359 3.030905726921 -16.64183048511 16.77102681049 5.154571340494 -2.079386983967 -3.296319715048 7.582086358025 -5.956022477614 -3.18213402842 8.87683435453 -24.84804999292 13.41878762126 1.169531471359 3.030905726921 -16.64183048511 16.77102681049 5.154571340494 -2.079386983967 -3.296319715048 7.582086358025 -5.956022477614
idwt	db38	symmetric	0.274 -5.467 5.685 -3.076 -3.968 11.078 -2.184 5.107 -9.332 12.949 -2.985 14.444 0.417 -16.274 -1.109 -12.32 2.713 4.868 17.02 -1.094 -1.802 9.645 13.638 -11.461 -9.29 3.195 -7.449 11.842 -3.651 11.888 -8.482 5.272 -13.724 -20.761 3.391 -6.724 -4.604 12.5 -12.041 -0.964 6.885 23.661 8.052 4.899	7.013 1.651 2.471 1.953 -16.982 2.961 -9.168 -4.737 -13.672 -18.397 13.657 -7.464 7.055 10.306 -3.046 8.479 -4.856 -8.194 -2.671 4.211 4.078 15.205 4.425 15.781 1.895 -9.611 -14.468 2.36 -7.968 -13.044 3.305 -2.525 -6.316 3.611 -2.728 -12.591 -0.281 -1.808 -10.474 -9.102 10.061 0.684 -1.042 14.354	-30.1354562419 -7.264679059994 6.221201449937 10.83133181753 -10.84340385137 -3.094925573029 -3.033713478707 2.024233421373 0.3069066515542 19.83083198504 -21.55665819771 -2.048147504607 -1.710728873484 1.89875202766
dwt	db38	symmetric	5.224 -1.018 -3.997 22.777 -9.928 4.112 -10.281 2.818 3.824 -1.832 4.308 1.155 3.037 -9.628 18.944 0.153 -13.446 -10.022 2.948 -0.017 10.273 -5.108 -6.212 9.432 12.026 -0.342 -14.648 5.712 -2.516 10.689	-3.330004956788 7.89792702209 2.090432392008 2.500265332306 6.844008645086 5.75691441842 -8.893546440906 8.770311457618 -5.771243138254 6.644059854354 7.193916417737 -13.42590816189 4.178102272615 -5.901760341044 5.976589557163 8.205888003362 -9.136140928654 4.436948333574 15.58796441797 -13.49726672759 13.48125196307 -6.751208347162 10.48340532952 0.6961031458235 -10.36201285321 0.9120858222487 1.683039488718 1.177619083517 5.974208244523 -3.205958233006 -3.330004956788 7.89792702209 2.090432392008 2.500265332306 6.844008645086 5.75691441842 -8.893546440906 8.770311457618 -5.771243138254 6.644059854354 7.193916417737 -13.42590816189 4.178102272615 -5.901760341044 5.976589557163 8.205888003362 -9.136140928654 4.436948333574 15.58796441797 -13.49726672759 13.48125196307 -6.751208347162	9.715293907076 19.63361503909 7.411331940907 -3.73410943973 -6.40178081135 -12.70754225303 -20.51769749759 8.947167885325 -2.311963370095 10.94045194368 5.187292077743 12.91010620212 -10.0548380062 13.58787669039 1.17425578494 -6.005103118374 -0.8811272023062 -10.4274310217 -4.732844764511 15.96478078151 3.267293080019 1.944819682358 -4.662065738537 0.3146843531905 -13.31009194395 8.111002273393 -15.40338884467 -9.474132107446 2.697961565829 -1.183817088069 9.715293907076 19.63361503909 7.411331940907 -3.73410943973 -6.40178081135 -12.70754225303 -20.51769749759 8.947167885325 -2.311963370095 10.94045194368 5.187292077743 12.91010620212 -10.0548380062 13.58787669039 1.17425578494 -6.005103118374 -0.8811272023062 -10.4274310217 -4.732844764511 15.96478078151 3.267293080019 1.944819682358
idwt	db38	symmetric	-11.777 -7.638 -2.082 -16.04 3.663 6.052 -1.991 -13.513 3.948 8.84 11.495 2.848 -4.776 -1.973 -0.6 -4.05 14.307 11.96 15.198 16.829 16.387 -3.365 -0.776 12.986 0.26 -5.481 4.154 9.36 -3.058 -9.937 22.324 0.112 -5.998 20.614 -12.167 3.06 5.922 3.059 13.375 4.887 -0.623 8.213 11.764 8.351 -0.694 -4.583 7.643 -9.667 4.328 -4.004 -4.78 0.339	0.719 2.383 11.355 25.188 9.272 3.213 11.431 6.647 5.36 5.339 -1.436 -13.276 10.783 -7.225 9.606 -26.586 -0.328 -10.214 5.201 -12.806 -19.406 5.64 -5.506 -9.884 15.225 3.768 -4.099 16.362 -4.056 -2.943 -4.733 -1.204 -23.682 5.056 1.627 8.319 4.979 4.608 -8.479 -0.915 3.119 15.18 -3.05 0.644 -10.924 1.994 12.547 -4.03 8.028 4.211 8.36 -0.769	23.68480632741 6.28297863146 4.661080598181 -19.00017626471 -4.737182939755 3.459759325686 25.47390829082 -3.251938666454 -5.257513764788 3.062420245332 23.71441510865 -2.184800603819 -0.7622599086288 8.756116502845 -1.905915618466 -0.1834946906448 2.322440091171 16.51255092193 10.34799212052 -2.97604347915 9.294114812267 5.819739732522 -10.22878291326 4.736630641894 -8.420176888002 7.905253092706 -7.060194837698 7.708582731516 0.6349308326176 -11.1484323695
dwt	db38	periodic	-7.407	-10.4750798565 -10.4750798565 -10.4750798565 -10.4750798565 -10.4750798565 -10.4750798565 -10.4750798565 -10.4750798565 -10.4750798565 -10.4750798565 -10.4750798565 -10.4750798565 -10.4750798565 -10.4750798565 -10.4750798565 -10.4750798565 -10.4750798565 -10.4750798565 -10.4750798565 -10.4750798565 -10.4750798565 -10.4750798565 -10.4750798565 -10.4750798565 -10.4750798565 -10.4750798565 -10.4750798565 -10.4750798565 -10.4750798565 -10.4750798565 -10.4750798565 -10.4750798565 -10.4750798565 -10.4750798565 -10.4750798565 -10.4750798565 -10.4750798565 -10.4750798565	6.824999128705e-16 6.824999128705e-16 6.824999128705e-16 6.824999128705e-16 6.824999128705e-16 6.824999128705e-16 4.604553079455e-16 4.604553079455e-16 1.126589122721e-15 4.604553079455e-16 6.824999128705e-16 5.71477610408e-16 -3.914505313582e-17 3.49433005483e-16 3.216774298674e-16 3.771885810986e-16 3.077996420595e-16 3.737191341467e-16 7.449499580057e-16 4.361691792818e-16 6.981124241543e-16 5.014381500655e-16 6.383728844504e-16 3.494872155916e-16 5.659075217469e-16 3.986862772999e-16 3.189262668547e-16 3.782338197555e-16 6.682487952912e-16 7.418827458246e-16 1.547538844141e-16 3.129365436785e-16 3.130215629562e-16 4.007057002321e-16 3.665139505383e-16 5.935908632582e-16 7.17176092997e-16 6.880373575239e-16
idwt	db38	periodic	7.924 8.584 -14.684 -3.298 8.707 -0.429 -11.282 -13.592 8.576 -6.212 8.127 9.805 11.401 -11.738 -13.963 -8.309 15.893 15.086 0.757 0.626 11.565 6.905 -0.835 2.17 -1.01 -23.796 -0.106 2.592 -6.209 -14.024 7.832 -7.86 3.327 0.199 0.732 12.347 -9.135 0.706	-15.188 -13.594 -0.666 7.246 12.207 -5.529 2.242 6.192 -11.846 -6.245 0.599 3.881 13.479 2.458 -11.113 -19.409 -26.548 -10.141 8.176 -6.209 -2.77 12.893 -12.21 0.199 -16.687 10.921 -5.906 5.041 9.473 -9.178 -9.71 10.974 -15.846 -8.885 11.256 -1.164 -8.87 -9.606	18.35395321949 -3.255902175754
dwt	db38	periodic	0.47 18.074	13.11258815032 13.11258815032 13.11258815032 13.11258815032 13.11258815032 13.11258815032 13.11258815032 13.11258815032 13.11258815032 13.11258815032 13.11258815032 13.11258815032 13.11258815032 13.11258815032 13.11258815032 13.11258815032 13.11258815032 13.11258815032 13.11258815032 13.11258815032 13.11258815032 13.11258815032 13.11258815032 13.11258815032 13.11258815032 13.11258815032 13.11258815032 13.11258815032 13.11258815032 13.11258815032 13.11258815032 13.11258815032 13.11258815032 13.11258815032 13.11258815032 13.11258815032 13.11258815032 13.11258815032	-12.44790777601 -12.44790777601 -12.44790777601 -12.44790777601 -12.44790777601 -12.44790777601 -12.44790777601 -12.44790777601 -12.44790777601 -12.44790777601 -12.44790777601 -12.44790777601 -12.44790777601 -12.44790777601 -12.44790777601 -12.44790777601 -12.44790777601 -12.44790777601 -12.44790777601 -12.44790777601 -12.44790777601 -12.44790777601 -12.44790777601 -12.44790777601 -12.44790777601 -12.44790777601 -12.44790777601 -12.44790777601 -12.44790777601 -12.44790777601 -12.44790777601 -12.44790777601 -12.44790777601 -12.44790777601 -12.44790777601 -12.44790777601 -12.44790777601 -12.44790777601
idwt	db38	periodic	20.646 -1.496 -3.549 11.994 16.72 -1.91 -13.683 -8.569 7.984 -16.406 -1.191 2.724 6.557 2.161 1.224 -9.1 0.707 2.251 -7.869 0.927 -4.695 4.568 -12.818 -1.293 -4.114 0.981 9.864 1.431 12.05 0.675 -23.136 7.193 -0.018 -19.826 5.529 0.684 5.874 11.1	15.659 1.801 -1.826 1.047 3.534 -4.72 3.093 7.423 3.406 3.907 -2.038 -12.374 3.128 6.543 5.237 -4.967 -7.673 -6.817 -1.148 -7.887 -15.89 0.163 20.698 -6.661 -8.776 -29.457 -10.463 6.975 15.125 6.907 -4.627 8.02 -9.058 0.322 -2.464 9.688 9.684 3.033	-13.0354545619 -10.82357714381
dwt	db38	periodic	0.179 -1.952 -5.514 3.903 -13.754	-7.46778222942 -1.162730408586 -8.188787929339 -3.125439871362 -4.292051593243 -7.46778222942 -1.162730408586 -8.188787929339 -3.125439871362 -4.292051593243 -7.46778222942 -1.162730408586 -8.188787929339 -3.125439871362 -4.292051593243 -7.46778222942 -1.162730408586 -8.188787929339 -3.125439871362 -4.292051593243 -7.46778222942 -1.162730408586 -8.188787929339 -3.125439871362 -4.292051593243 -7.46778222942 -1.162730408586 -8.188787929339 -3.125439871362 -4.292051593243 -7.46778222942 -1.162730408586 -8.188787929339 -3.125439871362 -4.292051593243 -7.46778222942 -1.162730408586 -8.188787929339 -3.125439871362 -4.292051593243	-11.17379378285 -4.74179646855 8.696488114013 9.770474901516 -2.551372764129 -11.17379378285 -4.74179646855 8.696488114013 9.770474901516 -2.551372764129 -11.17379378285 -4.74179646855 8.696488114013 9.770474901516 -2.551372764129 -11.17379378285 -4.74179646855 8.696488114013 9.770474901516 -2.551372764129 -11.17379378285 -4.74179646855 8.696488114013 9.770474901516 -2.551372764129 -11.17379378285 -4.74179646855 8.696488114013 9.770474901516 -2.551372764129 -11.17379378285 -4.74179646855 8.696488114013 9.770474901516 -2.551372764129 -11.17379378285 -4.74179646855 8.696488114013 9.770474901516 -2.551372764129
idwt	db38	periodic	-6.239 -6.019 14.33 19.963 22.163 2.696 -13.292 1.598 -2.551 7.194 -8.398 5.673 2.909 -9.08 16.995 5.266 2.333 6.23 3.5 3.93 26.043 -17.971 -16.525 10.201 -12.83 -10.714 -0.553 5.244 -7.842 -0.192 4.927 17.169 2.806 5.266 -0.88 15.338 -5.537 -3.383 -9.529 14.832	-3.387 9.556 -4.99 5.121 -4.725 -16.366 -27.624 2.515 12.674 7.655 3.364 -9.265 -4.959 -16.475 -5.576 -11.701 -3.8 18.796 -14.003 -1.622 4.581 -22.077 12.903 8.995 6.038 -4.503 3.493 -0.761 11.495 -2.892 -10.834 -4.238 -2.872 -2.756 -7.876 18.937 -7.973 9.093 -14.18 1.376	-0.4590182320371 -2.072692295147 4.516111138968 19.12509266498 -19.09393409337 22.17000043494
dwt	db38	periodic	-10.719 -8.112 -14.388 -13.848 1.45 -25.149 -19.154 -1.217 9.484 6.902 12.125 4.693 -4.183	-5.768747574869 -10.26116773802 -12.43706577501 -27.88118698624 -9.696929134739 12.34951971705 11.35216243257 -15.17481794674 -4.820193207745 -25.40543289995 -19.51358853334 0.2503149273494 19.16184307932 -5.768747574869 -10.26116773802 -12.43706577501 -27.88118698624 -9.696929134739 12.34951971705 11.35216243257 -15.17481794674 -4.820193207745 -25.40543289995 -19.51358853334 0.2503149273494 19.16184307932 -5.768747574869 -10.26116773802 -12.43706577501 -27.88118698624 -9.696929134739 12.34951971705 11.35216243257 -15.17481794674 -4.820193207745 -25.40543289995 -19.51358853334 0.2503149273494 19.16184307932 -5.768747574869 -10.26116773802 -12.43706577501 -27.88118698624 -9.696929134739	-1.667830860911 4.585347147951 -8.811739611713 3.068652592908 -2.401357038414 4.386594454578 13.21102252191 -5.620892522477 2.233034630729 6.630356264751 -6.015195634886 6.311525813955 -15.90951775838 -1.667830860911 4.585347147951 -8.811739611713 3.068652592908 -2.401357038414 4.386594454578 13.21102252191 -5.620892522477 2.233034630729 6.630356264751 -6.015195634886 6.311525813955 -15.90951775838 -1.667830860911 4.585347147951 -8.811739611713 3.068652592908 -2.401357038414 4.386594454578 13.21102252191 -5.620892522477 2.233034630729 6.630356264751 -6.015195634886 6.311525813955 -15.90951775838 -1.667830860911 4.585347147951 -8.811739611713 3.068652592908 -2.401357038414
idwt	db38	periodic	-2.743 3.861 -0.871 -3.272 2.09 -12.82 3.146 -17.843 2.63 -8.7 10.63 12.399 4.939 1.827 -1.005 2.858 6.311 -6.42 -10.559 -4.928 -7.722 -15.47 9.298 0.844 -6.94 0.699 -19.656 -10.009 -9.006 3.107 10.662 -2.476 -7.872 10.317 -34.067 -15.502 -2.11 6.007 8.62 10.751 4.053 -3.777 1.218 2.081	4.599 13.212 9.086 -12.875 10.868 6.098 -10.532 2.099 -3.327 8.428 0.656 1.605 -19.274 1.795 5.771 9.464 4.133 7.162 -12.575 -10.646 5.398 -9.338 -1.753 -1.601 -7.325 -4.809 -2.803 6.306 -4.546 0.291 21.433 5.362 -25.165 -6.686 -10.746 -8.123 -12.811 8.625 -10.194 -3.677 -1.672 4.702 -13.15 4.975	4.158838654545 -17.12646117405 -11.78180331423 -22.17493608164 -18.88075715821 -3.835166560309 5.874242444146 14.56333723645 -0.1712971821405 -2.90767948123 9.780497632726 13.41729423645 8.597380371123 -8.076598000783
dwt	db38	periodic	14.421 13.39 -0.312 -7.668 -2.486 -17.174 13.939 2.687 2.77 -17.43 -9.901 3.339 -3.788 -4.3 6.14 -3.014 1.724 6.511 13.939 2.037 -2.368 16.126 3.603 -7.734 -8.95 9.463 6.689 -2.528 -10.467 6.748	5.058568991099 0.3289921150239 -8.376907112644 23.85483265608 -0.7213547193901 -9.847485881632 7.874116407007 -7.058638717675 -8.560222953317 -3.793648212922 -3.602462308394 6.543949537997 3.99040799068 17.16849531793 -4.893888227019 5.058568991099 0.3289921150239 -8.376907112644 23.85483265608 -0.7213547193901 -9.847485881632 7.874116407007 -7.058638717675 -8.560222953317 -3.793648212922 -3.602462308394 6.543949537997 3.99040799068 17.16849531793 -4.893888227019 5.058568991099 0.3289921150239 -8.376907112644 23.85483265608 -0.7213547193901 -9.847485881632 7.874116407007 -7.058638717675 -8.560222953317 -3.793648212922 -3.602462308394 6.543949537997 3.99040799068 17.16849531793 -4.893888227019 5.058568991099 0.3289921150239 -8.376907112644 23.85483265608 -0.7213547193901 -9.847485881632 7.874116407007	-2.584944471208 1.183756448981 -8.535004954023 3.80690827736 -7.275364865455 11.4740025013 7.79094160476 16.63435811593 -6.709523386771 4.214223537903 -5.821402085602 14.30267652181 -5.748929568362 3.950562322013 -9.358143859566 -2.584944471208 1.183756448981 -8.535004954023 3.80690827736 -7.275364865455 11.4740025013 7.79094160476 16.63435811593 -6.709523386771 4.214223537903 -5.821402085602 14.30267652181 -5.748929568362 3.950562322013 -9.358143859566 -2.584944471208 1.183756448981 -8.535004954023 3.80690827736 -7.275364865455 11.4740025013 7.79094160476 16.63435811593 -6.709523386771 4.214223537903 -5.821402085602 14.30267652181 -5.748929568362 3.950562322013 -9.358143859566 -2.584944471208 1.183756448981 -8.535004954023 3.80690827736 -7.275364865455 11.4740025013 7.79094160476
idwt	db38	periodic	1.76 -2.514 -6.028 -24.246 -1.203 -5.445 -6.459 -1.634 -0.392 16.112 1.277 4.292 -8.609 3.322 21.038 8.267 10.805 -4.127 -12.888 -9.774 1.957 28.115 15.977 -7.799 11.804 5.619 -6.277 15.039 16.229 -10.753 0.59 -8.301 4.791 -6.959 -9.113 14.765 -1.179 12.596 -8.801 -7.66 -1.991 0.847 -0.059 -4.661 -7.014 -5.696 11.632 -9.313 -2.531 -27.836 0.28 -2.109	-6.133 -14.685 -10.061 19.861 2.214 10.069 -1.076 -7.89 -15.655 -12.044 7.267 11.526 16.197 -2.478 21.846 -16.591 -7.629 2.247 -5.954 -8.161 9.16 -12.716 -22.002 -3.316 -10.646 0.709 -5.63 -2.088 -12.497 -1.049 14.711 -10.609 -4.749 20.042 -15.252 -8.704 3.716 -12.895 -17.343 5.269 -11.827 2.889 6.314 7.466 -5.519 -0.966 -5.158 -5.904 -5.605 4.928 18.316 -6.449	4.579922735291 -8.329857406301 1.030408764106 -9.641170440761 10.96060015696 13.86434720916 8.106505962674 -2.847317770107 -13.28046680204 19.98733479943 -6.008776727546 -4.364779282542 -21.7244293149 0.8043603341442 13.70552229334 -12.72009423203 7.808803367373 -3.981033374227 1.956292335385 -7.842003545983 8.880201021041 -18.19786801544 -2.762642540119 5.59495556924 -11.67427018298 6.779128455896 3.843619132516 1.651584530467 -1.760866289294 -2.998312744554
dwt	db38	smooth	4.7	6.646803743154 6.646803743154 6.646803743154 6.646803743154 6.646803743154 6.646803743154 6.646803743154 6.646803743154 6.646803743154 6.646803743154 6.646803743154 6.646803743154 6.646803743154 6.646803743154 6.646803743154 6.646803743154 6.646803743154 6.646803743154 6.646803743154 6.646803743154 6.646803743154 6.646803743154 6.646803743154 6.646803743154 6.646803743154 6.646803743154 6.646803743154 6.646803743154 6.646803743154 6.646803743154 6.646803743154 6.646803743154 6.646803743154 6.646803743154 6.646803743154 6.646803743154 6.646803743154 6.646803743154	-2.103187229498e-16 -2.103187229498e-16 -2.103187229498e-16 -2.103187229498e-16 -2.103187229498e-16 -2.103187229498e-16 -2.103187229498e-16 -2.103187229498e-16 -2.103187229498e-16 -2.103187229498e-16 -2.103187229498e-16 -2.103187229498e-16 -2.103187229498e-16 -2.103187229498e-16 -2.103187229498e-16 -2.103187229498e-16 -2.103187229498e-16 -2.103187229498e-16 -2.103187229498e-16 -2.103187229498e-16 -2.103187229498e-16 -2.103187229498e-16 -2.103187229498e-16 -2.103187229498e-16 -2.103187229498e-16 -2.103187229498e-16 -2.103187229498e-16 -2.103187229498e-16 -2.103187229498e-16 -2.103187229498e-16 -2.103187229498e-16 -2.103187229498e-16 -2.103187229498e-16 -2.103187229498e-16 -2.103187229498e-16 -2.103187229498e-16 -2.103187229498e-16 -2.103187229498e-16
idwt	db38	smooth	11.523 5.682 -4.573 12.328 -8.044 -9.135 -14.771 -21.941 0.431 6.827 -6.791 21.518 9.23 5.693 13.167 -16.742 14.923 -3.212 3.245 2.857 -16.582 -6.804 2.92 -7.687 4.786 -18.363 -3.287 -20.399 10.133 8.626 5.597 7.743 -5.875 -14.157 15.432 -12.33 15.147 5.231	7.44 2.563 13.141 4.072 -3.176 -13.986 -10.014 -13.913 6.042 10.369 0.3 12.143 2.589 -16.222 -14.432 -1.469 -7.95 8.499 -17.691 21.454 -8.248 -4.475 -2.101 4.977 5.71 11.455 -3.134 -2.574 -6.751 3.577 5.444 12.825 2.796 16.507 -9.49 -17.89 0.891 -0.545	-2.812650507399 5.620410178532
dwt	db38	smooth	-1.779 -14.428	1190.769345863 1154.992571163 1119.215796462 1083.439021761 1047.66224706 1011.885472359 976.1086976579 940.331922957 904.5551482561 868.7783735552 833.0015988543 797.2248241534 761.4480494524 725.6712747515 689.8945000506 654.1177253497 618.3409506488 582.5641759479 546.787401247 511.010626546 475.2338518451 439.4570771442 403.6803024433 367.9035277424 332.1267530415 296.3499783406 260.5732036396 224.7964289387 189.0196542378 153.2428795369 117.466104836 81.68933013506 45.91255543415 10.13578073323 -25.64099396768 -61.41776866859 -97.19454336951 -132.9713180704	8.586046820102e-16 5.900337619497e-15 -8.682200486037e-15 -2.50466589164e-15 1.831026901841e-15 5.329514868892e-15 -2.989362460512e-16 -2.142817220231e-15 4.078364770982e-15 -4.205202762939e-15 7.294761619407e-15 2.32783466353e-16 -2.105080445292e-15 -8.981367111443e-15 -1.799116290624e-14 -5.296373935335e-15 -1.024093244901e-14 -2.624882290146e-14 -8.368678986506e-15 1.335907646065e-14 -2.574873446625e-14 2.527727695086e-14 -8.239052402748e-15 -4.184143212122e-14 3.164926722245e-14 8.488120975213e-15 5.857655970351e-15 -4.406358377713e-14 -5.010207887549e-14 2.7192425462e-14 -1.29250681367e-15 -4.41990000702e-14 5.14112392956e-14 -1.058592012308e-14 -3.843703992114e-14 1.047315451176e-13 3.880022173056e-14 8.856919608572e-14
idwt	db38	smooth	1.73 -5.142 -3.557 -0.975 12.011 -4.098 -14.218 1.794 2.575 1.86 12.131 -3.602 23.673 6.047 9.785 1.307 27.15 12.727 -2.631 -12.244 5.75 -14.996 -1.418 12.3 -9.971 0.003 4.144 11.847 -4.336 -14.097 14.065 -22.744 21.706 -4.973 -22.392 12.25 -3.85 2.836	2.836 -1.934 1.932 -0.419 1.85 -8.69 -10.525 -8.368 9.373 -0.225 1.547 -18.848 -0.737 -6.729 -12.412 12.384 6.384 7.335 9.688 -10.076 3.739 15.3 -15.425 0.611 -23.72 -10.72 -11.805 -7.809 -0.419 7.192 6.005 -15.92 -3.435 -3.241 -18.129 13.706 -0.672 0.177	8.831441762671 -8.136136389676
dwt	db38	smooth	-2.791 12.748 -2.941 0.542 2.279	-1469.870006 -1425.919076909 -1381.968147817 -1338.017218726 -1294.066289634 -1250.115360543 -1206.164431449 -1162.213502376 -1118.262573195 -1074.311644322 -1030.360715822 -986.4097774719 -942.4589033299 -898.5077493102 -854.5575236812 -810.6048844961 -766.6570252933 -722.7030911281 -678.7480370961 -634.8278247251 -590.7789893633 -547.0624459532 -502.6408136595 -459.5205065219 -414.2449972079 -372.2455440458 -325.5826978426 -285.2611233203 -236.5437404411 -198.7997596445 -146.9300679962 -112.2195578797 -60.92275912882 -11.47288841387 -0.04662922196804 2.094134457308 6.419972460488 11.31141041652 16.22455777216 21.13753817725	2.430740028519e-15 -0.001055078656619 -0.07998921073293 -1.279978009129 -5.820582884424 -5.107997701916 4.82209793675 -2.410788328189 0.7487201212562 0.0388959827786 -0.2775151556027 0.2354091443387 -0.08526360780194 -0.0686518877483 0.1717973426572 -0.2085789016393 0.1909015976436 -0.1437593113598 0.09149173562521 -0.04940747271613 0.02237464893784 -0.008214274158427 0.00223124624634 -0.0002964990056842 -9.927380185931e-05 8.80999527071e-05 -3.616430417523e-05 1.008187460476e-05 -1.946500546513e-06 2.189502526367e-07 3.205133037886e-09 -6.673173790939e-09 1.32894867967e-09 -1.283744825824e-10 3.883771495698e-12 3.919940175167e-13 -3.299384769293e-14 -6.228158127432e-16 -4.658252760517e-15 5.982530959819e-15
idwt	db38	smooth	-3.102 2.356 -9.559 2.164 8.974 -3.459 -6.485 -16.283 -24.299 1.536 12.206 -5.578 -6.552 2.265 9.689 -8.93 -0.764 -8.111 7.072 -5.208 -18.609 -4.392 10.092 -1.49 5.66 9.528 1.866 -0.641 -4.341 -10.631 -9.406 8.095 -4.216 17.097 2.482 -8.14 11.169 12.227 -7.944 -24.162	-11.734 19.547 14.948 11.257 -6.703 1.383 -2.456 -10.115 -5.018 -4.175 2.448 2.84 -15.33 -12.782 6.22 -2.317 2.804 10.475 -8.232 8.119 15.374 -14.476 17.548 11.686 -0.706 -9.154 12.856 6.323 12.478 -1.587 1.301 8.464 3.651 -6.185 12.092 6.655 11.378 -4.218 5.549 -9.944	4.524421432294 10.95319249599 7.463374485096 -3.832047902343 -8.781474630263 -1.113536791448
dwt	db38	smooth	17.099 3.966 1.706 -12.584 24.073 7.717 -2.676 -9.195 7.02 -6.625 18.71 -5.853 12.801	1263.126609567 1225.980876138 1188.835142709 1151.689409279 1114.54367585 1077.397942421 1040.252208991 1003.106475564 965.9607421354 928.8150086129 891.6692758465 854.5235399738 817.377809895 780.2320949619 743.0862069686 705.9411205122 668.7935055001 631.6516757787 594.501178675 557.3525573721 520.2432451318 482.9710398252 446.1400324573 408.3505493685 372.3469030023 333.3864124282 298.891906763 258.0901704664 225.8391113479 182.1532509015 153.9115971784 104.3369760695 84.68250452803 24.44410009344 6.421765921647 14.23708304515 -2.791990986756 4.647414983347 -2.657035415092 9.819785018219 53.02701118046 104.987980826 157.7299155507 210.4913335179	5.799864564478e-15 0.0003749930334931 0.03147816433658 0.6392805852712 4.763544224253 13.86128738774 10.75170855732 -1.405685478711 20.02150128194 11.1782519635 -5.015889320966 -0.1490764617261 1.837794295479 -2.157038344451 2.143925655746 -2.06053205487 1.907510305693 -1.655990454115 1.318289137868 -0.9461644857463 0.6024110898686 -0.332931033352 0.1536150780042 -0.05382905831324 0.009352011871138 0.004542437466752 -0.005616250721098 0.003394937254629 -0.001475504244773 0.0004863111111192 -0.0001168826239453 1.644290923493e-05 9.04718907009e-07 -1.271611473755e-06 3.866396239941e-07 -6.708615240232e-08 6.035463356998e-09 9.575454647888e-11 -9.326315980529e-11 9.00885670208e-12 -6.790459175631e-14 -1.236501703494e-13 2.862340153262e-14 -4.28378635442e-14
idwt	db38	smooth	-5.135 -8.576 -5.589 4.194 7.866 -7.026 1.408 -2.821 -1.837 -2.001 -8.057 -7.916 7.37 8.116 -6.126 -13.568 -2.301 1.948 11.576 4.257 -10.307 -0.991 -6.427 -5.292 -18.59 12.939 -4.893 -4.237 -8.672 -10.896 1.656 18.162 -8.043 0.74 -2.379 -6.187 -17.965 7.052 4.975 15.605 5.01 0.612 -3.589 -4.229	6.941 0.012 -2.884 1.497 2.965 4.315 -14.1 14.141 -4.276 -9.116 -0.891 -5.098 -12.67 -9.329 -7.287 -20.058 -10.671 16.172 -7.554 0.406 -18.762 -2.286 -12.319 -6.131 20.582 -7.025 -12.405 -14.329 -6.59 6.862 4.151 1.763 15.564 4.815 8.705 6.837 1.7 -3.485 -16.85 8.43 8.892 0.204 -14.322 0.568	-4.153712199722 -11.53929231323 10.40020208283 3.76094263176 -20.26314149201 -8.458230619412 -1.522971971799 -7.515449870227 4.273945393302 7.44140469413 6.277149893092 15.77396638862 1.45670528187 4.105666745294
dwt	db38	smooth	3.386 0.883 8.215 9.623 -18.176 -11.565 9.094 12.705 -8.664 -6.077 -0.223 22.479 13.727 2.358 -2.108 -3.797 5.287 3.407 -17.865 -4.51 -1.919 -2.533 11.982 2.106 11.651 -6.355 -0.892 -7.648 -3.826 4.982	240.9173068813 233.837753788 226.7582006948 219.6786476016 212.5990945083 205.5195414151 198.4399883211 191.3604352357 184.280882095 177.2013291631 170.121776079 163.0422189695 155.9626958419 148.8830005319 141.8039552794 134.7229814531 127.6464891987 120.5624736381 113.4838642931 106.4247703184 99.25843642552 92.42232430965 84.78962568437 78.79691198074 69.80840000687 65.79416488387 54.12948540233 53.55547542985 37.55836010328 42.49406417534 19.32300080637 33.54415016048 -0.1852779476544 19.87198911869 1.360408927518 -8.384121482499 8.889171348758 -14.87724989963 15.57404940817 10.12827026539 5.625728868627 2.77395838542 -10.98672506051 -7.588767823018 7.789490685848 8.963178724489 -6.253682875682 -6.920342652454 11.39904538296 35.62988840982 60.51792796476 85.43050646789	2.052373326159e-15 0.0003321256579184 0.02412318125649 0.3205172150358 0.4751560957227 -4.604604996783 -6.351202945044 4.506877347509 -12.29550276591 -0.6149502403768 -0.5447641865833 3.886832779612 -6.081660142575 -6.362493087896 8.02518203617 12.33161409107 2.088772539439 6.040015802751 -6.192459467528 3.941177039907 -2.164228853405 1.036046683326 -0.3602367575696 -0.009214108893603 0.1733852405204 -0.211668796233 0.1850437479914 -0.1346920707571 0.08412734338332 -0.04415541059261 0.01773620320943 -0.003425202477243 -0.002286482673852 0.003215176053594 -0.002304479044409 0.001200700572937 -0.0004798634099912 0.0001432773574411 -2.751866389919e-05 5.275162921414e-07 1.918628941876e-06 -8.110521403382e-07 1.892655134418e-07 -2.538931813067e-08 8.264930575026e-10 3.763820074232e-10 -7.194029572652e-11 4.470771109401e-12 1.276153451058e-13 -4.261204297027e-14 -2.437710158672e-14 1.270718673998e-14
idwt	db38	smooth	3.344 20.804 -7.465 -2.031 -2.137 14.117 -0.705 10.035 -17.934 -4.06 6.737 8.091 -6.386 7.311 -1.908 7.584 -7.169 -1.508 4.835 9.815 -2.079 -11.653 15.208 -11.541 8.095 12.699 8.651 -12.479 1.671 -1.485 -16.04 8.984 -4.153 11.191 -2.833 -0.634 1.72 -20.32 8.734 2.971 -2.892 2.068 12.602 3.024 4.127 -9.191 8.103 -10.745 -3.494 11.899 11.429 0.49	19.658 6.688 -10.314 18.72 0.278 -18.711 6.361 -8.199 -5.258 -19.94 -8.29 11.192 -12.57 -0.446 10.818 6.831 -19.992 -4.784 25.832 0.125 -10.459 -1.499 2.588 7.776 5.268 -2.807 4.603 -9.129 -15.992 -0.208 4.581 -8.3 5.241 -14.756 -9.092 -9.817 12.687 -7.056 -0.417 9.3 -0.523 7.786 -0.52 -3.026 -4.814 9.655 0.736 -18.288 11.585 -19.778 -4.342 24.141	7.740701574415 9.580844563052 -4.613352086489 3.843469611597 -7.024098800314 -2.362918871987 -2.90195896566 2.034888595242 -8.622535667227 -10.64564032529 -10.95174818955 31.29959150421 -4.247132728255 -0.6583311387877 -2.739421458149 -4.555170333655 3.036014324776 14.41038082402 1.127887405289 8.084456100156 4.910118679632 -6.348845181402 10.9839333381 -11.14439097174 -6.88170316392 16.25400931273 -16.77269002594 1.557869058673 10.97746543175 -18.97647583649
dwt	db38	periodization	0.988	1.397242999625	-4.279184401864e-17
idwt	db38	periodization	-2.32	5.693	-5.666046637648 2.385071172942
dwt	db38	periodization	10.53 -0.194	7.308655690344	-7.583013121445
idwt	db38	periodization	-15.099	3.275	-12.99237999752 -8.36083058075
dwt	db38	periodization	-1.012 7.782 1.042 -12.051 -5.963	6.156237663002 -12.53915230527 -5.047466475614	3.533009704559 0.200748287409 -6.773610044288
idwt	db38	periodization	28.814 6.852 2.476	14.378 19.932 4.062	-1.511494098124 35.14136437804 5.394263860685 14.03040719147 -4.045404322233 4.931796686206
dwt	db38	periodization	-20.483 11.204 -8.177 -9.983 6.835 -5.439 -7.842 -7.008 0.807 3.131 5.961 0.572 11.094	3.307701569721 -4.030733389617 -2.221408978786 -7.063275842269 -6.90359381066 -1.402902034525 12.49189524985	12.00820627499 -20.61386083302 4.9941441417 -1.390041540668 -4.424268164377 3.757340331244 16.54095365765
idwt	db38	periodization	10.487 4.474 -2.121 -10.1 3.196 4.334 1.008	-9.455 -10.711 5.919 1.453 7.236 -15.955 -8.503	11.43772182998 -5.451469721715 9.261713302797 -12.74009370597 -1.143120415245 -6.331288175323 0.2309084204323 -0.3460440590732 -1.279892823871 16.00710548523 -0.21116933648 -7.213858902613 10.9031064447 2.825882213591
dwt	db38	periodization	14.342 4.574 10.986 -1.194 -6.774 -14.386 -5.006 -0.987 -14.43 4.855 6.346 17.454 -13.358 4.452 -8.964 12.205 9.947 -5.472 2.683 -6.369 -7.077 1.492 -7.822 -11.127 9 -6.299 -0.068 12.638 5.35 -5.294	15.49638840473 -0.5953098154742 -5.455377891341 -20.82541989148 10.38151812489 1.005311987041 -1.108928739683 6.742486671889 4.736467518762 -5.580458492667 -3.482648830419 -12.24356826935 4.094640388107 1.341450550026 6.693408492643	-16.08850233077 -2.665155628314 0.1468162121149 -1.827022866261 11.57043458042 9.939019230843 11.5434299832 14.14152016504 -9.329811177546 -4.394998315473 0.7551131396997 5.312763052033 -16.13414067535 1.866417287208 3.21594226053
idwt	db38	periodization	4.166 6.504 1.392 -2.338 -7.887 2.519 6.519 -14.355 -7.84 -1.516 -9.884 -1.35 18.896 -24.501 -3.686	0.811 12.132 14.232 3.731 3.149 -2.164 -4.483 12.881 2.107 -3.634 14.382 6.964 11.058 -1.932 9.025	3.688745790104 17.82839939088 -0.2618810312159 8.262092795944 -12.0669868996 10.57619349846 -0.6824984338418 -2.365366730681 -12.73882711996 2.181455620177 4.450163789995 -9.656865923257 5.009951982692 13.01546899779 -11.33212113005 -7.835790801463 -10.25273786316 -7.033347571567 -3.907932883199 2.665512460088 -4.973306444767 1.839314275987 -16.65181513186 8.531445373643 4.287681434409 9.588531693019 -2.927954529178 -5.339633740571 -20.56774044641 -10.50972907674
dwt	db38	reflect	9.516 -12.104	-1.829992349711 -1.829992349711 -1.829992349711 -1.829992349711 -1.829992349711 -1.829992349711 -1.829992349711 -1.829992349711 -1.829992349711 -1.829992349711 -1.829992349711 -1.829992349711 -1.829992349711 -1.829992349711 -1.829992349711 -1.829992349711 -1.829992349711 -1.829992349711 -1.829992349711 -1.829992349711 -1.829992349711 -1.829992349711 -1.829992349711 -1.829992349711 -1.829992349711 -1.829992349711 -1.829992349711 -1.829992349711 -1.829992349711 -1.829992349711 -1.829992349711 -1.829992349711 -1.829992349711 -1.829992349711 -1.829992349711 -1.829992349711 -1.829992349711 -1.829992349711	15.28764860925 15.28764860925 15.28764860925 15.28764860925 15.28764860925 15.28764860925 15.28764860925 15.28764860925 15.28764860925 15.28764860925 15.28764860925 15.28764860925 15.28764860925 15.28764860925 15.28764860925 15.28764860925 15.28764860925 15.28764860925 15.28764860925 15.28764860925 15.28764860925 15.28764860925 15.28764860925 15.28764860925 15.28764860925 15.28764860925 15.28764860925 15.28764860925 15.28764860925 15.28764860925 15.28764860925 15.28764860925 15.28764860925 15.28764860925 15.28764860925 15.28764860925 15.28764860925 15.28764860925
idwt	db38	reflect	11.719 -0.363 7.329 2.823 -7.415 17.832 16.997 -11.723 19.302 -13.261 -10.504 -9.457 9.592 -5.768 0.896 4.05 11.45 2.921 4.617 -11.145 -3.525 5.622 -1.2 -1.605 16.032 13.243 -3.203 -6.977 4.31 -1.859 14.683 8.955 17.308 -10.996 -16.594 -23.184 14.809 -5.195	-2.021 9.211 -1.736 1.648 -4.214 17.296 -5.254 1.697 -5.742 -3.646 -4.413 -14.611 -0.643 -21.492 2.928 -5.632 5.086 12.437 -13.98 -3.932 -15.372 -10.662 -12.855 -9.892 -6.744 2.485 -19.363 -1.38 -12.433 12.45 -1.909 1.44 0.774 3.631 -3.376 1.975 -4.139 13.769	-8.90222969532 -15.78539377766
dwt	db38	reflect	-2.527 -8.655 -17.113 -0.145 5.079	0.6428707577894 -23.75182473255 -1.674717219395 -10.05830834203 0.6428707577894 -23.75182473255 -1.674717219395 -10.05830834203 0.6428707577894 -23.75182473255 -1.674717219395 -10.05830834203 0.6428707577894 -23.75182473255 -1.674717219395 -10.05830834203 0.6428707577894 -23.75182473255 -1.674717219395 -10.05830834203 0.6428707577894 -23.75182473255 -1.674717219395 -10.05830834203 0.6428707577894 -23.75182473255 -1.674717219395 -10.05830834203 0.6428707577894 -23.75182473255 -1.674717219395 -10.05830834203 0.6428707577894 -23.75182473255 -1.674717219395 -10.05830834203 0.6428707577894 -23.75182473255 -1.674717219395 -10.05830834203	-5.750879088161 0.4054347548168 -7.564773693941 2.958397188865 -5.750879088161 0.4054347548168 -7.564773693941 2.958397188865 -5.750879088161 0.4054347548168 -7.564773693941 2.958397188865 -5.750879088161 0.4054347548168 -7.564773693941 2.958397188865 -5.750879088161 0.4054347548168 -7.564773693941 2.958397188865 -5.750879088161 0.4054347548168 -7.564773693941 2.958397188865 -5.750879088161 0.4054347548168 -7.564773693941 2.958397188865 -5.750879088161 0.4054347548168 -7.564773693941 2.958397188865 -5.750879088161 0.4054347548168 -7.564773693941 2.958397188865 -5.750879088161 0.4054347548168 -7.564773693941 2.958397188865
idwt	db38	reflect	6.827 3.307 21.06 3.329 -3.632 -1.032 -3.351 8.458 1.523 14.599 2.886 -6.764 5.377 9.503 -12.538 3.567 -2.161 9.114 -2.911 6.71 3.12 9.671 12.001 0.924 0.67 -2.806 -9.595 -19.645 5.041 15.397 5.473 2.878 16.128 -5.281 -8.133 -6.113 -8.755 -4.942 9.506 0.557	-6.206 14.258 6.001 -11.573 10.853 -0.351 12.859 -1.79 -2.003 -6.938 1.88 -10.552 -17.01 -20.049 1.679 2.728 8.902 -5.329 9.428 -3.196 -19.301 -21.237 0.783 -8.839 -9.091 10.181 10.437 5.439 1.251 -25.171 13.907 0.025 -17.384 -0.237 -15.822 -7.786 4.734 6.807 -21.618 2.21	-1.789109377759 -5.934688447817 -8.510650472334 -13.02987431028 3.50292453838 -5.65803599694
dwt	db38	reflect	3.956 1.205 -0.714 2.044 5.796 8.881 -4.628 -0.095 -3.37 -8.647 -17.937 11.458 2.79	13.67461294091 -18.96009899016 -1.756571350404 4.122870484063 -5.008510203029 -13.67574158839 4.990943667382 1.411044306359 6.869690282673 -1.987493174132 5.28299918276 1.311215918673 13.67461294091 -18.96009899016 -1.756571350404 4.122870484063 -5.008510203029 -13.67574158839 4.990943667382 1.411044306359 6.869690282673 -1.987493174132 5.28299918276 1.311215918673 13.67461294091 -18.96009899016 -1.756571350404 4.122870484063 -5.008510203029 -13.67574158839 4.990943667382 1.411044306359 6.869690282673 -1.987493174132 5.28299918276 1.311215918673 13.67461294091 -18.96009899016 -1.756571350404 4.122870484063 -5.008510203029 -13.67574158839 4.990943667382 1.411044306359	-3.090669925485 -2.640490419151 -3.018851744089 5.459415561069 -4.855246404768 3.227073798481 -7.543363475818 -2.100973097225 -4.927180726143 -12.66961685852 -12.61001771636 -0.9459466092545 -3.090669925485 -2.640490419151 -3.018851744089 5.459415561069 -4.855246404768 3.227073798481 -7.543363475818 -2.100973097225 -4.927180726143 -12.66961685852 -12.61001771636 -0.9459466092545 -3.090669925485 -2.640490419151 -3.018851744089 5.459415561069 -4.855246404768 3.227073798481 -7.543363475818 -2.100973097225 -4.927180726143 -12.66961685852 -12.61001771636 -0.9459466092545 -3.090669925485 -2.640490419151 -3.018851744089 5.459415561069 -4.855246404768 3.227073798481 -7.543363475818 -2.100973097225
idwt	db38	reflect	10.325 -0.981 -1.325 3.459 12.901 4.401 1.386 -0.833 -20.71 -0.132 8.505 -5.603 2.72 -0.049 6.692 -17.485 4.191 7.761 -4.703 -3.069 -0.745 4.786 -1.085 -0.857 1.085 -3.136 16.859 10.072 -12.465 2.948 12.471 0.218 3.579 -1.512 -17.832 -12.303 16.794 -10.422 11.958 -12.962 -16.647 -18.776 3.191 -1.963	-2.516 18.425 11.462 -1.963 -3.933 -17.211 3.728 -0.619 -21.039 -25.987 4.488 6.623 12.633 -5.706 -3.083 -6.677 5.887 -8.836 -13.44 -8.369 -16.073 -8.053 9.46 4.805 4.458 -5.428 -10.609 4.766 -13.252 -5.338 3.958 2.316 -5.19 0.293 9.84 2.455 -8.799 6.639 6.463 0.554 10.182 -1.193 11.747 -7.385	-1.806413375239 -0.6853695882711 -21.12420125319 -3.884418487176 -14.02473521399 4.920249789405 16.68711762743 1.950800160789 -7.846137159656 12.65849885231 -22.10443407715 14.89880089325 -10.67516347774 -5.107421477677
dwt	db38	reflect	4.113 4.557 0.98 -5.193 6.66 2.957 10.558 -6.262 1.208 1.277 0.027 8.704 6.751 -0.561 6.223 3.575 2.631 5.226 -3.444 10.321 0.676 21.183 6.835 7.824 0.778 2.251 -3.7 12.652 -1.624 -19.565	-3.264880304557 9.834026802735 -0.6448173242609 3.347100169297 6.779298546805 -2.371022615603 7.267466027868 4.157996931885 -1.308343651791 4.527715084487 6.853073945247 4.158619540095 8.965032899781 -5.53091316035 19.2821460055 10.45952083841 6.142744656028 9.209629154553 -9.583420291953 0.128395209917 -0.4185292318861 0.7265526601989 16.69045608876 11.80042605975 4.632098736003 5.899727252306 2.179780167714 10.48034425071 4.436553443253 -3.264880304557 9.834026802735 -0.6448173242609 3.347100169297 6.779298546805 -2.371022615603 7.267466027868 4.157996931885 -1.308343651791 4.527715084487 6.853073945247 4.158619540095 8.965032899781 -5.53091316035 19.2821460055 10.45952083841 6.142744656028 9.209629154553 -9.583420291953 0.128395209917 -0.4185292318861 0.7265526601989 16.69045608876	10.66665353156 6.185738344812 1.614936607419 0.7025307673352 -2.173731228354 6.878590645631 6.546370767389 5.5057036148 -0.4282277891542 -4.692152552926 5.90263504649 0.8514502895125 -7.638732653512 -9.136097280001 -10.21159484636 -2.66337302409 -2.516730341408 -7.278003164216 5.4900326576 -1.030713513226 -15.16663947513 5.649041941314 -16.46276084522 -6.848514210843 -3.058452722497 3.114319190674 2.765002084305 -0.8635172921133 -2.976269054535 10.66665353156 6.185738344812 1.614936607419 0.7025307673352 -2.173731228354 6.878590645631 6.546370767389 5.5057036148 -0.4282277891542 -4.692152552926 5.90263504649 0.8514502895125 -7.638732653512 -9.136097280001 -10.21159484636 -2.66337302409 -2.516730341408 -7.278003164216 5.4900326576 -1.030713513226 -15.16663947513 5.649041941314 -16.46276084522
idwt	db38	reflect	3.973 7.124 3.441 5.525 -11.364 -3.299 1.831 -15.096 -16.482 -1.202 1.996 -14.002 -1.51 -5.086 4.831 6.072 3.438 -17.632 -17.771 1.168 -18.678 -0.431 4.899 -14.203 5.816 -11.96 -28.311 -6.024 -3.898 -14.23 10.736 11.837 -24.265 12.061 17.794 8.324 -1.305 -9.606 10.269 -4.247 1.61 -2.963 -3.139 6.604 9.412 12.377 -8.091 3.448 -3.452 -9.575 9.622 0.925	-4.385 5.597 -13.931 -8.68 -23.547 -2.177 -4.57 6.129 2.888 -2.501 -14.109 -6.424 1.364 -6.646 4.091 -6.812 3.555 5.734 -4.145 -3.686 -0.226 3.939 17.124 -26.885 -5.063 -3.063 -3.181 -12.644 -10.642 -0.092 0.778 25.048 -4 -9.525 3.004 -6.938 -8.409 -1.129 4.38 -0.661 -0.029 3.823 -0.608 19.441 -13.97 5.511 13.662 -7.337 -9.343 -3.588 -22.878 0.345	-9.766141130091 30.39519252593 12.19795559272 16.80440487397 -8.043146839578 -1.479044351187 1.830791807638 -2.713881811898 -4.306681540094 -7.939082407125 10.02949262149 7.922424500297 -7.142682426722 6.622369674397 -11.15629795429 0.9160511591296 0.1622170622531 5.236024127342 -7.069665928919 -1.889341845519 7.235024735552 12.02892345979 6.274696691513 7.169518703169 0.1352712652367 2.779816228043 6.308472571362 -12.17316274185 -7.80180598599 7.276667972599
dwt	db38	antisymmetric	1.61	-2.883935427164e-17 -2.883935427164e-17 -2.883935427164e-17 -2.883935427164e-17 -2.883935427164e-17 -2.883935427164e-17 -2.883935427164e-17 -2.883935427164e-17 -2.883935427164e-17 -2.883935427164e-17 -2.883935427164e-17 -2.883935427164e-17 -2.883935427164e-17 -2.883935427164e-17 -2.883935427164e-17 -2.883935427164e-17 -2.883935427164e-17 -2.883935427164e-17 -2.883935427164e-17 -2.883935427164e-17 -2.883935427164e-17 -2.883935427164e-17 -2.883935427164e-17 -1.398616567342e-16 -2.883935427164e-17 -1.398616567342e-16 -1.398616567342e-16 -2.883935427164e-17 -2.883935427164e-17 -2.883935427164e-17 -2.508839591967e-16 -2.883935427164e-17 -8.43505055029e-17 -1.953728079654e-16 -2.883935427164e-17 -1.155755280705e-16 -7.665267007825e-17 -1.293753888471e-16	2.276883835421 2.276883835421 2.276883835421 2.276883835421 2.276883835421 2.276883835421 2.276883835421 2.276883835421 2.276883835421 2.276883835421 2.276883835421 2.276883835421 2.276883835421 2.276883835421 2.276883835421 2.276883835421 2.276883835421 2.276883835421 2.276883835421 2.276883835421 2.276883835421 2.276883835421 2.276883835421 2.276883835421 2.276883835421 2.276883835421 2.276883835421 2.276883835421 2.276883835421 2.276883835421 2.276883835421 2.276883835421 2.276883835421 2.276883835421 2.276883835421 2.276883835421 2.276883835421 2.276883835421
idwt	db38	antisymmetric	-13.34 -6.395 -14.374 -11.722 6.939 8.288 23.064 -16.92 -2.975 7.861 -23.098 6.872 8.771 3.681 1.862 -3.319 -1.043 23.255 -2.824 9.705 9.424 6.076 6.519 1.983 4.588 8.036 0.201 -3.563 10.011 -0.034 6.248 10.349 -2.473 7.058 0.696 2.41 -1.72 15.531	8.66 4.063 8.352 13.691 12.426 -12.961 -9.315 12.559 -5.053 -2.236 -4.808 -3.383 5.53 16.706 5.614 -0.856 9.537 -16.482 -3.814 9.902 -19.824 6.831 -2.265 10.726 6.604 8.389 6.555 11.952 1.093 1.976 -2.372 -5.349 22.17 5.113 4.763 -8.336 10.373 13.739	19.02702656297 -6.073335469676
dwt	db38	antisymmetric	1.136 -7.42	-4.225251986143 4.225251986143 -4.225251986143 4.225251986143 -4.225251986143 4.225251986143 -4.225251986143 4.225251986143 -4.225251986143 4.225251986143 -4.225251986143 4.225251986143 -4.225251986143 4.225251986143 -4.225251986143 4.225251986143 -4.225251986143 4.225251986143 -4.225251986143 4.225251986143 -4.225251986143 4.225251986143 -4.225251986143 4.225251986143 -4.225251986143 4.225251986143 -4.225251986143 4.225251986143 -4.225251986143 4.225251986143 -4.225251986143 4.225251986143 -4.225251986143 4.225251986143 -4.225251986143 4.225251986143 -4.225251986143 4.225251986143	4.674660698152 7.425350541512 4.674660698152 7.425350541512 4.674660698152 7.425350541512 4.674660698152 7.425350541512 4.674660698152 7.425350541512 4.674660698152 7.425350541512 4.674660698152 7.425350541512 4.674660698152 7.425350541512 4.674660698152 7.425350541512 4.674660698152 7.425350541512 4.674660698152 7.425350541512 4.674660698152 7.425350541512 4.674660698152 7.425350541512 4.674660698152 7.425350541512 4.674660698152 7.425350541512 4.674660698152 7.425350541512 4.674660698152 7.425350541512 4.674660698152 7.425350541512 4.674660698152 7.425350541512
idwt	db38	antisymmetric	3.091 17.698 21.367 8.98 1.725 -17.203 9.401 9.049 17.262 -3.272 18.885 -3.981 -0.106 2.19 -13.338 5.708 3.776 -2.211 -9.97 -3.913 0.564 0.986 -11.082 -6.613 8.787 10.74 -15.826 -4.893 -6.764 -12.809 5.528 -4.046 0.19 8.003 -0.105 0.558 3.137 -6.613	15.967 -6.202 -0.386 12.152 -7.673 0.481 18.691 -7.415 -7.55 -11.436 -17.931 -0.708 -0.418 8.27 -9.395 1.587 5.486 -0.721 -10.528 9.706 1.984 11.825 -3.36 7.904 -5.045 9.614 -3.708 -5.823 -2.469 -4.973 -15.14 -3.045 -3.476 2.251 6.323 -2.214 5.559 0.359	7.213204253054 12.86492345442
dwt	db38	antisymmetric	4.214 -7.049 11.056 -5.916 2.441	1.052461352485 -1.243994086656 -1.151973374222 0.02090082223314 1.322605286161 1.052461352485 -1.243994086656 -1.151973374222 0.02090082223314 1.322605286161 1.052461352485 -1.243994086656 -1.151973374222 0.02090082223314 1.322605286161 1.052461352485 -1.243994086656 -1.151973374222 0.02090082223314 1.322605286161 1.052461352485 -1.243994086656 -1.151973374222 0.02090082223314 1.322605286161 1.052461352485 -1.243994086656 -1.151973374222 0.02090082223314 1.322605286161 1.052461352485 -1.243994086656 -1.151973374222 0.02090082223314 1.322605286161 1.052461352485 -1.243994086656 -1.151973374222 0.02090082223314 1.322605286161	12.9571177146 2.489165240678 11.89689952496 10.39640249202 5.642830267111 12.9571177146 2.489165240678 11.89689952496 10.39640249202 5.642830267111 12.9571177146 2.489165240678 11.89689952496 10.39640249202 5.642830267111 12.9571177146 2.489165240678 11.89689952496 10.39640249202 5.642830267111 12.9571177146 2.489165240678 11.89689952496 10.39640249202 5.642830267111 12.9571177146 2.489165240678 11.89689952496 10.39640249202 5.642830267111 12.9571177146 2.489165240678 11.89689952496 10.39640249202 5.642830267111 12.9571177146 2.489165240678 11.89689952496 10.39640249202 5.642830267111
idwt	db38	antisymmetric	8.114 8.052 15.05 -10.514 -14.99 2.112 3.127 -3.545 7.187 -3.245 5.994 -9.858 -17.294 5.808 6.923 2.264 -0.958 3.248 4.452 3.839 13.937 4.558 -3.232 -8.448 1.318 -0.567 -2.073 5.714 -1.615 5.61 19.898 -2.203 13.72 -7.809 -1.478 -3.941 14.043 -21.906 -4.734 13.699	15.195 -6.946 3.248 8.809 -13.958 -4.244 -4.742 2.788 -2.518 -21.776 7.607 4.408 -10.926 19.82 -2.54 7.692 2.21 -0.914 -12.717 3.074 12.864 -14.881 1.937 9.082 -13.573 5.688 -6.472 -8.795 4.011 -8.848 5.391 10.849 5.094 11.251 6.264 9.678 8.686 -19.005 2.874 5.234	-0.8705912178422 -0.9634080128379 -14.14975937491 1.971235823707 1.548769516079 11.98461821174
dwt	db38	antisymmetric	-15.236 -5.908 -12.078 1.848 18.822 -17.741 -2.844 3.426 -9.942 11.231 -21.153 -9.656 -2.737	-6.071414596967 15.08297584026 -1.587032997558 15.8102695829 -7.913304093563 1.836338413782 18.29480347293 -13.65978326917 0.8313895985217 -2.613334274622 -4.765523964417 4.799049738114 -20.0444334502 -6.071414596967 15.08297584026 -1.587032997558 15.8102695829 -7.913304093563 1.836338413782 18.29480347293 -13.65978326917 0.8313895985217 -2.613334274622 -4.765523964417 4.799049738114 -20.0444334502 -6.071414596967 15.08297584026 -1.587032997558 15.8102695829 -7.913304093563 1.836338413782 18.29480347293 -13.65978326917 0.8313895985217 -2.613334274622 -4.765523964417 4.799049738114 -20.0444334502 -6.071414596967 15.08297584026 -1.587032997558 15.8102695829 -7.913304093563	13.16627644345 14.0873062108 -7.05831780184 -18.52916825342 -1.464209392568 2.704271641621 19.42531534674 -11.15620426569 -21.37342050308 -0.7537902166265 0.9493667896144 -12.87820435109 -17.2376319853 13.16627644345 14.0873062108 -7.05831780184 -18.52916825342 -1.464209392568 2.704271641621 19.42531534674 -11.15620426569 -21.37342050308 -0.7537902166265 0.9493667896144 -12.87820435109 -17.2376319853 13.16627644345 14.0873062108 -7.05831780184 -18.52916825342 -1.464209392568 2.704271641621 19.42531534674 -11.15620426569 -21.37342050308 -0.7537902166265 0.9493667896144 -12.87820435109 -17.2376319853 13.16627644345 14.0873062108 -7.05831780184 -18.52916825342 -1.464209392568
idwt	db38	antisymmetric	-3.469 1.12 3.126 -1.039 -1.079 -16.334 16.761 -12.227 -0.39 -6.01 -4.503 7.224 1.57 -0.416 -14.974 9.448 3.475 4.832 -9.483 2.615 13.319 4.385 13.457 16.718 -6.132 -5.576 -1.578 0.306 2.117 9.882 -6.917 12.939 -11.954 -2.834 -2.183 -1.631 -12.268 -10.157 -9.899 4.124 15.072 1.594 -14.98 15.958	-6.266 -18.002 10.691 -0.865 -4.315 26.859 -10.911 -9.302 6.266 -11.225 0.513 -3.499 -16.521 1.57 -1.598 15.289 -16.281 27.493 -15.975 -2.124 -0.091 -6.337 8.685 -11.577 -8.448 6.394 3.629 11.172 13.272 1.482 -6.611 -8.385 3.423 -13.378 5.31 -10.639 5.54 -12.382 -11.261 3.613 -9.18 -0.363 12.248 12.129	-20.61246586648 -8.002128673468 21.92811763138 -11.20610618488 -2.509921727594 -5.371653969199 -16.0625128768 -0.6435730791706 -3.367840812498 -12.90089057665 -13.06281562847 13.45630994245 7.784702038313 -1.709006548582
dwt	db38	antisymmetric	-7.639 -2.912 -7.081 15.779 7.586 -12.235 -6.044 -10.532 16.313 11.638 11.726 11.987 -1.698 12.777 -5.67 -12.393 2.521 11.652 10.578 -12.784 -4.527 6.303 10.502 -0.137 -3.131 12.976 -0.188 8.374 -3.542 -11.664	-3.053916490028 -5.193986437129 10.84908467873 -16.07634451161 15.70218678389 -5.249824742106 -6.53748907512 2.82799291045 19.7568480091 13.40525502983 -10.84744487142 12.53483862118 -6.081471993521 6.675705357998 -2.807653982551 11.19580080157 4.181738855583 -1.528488559627 6.191444518454 -8.360479815217 3.696042709911 -18.63999787138 9.78017833988 -8.531912074314 -2.03038261309 1.195711626164 2.881757690555 -10.50631742791 -28.03088427733 12.60200880905 -3.053916490028 -5.193986437129 10.84908467873 -16.07634451161 15.70218678389 -5.249824742106 -6.53748907512 2.82799291045 19.7568480091 13.40525502983 -10.84744487142 12.53483862118 -6.081471993521 6.675705357998 -2.807653982551 11.19580080157 4.181738855583 -1.528488559627 6.191444518454 -8.360479815217 3.696042709911 -18.63999787138	0.3540319108168 4.292338312882 -15.11950408404 -3.315004527898 -5.349289732326 -6.954757959532 10.3816535707 9.670677469506 1.70495779077 -7.28255033179 -10.16779655709 4.960331787716 5.007827977334 2.615154317593 4.167301129363 -6.353093123462 -2.905011010214 -12.3818431121 15.99417300635 -2.841494579134 -10.26979613518 -6.628402724829 8.717599613307 -0.6116468343936 6.984074465379 1.416420107976 -6.647207661689 -5.960397734764 -4.860779929622 18.48016424884 0.3540319108168 4.292338312882 -15.11950408404 -3.315004527898 -5.349289732326 -6.954757959532 10.3816535707 9.670677469506 1.70495779077 -7.28255033179 -10.16779655709 4.960331787716 5.007827977334 2.615154317593 4.167301129363 -6.353093123462 -2.905011010214 -12.3818431121 15.99417300635 -2.841494579134 -10.26979613518 -6.628402724829
idwt	db38	antisymmetric	-0.173 2.362 11.076 -11.744 -16.835 -8.863 -18.78 -6.736 -7.682 -9.289 18.68 3.04 -6.388 6.453 -8.223 -0.001 0.294 -13.548 -12.255 5.975 -1.247 -12.31 2.584 7.28 -8.334 13.604 1.573 -1.201 14.609 -5.396 -20.649 -10.553 -3.215 10.421 -5.669 -5.007 9.631 3.203 7.335 5.536 5.203 3.83 -2.718 -6.732 8.374 -7.355 -9.702 -7.362 3.491 4.216 -14.933 6.062	-2.478 -12.771 3.134 -3.5 21.834 0.146 5.212 4.888 10.677 -0.397 17.147 5.472 -17.271 -9.8 17.2 -3.648 -19.828 -24.666 -13.947 3.526 3.421 -3.179 5.585 4.826 -10.36 -1.692 9.874 -9.933 3.849 -1.208 8.751 15.126 6.441 -9.616 2.615 -6.218 13.221 -4.278 1.036 -13.418 3.819 16.938 14.269 -18.107 10.101 6.257 -2.315 -13.696 -7.292 6.988 25.522 -14.89	10.65660532975 -4.349606587142 8.603166985926 -12.54225273679 -5.562666987392 2.648484083053 12.88711200735 0.6496332459294 10.26438765148 -2.380508206174 3.980505847138 4.181052784554 11.3136824534 -7.60718631913 15.85779402014 -6.505822863106 -1.926438344222 15.11567022818 -16.82471596496 0.175524451446 1.585869378027 -7.9815201795 9.08833946158 0.5287676760964 -7.174136699454 2.765564786402 -26.86859900845 10.89463005674 -17.77557293409 14.92455183476
dwt	db38	antireflect	-3.08 7.308	-984.3420998405 -954.9603988687 -925.5786978968 -896.196996925 -866.8152959531 -837.4335949812 -808.0518940094 -778.6701930375 -749.2884920656 -719.9067910938 -690.5250901219 -661.14338915 -631.7616881782 -602.3799872063 -572.9982862345 -543.6165852626 -514.2348842907 -484.8531833189 -455.471482347 -426.0897813751 -396.7080804033 -367.3263794314 -337.9446784595 -308.5629774877 -279.1812765158 -249.799575544 -220.4178745721 -191.0361736002 -161.6544726284 -132.2727716565 -102.8910706846 -73.50936971278 -44.12766874091 -14.74596776905 14.63573320281 44.01743417468 73.39913514654 102.7808361184	-1.82240009489e-15 2.888850154372e-16 5.994730725317e-15 2.912938204131e-15 -8.644462874595e-17 -2.173266351503e-15 5.918460314727e-16 -1.800660617525e-15 2.193956649382e-15 2.293720733927e-15 -3.998139364247e-15 -1.111799991623e-14 -1.489169120157e-14 4.161602706071e-15 1.042334093255e-14 1.390543931906e-14 7.490890297192e-15 -1.799770270478e-14 3.295753421562e-14 1.694846507717e-14 -1.075116827537e-14 1.106673239838e-14 1.16892892152e-14 -1.691402476758e-14 -9.586109205737e-16 -4.355346624599e-14 2.356791436751e-14 -3.506589886031e-14 -6.221865532476e-15 -2.527855350607e-14 1.638387350338e-14 3.40497001844e-14 -6.36655052243e-15 1.126887708462e-14 -3.58699649714e-14 3.987636817394e-14 4.462474916877e-14 1.974432603524e-14
idwt	db38	antireflect	-1.669 10.019 -4.735 -6.59 -7.813 -1.067 7.892 -2.428 0.946 -8.748 1.627 -2.138 -6.252 6.882 18.427 12.297 -16.346 9.543 6.045 12.402 1.554 7.445 -6.502 -4.779 -0.741 14.663 2.205 -16.892 -5.357 25.244 10.69 6.685 -24.668 7.544 -8.742 -1.412 7.03 -5.589	10.703 1.874 8.666 -5.256 7.426 -0.478 -15.279 11.072 14.104 -1.237 -7.813 -10.824 0.522 11.203 -7.261 -3.044 -7.454 0.333 -11.947 -4.556 11.737 12.422 -5.094 10.647 -5.23 -7.685 -1.728 -14.186 1.857 -12.948 -6.182 4.933 -7.684 -6.39 4.128 3.59 -7.359 10.917	-3.077026354106 -5.97043280654
dwt	db38	antireflect	1.139 -14.972 2.947 -4.83 -5.886	167.9086993165 166.0496365261 150.5487670772 154.8581024473 148.0389987651 146.1799359748 130.6790665259 134.988401896 128.1692982138 126.3102354234 110.8093659745 115.1187013446 108.2995976624 106.4405348721 90.9396654232 95.24900079328 88.4298971111 86.57083432076 71.06996487186 75.37930024194 68.56019655976 66.70113376942 51.20026432051 55.5095996906 48.69049600841 46.83143321807 31.33056376917 35.63989913925 28.82079545707 26.96173266673 11.46086321783 15.77019858791 8.95109490573 7.092032115391 -8.408837333513 -4.099501963431 -10.91860564561 -12.77766843595 -28.27853788485 -23.96920251477	3.11844610454 12.62367575569 -15.28797991706 -0.4541419431678 3.11844610454 12.62367575569 -15.28797991706 -0.4541419431678 3.11844610454 12.62367575569 -15.28797991706 -0.4541419431678 3.11844610454 12.62367575569 -15.28797991706 -0.4541419431678 3.11844610454 12.62367575569 -15.28797991706 -0.4541419431678 3.11844610454 12.62367575569 -15.28797991706 -0.4541419431678 3.11844610454 12.62367575569 -15.28797991706 -0.4541419431677 3.11844610454 12.62367575569 -15.28797991706 -0.4541419431677 3.11844610454 12.62367575569 -15.28797991706 -0.4541419431678 3.11844610454 12.62367575569 -15.28797991706 -0.4541419431678
idwt	db38	antireflect	-0.122 19.052 -0.121 -3.496 -10.267 -2.427 4.597 17.222 1.86 2.611 11.091 -3.805 -12.01 2.452 2.835 8.364 -5.922 -22.698 -4.308 -12.251 -3.924 12.725 -3.892 33.261 2.589 0.422 14.642 -7.806 -5.137 15.71 5.134 5.854 3.707 -16.49 -4.981 -4.02 9.104 -3.045 10.137 3.518	12.942 14.237 1.702 -8.02 -14.061 1.199 -1.987 4.718 -7.626 13.87 1.683 7.869 8.526 14.967 -6.232 -12.869 -5.431 7.473 13.359 -19.84 10.216 3.824 6.508 3.375 6.237 -5.284 -8.259 -0.313 -16.233 10.575 -18.675 0.402 -9.925 -8.7 -8.048 0.931 14.907 6.697 12.921 1.81	-16.63273525842 -8.490740990657 -14.20032638098 8.935112548603 4.69170226726 -4.07999134784
dwt	db38	antireflect	10.535 -9.709 3.739 -15.448 3.12 10.104 2.227 11.195 17.865 -19.682 -1.571 -21.853 0.638	101.3633895786 95.74684093234 59.85291733792 88.2709111354 101.0255424442 82.54586472464 70.70415178327 83.13580011812 100.9778181282 73.34485241373 53.16767420302 48.35414171449 73.37044632497 67.75389767873 31.85997408431 60.27796788179 73.03259919061 54.55292147103 42.71120852965 55.1428568645 72.98487487461 45.35190916011 25.1747309494 20.36119846088 45.37750307136 39.76095442511 3.867030830694 32.28502462817 45.03965593699 26.55997821742 14.71826527604 27.14991361089 44.99193162099 17.3589659065 -2.81821230421 -7.631744792733 17.38455981775 11.7680111715 -24.12591242292 4.29208137456 17.04671268338 -1.432965036197 -13.27467797757 -0.8430296427226	-1.119710275448 8.214102706328 -14.83561429459 -9.627651038242 15.11959505256 10.22877834072 -4.327767821955 -0.3091936440004 23.99815323353 7.129084389045 -17.16757815442 -17.30219849352 -1.119710275448 8.214102706328 -14.83561429459 -9.627651038242 15.11959505256 10.22877834072 -4.327767821955 -0.3091936440004 23.99815323353 7.129084389045 -17.16757815442 -17.30219849352 -1.119710275448 8.214102706328 -14.83561429459 -9.627651038242 15.11959505256 10.22877834072 -4.327767821955 -0.3091936440004 23.99815323353 7.129084389045 -17.16757815442 -17.30219849352 -1.119710275448 8.214102706328 -14.83561429459 -9.627651038242 15.11959505256 10.22877834072 -4.327767821955 -0.3091936440004
idwt	db38	antireflect	-1.589 -7.962 7.433 22.244 -1.69 7.667 17.445 12.121 21.691 -3.207 10.103 -10.187 -1.08 15.861 7.229 6.745 -1.502 0.874 2.534 -2.738 -4.041 -0.854 13.122 -3.066 -8.886 5.337 14.592 -15.579 -6.709 9.2 8.577 -9.077 8.852 2.256 -6.244 -6.362 2.478 3.881 -18.134 3.492 -1.104 -13.435 -1.126 1.546	2.319 7.872 6.714 14.809 -10.002 -9.7 -9.18 -5.594 -18.169 15.269 9.346 0.502 1.854 13.359 -2.685 -1.422 -3.94 6.271 -12.861 4.738 -7.588 -8.619 0.662 -1.28 4.598 11.04 -8.81 -6.222 11.304 -19.916 11.751 -7.758 8.327 0.263 1.98 -1.158 12.668 10.336 9.242 -1.575 -22.207 15.221 -14.095 -3.941	12.71252197258 -1.983197390468 -19.55296624247 4.148195363414 -4.595522007686 0.8834003821605 -4.462624679893 12.43837900728 -10.44174965801 5.365055152551 -14.08148766198 -14.27981526271 10.63969960116 -5.432818875755
dwt	db38	antireflect	8.51 -10.924 -3.009 14.268 -3.655 7.767 -5.211 11.21 -2.468 -10.694 -10.495 2.809 3.203 9.54 -21.947 -2.228 1.326 -23.272 -7.124 7.23 -9.235 7.007 -5.045 0.269 4.132 -14.647 -1.932 15.375 10.62 2.364	51.78416190012 34.22481657037 35.42546188464 49.02212023437 27.61764351351 21.3547102439 18.12655977178 29.81098611365 8.399254546303 12.69971451719 19.20370474152 14.17563311613 1.608761575153 9.538537961924 9.309663827456 29.13453757398 -3.818600054563 31.25319951003 21.34890485841 15.99744777846 17.86964889704 34.18805327058 17.0393034656 30.63047861548 22.64466576119 49.66491433284 21.88654647908 28.70642344077 26.60055537527 34.40064879143 16.84130346168 18.04194877595 31.63860712568 10.23413040482 3.971197135209 0.7430466630854 12.42747300496 -8.984258562387 -4.683798591503 1.82019163283 -3.207879992557 -15.77475153354 -7.844975146766 -8.073849281234 11.75102446529 -21.20211316325 13.86968640134 3.965391749718 -1.386065330228 0.4861357883459 16.80454016189 -0.3442096430889	9.752347038721 10.76118083887 7.309442001013 -3.615049713449 -2.313021614539 -2.919539287707 -19.94267778505 1.547635523957 -6.012662288599 1.159945912168 -17.03904894891 -0.876836716171 8.775895060725 -2.702761358453 -23.08528950027 15.27285191933 -0.8626797792771 2.433910259199 -8.26238646895 11.24851508821 -11.57270441581 1.025270542668 12.33999633945 7.754503966862 -12.01500856573 2.309503185504 21.64561459193 -3.55694729719 1.440001471503 9.752347038721 10.76118083887 7.309442001013 -3.615049713449 -2.313021614539 -2.919539287707 -19.94267778505 1.547635523957 -6.012662288599 1.159945912168 -17.03904894891 -0.876836716171 8.775895060725 -2.702761358453 -23.08528950027 15.27285191933 -0.8626797792771 2.433910259199 -8.26238646895 11.24851508821 -11.57270441581 1.025270542668 12.33999633945
idwt	db38	antireflect	4.198 -24.813 -2.832 -4.235 -10.242 9.042 -12.847 3.411 3.217 -6.081 -8.274 2.09 10.874 24.873 2.469 3.505 1.85 -16.477 7.348 -12.749 -17.404 5.371 -2.524 -9.405 1.158 -2.469 2.484 7.349 0.983 9.945 -4.959 7.502 1.019 2.534 -0.402 -6.852 -8.816 -14.202 11.727 0.608 -13.219 7.435 1.537 -10.968 -2.3 -5.686 -7.883 1.031 -6.415 -6.528 13.11 -5.43	11.258 5.628 -1.666 -8.8 -13.23 5.263 -4.757 -7.871 -8.877 -9.745 12.371 -1.122 -6.754 14.315 12.019 -15.739 -1.044 3.513 0.876 -8.372 19.587 2.741 -0.351 -7.51 -11.381 8.876 -0.889 -13.179 8.042 25.538 -10.436 8.356 -0.007 18.385 5.137 11.792 12.016 -0.656 4.697 -4.962 0.529 -2.293 -3.812 -10.431 -13.768 6.552 -6.197 2.937 -11.176 5.095 -4.062 -2.597	-15.99159313822 4.99227358099 2.560065326963 -2.391606819284 -10.02974212752 -5.519247823302 -7.558000747754 -3.816301902401 -12.28653254727 8.131973408609 -5.044444881084 13.69790270443 3.985221958696 -12.39721186858 -2.528793013703 -6.618210121389 -5.455619041746 17.39338574838 8.155423454336 -20.7888409058 0.7467229658559 -10.80354543086 -1.586435298984 3.834615417884 -11.46789334073 1.062388212702 -3.506771352634 -11.11827415852 3.273732038761 6.001561107612
idwt	db38	symmetric	-12.761 -8.29 16.349 7.828 -8.969 -2.434 -3.17 -9.553 -3.719 3.59 -2.788 7.101 2.692 -10.393 6.739 -0.83 1.801 1.708 -3.688 0.039 -22.715 -7.314 -8.087 8.129 2.608 -12.404 -13.827 0.307 -20.201 -2.138 2.186 0.813 5.46 10.575 9.555 -7.978 -2.801 15.554 -5.863 -4.268	-	6.061819096457 4.042780419266 5.159236284669 1.900725254229 -5.223911335587 -7.183925875667
idwt	db38	periodization	-	-12.761 -8.29 16.349 7.828 -8.969 -2.434 -3.17 -9.553 -3.719 3.59 -2.788 7.101 2.692 -10.393 6.739 -0.83 1.801 1.708 -3.688 0.039 -22.715 -7.314 -8.087 8.129 2.608 -12.404 -13.827 0.307 -20.201 -2.138 2.186 0.813 5.46 10.575 9.555 -7.978 -2.801 15.554 -5.863 -4.268	12.87767205671 -10.45025874991 2.959556924678 -0.7621790126524 5.518502682101 -10.56417341747 11.20339673398 -8.24814926786 3.870879695368 -0.353269898025 -0.2095745305128 -0.6133653792019 -0.5773458303024 2.508735409049 -2.112464794992 2.35968061291 -7.544736663866 13.05465913149 -9.998924077605 -1.00556894325 9.038224375956 -6.44215810937 -2.45584157668 7.876868437805 -6.133225942408 1.677130905984 0.3963013621824 -0.08389972536954 0.8833109121722 -5.199748932817 11.18094262147 -13.10477371408 7.025774454212 3.473094469639 -10.50710478109 10.41411965597 -5.470265500961 -0.4331446887357 3.968347606954 -3.635377778585 1.468087574777 -0.58488152872 1.827187100951 -4.832340734656 8.018649756547 -7.226410072948 1.395235641802 2.833345303343 -0.3084118977403 -3.998939850924 2.933447935074 2.954692364479 -7.859777381394 6.613023269197 1.120511146913 -7.49672198087 4.186202694289 3.594783660758 -3.392747803056 -3.130255576507 2.746123879258 4.879861706288 -5.975739749166 -2.017736195637 5.312664504355 1.521988232526 -6.224088455299 0.829903457734 6.271240255535 -7.78886568143 8.450996701014 -11.30430689728 11.12412412198 -7.019211528147 4.627426072574 -3.327051207949 -2.455698270758 9.199344784303 -6.863262326122 -4.484039757978
dwt	sym7	zero	-14.15	0.01482049617486 -0.4317945112984 0.7011726143604 -7.585842126848 -4.084109289284 1.525486563509 -0.1452947004254	-0.0567449649322 1.981668452268 -10.86386508559 -0.246793759479 -0.9606816130444 0.178803693156 -0.03794767614085
idwt	sym7	zero	2.202 -0.808 -13.543 5.19 -3.352 4.651 -16.835	-5.538 3.689 12.924 -10.176 6.032 -11.353 26.384	11.61473921342 -1.252580300379
dwt	sym7	zero	6.635 -17.659	-0.05430756219728 0.4256149116542 -1.527700134349 3.249041096325 -11.64289246729 1.757786561817 -0.002687561725441	0.2079337072182 -2.832999109951 10.19102691042 9.582746481425 -0.4245854907731 0.4550315739172 -0.0007019300888606
idwt	sym7	zero	-11.946 12.68 -0.241 1.665 -2.31 -8.828 -6.588	26.157 6.226 4.637 16.234 9.536 1.491 21.293	5.283264820537 -9.932691324716
dwt	sym7	zero	-8.133 -7.201 -7.007 1.668 -2.439	-0.01079336540637 -0.1453763551571 -0.3182270624468 -4.099676979035 -11.48261039694 -0.1640649490335 -0.2945430018004 0.1976842660088 -0.02504408299206	0.04132581893781 0.3174499822528 -3.014451044912 -1.800963398206 -3.798007281902 -0.1130959299591 -0.1573009939311 0.01377550731507 -0.006540945731981
idwt	sym7	zero	-17.77 -0.057 -5.491 5.837 6.354 6.4 -19.097 -1.52 3.402	6.535 -1.388 -2.688 11.818 1.465 11.191 15.648 -0.831 0.175	2.729060487608 -2.441512365251 16.86978320075 3.762640711364 -1.285638484212 -18.3006861506
dwt	sym7	zero	-3.308 -4.11 -2.906 3.116 2.343 4.761 5.797 -23.137 8.425 -10.204 0.043 14.576 11.542	-0.007557508663777 -0.03760987588444 -0.2328568986182 -1.546338955889 -4.97365343531 2.391932413946 5.557060750897 -11.3489087723 -3.038765385436 17.87852930949 1.330987728858 -1.185427818732 0.1185152955696	0.02893631623695 -0.02346499579777 -0.6500796103106 -0.538843300954 -4.89237318509 6.31209752458 23.85361742456 -1.105501276453 1.758477860621 1.122741049132 0.3501867597729 -0.1304662137165 0.03095350374683
idwt	sym7	zero	-23.068 8.866 -10.409 8.316 2.865 7.573 3.267 -21.647 -12.918 -1.522 11.92 8.029 11.854	1.165 -4.063 -10.254 10.156 16.323 -3.962 5.409 4.135 -5.333 9.388 1.733 0.738 -1.818	-0.6362857817059 -1.582994076407 11.58384346896 -7.063107853955 18.62698602104 4.430869575128 -8.235531717364 -13.98281795551 -10.61160145836 -14.82243475418 -4.477113117882 -1.819197960877 -2.527918496877 4.411598943004
dwt	sym7	zero	-14.772 1.832 -4.238 3.708 0.5 -1.23 5.238 11.059 -5.297 18.128 -14.003 -5.018 -7.204 -15.63 -13.951 -0.565 -6.273 5.43 -4.981 1.242 -4.851 -3.856 -21.914 3.515 13.168 7.88 -1.688 2.858 -15.55 -4.541	0.02038505386467 -0.459541882745 0.6763714100058 -7.370621722961 -5.098445561856 3.307997817533 3.089179746892 7.912669570549 1.579690431412 -13.49712811124 -18.83120331777 -4.662820718777 0.4290260425808 -1.745446894816 -15.92808876492 4.447871542031 11.26277998341 -9.442633892969 -8.026071164704 2.306501212705 -0.177880669779	-0.07805063697229 2.211212710296 -10.86227584595 -5.858982638429 -1.983715336006 4.216040328638 -13.70911725441 -18.91242912897 3.373270261887 -2.523168979387 -6.401011651075 -7.513455162085 0.05667348336934 -17.28851418404 5.591179542817 -5.574241943212 -10.75259903652 1.728301611006 -1.303066536722 0.3335319862278 -0.04645839131592
idwt	sym7	zero	-6.708 -12.651 -12.965 -1.64 4.803 -5.287 7.318 14.787 0.331 -0.269 7.205 2.39 11.55 -0.864 11.588 3.106 7.383 -7.171 0.398 15.561 5.7	-9.986 -1.208 -1.544 0.713 -2.403 15.547 3.799 1.726 -1.584 -8.482 12.692 -10.759 9.435 1.146 12.677 -3.676 12.87 3.805 -3.074 -0.486 10.132	0.0223559855382 3.136576595051 1.839735364191 -3.337722495932 -4.035367070435 -3.64577715367 21.01951861735 4.343713030378 8.390430201917 1.027715493811 -1.093554126015 -0.5208774001479 1.655855930318 11.21249768816 -3.60233871876 -5.007571908565 15.85993268074 11.22259417455 -5.172629277121 -2.833082262376 11.87860808093 5.375697146491 5.966486212095 -5.244333165471 14.32421443122 6.413919181683 -1.866983083705 -9.509943630219 4.705961388141 -7.890724174474
dwt	sym7	constant	6.557	9.27299832848 9.27299832848 9.27299832848 9.27299832848 9.27299832848 9.27299832848 9.27299832848	-2.067838608677e-11 -2.067838608677e-11 -2.067838608677e-11 -2.067838608677e-11 -2.067838608677e-11 -2.067838608677e-11 -2.067838608677e-11
idwt	sym7	constant	22.039 -5.795 2.621 5.712 12.271 -13.96 -11.215	3.802 8.508 -4.117 7.004 -9.615 -14.196 1.537	2.979751614409 10.01120439522
dwt	sym7	constant	1.71 5.197	2.427656679058 2.379941657984 2.723091074633 2.611117995695 7.157699553984 7.675806352477 7.31386275147	-0.03580513218797 0.3541059165523 -1.14069033679 -0.3328835482988 -0.09927515638517 0.0310590714444 -0.009351487415905
idwt	sym7	constant	-9.663 10.846 4.715 14.263 -5.83 4.879 18.729	-0.662 -16.846 8.618 -0.124 -5.456 -1.682 -19.237	14.30773055786 -9.147792913241
dwt	sym7	constant	6.626 9.59 7.975 -17.855 14.974	9.378527962664 9.266058636337 9.935971997663 7.856247002488 12.25845562162 -4.513818425005 26.42128469761 20.9729145853 21.17643388297	-0.03043487578492 0.576328670866 -3.735916638092 6.191277586424 16.97315783081 -1.863298953385 1.062208360941 -0.05315461872103 -4.72232600246e-11
idwt	sym7	constant	-3.558 7.338 1.936 3.082 10.195 -5.035 19.993 -8.668 16.492	-1.877 -1.403 -19.629 4.07 -1.01 -0.464 -4.219 12.377 1.341	-9.409857292292 12.00688557263 7.57211386751 -8.934449861467 1.890467016505 17.79582603697
dwt	sym7	constant	1.703 -5.744 7.178 -3.096 -12.067 -8.143 -13.778 20.33 -0.575 -9.031 2.761 -4.515 5.635	2.388434223632 2.483903787787 2.118540206511 1.451789015133 -1.17799441983 -4.126661498045 -17.54656929487 13.33536332881 -7.003247008925 1.929780463158 9.577834160983 7.898878698666 7.969093423972	0.07646711194291 -0.7316148754899 0.9111738894733 10.19461687901 -1.153744636988 -12.63270832836 -11.10324220802 8.526498593291 3.977931529022 -0.2087436608007 0.3140341793514 -0.01833849170708 -1.777148567195e-11
idwt	sym7	constant	-2.953 -6.399 -18.347 7.924 19.005 7.869 -2.756 5.866 -1.788 11.623 0.531 2.546 -1.395	-11.81 1.3 -4.042 -9.396 -5.049 11.425 8.699 -11.391 -3.727 -11.776 10.703 -0.837 2.116	5.613370968819 18.31934609953 5.77588568098 12.7935507866 0.4386720812508 -6.530810236866 9.544425113687 -3.804048868807 6.52218346549 1.933707057644 -8.937987152387 14.47789562068 5.672286309737 6.674954273361
dwt	sym7	constant	-18.988 3.38 -9.528 -4.242 -12.443 9.918 -6.236 8.342 -3.588 4.203 5.96 -1.011 -3.517 -4.398 -0.126 -10.906 -2.504 -9.134 -4.036 -9.416 -0.073 -3.314 4.411 7.537 16.876 -0.811 10.226 9.662 -6.061 5.506	-26.79310029408 -27.10609818029 -25.16145613172 -26.03618850114 -2.622991216479 -10.49825011967 2.915176510162 2.147351284077 4.772648181218 -1.966745311841 -5.679477362477 -9.243119749637 -8.778098795385 -6.153441308626 0.9419764866114 16.38940085967 9.135433700786 5.794529271782 3.448606163036 9.098810131697 7.667887874439	-0.2296785765561 2.29797704376 -6.46173908762 -7.014404688881 -8.965932253712 -12.53081636605 -9.612255238921 2.49632550593 -2.093318576361 5.057587828652 5.635842054695 3.709962845676 5.846558365428 0.03550824762455 8.908757762611 7.953817256753 -10.63987206461 0.3729344764492 -0.9479047092296 0.1631752178076 -0.0310205491284
idwt	sym7	constant	29.246 -16.119 -8.651 -13.06 -4.58 -16.818 1.383 20.849 10.961 7.138 -3.37 -6.732 -3.901 4.938 1.103 4.769 16.937 21.32 5.682 -17.103 2.655	4.296 -5.223 -18.285 19.388 -12.288 8.572 3.851 -4.765 7.715 -2.757 10.277 8.934 -5.535 -20.766 12.755 9.355 4.829 -12.31 -13.876 -6.495 10.192	-20.47390559728 -8.278501872967 10.88696524923 -14.54652006703 -22.64563918132 -0.70304642385 14.37667525869 6.868914474689 15.16975625588 11.0305717714 2.93546273217 4.59493038484 10.75932465302 -2.122451548749 -5.735769491721 -7.50245555423 3.501328125388 -11.84865199258 3.253652141827 3.309028483057 -2.444210952241 14.08370744032 -14.36475668038 0.5312809496606 18.59339189058 -0.1524063553869 18.9567716534 12.2288791152 15.64705719538 13.83722926615
dwt	sym7	symmetric	18.913	26.74702110516 26.74702110516 26.74702110516 26.74702110516 26.74702110516 26.74702110516 26.74702110516	-5.964551769155e-11 -5.964551769155e-11 -5.964551769155e-11 -5.964418542392e-11 -5.964396337932e-11 -5.964487931331e-11 -5.964334581776e-11
idwt	sym7	symmetric	8.46 12.314 -12.861 6.553 9.9 -2.781 3.714	20.998 14.99 15.714 13.677 -5.922 -7.455 -11.709	17.66149935245 -3.432138724201
dwt	sym7	symmetric	-6.264 9.336	11.43943514027 -7.094971076657 11.43943514027 -7.094971076657 11.43943514027 -7.094971076657 11.43943514027	-5.98322208732 5.98322208731 -5.98322208732 5.98322208731 -5.98322208732 5.98322208731 -5.98322208732
idwt	sym7	symmetric	8.695 -3.82 -2.118 6.355 5.649 1.36 -4.899	7.865 -8.349 -3.499 7.339 10.367 -3.737 11.791	4.244825811588 0.9003350513126
dwt	sym7	symmetric	-3.062 -8.5 13.703 -0.227 8.189	10.43603011709 7.469399293504 3.964039828685 -8.88274444686 1.301074828239 10.43603011709 7.469399293504 3.964039828685 -8.88274444686	-6.250236860776 -12.644219905 -0.05228329794834 13.57046829303 5.376271770668 -6.250236860776 -12.644219905 -0.05228329794834 13.57046829303
idwt	sym7	symmetric	-29.61 -10.576 -14.881 -2.933 -15.396 10.201 -8.529 -9.608 -4.063	-2.336 -9.307 0.622 4.721 -2.624 -11.972 3.155 10.547 8.66	-4.922247282447 -17.74179806557 -2.156337179392 8.208176773418 1.912217000667 1.432529550255
dwt	sym7	symmetric	-7.837 -0.121 9.875 -3.018 -2.575 -1.752 -6.123 -0.58 11.48 -10.195 9.299 8.747 -0.841	-5.31090522553 -3.849140714285 7.745630443093 -12.08716706964 3.795453689711 0.708151176325 -7.193086167239 4.510124057459 1.507207788266 8.784928500658 3.151736304031 4.359511091222 2.870540169058	-5.206641531522 -2.090145372342 -3.106210974386 7.86692003234 0.9694334731482 -5.783568053568 11.29115000462 9.912164451037 -4.950749671124 8.407612904917 -16.99603301326 -4.030992734158 3.71706048428
idwt	sym7	symmetric	24.167 4.118 7.872 0.948 -4.21 17.656 10.1 5.695 6.417 5.339 -7.133 -13.623 7.603	3.296 -4.322 -5.538 -9.708 -15.757 -5.981 -1.047 -15.445 22.022 -4.234 -13.55 -16.75 2.403	-7.596100828781 0.6030321798223 -5.406686448862 22.48262210751 1.380333193618 14.22095215488 1.636322773418 4.17250740968 5.512613546626 14.00662054178 -5.894757463058 -1.751766246684 20.48626716287 -8.952683456274
dwt	sym7	symmetric	-6.173 0.355 -1.686 3.868 12.318 -12.122 12.614 -5.493 12.986 3.405 8.577 2.445 -15.851 2.979 7.861 6.715 1.246 -0.413 -12.681 2.085 -2.304 0.928 0.745 -7.375 -3.533 8.249 0.437 2.926 -14.112 -2.32	-0.5207714704263 6.298051806145 -0.335193689874 -7.348786897234 -2.469886631551 8.822864213751 0.3362941910007 6.041934923925 11.63076086381 -5.733918809641 0.4252329433831 10.14212037084 -8.339186015886 -3.989444083165 2.124542305409 -7.460566069693 7.178877286989 -6.807100887577 -7.613562946471 -8.955777182422 8.050254325241	-4.274037553382 3.376520655928 -0.7445023801581 -5.932639223431 8.302391841416 16.68007495952 11.24317653313 7.582093009063 -13.47962942737 2.395998724964 -1.478178334498 -8.591833006952 -4.653519629356 2.786088986116 -0.9161105824214 -3.477010424246 -12.53598776097 2.958101338497 6.903282550097 7.706873286052 -3.439167781042
idwt	sym7	symmetric	9.157 -3.366 -5.143 0.413 -1.577 7.759 0.923 -3.702 18.017 -1.965 2.587 2.551 -2.48 8.506 3.485 5.026 17.017 -2.6 -11.9 3.186 -0.49	-5.516 1.265 -14.902 4.927 -18.367 -10.008 -5.562 8.911 -5.892 -9.524 -11.003 8.381 -13.446 -7.484 0.239 -18.489 6.884 -3.836 -8.397 -0.799 10.555	-13.60822960516 -1.326329029571 6.051842575547 12.3575640226 -10.42561303769 12.10565067711 -7.504162907877 -0.3583756056697 0.5505489699165 9.939144815765 16.03506467178 -1.826216260985 -8.462999550314 9.866373630873 -2.795412021629 10.75281751857 -8.24549284559 -5.509244881671 7.898190278085 9.458163989685 -6.006556373302 11.48758464407 -4.219787490358 1.507690022742 9.202182700159 23.21519603113 -4.758658243181 2.113830186133 1.406398979184 -10.83555028002
dwt	sym7	periodic	2.426	3.430882102317 3.430882102317 3.430882102317 3.430882102317 3.430882102317 3.430882102317 3.430882102317	-7.650860847641e-12 -7.650860847641e-12 -7.650860847641e-12 -7.65080533649e-12 -7.650722069763e-12 -7.6508504393e-12 -7.650856510832e-12
idwt	sym7	periodic	4.905 2.805 2.901 16.584 -5.994 4.902 -3.14	-4.47 -21.038 -18.012 -8.055 -4.703 -0.739 7.334	-4.794708877359 2.254941306605
dwt	sym7	periodic	-13.569 -4.715	-12.92874038723 -12.92874038723 -12.92874038723 -12.92874038723 -12.92874038723 -12.92874038723 -12.92874038723	-6.260723440597 -6.260723440597 -6.260723440597 -6.260723440597 -6.260723440597 -6.260723440597 -6.260723440597
idwt	sym7	periodic	11.149 5.072 -14.457 -1.798 -1.798 -6.822 -1.631	9.849 -5.33 -6.239 -7.897 -10.849 -4.351 -4.408	-4.739939386285 3.47051084748
dwt	sym7	periodic	20.104 1.589 -2.944 2.036 -2.564	-2.890653645653 16.0676433465 -4.263328786469 9.662166954935 7.192557450692 -2.890653645653 16.0676433465 -4.263328786469 9.662166954935	-9.648801088737 2.085082637166 16.17681077309 -0.6910002137801 -7.922092107796 -9.648801088737 2.085082637166 16.17681077309 -0.6910002137801
idwt	sym7	periodic	1.932 5.138 -9.898 -4.197 13.904 -0.949 -4.897 22.701 -0.944	2.095 2.105 15.06 12.198 -11.155 3.91 -1.803 -16.142 11.188	13.13764734084 -1.371360057217 15.15655148812 4.438004791752 -15.21846597443 -3.289954729758
dwt	sym7	periodic	-14.814 -15.483 -3.114 -27.48 5.006 -15.421 -10.103 -8.485 -5.818 -0.644 -6.959 14.688 -9.667	-14.66414743182 -6.278178998664 3.596111626891 -11.83681426914 -20.06767938305 -15.90287634819 -12.17201799803 -9.840862412706 -4.29884558416 4.050171537102 -22.53576864802 -18.52531210411 -10.53248788601	0.087658951633 18.03209419071 -3.969916817901 11.97566506344 21.78296650642 2.729279743414 3.160749572583 -10.34802418023 -9.513873962834 1.527345904223 -21.81441725664 -12.09129100023 -1.558236714283
idwt	sym7	periodic	18.001 17.91 12.585 7.378 12.54 1.414 -3.872 14.47 -1.103 -21.939 2.876 -10.086 -2.046	-9.431 11.604 -4.98 -4.58 -6.46 3.811 -8.851 2.717 -9.685 -20.789 7.68 0.563 15.432	1.209876198387 15.01417232016 5.189341132357 6.885428511823 -7.273335218212 -5.339943911251 6.208202645355 14.46989721155 2.373687181534 3.980215794324 -6.508873709806 -14.12064084556 -17.02352349761 17.66538918309
dwt	sym7	periodic	6.603 -5.033 -6.76 -22.2 -0.58 6.559 7.258 0.973 10.602 12.818 4.279 4.287 -6.655 -5.546 12.778 -7.284 -7.519 3.88 16.403 -13.692 6.64 -2.946 -2.022 -2.301 0.654 -0.888 -1.738 -14.659 -3.104 -6.321	-3.149234588918 -1.146525184789 -14.08319913563 -1.331181655286 -4.119831648676 -19.38129365117 13.07519909762 7.647843470989 14.82510666146 -3.457806871411 0.9377080364106 -5.818874226814 8.350812960612 -1.962618839361 -1.35615902822 -3.149234588918 -1.146525184789 -14.08319913563 -1.331181655286 -4.119831648676 -19.38129365117	2.999865174375 6.114093400473 7.507093302169 4.784463891395 8.855461360393 0.1316083413445 4.999256653615 -3.872010826823 -7.138286743301 16.44601506329 -7.350978017705 13.87822963569 13.34043579992 1.201527986435 1.171493006339 2.999865174375 6.114093400473 7.507093302169 4.784463891395 8.855461360393 0.1316083413445
idwt	sym7	periodic	0.974 -9.512 10.565 6.654 11.155 19.82 22.482 0.348 4.849 12.033 14.264 0.067 -6.337 0.879 24.241 -19.057 10.761 14.626 12.774 -5.646 5.593	18.542 -0.31 6.961 -14.91 -27.733 4.761 -5.305 8.571 -8.818 0.156 -21.127 -6.182 1.676 -3.706 -5.497 7.989 0.77 -10.223 -3.602 -6.991 -3.904	7.311040527359 11.07020812401 -3.210598504597 32.88884701992 -2.819467825313 21.51849134769 19.18586628515 0.5780566889551 -5.444365110882 0.6772476722109 12.63332985661 9.397055566483 0.9016244976764 14.09507239793 8.479606762715 11.82901542006 -18.22339886728 5.649136486105 -7.451689841392 -4.451390313135 11.46511361434 21.48405275363 3.552814600537 -10.89450065787 -13.1074658323 4.783389730534 16.47328445016 4.330397933772 10.15925089394 18.11887128794
dwt	sym7	smooth	-1.378	-1.94878628895 -1.94878628895 -1.94878628895 -1.94878628895 -1.94878628895 -1.94878628895 -1.94878628895	4.345842262443e-12 4.345842262443e-12 4.345842262443e-12 4.345842262443e-12 4.345842262443e-12 4.345842262443e-12 4.345842262443e-12
idwt	sym7	smooth	-10.956 1.951 8.346 5.512 7.965 -2.631 2.385	13.195 0.243 12.596 -20.057 5.903 -9.728 10.125	15.1101785005 14.70970092658
dwt	sym7	smooth	-2.332 12.414	-134.0537948003 -92.34580841874 -50.63782203724 -8.929835655729 32.77815072578 74.48613710729 116.1941234888	2.119215913865e-10 1.189222054165e-10 2.591321601741e-11 -6.709727218279e-11 -1.600956867076e-10 -2.531171383602e-10 -3.461172225563e-10
idwt	sym7	smooth	15.524 9.868 3.446 -25.145 -23.817 19.136 -10.008	17.97 -13.629 -9.692 -2.076 7.628 11.145 6.15	-27.5093134236 -18.9927425404
dwt	sym7	smooth	3.512 -8.281 1.072 0.531 -8.857	109.537701659 76.24679800439 43.12564239865 11.2855759037 -10.42491086259 -5.215649765331 -34.90887510861 -62.13755286447 -88.59998415225	-1.746767175348e-10 -0.2478677510492 0.2888425719892 5.748795818417 -2.339142818105 0.4809414053018 0.01536198576169 -0.02372601329162 2.529735310119e-10
idwt	sym7	smooth	-17.608 3.015 7.729 15.518 -0.74 4.949 17.908 9.398 -14.127	-4.383 -8.161 6.707 -0.763 -12.294 -26.507 -1.465 -20.542 -1.363	13.24122101067 -2.642820794436 -4.947142014912 8.608082544085 -2.445179193589 30.39758750595
dwt	sym7	smooth	-0.538 10.593 1.484 3.167 -0.495 -6.271 9.252 -0.197 -2.831 1.338 -8.576 -6.722 -13.051	-99.46173884624 -68.03693516144 -36.85582411166 -6.754711620778 12.2120651052 0.1944825774636 -0.5514429363167 1.740554664056 -6.633184649701 -16.36640277498 -33.23205572261 -51.92594279275 -69.74303357526	1.561166196318e-10 0.2236742740084 0.08590831528171 -6.791407903137 -0.6078525727765 10.95669596198 -2.119826423735 -4.623257682097 -0.7654471026252 -0.2862060706784 0.05810232242126 -0.02194528845911 1.928737933254e-10
idwt	sym7	smooth	11.888 0.452 10.571 -8.956 12.434 -10.657 -10.079 22.728 -6.517 28.807 -2.086 0.824 -5.336	21.299 -6.153 -3.302 10.382 -6.603 -7.271 4.805 -16.651 -1.327 4.115 -3.731 -3.08 5.724	-2.440058372449 5.991017855873 13.37034623735 -7.476772222047 -18.17053103164 -2.44578406426 -2.563040493931 15.32139157132 11.57608895739 -2.537642150897 -9.559523315079 30.36520643511 16.92993676072 -5.745008357158
dwt	sym7	smooth	-1.627 3.586 -21.881 13.045 -7.775 -11.081 6.692 9.94 -4.589 4.789 -13.594 3.141 -21.698 27.735 -6.926 9.407 -12.289 6.5 -11.807 13.239 5.095 -27.048 9.42 -2.227 -12.731 -5.447 -15.216 -3.779 -27.08 -1.624	-48.52568063027 -33.75154957527 -20.02747204586 -3.255164716649 -7.532836891424 -0.9741196355046 -6.265897628513 9.310910195297 -4.460195214729 -12.15546803507 12.9248212572 -0.9581284888563 -7.112181009364 8.465579926793 -15.09751337593 -2.941655260336 -15.31312178054 -16.16230494402 11.97105378337 96.82177757312 167.9820958904	7.745179497753e-11 -0.113104985737 4.44883752792 -23.16001687054 -9.729405916955 8.178541996745 -9.446176207547 -6.748299901806 -25.21158586607 -21.8684778069 -13.12623032257 -20.76346647238 2.119852605348 23.44059555382 -6.487755423149 -3.414196202324 -18.51486107735 2.886368886094 -1.866902247765 0.2194209359902 -5.247655782137e-10
idwt	sym7	smooth	-7.156 5.391 -11.869 -8.4 19.669 3.398 14.62 -2.789 11.278 -10.178 -20.466 -2.724 9.99 -9.516 -2.393 -3.847 9.054 -7.99 9.855 -4.132 5.007	16.549 -4.507 -8.948 1.065 3.532 -9.203 -4.538 10.098 1.811 11.64 -3.872 3.716 -2.905 14.226 -3.238 -0.627 9.88 -15.577 4.184 9.166 4.81	-4.092167606945 15.45125877711 11.54291454615 -2.938891526829 7.174723638847 16.71937677371 -0.7882686663589 2.369300678838 -0.03376189516226 5.554232914084 15.09996117547 -8.708657697579 -11.7831538584 -20.56488288506 -3.098118133403 -5.631203416146 -1.800386237024 7.495169828644 6.74501755803 -6.014757652839 -8.544848000262 -7.249090912207 8.406148904372 -8.145329248598 -2.290901860008 11.83084331603 0.6860115723377 -14.13055972527 6.064120616744 14.08012411438
dwt	sym7	periodization	-10.142	-14.34295394959	3.198449491371e-11
idwt	sym7	periodization	0.108	7.231	5.189456667117 -5.036721602403
dwt	sym7	periodization	-4.445 -4.922	-6.623469219374	0.3372899346408
idwt	sym7	periodization	-21.179	3.004	-12.8516657481 -17.09996328941
dwt	sym7	periodization	-1.64 -2.228 -9.279 0.425 8.965	10.11224830931 -9.31322353884 2.883587345931	-5.203192662257 3.220624228098 -4.463416983145
idwt	sym7	periodization	-4.693 -0.868 22.765	-9.129 -11.05 -10.875	-14.05356470989 4.298807585945 1.154938562932 24.73615309784 3.1051972276 5.088598362733
dwt	sym7	periodization	14.93 17.166 -0.578 11.417 -7.821 -16.859 -3.491 4.793 1.84 1.762 -9.73 -4.898 -17.043	-7.145182439695 20.56124445698 0.3842045411962 -18.53793847264 6.808815830807 -3.903284382453 -16.23797332744	-15.18925249364 -3.706044130194 4.532068832381 -2.43450707448 -5.911908963765 -5.998132651029 15.81651275295
idwt	sym7	periodization	6.394 -7.11 -14.668 -14.848 -3.971 14.47 -16.282	-8.209 -6.378 -17.042 7.521 -19.026 2.624 3.546	5.995118556405 -0.5840358484878 -15.51718371645 -3.593372693633 -14.28002851504 -0.6368727054668 -23.73831942383 -7.024053352147 12.07915727825 18.77492670624 -13.30134416049 -7.803565507878 -2.841345803068 1.538017736837
dwt	sym7	periodization	0.5 9.322 -7.733 4.428 12.064 1.473 2.209 -2.072 14.226 3.809 5.572 0.886 -2.393 -12.11 8.284 -13.323 8.153 21.437 5.044 1.853 -9.946 -0.711 -3.885 -5.32 9.452 0.858 1.286 8.11 2.668 18.331	15.12613737594 0.01496381038008 6.534780946263 5.699656015134 4.990900383324 9.981378245335 -2.5958038515 -5.152630293477 -1.507324842296 22.83346216937 -6.186158534135 -6.652735410759 1.468565911596 6.3064230999 7.454895432952	-12.8525822048 5.728347443778 -0.4236811520432 11.26782904126 1.261770206898 -0.2798636997166 17.95646846743 6.002126130265 -6.339257396075 -6.438182063087 -2.863552622814 9.523806534395 -0.5042292723442 -5.841090992085 -10.16628757767
idwt	sym7	periodization	3.235 5.124 -4.989 5.399 17.526 10.346 22.274 -4.995 -4.297 3.164 21.681 -22.835 -5.452 14.536 15.698	5.142 5.947 14.5 2.187 -12.703 2.938 -19.348 9.91 -4.103 -7.697 -5.799 -2.743 -14.091 18.67 -1.584	-0.09332494887425 5.290799112605 6.479435430328 -8.762920682808 1.33805031834 -6.425985608726 16.87349107845 6.286971833467 9.425370640468 13.98026265137 0.3717227561414 19.98504636448 15.42170610124 6.404181740756 -20.18405037943 -1.569555340888 6.755863370632 -4.35057276582 5.250320110593 26.06757595361 0.1323476486832 -10.9762410307 -20.83017083711 -4.049431081692 1.134255640641 15.84248289556 1.289558140461 5.442640297357 24.46483471581 -2.927534756177
dwt	sym7	reflect	-14.863 7.394	-5.281380548717 -5.281380548717 -5.281380548717 -5.281380548717 -5.281380548717 -5.281380548717 -5.281380548717	-15.73807562886 -15.73807562886 -15.73807562886 -15.73807562886 -15.73807562886 -15.73807562886 -15.73807562886
idwt	sym7	reflect	-0.049 -9.41 7.82 5.635 -4.501 1.161 11.593	0.467 -5.058 -0.503 -8.311 5.494 6.303 19.352	1.565429429972 1.326974694433
dwt	sym7	reflect	-0.741 -14.452 1.615 -1.864 2.497	-8.664657884961 1.495740223074 -0.9545320992618 -11.42522431147 -8.664657884961 1.495740223074 -0.9545320992618 -11.42522431147 -8.664657884961	1.502678562723 5.482254615063 11.07680805327 8.538201663661 1.502678562723 5.482254615063 11.07680805327 8.538201663661 1.502678562723
idwt	sym7	reflect	8.771 -6.215 16.621 14.463 9.648 -18.897 -12.335 0.247 4.793	-20.972 -7.319 -5.018 7.404 15.375 -6.151 8.863 14.862 1.641	9.789218420184 9.351349953913 6.983799170039 -23.2615612452 -2.664131071566 -9.6014823371
dwt	sym7	reflect	-3.074 -2.225 8.17 1.379 -17.157 -2.955 1.206 2.249 5.624 5.482 -6.656 9.483 -8.147	5.067644130389 -12.68860164515 1.041660070836 -0.1725504275434 1.735400844997 -4.886932553302 -7.844877497133 8.165249320284 2.571524532964 0.6407369600995 0.8956137599729 4.046069698718 5.067644130389	-12.94069977932 5.869192624385 -2.420693993722 9.699074601914 -13.2754604159 1.990388717613 1.908277795035 -8.084155049493 -12.14887301947 -12.64318846714 -0.2243144547255 2.903695611838 -12.94069977932
idwt	sym7	reflect	0.779 -14.908 6.352 -3.728 -1.774 21.284 -1.602 -15.708 -8.496 11.511 5.276 8.098 -3.706	6.809 7.47 8.721 -6.035 5.38 7.631 6.186 3.606 18.972 -0.026 -4.564 -12.16 -5.85	0.2648344153957 -2.298642175898 0.316318919669 16.01245690068 18.09083557169 -4.916873112383 -0.2693456623474 -14.67169485136 -6.288051324626 -10.78536634131 1.276266356877 -3.503925951052 20.63961000467 -2.278018093713
dwt	sym7	reflect	12.96 3.139 -6.331 6.731 -7.088 4.04 -6.565 -0.596 -12.27 8.859 9.554 8.036 -14.151 17.136 3.524 6.599 6.918 -1.664 -14.083 2.831 -0.399 21.414 -1.401 1.533 15.888 -14.972 11.571 -3.024 -15.995 -18.672	-9.261675325074 -0.02834269586778 -0.8927886075162 7.86424237548 3.540449332845 -2.468118710864 -1.128151703578 -9.177756952294 11.13393665029 2.180019920573 7.966989102085 9.632277618603 -6.807331464235 -1.354482939903 15.34175280776 4.917668702009 -1.71785118312 -6.389860913702 -29.36637614096 2.461243631099 3.783484033749	-9.703417596416 -11.10734261268 8.571822181194 -7.25576526975 -8.604225695603 -4.898107237577 -12.84517734533 3.309150148617 -19.99702974248 -8.952970809686 3.870218153863 -8.017483841098 -7.550135333798 -17.60300098075 14.99682048707 17.55183544864 -2.624875716299 -3.97337034454 10.22385876588 22.0222193123 -7.203770881223
idwt	sym7	reflect	-7.514 6.618 -20.608 -14.098 -8.242 6.031 -7.984 2.295 -11.349 -10.487 13.862 -2.455 30.602 -0.417 -6.013 -2.863 -16.954 13.018 -7.626 7.455 -4.55	10.5 13.445 -3.13 11.302 -5.745 -8.527 -7.551 10.595 -1.852 -1.459 -1.215 22.779 3.281 -3.204 -1.133 2.364 -7.513 7.144 3.158 13.576 -7.776	-13.7873692886 -12.79968513373 6.883527782265 4.096283102542 -6.241750137205 -0.04757329080737 -8.127312665761 9.999749915228 -4.73609350037 -12.1988023739 -1.891552350024 -12.73082550831 -3.724411456645 11.89004886348 4.247337971823 -4.703606068677 6.426263261951 12.78951270825 34.97349076865 -7.897130595488 -4.289165158028 0.9577407254188 -3.704634564255 1.707872823801 -8.615514423952 -17.14764885942 -2.162868067298 14.2054629833 -1.270722046635 -9.482100327507
dwt	sym7	antisymmetric	-22.996	-7.252223821475e-11 -7.252223821475e-11 -7.252223821475e-11 -7.252223821475e-11 -7.252223821475e-11 -7.252135003633e-11 -7.252334843777e-11	-32.52125508033 -32.52125508033 -32.52125508033 -32.52125508033 -32.52125508033 -32.52125508033 -32.52125508033
idwt	sym7	antisymmetric	2.433 4.627 -4.006 -5.007 2.296 -14.744 1.637	8.709 -0.098 4.546 0.632 7.305 9.058 5.036	3.86685206477 1.76288943586
dwt	sym7	antisymmetric	-3.293 9.179	2.25751571831 -2.257515718349 2.25751571831 -2.257515718349 2.25751571831 -2.257515718349 2.25751571831	-5.322448755958 -12.31562279396 -5.322448755958 -12.31562279396 -5.322448755958 -12.31562279396 -5.322448755958
idwt	sym7	antisymmetric	2.854 5.915 1.637 -1.968 5.369 -0.387 -7.64	-4.07 -5.412 5.169 9.548 -5.626 -6.136 5.555	5.141455241867 -3.082604469057
dwt	sym7	antisymmetric	0.988 -12.013 -3.633 1.825 -0.764	2.334488278059 -0.922619505314 7.635254735932 2.994697003973 -12.04182051263 2.334488278059 -0.922619505314 7.635254735932 2.994697003973	-4.30519684148 6.028327210715 5.69431235965 3.96371246708 -1.794201456638 -4.30519684148 6.028327210715 5.69431235965 3.96371246708
idwt	sym7	antisymmetric	2.781 -22.542 8.347 12.48 -4.81 2.132 -5.214 23.285 3.951	-15.127 8.022 1.583 -0.095 2.258 -3.047 8.684 8.121 1.679	4.159132425739 -2.107603717131 -2.020084974865 1.555650498026 -0.02966611667243 -6.533434303276
dwt	sym7	antisymmetric	5.508 -3.832 -1.968 -0.75 -8.184 13.353 -5.272 6.194 -4.999 12.53 -0.487 -3.335 -4.557	-3.802071014281 2.339246892492 3.397369168827 -1.047300993857 -0.9347745349458 -4.975842704612 6.672590797171 -0.6396411512903 8.185750360471 -6.866843373025 5.238883074262 -5.300511389108 -2.266855132243	-5.825628801346 1.693178329494 8.435728591629 3.247345500814 -8.204520549051 -11.17244383764 -11.0589949746 -5.439137787852 -3.39957043099 1.587023179704 -9.943561668241 -6.276266944743 -16.03683876552
idwt	sym7	antisymmetric	-3.136 -1.709 17.077 -18.736 -2.049 -4.735 8.25 -0.786 -6.385 -8.576 1.298 5.129 -11.925	8.15 15.181 5.707 16.517 -4.449 8.301 -13.423 9.765 16.578 10.092 7.059 13.813 8.013	-8.802315384871 -9.468013779596 10.71328170692 -7.41367608562 -7.177699633038 4.089613241705 12.29696123249 4.193921375612 -12.17637038269 -2.99442352413 4.642612937828 -19.96639983559 7.194225313428 -9.388570361581
dwt	sym7	antisymmetric	-20.047 7.777 11.873 16.906 -18.689 30.798 4.8 1.153 20.653 1.871 6.995 -7.148 -8.497 -16.9 12.411 11.039 13.846 -3.372 -2.715 6.05 6.036 -9.493 3.356 -7.187 19.81 1.044 -4.7 -11.84 -7.841 2.262	-17.4806512254 -2.047089447735 -15.37077361054 5.377239692323 7.786777935328 8.417817297507 16.39347070322 10.40571409279 9.764923827241 -10.13504787632 -9.221219606499 23.57423909518 -3.749871825125 5.993165811793 -5.188638239132 5.948819026972 4.83595320983 -15.99294903676 0.7044189510541 11.17174725529 4.990565881711	-16.66956960017 -3.197285018674 -30.67566709223 6.640518969408 -34.12545248327 -14.41361409805 12.71715505905 5.824157211496 3.231523872327 12.69554470747 5.829061933139 -1.538969694278 3.14609551723 7.374680278618 17.96936523208 0.931270356242 2.333724266106 -7.487993946689 1.619209175382 1.574776619016 15.86359451161
idwt	sym7	antisymmetric	-12.809 15.787 1.086 -0.176 -5.612 4.753 21.602 5.156 -0.418 -5.977 -5.711 0.489 -21.792 -2.925 8.831 27.535 -16.902 11.738 16.797 -17.879 12.054	11.842 -0.008 -12.152 1.025 6.532 -8.73 -5.149 -10.129 15.889 -7.264 -19.726 8.215 12.763 15.601 -7.812 -1.188 15.253 19.639 7.45 5.399 -3.213	-10.28679650731 -1.630736283019 -1.839448370509 -4.830402010685 12.98601909956 18.66921514422 4.035135999164 9.742480357557 0.5462624241226 8.871110360307 -7.965137007808 -9.514070768566 7.087671340447 -7.626129201073 -8.071810210384 17.45199483085 -18.79279483783 -16.099518648 -2.970589397246 -13.91797107627 7.306519454956 -9.99007331152 23.97030279735 24.25962896634 0.9413284830633 -8.888076908205 -6.995367305699 -0.0420373270732 27.4779360454 -0.5964574226086
dwt	sym7	antireflect	-9.045 8.302	-166.6110183828 -117.5462930498 -68.48156771681 -19.41684238384 29.64788294914 78.71260828211 127.7773336151	2.691827871715e-10 1.597732501857e-10 5.035843964052e-11 -5.905798072803e-11 -1.684681838476e-10 -2.778829388816e-10 -3.872968057372e-10
idwt	sym7	antireflect	-8.79 11.823 -6.129 7.111 0.373 -3.146 8.352	6.343 2.136 -12.873 -9.094 6.667 -9.788 3.616	-4.711217718713 9.684225926699
dwt	sym7	antireflect	-8.155 -29.042 0.276 -16.4 -6.453	-29.81202150013 -14.00799824073 -9.919583914687 -0.2630562699756 -24.99803853381 -9.194015274411 -5.105600948369 4.550926696342 -20.18405556749	4.465872929245 -18.54989850931 -6.948015251004 21.03204083118 4.465872929234 -18.54989850932 -6.948015251015 21.03204083116 4.465872929223
idwt	sym7	antireflect	-17.888 8.247 5.468 -1.279 3.095 -4.884 5.754 0.539 -11.165	-15.021 -13.521 -5.883 4.033 -18.064 -28.746 -5.467 -1.652 -11.592	-2.698212926805 1.488864892371 1.520392376973 2.13209044137 -16.66846767007 25.34038150054
dwt	sym7	antireflect	-13.868 18.979 -10.375 -8.327 -8.753 18.535 4.243 9.4 0.397 -16.553 -3.357 -7.503 4.903	-51.05573705514 -50.31785949407 -19.18946772792 -44.26165927267 14.66061774951 -14.65279220968 15.25131345713 6.218460729503 -15.32216809011 -0.05232717979468 23.44178163601 25.49394296878 2.036668503474	9.210737633449 11.2080848812 8.396953201479 -15.62975615366 -5.623484597187 -12.93779004402 0.3124059801904 9.693072150628 2.626302586331 -7.936154460453 -7.181034802613 7.860663624788 9.210737633331
idwt	sym7	antireflect	-10.146 -4.861 5.233 -15.01 2.201 12.457 -4.931 -14.124 10.061 4.714 -3.143 -3.113 -15.494	-14.659 3.576 3.978 4.146 2.303 -4.508 2.134 -3.173 -3.294 7.098 5.942 5.096 -6.547	-6.416307573737 -2.527673654869 8.409576655829 6.80714250176 7.60939297559 1.160211767366 -12.17529997519 -11.22881159876 -2.660069349274 6.520928998677 5.207540184216 6.493036188208 -0.7586780392033 -4.195127902075
dwt	sym7	antireflect	-11.749 19.674 5.459 -22.299 -1.791 -2.848 18.721 1.77 -1.42 23.348 -14.691 3.16 2.057 6.61 -11.298 -4.8 2.914 1.966 0.248 -5.239 -6.749 3.107 -20.774 -13.322 -1.668 -23.791 -4.82 -1.325 -1.322 5.668	-40.90406614629 -36.22627054525 -13.98669379634 -47.28547963456 23.70017414999 -19.63570621184 11.03921339494 7.887627198541 7.464126061906 -3.229748486277 0.8265984445147 -7.262524899103 4.347673748714 -7.863274542894 -11.83341206569 -17.20168381771 -16.55207410861 0.5605910064944 13.22755074821 23.87307906013 35.22876301651	-8.14039585761 -8.402209603905 4.338913316081 -4.053352394386 10.62134644246 16.67350843732 -5.775188992116 -22.84490275677 -0.4604002136307 -12.42119030679 3.964606412015 0.7643120045503 -0.9577898244257 -16.59969487622 12.69682581552 8.039177658622 -3.366295205398 4.610177585487 -3.157014622794 -18.07412276816 10.78140473176
idwt	sym7	antireflect	8.624 -17.158 0.354 -15.929 -0.498 1.302 -5.263 5.514 4.794 -6.922 -13.874 1.324 -4.452 -7.264 7.35 4.078 -4.684 -0.118 16.607 0.539 -1.903	1.37 -17.859 9.778 -10.459 10.898 6.309 -6.672 27.116 -6.249 -13.502 5.67 2.197 -5.78 -2.625 3.406 -6.358 -13.372 -11.356 -0.059 -0.974 14.189	1.045785916832 0.5863308311242 -7.144677433843 -0.423329857941 7.340656842744 -13.52294956789 3.162071387567 8.052905276494 -0.4832872967085 -7.61914481267 22.33326326126 -8.938412283801 -16.48341801828 1.507520156255 -15.23524388169 1.040907461023 6.661941165294 -7.598385865672 -5.216133463734 -3.447247319 -6.477695325938 8.173251484985 4.413016218261 1.848380464919 2.520349430086 -0.9774281813949 -10.67522952493 6.504683969133 -4.51296098297 21.58402855905
idwt	sym7	symmetric	-3.908 -3.142 -5.568 15.922 -9.245 -11.587 7.811 -4.877 -2.82 1.165 -7.943 4.107 3.692 -6.1 -24.11 -0.335 -0.812 -3.502 12.782 18.633 8.539 -10.436 -13.078 10.311 -0.449 11.934 9.826 7.472 15.767 -16.819 6.866 7.904 -8.019 -10.715 5.57 1.461 5.06 -4.438 6.283 -24.863	-	7.380936179644 -5.515033832953 -10.14838154099 -9.027876361827 -2.510686544085 5.6228212408 3.371203333541 -3.835697940298 -4.366618707168 -1.793231484349 0.2151002466479 1.513237378998 -2.090151041985 -6.747283590597 -3.672194225108 2.574805409222 4.109558049604 3.102262580838 2.367345878501 -0.8614439207766 -10.25060659149 -18.39606895905 -12.55989305555 -1.027819674732 1.099538154932 -1.637473190054 -3.345513459699 -4.152675718063 -0.05400923810426 7.061673219681 11.35186370401 13.06257439746 12.70519581364 9.19988853718 2.551825993604 -4.896434476382 -10.35360285548 -11.2901039497 -3.105944989471 7.032601318559 4.5331122184 -2.529936667169 1.322105683714 8.645840322435 8.940862608919 6.573143152683 4.936000514716 4.476096895059 10.3180412334 15.13375774928 2.856292617444 -13.15276449248 -8.533003149791 4.841430938507 8.023436283838 5.947144577028 2.265203248784 -3.774937741744 -8.141687982718 -8.735902691696 -3.610848399144 3.279351505754 3.09467191529 -0.1125276769349 2.192094715972 5.049149962077 0.6078780053478 -4.298637445914
idwt	sym7	periodization	-	-3.908 -3.142 -5.568 15.922 -9.245 -11.587 7.811 -4.877 -2.82 1.165 -7.943 4.107 3.692 -6.1 -24.11 -0.335 -0.812 -3.502 12.782 18.633 8.539 -10.436 -13.078 10.311 -0.449 11.934 9.826 7.472 15.767 -16.819 6.866 7.904 -8.019 -10.715 5.57 1.461 5.06 -4.438 6.283 -24.863	-20.15505897105 10.02510598409 -0.1520475825558 -0.7040156027566 -0.8950945894479 4.78483297027 -4.033159111361 -7.323681967205 11.93182788231 -1.024945897409 -8.967859775609 11.18681755354 -7.693617617529 -2.157712823889 7.270118397974 -0.9777707060904 -4.743467257503 4.184937011994 -2.011709600613 -0.9316671108935 1.347107785143 3.752523844609 -5.938101935042 0.5892086939835 4.22428576664 -3.599867578076 0.4863294987246 1.543583023725 -5.626330418469 15.04642504173 -17.62414409143 6.522930304139 2.731405936145 -2.548682444408 -0.07902289740492 2.396978554358 -1.224245842001 -5.27395868593 11.30227092436 -13.31976380982 12.13493730757 -8.649098067941 2.796283578835 4.044526532313 -8.623905601744 11.28966755154 -8.520142428595 -3.341945025771 10.40437924958 -3.738763653117 -1.018076001152 -4.746939260703 9.701060148288 -8.995019811317 7.30265629369 -4.248903056963 3.476034314488 -10.70724632644 11.14973562286 5.261158956718 -14.36221795731 3.421821459525 7.433913737573 -8.25876222236 4.105598785937 2.231184682566 -7.049713508231 9.077193961585 -6.951361432347 -0.9257551997472 6.186843731664 -3.07099079623 -0.06045610883699 -2.861533776191 4.355476873059 2.08502294802 -5.647594328232 -2.672950555674 4.791489046216 10.88162747966
dwt	coif2	zero	11.991	-0.02186209757109 0.2839489418147 -0.9171747915477 9.745369112674 -0.8078643036922 0.1965005515303	-0.4972060570114 4.629845811272 5.000309166419 -0.7126781139894 0.06728671491905 -0.008640108401234
idwt	coif2	zero	0.027 9.224 5.483 -2.51 6.356 8.944	1.874 0.481 1.583 -6.768 11.42 -11.237	-1.280033852122 -1.331003305202
dwt	coif2	zero	-7.056 9.875	0.005749136018635 -0.1116743744157 -0.04721132903716 -1.616651775552 4.288217656005 -0.5250952968547	0.130751646394 -2.059088653605 -10.96803448135 1.174694173867 -0.2734359820606 0.02308838448784
idwt	coif2	zero	11.371 11.712 7.452 -4.51 11.406 11.186	-1.043 17.183 2.752 15.747 7.567 -20.611	2.382865872352 1.599912832158
dwt	coif2	zero	-5.733 15.494 3.185 1.489 6.993	-0.0007117366519593 -0.05569467305821 -0.4113406695296 1.635215130418 9.043196956741 5.307306354882 -0.4806838994234 0.1145966438872	-0.01618690856174 -1.326165217865 -13.94291673609 4.343935592714 2.441639215346 -0.4006325375066 0.03966057171665 -0.005038802272524
idwt	coif2	zero	-4.723 9.967 23.651 -16.21 2.668 -16.127 3.646 5.256	8.405 1.864 0.588 14.019 -15.463 6.426 -9.654 -18.864	-15.49089481234 -5.447016964302 12.05416753069 -16.91345894956 -15.37951188958 8.385937655681
dwt	coif2	zero	-13.721 4.185 -7.231 28.14 -6.796 -0.25 -12.159 6.22 -3.613 -0.39 -11.212 -6.095 5.06	0.02200074948827 -0.308524422615 0.8000121432353 -10.67025651411 8.686530040559 5.823837135035 -8.221514710505 1.360447511879 -12.40526772777 2.471385700357 -0.2719111536115 0.08291992250381	0.5003593945542 -5.177168775525 -9.733182208577 -26.98840736394 -4.344174016222 -11.28663770702 -4.916469578684 2.205632315699 2.319289596605 -0.2174306238427 0.02536020250098 -0.003645980194333
idwt	coif2	zero	-11.516 -26.772 2.588 -3.017 -2.468 8.582 -9.332 1.723 3.474 20.358 -3.975 18.796	16.506 4.495 9.076 9.875 -9.77 -5.715 6.059 3.885 -3.869 -12.124 -1.227 -3.139	1.242265289368 -9.230293035251 5.584056898405 -5.204243106026 7.47759116336 7.915360018853 -15.25332861653 0.2970384974683 2.902648882883 -2.962269405602 5.377552772957 6.646332257191 17.26471174485 8.388010568396
dwt	coif2	zero	6.195 -15.338 17.81 -7.307 1.42 0.858 10.004 -5.399 -11.951 -7.392 -1.957 8.218 -5.17 2.337 -7.747 -4.741 8.6 3.214 8.031 -12.967 11.969 11.067 -6.379 3.271 -6.723 -12.721 1.011 -11.419 2.457 10.838	-0.0002429915599028 0.03342418275873 0.8152921620363 -2.265085929458 5.162129115727 -2.542985133115 8.070501634345 -15.99678858252 0.2037986203547 1.279045854457 -8.156573612754 7.350648422173 0.1663336194014 8.871700753721 1.533513255961 -8.618330256406 -9.471128424888 2.456563053027 4.509182247602 -0.409133299206	-0.005526316722053 0.739843362977 21.36029072585 12.10379753142 2.790953945352 3.615444022485 -0.04789746747291 -8.605435951535 -6.93930110822 4.314733937977 2.55357592915 19.27690167059 -7.258722784042 -8.13923532693 7.28166916709 10.70580575572 -8.443158640824 0.9406813281349 -0.2644061057951 0.01798954775529
idwt	coif2	zero	-17.573 -11.819 10.574 2.091 3.64 -10.377 -7.967 3.174 -6.943 20.954 -1.37 19.536 -3.57 -6.829 1.96 -9.593 3.874 -6.364 8.374 13.168	10.313 15.86 14.342 7.463 -0.266 -17.15 5.756 -11.741 -12.236 4.299 8.581 -7.099 -14.109 8.395 -10.831 -4.283 -13.471 11.427 17.019 -10.302	11.47156231934 -8.185129696709 11.54637844482 -7.177579120474 -4.857058891455 -8.732768429896 -13.88945002141 13.32077306781 0.1633359784141 -8.242964280329 -8.706735258215 14.2151731507 7.986293606182 17.00692301985 -7.245638561746 2.50600774731 22.70189990754 0.5779596967459 -2.906038253745 -0.4111423347723 -14.63814111418 10.36822668349 1.681810116447 -11.08411758552 -8.986296904155 7.218742891832 -0.9564927758253 0.7407891105894 -13.44592927193 11.03733706933
dwt	coif2	constant	-2.228	-3.150867816967 -3.150867816967 -3.150867816967 -3.150867816967 -3.150867816967 -3.150867816967	-1.84097528888e-16 -1.84097528888e-16 -1.84097528888e-16 -1.84097528888e-16 -1.84097528888e-16 -1.84097528888e-16
idwt	coif2	constant	11.03 -1.095 0.112 12.281 3.896 11.844	8.155 -9.552 0.203 -2.148 -4.774 -9.282	6.024007017624 5.10333027828
dwt	coif2	constant	1.322 2.882	1.868466272322 1.874375904802 1.81859927995 2.349805153089 4.219985728633 4.050199241877	-0.0255642448826 0.01485163909889 -0.6506655279587 0.1191847743037 -0.01047398702182 0.001124057135012
idwt	coif2	constant	-14.906 -4.753 3.063 7.588 -10.087 -11.454	-23.041 -15.591 20.025 5.143 12.931 -3.869	9.394932097732 -17.32099289729
dwt	coif2	constant	-5.266 2.636 1.239 8.019 -1.57	-7.452942401175 -7.424339534603 -7.697713696249 -5.340358192996 6.026962826598 1.057875511925 -2.57189054365 -2.220315292926	-0.1294927327322 0.04494274871462 -3.229273795067 -6.017752095052 0.4420837990467 -0.200975081129 0.0154587264707 -9.887923813068e-17
idwt	coif2	constant	8.572 -20.924 3.76 -2.716 -1.697 17.711 2.268 -9.862	11.257 6.411 8.023 9.847 -3.029 2.877 2.625 2.568	2.148393013178 -8.312136663413 4.932127374216 -1.628149972339 16.18649674093 11.90937503129
dwt	coif2	constant	4.149 -20.956 13.749 -2.101 4.383 9.292 4.277 -4.154 17.965 3.718 -4.11 16.653 17.35	5.885661464116 5.713697628019 7.547798916799 -4.924018398448 0.9781342148412 6.997908155862 3.705540267094 13.73416719459 2.177447275884 26.28862984517 24.21383412761 24.53660530717	0.4114040819087 -1.987030526598 23.59502217579 7.730129559488 -5.61218074843 12.78000417999 2.219984215643 -9.031195556187 1.518622666329 -0.129213432614 0.01419221451784 1.700029006457e-16
idwt	coif2	constant	-9.208 12.681 -11.657 11.633 -17.522 -7.417 16 -6.55 -7.848 16.44 1.916 -2.05	-14.316 -7.688 1.117 -17.347 7.314 -8.774 -4.702 12.848 -3.032 -3.391 8.49 -0.494	10.89144067537 -3.543446135094 -21.63186726683 3.458260033705 -8.784668055713 -3.19610314163 13.68568201779 12.04104916446 -12.32264589511 -3.264420505323 -2.499990190986 -7.271042749646 17.75539246838 11.04402860604
dwt	coif2	constant	-4.687 14.453 -3.79 -3.827 -0.625 -0.542 9.311 -7.977 -8.446 -1.536 17.193 6.873 -0.687 0.815 3.737 -3.691 21.435 -0.272 13.223 9.125 8.161 9.786 10.015 4.36 -11.499 1.966 3.741 2.001 6.418 -13.328	-6.64221028323 -6.52327119528 -7.75031934344 1.329633975284 1.609909334201 -3.115368153902 5.353913771245 -12.93926772352 17.33155104226 1.611108358083 0.5747354973391 14.25836873463 12.29227342728 12.41368236695 13.88495017636 -8.082990723927 5.336710721374 1.363909319195 -20.5348773948 -18.52505401351	-0.3136536199057 1.238223539756 -15.38760533837 2.460229592885 3.171707831338 6.270499446107 3.684427937885 1.904006372773 -1.167398694615 12.15840849844 13.85367537907 0.2371610437586 0.08444737975091 -3.756854049721 -5.301994283152 3.083651951598 8.055719912348 -1.414237533898 0.1264523022399 -0.01422796935125
idwt	coif2	constant	-7.324 3.417 -1.741 -4.601 -14.034 -2.411 13.03 16.586 10.009 21.606 6.242 -12.217 2.057 23.862 -14.575 11.407 0.237 -9.277 23.364 9.446	1.343 -5.374 -9.263 -0.359 2.776 11.855 2.233 9.854 12.61 -9.951 2.025 -8.14 -0.27 2.658 -20.859 1.623 6.074 -4.936 19.175 5.287	-8.570899648461 -0.03680135896499 -14.32881952924 -7.370787626028 -0.8939603814702 2.890764882609 15.44065950372 2.008953182848 17.01707905544 8.482652217924 9.498517218066 4.497796792573 26.12162492166 0.9702134579668 4.628779248141 5.683273812855 -12.70090468404 -8.680932639671 -1.285775516537 18.21450427837 16.48838964634 3.992772685624 -11.77812068688 -6.749050175033 3.059216522003 23.3390423984 -7.95044845325 -7.380343481161 -4.258748308429 -0.4860235705502
dwt	coif2	symmetric	-10.988	-15.53937862336 -15.53937862336 -15.53937862336 -15.53937862336 -15.53937862336 -15.53937862336	-7.823602876655e-16 -7.823602876655e-16 1.058181320346e-16 -3.382710778155e-16 -8.101158632812e-16 -1.821459649776e-16
idwt	coif2	symmetric	-0.846 7.496 -14.354 -5.605 6.131 11.117	-7.551 8.973 -10.863 4.566 -23.607 -6.689	-4.660519628646 10.91771648569
dwt	coif2	symmetric	-4.442 -4.924	-6.85009233299 -6.395431892197 -6.85009233299 -6.395431892197 -6.85009233299 -6.395431892197	0.253934973752 -0.253934973752 0.253934973752 -0.253934973752 0.253934973752 -0.253934973752
idwt	coif2	symmetric	-0.263 5.614 2.226 1.06 4.808 -4.956	7.284 -2.198 -3.151 -11.267 9.122 1.456	-1.325397340583 3.621622966184
dwt	coif2	symmetric	-5.605 -12.374 -4.748 1.794 14.381	18.95817131294 4.994455091033 -13.68350249097 -10.14160720933 -9.39344396434 18.95817131294 4.994455091033 -13.68350249097	0.04436699883276 -4.157992172427 5.620051044813 2.526987939155 -4.033413810374 0.04436699883276 -4.157992172427 5.620051044813
idwt	coif2	symmetric	2.889 7.704 -9.72 20.476 -13.507 -3.247 -5.764 1.047	4.736 4.765 -0.397 -4.552 17.69 -5.437 9.906 1.035	20.27036940445 3.865977458833 -16.00166961298 -2.829679387177 5.316003908159 -18.02409635811
dwt	coif2	symmetric	13.118 10.855 -4.199 11.334 7.53 -4.712 14.014 0.013 13.693 13.412 2.471 -7.743 2.616	4.054137471121 8.865489727465 9.823359632132 19.65526476706 4.25648281372 7.906719940065 6.693407186549 16.46129899554 2.705074182371 0.5588099643367 -5.824714725677 17.09956822991	13.03169401627 -1.524036258833 -3.906156669145 -9.168691480673 12.54300352361 10.95880821339 -5.563521351524 9.066563059212 -5.628840501469 0.8901597411526 -3.928548023777 -12.94613094866
idwt	coif2	symmetric	-4.937 -9.67 7.263 13.618 15.514 8.216 6.638 -8.875 -5.467 6.352 16.024 1.668	-3.208 3.976 -1.837 -4.434 2.127 -6.822 19.272 -13.717 22.714 8.426 -0.796 -11.427	10.56410617588 12.25729591912 8.410104071715 12.37887157227 4.98188928137 2.505764134724 2.538860292027 6.757657635539 -0.8310306178879 -24.16375526872 -3.085685075155 14.16188881754 7.185520292858 -10.02063758896
dwt	coif2	symmetric	6.11 -11.227 2.776 10.109 -15.239 6.516 -11.221 -16.026 -21.092 -17.847 15.063 0.049 6.211 5.308 4 9.746 7.719 11.486 -1.408 1.006 -1.81 16.813 -12.339 -15.208 -1.126 -7.285 -7.036 6.304 -5.485 -10.538	-4.902584457325 3.818087562981 -5.101634322992 2.344654139034 1.761796594603 -4.202408976802 -9.61774687712 -31.52849540894 6.609751279232 6.023639798819 7.881268636433 14.57120319995 1.620383163502 7.462007296486 -9.415725852727 -9.722827233237 -4.638961967711 -4.404572886744 -15.13395465642 1.294018183013	-3.43589050463 -8.32545866934 15.04349133613 -13.2070371063 -14.96805372133 -0.4706834494992 10.40168509981 8.899589789878 -0.6395399857866 -2.353784029382 -6.386301412678 0.006621547681876 -20.09500233004 7.85458202385 2.723994862001 -10.52585185223 2.740467999129 1.66264561045 6.733359115842 -10.35087338382
idwt	coif2	symmetric	12.566 6.255 1.417 -14.663 -1.657 16.333 -10.32 13.393 1.423 11.361 -6.395 -7.607 1.202 -6.666 -18.538 -7.412 -11.44 -6.048 -1.507 -14.705	3.998 2.496 -5.65 15.568 -6.354 13.587 15.295 -6.436 8.874 -3.307 15.998 6.178 9.875 4.786 14.242 -7.046 -3.218 -0.607 9.969 10.548	-14.04969686312 -1.429207555593 3.177293056437 -6.935696832345 16.8444276372 9.256949789622 -8.912680828658 -10.54800251062 24.47660331179 -5.75002915954 1.088538082848 11.20421486109 10.62982623384 -5.935022381819 -4.133982262051 -1.84424526005 -0.9058262609641 -15.11158382998 9.85196221591 -4.116875954838 1.089958833078 -17.59525307794 -9.5334018784 -11.78481332087 3.684225011258 -18.07167080608 -6.231700399843 -0.3079890300675 -8.890068218631 -0.198493804812
dwt	coif2	periodic	8.718	12.32911383677 12.32911383677 12.32911383677 12.32911383677 12.32911383677 12.32911383677	-7.4593109467e-17 -7.4593109467e-17 -7.4593109467e-17 -4.076600168545e-16 -3.799044412389e-16 -2.688821387764e-16
idwt	coif2	periodic	-0.663 -5.036 -7.806 14.279 -8.374 -13.592	-8.529 -0.237 7.927 -0.641 6.102 1.412	16.06441481134 -2.788724831187
dwt	coif2	periodic	15.858 6.689	15.94313659541 15.94313659541 15.94313659541 15.94313659541 15.94313659541 15.94313659541	6.483462076699 6.483462076699 6.483462076699 6.483462076699 6.483462076699 6.483462076699
idwt	coif2	periodic	13.027 -6.552 8.933 -2.826 7.646 6.317	-7.979 -10.422 8.371 -1.35 -5.174 -6.889	-3.716818047333 -6.43328371132
dwt	coif2	periodic	-1.346 -3.198 -5.692 -9.424 1.989	-1.713782032127 -4.758940230161 -8.620860360025 0.203956931134 -10.10094216952 -1.713782032127 -4.758940230161 -8.620860360025	-0.1388462203026 -6.106420802625 -0.03007190945523 5.916017858123 0.35932107426 -0.1388462203026 -6.106420802625 -0.03007190945523
idwt	coif2	periodic	3.034 -15.271 3.297 2.09 -15.092 8.933 -11.277 19.16	-0.545 -5.355 -5.791 15.965 -9.289 -2.61 -6.209 -11.744	-3.216579880027 0.1811084472771 -7.920726083067 -16.40898521756 12.19120235295 8.128687323875
dwt	coif2	periodic	-15.352 2.902 -3.285 -0.475 0.995 -1.431 -2.12 3.911 1.176 -7.326 -7.287 -18.581 8.606	3.525419109077 -8.168883428778 -12.89661935974 -6.213894825774 -1.390596570168 -0.1789468953174 -0.6817487690779 1.40577524545 -16.47086177375 -5.796143671951 -4.944228188848 -0.304135339863	-3.236321199806 -20.461414756 -8.185182565193 0.1461083813952 1.127281701102 -3.654896019664 2.739827660262 13.54647631401 16.16884495636 2.556818050859 -1.924071800287 3.302953234167
idwt	coif2	periodic	-1.288 -8.711 6.823 -10.402 11.838 -5.935 -22.763 -4.482 -17.265 -0.237 -8.438 1.518	11.787 -25.471 -2.411 10.041 0.157 -2.617 -10.783 5.59 3.453 -8.329 5.63 16.218	-21.99734834304 0.8355089706001 14.91708420871 -3.599660515706 -0.3942174357952 -11.19121002842 -18.50501247554 -9.058198788687 -6.724726564877 1.701021893342 -16.31924523558 -11.55339879328 6.217019296615 -5.396225684036
dwt	coif2	periodic	-9.49 0.874 -16.306 -1.577 -0.345 22.859 7.963 -3.44 6.226 10.806 -25.21 11.027 9.355 10.084 5.298 -7.603 -4.995 5.462 1.983 25.755 7.318 17.207 7.524 -15.45 0.901 6.642 -4.431 -2.469 -15.716 16.057	-3.343581562026 -1.304190768591 -6.729224519263 1.389090066684 -15.03850739405 9.391320178441 12.00684399212 8.294795415426 -13.09139350459 17.35500246169 3.751393763321 -6.754383986254 13.70174934818 23.03647474593 4.222155316678 -3.343581562026 -1.304190768591 -6.729224519263 1.389090066684 -15.03850739405	-3.559595366967 -22.61820195776 -9.222838273022 -4.223819873058 -15.49916020885 11.83619142366 -17.00085330783 -14.65368194717 -0.5346135541517 6.151451530284 -5.651070963745 -15.2426708917 -7.537854207129 17.00969272938 -8.460859539658 -3.559595366967 -22.61820195776 -9.222838273022 -4.223819873058 -15.49916020885
idwt	coif2	periodic	-12.932 -3.843 -14.74 14.616 -24.172 3.616 -17.618 15.256 0.729 -8.77 11.986 -22.524 -9.915 0.61 3.753 7.343 23.786 -3.88 -5.729 9.129	3.312 23.206 -6.024 -8.379 -8.542 2.301 -12.658 7.562 2.897 11.752 5.343 7.162 2.668 -5.28 8.131 -11.43 -12.694 -0.386 2.372 6.439	21.38568068632 3.446367848341 -27.89001085013 -3.609040325645 -0.1630772413603 2.568119872936 -17.40860369387 -5.297860376303 9.205880979536 19.20546881787 -2.150433275447 -11.67067218959 -3.987556734312 1.10758149974 17.18293397117 -12.00898166765 -12.5149817987 -17.13140633357 -1.646878053307 -7.951830142347 4.590422877304 -0.5373935099864 0.6979724298595 8.561292993987 5.896945045463 4.612400197351 18.36768251419 17.20880557715 -14.28234804768 3.755701135506
dwt	coif2	smooth	-9.767	-13.8126238637 -13.8126238637 -13.8126238637 -13.8126238637 -13.8126238637 -13.8126238637	-8.118505867571e-16 -8.118505867571e-16 -8.118505867571e-16 -8.118505867571e-16 -8.118505867571e-16 -8.118505867571e-16
idwt	coif2	smooth	-4.3 -4.097 -7.514 -29.08 13.794 7.691	0.298 -12.216 1.283 11.197 11.957 -10.505	-28.73662923021 -8.009201554563
dwt	coif2	smooth	-7.761 10.816	-168.6067835468 -116.0630928504 -63.51940215399 -10.97571145758 41.56797923883 94.11166993524	-1.665334536938e-15 -7.091549569793e-15 8.465450562767e-16 1.151856388049e-15 5.960509863456e-15 -2.099015405932e-15
idwt	coif2	smooth	5.455 9.054 3.474 -13.242 20.742 -4.357	-19.228 21.707 19.939 -8.893 5.834 -9.249	5.769002898402 -12.75479566317
dwt	coif2	smooth	-13.948 -2.23 -0.585 7.204 -0.335	-119.1559779113 -85.98401454724 -53.0875830196 -19.00860054301 3.141791955369 0.8580561762721 -22.04845873016 -43.12078573032	-8.243405957842e-15 0.6471317934119 -2.592957520051 -4.732706529212 1.190231660892 -0.09916484007408 0.01104458190094 9.497611030973e-17
idwt	coif2	smooth	11.046 -7.262 -3.828 4.947 8.284 -14.833 24.693 0.542	25.451 3.476 10.051 -5.342 -1.659 -19.252 1.582 2.104	8.120224909604 -2.7006740942 9.179244458878 1.686785858479 -16.23896771857 2.181977986102
dwt	coif2	smooth	-4.272 -3.067 -5.765 10.064 19.648 3.379 -14.354 9.945 -9.571 -0.98 -0.177 5.458 -6.284	-16.26628439442 -12.85863873548 -9.51803344502 -5.891369086283 -3.237012620544 21.97992513272 -7.208365060392 -3.675073575489 2.509102523662 -7.29901689794 -42.38307207044 -75.30970062349	-5.030698080333e-16 -0.01385098594285 -1.603312533335 -2.233441873937 2.143746075481 -19.09430956141 -0.6728040706283 -6.066016860802 1.438474588481 -0.115852746307 0.01252098771481 -1.578598363139e-15
idwt	coif2	smooth	2.043 8.666 -0.619 11.358 11.848 -4.588 6.818 -0.469 -10.791 10.036 -13.46 -3.148	5.257 0.046 -3.683 -6.436 3.678 1.573 6.339 15.236 12.454 0.142 20.418 -7.429	7.272309068123 11.9188682737 4.828631613147 7.439158472014 -5.699398447105 -3.265738956976 8.049393722673 2.662116499055 2.121046536023 -9.45316185754 -1.479429057296 -10.99225213787 20.73839035185 -9.932869731394
dwt	coif2	smooth	1.901 -1.935 -8.486 9.028 0.673 1.141 3.398 7.901 -1.637 -3.234 15.879 -4.148 11.173 -1.276 14.563 -14.014 4.364 -5.305 -6.271 7.571 8.357 4.775 1.245 8.343 10.7 -1.589 -0.688 -13.989 -9.924 10.404	35.23795933365 24.37963545629 13.53953491641 2.15779426423 -4.07743201991 4.379304766408 6.588907019447 -0.6206462128177 9.248492650531 5.782900891863 5.035376701984 -4.575484199115 -4.327112933511 12.08505535282 4.546682175164 11.72452248616 -7.093859427546 -12.32054729994 43.60486392271 100.9578777907	4.51028103754e-16 -0.1928007116154 -0.6799750594829 -11.14072863397 2.573464079519 -6.663764682046 7.756623845315 13.53013760127 9.099296702322 18.3468389477 1.931772404678 -5.670035452294 1.29519410422 -2.338037650539 5.302551670732 4.895059377458 -2.668162833178 -0.05221184291951 -0.006298807068272 8.539176310496e-15
idwt	coif2	smooth	-1.768 17.79 2.672 0.471 13.061 -0.7 19.896 2.017 6.27 -6.55 1.966 -9.028 14.474 3.154 7.537 -15.798 8.068 4.549 9.898 -5.366	-9.957 12.448 6.468 4.933 5.458 -5.272 11.781 -21.784 -8.741 -7.753 2.218 1.902 -5.114 -3.846 1.14 11.267 -12.666 -2.551 -0.757 13.724	7.369074895991 1.194296790497 14.65882466013 1.111829142652 1.438609581284 1.599521354486 15.38703044122 14.90267372654 3.449400806369 -9.154943320016 2.045161901185 18.09988295779 -18.14452600932 2.827625657792 -2.733182818548 3.341305522327 -10.4227656557 -0.3872159972647 14.67597478162 5.926001267887 -0.7910977608576 7.915514292197 3.787384534783 -0.8437461139122 -15.37304583161 -4.046759715771 13.83093640734 -4.237545143945 1.096065878771 16.24976552763
dwt	coif2	periodization	-1.531	-2.165160963993	-1.387778780781e-16
idwt	coif2	periodization	7.452	-4.509	8.457704209772 2.081015257032
dwt	coif2	periodization	-1.3 -3.973	-3.728574057197	-1.890096426112
idwt	coif2	periodization	-8.44	-3.129	-3.755444114882 -8.180518351547
dwt	coif2	periodization	-2.472 -12.785 1.611 -8.922 -0.409	-0.5252587662411 -10.06970147294 -5.941438945651	-10.24867155243 -2.263833509909 -2.227842898279
idwt	coif2	periodization	6.396 -21.022 -9.153	-7.372 7.633 7.321	-10.69484565517 -18.00246205922 -6.225331961796 -6.887133814468 -5.255398147829 13.43658733881
dwt	coif2	periodization	7.846 19.82 27.013 -0.141 -17.408 -20.686 -12.443 -6.072 3.416 -0.213 11.743 -3.916 7.44	8.78871504008 30.02259659857 3.706530027061 -29.18395567441 -6.953402983573 6.650724527387 3.825511021595	-13.87332641679 6.220038869907 -2.654012305925 -3.834835025505 -10.3113568807 -4.754778207014 7.0227947063
idwt	coif2	periodization	-3.367 -10.442 16.149 -3.752 -16.129 5.082 0.948	-0.754 -9.976 17.658 -3.695 -5.637 10.155 -13.193	5.58792203222 -14.50000605245 0.6078758791614 8.860089596948 16.25634383597 0.3678187225845 -24.16032453486 -6.654563616527 -0.821366543978 -0.05995788099411 8.681586103362 3.060850563832 -10.4434678269 -3.061812594853
dwt	coif2	periodization	0.485 -7.06 -3.03 17.165 -1.642 6.863 10.594 6.28 -6.427 8.466 14.84 11.424 -12.33 4.839 -5.979 -1.838 4.459 14.016 5.924 -17.756 -4.748 -12.123 -1.689 -1.279 0.857 3.604 3.274 20.446 15.281 -3.172	3.167446367789 -7.899145374433 11.43125335949 8.38841943672 5.068518069677 9.777629278481 9.608690512031 -4.291004518517 -3.418398361314 17.37967402904 -14.2894030996 -11.10758652822 -0.5064868495826 2.05332729084 23.95352173467	5.559138232819 11.8726163284 -5.461032076203 12.37633200245 -6.145462779514 17.08717842289 3.847422103562 1.866611296248 -5.026798864226 -8.811352871048 -3.681879639204 -0.1111098460201 8.007208075692 -4.728404315074 -5.433019994491
idwt	coif2	periodization	0.137 -4.164 -22.79 9.322 -4.75 23.874 -0.095 -11.231 -13.307 16.434 -6.134 10.308 10.675 -0.621 8.105	-9.564 0.164 21.049 -8.94 4.6 -10.698 4.308 -10.268 -2.531 10.034 2.362 -8.159 1.054 2.948 -14.811	10.42300878898 -11.22775973537 -4.660083749329 -23.23563933593 -4.169686957013 19.73408136686 -15.35707249086 -2.659681818668 15.85644349723 18.11194309839 5.110852297561 -4.120336052126 4.442428013203 -9.316641786076 -15.36425348412 -13.17919081105 10.08406915314 8.914658101238 6.776487678962 -3.610617324062 -7.845179008211 13.98363723494 7.066526299777 4.944979451173 9.826292513146 -4.669868931971 1.406349249764 9.592250730012 0.5974767160607 -5.163224321982
dwt	coif2	reflect	8.617 -10.116	-1.059953064999 -1.059953064999 -1.059953064999 -1.059953064999 -1.059953064999 -1.059953064999	13.24623133197 13.24623133197 13.24623133197 13.24623133197 13.24623133197 13.24623133197
idwt	coif2	reflect	3.441 3.501 -14.696 5.849 -2.522 5.457	-4.239 -9.137 3.763 -7.075 3.862 1.456	4.87186034282 -2.104717209654
dwt	coif2	reflect	6.508 -9.185 2.056 2.527 -12.003	-0.0858017593827 -6.891018538933 -0.3149024333195 -3.102039845025 -0.0858017593827 -6.891018538933 -0.3149024333195 -3.102039845025	-6.696493097226 10.92649376434 10.65030891725 -6.442404364466 -6.696493097226 10.92649376434 10.65030891725 -6.442404364466
idwt	coif2	reflect	7.242 -14.426 2.571 0.68 4.624 -9.862 0.077 1.472	2.403 -0.517 -1.544 -13.52 -0.027 -13.227 13.506 -6.754	-0.6021391740358 2.361921847049 -1.836080988336 9.329877215087 -12.63906595143 -6.6241569586
dwt	coif2	reflect	9.575 1.912 -2.263 -2.305 -6.395 -13.776 7.454 -1.871 6.516 -18.501 2.088 -1.802 8.33	0.517773455315 -11.49274253196 -1.69859753691 9.529739081873 -1.348228796573 -12.01289269995 1.07475258384 -3.033428034401 -7.032120247135 7.136048066772 -7.440761864319 -2.47037769517	-3.417827369376 2.023534099894 2.169712908414 -3.226479981735 11.28610306649 5.206194319489 17.82395199849 3.909964034779 4.462351789762 17.59645915374 5.036103263735 11.65262349235
idwt	coif2	reflect	7.98 2.756 -6.014 14.688 -6.69 7.823 2.534 8.934 21.971 8.503 -4.492 -10.629	-5.747 -0.252 0.572 2.614 -16.635 0.575 -0.091 -29.49 -11.361 -11.361 -4.239 0.827	13.15732517956 3.791900747621 -4.880213593582 -4.150966254727 1.239363381762 18.03332250936 -5.40942733884 2.121852258397 8.49458792088 10.13225273438 4.830339779786 35.45295198795 -9.903903574613 7.475521450038
dwt	coif2	reflect	-1.806 19.635 4.161 2.631 4.525 4.023 5.79 -19.516 11.215 -15.706 1.341 2.089 7.195 5.094 -7.357 -1.748 19.258 -3.128 12.528 1.61 9.532 -0.443 5.445 0.094 7.54 -3.691 8.225 -3.292 1.357 -7.549	-1.539026265062 5.503630605923 11.2819955461 13.64470274893 10.86910287513 6.13748803735 -2.122703611097 -5.465953111842 -5.024704990693 10.60413750094 -6.289145132833 13.23376338691 7.715504864371 7.508177475326 3.611689040451 3.989004524539 3.810281060534 -3.341606208832 -3.24507461645 3.643846179167	2.89031825109 -13.98691243324 -13.95983483406 2.863921385347 -1.157913015891 21.49472747215 15.81309639951 0.9472043906112 -4.370130623959 4.915186804771 15.35670476712 5.959362337276 5.754275308412 3.981875330459 8.906843316686 5.408586419059 6.108037385176 5.308141240425 8.970711351577 4.018380092938
idwt	coif2	reflect	-0.706 -18.275 -5.209 0.67 -4.05 5.317 -3.68 -6.339 6.458 10.098 -0.253 10.403 10.684 8.106 -3.239 6.74 10.676 -3.304 -2.455 -19.733	-6.613 -5.79 6.527 8.85 6.481 -2.352 8.812 5.322 -5.3 -11.971 12.804 -19.566 5.069 6.104 -6.016 5.967 15.919 7.88 -9.846 -0.24	1.143967321228 -6.364467826857 2.194641998479 -5.6297121269 10.83489088306 -3.849442506883 -2.297169733 -1.847664994124 -2.846338575649 -7.232772749073 10.9099504284 3.16306801242 8.033841196883 6.532193978293 -9.472784371449 13.64558158632 10.23840596419 -4.537021273554 4.282146637786 24.28517462509 -0.02638289054431 -3.753784988184 2.395928856227 -4.491446612613 4.491495250682 12.61135194567 7.269499301102 -1.488360669403 5.173963753565 -13.70352640783
dwt	coif2	antisymmetric	-4.744	3.053113317719e-16 3.053113317719e-16 3.053113317719e-16 9.71445146547e-16 2.498001805407e-16 3.885780586188e-16	-6.709029139898 -6.709029139898 -6.709029139898 -6.709029139898 -6.709029139898 -6.709029139898
idwt	coif2	antisymmetric	13.024 2.411 12.976 13.739 -16.89 11.321	-18.663 -1.513 -7.749 -1.058 -0.43 -6.795	8.553952114905 4.389900835853
dwt	coif2	antisymmetric	8.942 -13.37	2.33283000783 -2.33283000783 2.33283000783 -2.33283000783 2.33283000783 -2.33283000783	17.86538603693 13.68854696674 17.86538603693 13.68854696674 17.86538603693 13.68854696674
idwt	coif2	antisymmetric	-28.013 -0.818 -14.241 7.954 19.835 13.272	-5.534 1.616 -4.872 17.259 6.882 -4.457	4.304361533422 16.59520479172
dwt	coif2	antisymmetric	7.015 -6.732 -5.615 8.116 -7.149	1.476242950805 -1.406437211215 4.631188058537 -0.8052703803896 -3.895723417738 1.476242950805 -1.406437211215 4.631188058537	-5.27105109865 11.58466185902 5.857613005083 -11.6835648904 -10.57524421546 -5.27105109865 11.58466185902 5.857613005083
idwt	coif2	antisymmetric	8.798 -0.579 12.811 2.062 -13.374 -14.063 1.464 25.832	-7.853 16.664 5.673 10.677 -8.528 -19.886 9.42 8.375	9.794100672095 -6.868690921063 -3.410936563213 -19.85038692892 -8.496433972233 0.2554431602603
dwt	coif2	antisymmetric	-0.66 -9.736 -13.095 -6.724 1.02 -17.873 2.889 16.183 2.389 -18.511 -8.968 -12.465 7.14	13.42755727351 8.356588947258 13.41851564682 -4.122073585811 -15.87662303658 -9.150000968616 2.818182271188 2.560633977459 -20.22669390801 -1.606442032485 9.297164954673 18.88934147846	-5.028506988593 3.99878636197 1.563656497337 -1.83866735875 17.84622213945 -13.05540462348 13.05130923986 6.044666144215 13.52766491096 4.853053399179 2.631310869227 0.4948850277192
idwt	coif2	antisymmetric	-20.56 -8.566 -4.127 5.511 -8.167 12.889 1.719 9.084 -3.224 -2.899 4.997 -4.085	-6.19 -20.367 -11.238 12.154 1.381 5.889 22.267 7.082 -2.935 12.315 15.489 -13.737	-7.621722624295 7.592671875669 -6.472733308065 -9.139355501183 16.77543874745 5.997837276249 0.7463471332287 0.179946818595 18.7968395806 -14.44963891019 8.51830480763 -8.050406260027 -2.349012549687 4.178939431839
dwt	coif2	antisymmetric	-4.393 -9.957 -18.101 6.734 3.91 -1.717 -9.548 13.282 -2.216 17.814 -4.939 6.893 8.521 -7.011 6.954 -10.534 19.796 22.114 2.327 3.368 17.995 9.362 6.737 2.679 6.439 12.186 -14.304 0.384 2.142 11.262	3.67743727607 -1.318045685143 18.08818704454 -6.482890644143 -15.82789904098 6.614634238156 -4.701478684981 11.65983601337 4.999103377908 6.90120875045 -5.182958929408 21.29116625683 9.272370194157 18.65218678825 7.327984324381 12.00921342226 -8.315927995046 8.236109188707 -7.228124311861 6.396161828482	-13.718306272 0.7689742858853 -1.139459134458 -11.95963094104 1.837026317909 -14.97951131069 -15.4116509197 -3.839491940619 10.4609887015 19.24314575835 -10.48080169101 6.273111074535 1.892829370464 4.131985033707 -13.30092212451 -3.661191270158 -12.34371695244 -0.8668928897459 -16.44093968309 0.4697416476816
idwt	coif2	antisymmetric	-1.27 1.032 -1.603 -0.636 1.513 6.104 23.048 -4.881 -5.306 0.278 -14.238 -1.6 2.451 -2.68 6.16 -12.382 -3.966 -7.86 -0.837 -6.98	-4.169 11.947 -3.389 4.962 4.346 7.918 4.07 -5.162 -5.167 2.268 -6.351 -1.456 -24.598 8.321 2.75 2.179 -0.376 -5.441 9.005 -4.458	2.726828151044 4.086444418005 1.253377829106 -2.24437708349 6.624874247249 8.912106118747 23.05064098729 1.79317242734 -0.3755976131138 -8.546204380814 -4.241403062945 2.779348726161 -3.078702473762 -0.9377176428236 -12.00980854701 -9.302434341323 -2.020046520735 7.127254496883 0.4114986965168 -1.608339541977 -14.03244366299 22.20256154305 -0.07666967266416 -10.11140670775 -5.212006632693 -7.857311991003 0.001162252489541 -5.48705425655 -5.499448464656 -3.379830655606
dwt	coif2	antireflect	10.593 1.629	91.04282650489 65.68880575867 40.33478501244 14.98076426622 -10.37325648001 -35.72727722623	5.662137425588e-15 1.963706974806e-15 -2.428612866368e-16 -2.178812685827e-15 -2.498001805407e-16 -6.216381576163e-15
idwt	coif2	antireflect	-4.834 -4.868 -14.088 4.781 0.946 -4.508	-5.1 -0.323 1.401 0.04 -1.552 10.689	5.371326462796 2.341852324155
dwt	coif2	antireflect	-2.415 -2.54 -6.011 -11.274 -17.882	35.47422685588 18.4900569706 1.387179794291 -3.391843125621 -8.27305548257 -25.25722536785 -42.36010254416 -47.13912546407	0.1882581545776 1.106709666779 -1.187232898863 -0.1077349224933 0.1882581545775 1.106709666779 -1.187232898863 -0.1077349224933
idwt	coif2	antireflect	-3.484 -11.413 2.041 -31.598 -1.762 3.106 -16.748 15.17	0.254 -5.505 3.216 -19.886 14.017 -11.336 -3.375 -12.028	-25.45709775701 -19.03089706462 -7.146549306684 20.85976525388 1.981179111967 -19.4679369311
dwt	coif2	antireflect	6.583 -17.55 -10.128 2.846 -17.316 -0.897 -5.73 -1.209 -4.483 -13.19 -14.01 14.943 -2.193	22.7150576365 29.39339870611 33.74575896839 8.595464863402 -13.90312867045 -11.48563132623 -3.7279067948 -9.471877407325 -8.393517852645 -3.930459681933 3.503683839694 2.62068117558	15.14163245403 -14.75301420789 14.92602187841 -15.35877605871 -7.072293851459 -2.890795416232 5.040064580422 -21.41421076779 21.41650973987 -5.118499744161 3.072869219862 7.010492173642
idwt	coif2	antireflect	-9.352 -0.635 1.237 28.219 3.363 -2.659 -15.98 14.787 12.187 18.018 -3.848 9.248	1.316 -11.562 8.685 6.915 9.833 12.734 -17.361 8.493 -4.311 6.291 -12.024 10.913	21.30942811697 5.566123949575 6.738403116421 -5.057916069838 5.116507607337 -14.20177037375 -3.649639305292 -12.64005328116 9.38100635709 26.6267349801 3.733628491525 2.450489230611 16.25374020405 10.1607076379
dwt	coif2	antireflect	-2.036 6.508 -7.257 8.051 10.173 -14.992 -6.117 2.232 -1.81 -5.785 1.022 6.262 -14.285 -4.527 -5.493 -8.707 -3.828 4.941 3.826 -5.406 3.836 -11.78 -2.047 -2.082 -2.849 -17.402 14.304 1.449 -30.054 5.459	5.604747413123 -11.94879394389 -6.329248158461 -2.728332534887 0.5883046347161 5.563896646921 -10.39645625138 -2.618873668669 2.323580844031 -10.06671408216 -9.062671915655 -4.030223884487 3.656146337148 -4.319324231688 -5.401903224625 -11.62961247372 8.738543511464 -25.53091094463 40.48921457069 7.818571980388	5.264235029759 9.410490953593 -9.346928394392 -5.559165375681 15.24494437134 -7.567806166892 6.396119205604 -10.56997576554 -4.353936911869 3.921542128856 -4.766730564003 7.578356641222 9.854890925388 -3.018598517121 19.98251669359 -9.451384500523 -1.1809123787 11.42666725634 -21.16290256395 3.554175330789
idwt	coif2	antireflect	-9.641 -3.644 -23.643 -6.682 8.175 -4.067 2.249 7.839 7.753 10.11 -8.372 20.431 -1.614 4.41 -8.781 -9.826 -15.765 10.646 -2.712 6.693	-5.225 -3.025 11.064 4.373 24.061 -19.259 3.156 1.593 6.03 7.74 -1.78 15.418 -8.712 3.587 6.3 3.457 -1.574 -7.179 -1.528 1.32	-0.7569265209268 -7.450183840068 11.5932659667 1.555692253786 8.355635676258 -22.64553509555 2.838364618747 21.35179495661 -1.453090106577 1.417211283801 7.311543991858 6.541661759091 11.22163208868 -4.465023492993 -3.12266162043 -2.526116979725 18.6797556269 11.52395977755 2.422385089778 -13.39192303666 6.850787035202 7.352451826217 -10.0068580429 -10.44553274202 -1.80598828516 -14.52527305124 -9.258965854166 -4.216653939635 10.76816315913 4.901326656159
idwt	coif2	symmetric	-4.913 -12.483 3.979 -10.124 10.955 1.566 -6.398 15.852 30.943 11.221 -11.526 8.791 10.123 -18.423 11.151 -4.409 0.356 -11.788 3.822 2.155 13.659 22.579 -16.225 5.09 10.881 -13.973 -3.953 2.276 -6.892 21.296 6.805 -1.978 -1.021 9.097 -4.132 -8.597 11.319 13.411 10.821 0.407	-	-9.531408150349 -0.3598558292842 9.58438892454 6.071269397815 0.8786216640611 -3.185385555297 -5.602628900775 2.145261881771 11.48895236377 18.47364722374 22.83638141728 16.73467259804 8.06042530875 -1.881124391147 -9.948280260477 -2.336558847143 7.251644458405 9.06410437107 8.685333963134 -3.949588446647 -16.34143805151 -3.738173694747 10.99839675671 4.07833450861 -5.108097579905 -1.98575878753 1.78103449701 -4.223596466534 -9.954535830259 -3.583235693384 4.102992783069 2.565278937602 0.6290570244801 4.942724310133 9.261067361719 14.98848118076 18.52632289923 2.137391674411 -14.75857430574 -6.518664788792 4.925501196554 7.984391631984 8.905159451198 -1.103607663672 -11.73472487895 -8.053933523531 -2.161818975666 0.4040089197371 2.614713412578 -2.446308694947 -7.166761469937 4.9190448559 17.40514079498 12.01528102809 3.850861207529 0.8103009094766 -1.39335079215 -1.876245239163 -1.236780473421 3.398416376431 7.549696919409 2.599243212532 -3.309871881516 -6.056774220577 -6.996473559719 0.5266659300143 9.016153150813 9.9307281178 9.115248514148 9.035674952625
idwt	coif2	periodization	-	-4.913 -12.483 3.979 -10.124 10.955 1.566 -6.398 15.852 30.943 11.221 -11.526 8.791 10.123 -18.423 11.151 -4.409 0.356 -11.788 3.822 2.155 13.659 22.579 -16.225 5.09 10.881 -13.973 -3.953 2.276 -6.892 21.296 6.805 -1.978 -1.021 9.097 -4.132 -8.597 11.319 13.411 10.821 0.407	0.1055549729678 -1.568749165149 2.775515729787 -7.420504041809 10.37161758372 -2.294772158504 -5.02525967768 -2.805528199295 9.489837164883 0.3539260859829 -9.350483988864 5.749574834644 -1.177090072274 -3.294204249891 5.626007908126 2.307291631778 -11.25995003675 18.55137550691 -22.82802747424 16.69639390494 -8.365958651337 -2.20931897205 10.01547462341 -1.962759040122 -6.874187349069 9.25427224766 -9.127294379114 -4.826163099523 16.4687381413 -2.610492645194 -10.83693520231 3.140785840773 4.949813878568 -1.295773902249 -1.757334604897 -4.820290714806 9.942834475725 -3.040137040253 -4.023699606064 2.189724299921 -0.8202459995193 4.932779154401 -8.897909679557 15.5851258703 -18.80728120945 1.154305578714 14.58999859032 -5.800582409261 -4.443944330315 7.982157410572 -9.205452891491 -1.583924423756 11.63703552444 -7.684009001524 2.469108068396 0.5264200575676 -2.906147880966 -3.057406642583 7.283561699834 5.71028267483 -17.2439089649 11.45137377422 -4.093408153253 1.034312530425 1.41600598558 -2.029323691823 1.363001223554 3.670481042968 -7.521555690487 2.396523795519 3.086636364153 -6.162887194395 7.127454708214 0.8353796409035 -8.940420700733 9.681994505448 -9.186876921059 9.178429418385 -7.951724960961 4.010818567617
dwt	bior1.3	zero	-3.492	-0.3086521099879 -2.469216879903 0.3086521099879	0 -2.469216879903 0
idwt	bior1.3	zero	4.713 0.1 2.579	4.993 -2.444 -2.224	-1.019559590123 2.436778356316
dwt	bior1.3	zero	10.463 -6.315	1.482979696843 2.933078928362 -1.482979696843	0 11.86383757475 0
idwt	bior1.3	zero	1.027 11.527 8.767	0.771 3.359 11.316	9.593936418791 4.84359306278
dwt	bior1.3	zero	-14.001 17.237 -3.423 -8.217 0.13	-2.761075203838 2.711931282546 -5.458157243979 -0.3318098570718 -0.01149048519428	0 -22.08860163071 3.389869909008 0.09192388155425 0
idwt	bior1.3	zero	-9.854 20.33 -13.079 19.779 -5.761	15.819 -12.831 -0.648 -10.525 -1.723	6.758084672843 24.90385889165 -9.910278315025 -8.993867926607 6.638583626822 21.5231813708
dwt	bior1.3	zero	-6.428 -4.618 6.017 -6.642 23.225 14.744 10.864 19.315 9.612 4.228 1.572 9.51 9.63	-0.1599829092435 -6.691793412107 0.4676627474073 24.98225935602 21.06603683676 9.831701073965 8.211454273224 7.511065006459 -0.8511797878533	0 -1.279863273948 8.951264743041 5.996972611243 -5.975759407808 3.807062909908 -5.613013629059 6.809438302826 0
idwt	bior1.3	zero	-15.09 -9.388 -12.4 1.44 -11.646 8.487 -0.528 -4.062 -26.762	-3.534 13.595 19.119 7.737 -22.048 30.527 1.099 -19.042 -5.942	0.9725369891744 -18.25369639129 5.268829403316 -21.76951969569 10.12780203859 -0.8139682934934 -25.8396263282 5.340954294997 25.5411388782 -17.63055854037 4.785079976637 3.230859271589 -15.71465271674 11.21480193797
dwt	bior1.3	zero	-10.463 5.728 18.749 -5.774 16.834 2.648 3.314 -7.972 -12.334 -5.485 18.128 -5.406 13.35 -1.808 12.842 25.632 -1.898 -10.94 -3.705 20.302 -5.4 -12.45 1.658 9.168 2.865 7.491 7.181 -1.496 2.173 4.431	-1.431095736774 -1.180603159539 11.85968332241 12.60585775326 -5.152952279549 -11.51735525197 10.94097483695 4.950808128478 26.66464316515 -10.06928895244 11.55978165884 -11.16371347303 6.623115665984 8.753540009351 4.229205658277 3.902787490412 0.1995808889899	0 -11.44876589419 17.34037959504 10.03101679791 7.980407132471 -4.842974344347 16.64105098844 10.71832458923 -9.043895731376 6.393659515489 -16.97551249595 4.985102807365 -5.310371926711 -3.271075969769 6.135565540356 -1.596647111919 0
idwt	bior1.3	zero	-1.855 3.523 13.703 -4.942 3.798 -6.28 -14.575 2.893 12.116 13.328 -3.664 4.197 10.9 1.901 1.596 -11.044 14.078	10.33 10.425 -0.673 -10.83 20.735 12.094 2.066 17.795 6.701 10.69 20.708 12.609 -2.771 -7.411 -9.886 -6.863 0.776	10.83526237316 -3.907914014575 11.09229568813 12.0440614156 -13.04470589933 2.271226981171 15.32123618136 -14.00248203445 5.761240888065 -11.34225793528 -9.349100695806 -12.27086591567 14.21894509784 -10.94698524459 13.93362751163 4.456982430166 15.74523508503 0.6272921032601 11.88231073941 -17.40322371022 13.95890657906 -3.872912228906 7.517605744185 11.43639152552 -3.26727527082 7.213461439927 -5.910352030548 8.070563247073 -13.60455769333 -3.898810014767
dwt	bior1.3	constant	5.843	8.263249844946 8.263249844946 8.263249844946	0 0 0
idwt	bior1.3	constant	-2.452 3.303 2.863	6.513 8.228 -4.373	9.115843846362 -2.520305344844
dwt	bior1.3	constant	-12.414 5.736	-19.16029567312 -4.722059084764 9.716177503589	0 -12.83398807854 0
idwt	bior1.3	constant	-4.76 -10.685 -21.676	-12.734 3.445 13.858	-7.469876036455 -12.34184175883
dwt	bior1.3	constant	1.318 5.286 7.549 -3.718 7.822	1.513208511739 5.66560469591 3.059651042194 10.06610697193 11.06197848488	0 -2.805799707748 7.966972103629 0 0
idwt	bior1.3	constant	-0.352 -9.682 6.68 -1.76 -8.901	-20.773 -5.392 -11.041 -5.899 8.554	-11.51912301892 -3.893683490604 -3.038879780497 12.57545216166 -7.147700509277 1.194745295162
dwt	bior1.3	constant	-4.211 7.294 15.161 -6.307 7.788 30.947 -3.672 8.947 15.103 -10.196 15.497 1.235 -9.576	-6.972161250847 4.077531253712 5.230645637132 24.37688756297 8.013110821101 5.845740148417 9.595173855659 -14.80310368745 -13.54250907328	0 -8.135263517551 15.18016837851 -16.3758859455 -8.922980471793 17.88909445724 10.08475691328 0 0
idwt	bior1.3	constant	-1.907 3.879 -4.687 -1.675 -3.08 4.777 10.668 15.658 -2.287	-1.712 -25.076 8.062 -9.094 6.175 -10.765 6.909 0.314 8.467	-15.85245015073 19.61036913934 0.9738628143892 -10.42752692546 -7.448044114586 5.412814021635 2.336192416693 -6.396576330961 -4.299032452919 10.92497654603 11.44956138932 1.678759886885 11.15620046348 10.71213740489
dwt	bior1.3	constant	5.203 2.44 -15.209 -1.477 11.357 -12.019 -1.564 3.379 1.888 -7.913 -13.971 3.627 -4.775 -8.947 11.362 1.443 6.4 2.699 7.453 -11.78 24.547 -7.233 6.867 5.345 -7.204 -12.19 2.598 -0.467 0.411 33.418	7.60237016958 4.190668338702 -9.976834740804 0.3087404983356 0.08352698852766 -5.378872896138 -7.811850553506 -7.270737089203 9.012871421351 7.257213672013 -0.5777946285771 10.67740078426 6.266910624961 -13.57724569391 -1.851293941494 23.64980501522 50.17762301821	0 1.953736036418 -9.709990319254 16.52932811702 -3.495228819405 6.930353562409 -12.44366513532 2.95004949111 7.013792162589 2.617002197171 13.59978472256 22.47185350611 1.076216520966 3.525634410996 2.167282284337 -23.33947352662 0
idwt	bior1.3	constant	5.992 -10.488 -15.852 -2.057 -9.515 5.189 1.618 6.234 10.036 -17.673 0.139 -0.947 -18.47 13.949 4.657 11.076 9.262	-3.046 -12.117 9.797 -6.219 -7.441 3.716 20.06 -9.657 8.127 -1.731 18.604 1.677 6.667 -11.298 -14.809 12.905 12.448	-17.11932033757 0.01670539770553 -4.802846034514 -18.65789630508 -4.328377384338 4.46661676006 -12.86784081569 -2.344677698067 3.86601793779 -1.389199659989 16.51067817566 -11.85844588554 -1.365688359514 12.29137201232 12.14261442323 0.6493008018245 -14.64674470046 -12.19874102399 12.95207491099 -13.3579542034 1.571279656144 -0.8003564879555 -7.199142527608 -16.62770434795 3.772768231021 19.75055305871 -9.317811220738 11.62527742445 14.54792652778 -3.70249949464
dwt	bior1.3	symmetric	13.095	18.51912659928 18.51912659928 18.51912659928	0 0 0
idwt	bior1.3	symmetric	7.428 11.465 -9.267	9.019 -19.936 -2.491	-4.972551661999 23.22120991747
dwt	bior1.3	symmetric	2.913 17.749	14.61024031288 14.61024031288 14.61024031288	10.49063620568 -10.49063620568 10.49063620568
idwt	bior1.3	symmetric	-1.153 1.494 -0.091	5.831 -0.546 -24.946	3.390665404137 4.162826009193
dwt	bior1.3	symmetric	-0.111 -3.202 -12.792 9.442 -1.694	-4.034662905103 -4.034662905103 -2.642016099556 1.534775268565 -2.642016099556	-2.185667060648 2.185667060648 -15.7218121729 0 15.7218121729
idwt	bior1.3	symmetric	6.229 -5.907 9.229 -5.294 -7.725	-13.18 20.32 6.381 -1.405 1.987	8.462565568893 -20.27425401853 12.95817370698 3.934076965479 -4.348529927602 -2.361559872468
dwt	bior1.3	symmetric	-6.256 -15.397 23.05 13.683 10.441 -0.192 6.423 -5.392 -12.634 -11.86 -3.147 19.711 11.568	-13.67509159476 -13.67509159476 26.10602880802 7.463512075424 -0.279218790221 -20.38456267639 11.78092930465 20.40038419062 11.78092930465	-6.463663086826 6.463663086826 6.623469219374 7.518666404357 8.354466619719 -0.5473006486384 -16.16304680436 0 16.16304680436
idwt	bior1.3	symmetric	-5.856 -6.661 9.249 11.02 4.941 -1.436 -23.514 -7.724 0.082	-4.331 4.232 -1.864 12.241 -15.998 -0.193 -11.849 -10.718 1.846	-1.935616425151 -7.920568221113 4.514081302747 7.150175383011 17.69729174284 0.3859035258326 -6.71945896492 15.90512960592 -1.518600200946 -1.245656983408 -24.0751297441 -7.318113243543 -14.25094167969 0.9065992818288
dwt	bior1.3	symmetric	3.749 -14.54 -13.117 -0.388 -0.054 -8.008 -7.312 4.875 -15.25 1.201 11.695 -1.362 -2.492 -5.513 -0.015 5.661 22.857 -8.372 13.86 -1.807 -15.048 -3.458 11.347 8.849 -2.36 8.44 -3.896 -5.9 20.448 3.612	-7.138950062859 -7.138950062859 -10.46297065287 -5.652788385501 -3.880336850109 -7.702867720856 9.027632275409 -7.316168699894 6.485583397043 12.12891422935 4.738057375688 -14.24970424282 14.35055534749 4.255545385876 -4.484117652894 15.34775268565 15.34775268565	-12.93227592112 12.93227592112 -9.000762217724 5.624327337558 -8.61751034232 -11.6326136573 9.232693241953 2.136169585965 -4.013538090015 22.08223766967 11.07824194085 -8.195367593952 1.766352739404 -7.636753236815 1.417041989498 11.90484976806 -11.90484976806
idwt	bior1.3	symmetric	7.864 4.49 6.794 -9.857 0.474 22.592 -2.189 -2.269 16.558 7.888 -13.202 14.713 3.95 1.129 -2.97 19.088 -3.786	-5.977 4.176 10.448 22.272 5.591 -3.409 -3.63 -12.638 -7.852 -13.401 7.399 1.009 1.414 -0.387 -6.859 -16.497 -0.044	4.676008755639 -1.229747080831 10.59245958217 -4.1832437175 9.208032892959 -22.28933156821 6.558503783853 -1.348364243375 14.37945833717 19.2005123713 -3.298918299278 1.834676932136 -10.16766518338 7.705165817895 6.223511946266 17.32791683802 -5.246290374666 13.7055855747 -5.377016740838 -15.84078288884 11.64613707449 10.21919559006 3.916310907602 1.916612930406 1.255910031735 1.803210680373 -5.526216271668 4.173874552649 1.229747080831 24.5600282193
dwt	bior1.3	periodic	3.741	5.290572936838 5.290572936838 5.290572936838	0 0 0
idwt	bior1.3	periodic	-9.667 5.445 -4.755	-2.483 -6.895 3.381	-1.54361410333 8.207388409232
dwt	bior1.3	periodic	-0.925 2.588	1.175918577113 1.175918577113 1.175918577113	-2.484066122308 -2.484066122308 -2.484066122308
idwt	bior1.3	periodic	6.248 2.612 -12.899	-9.832 4.248 -1.045	4.074084108154 -1.933495104807
dwt	bior1.3	periodic	12.564 14.205 -6.676 -0.197 -4.837	-5.550257902229 17.94575138808 -6.252945266033 7.882119289886 7.27197452607	3.280975464706 -1.160362227927 -4.581344835308 -12.30436509943 14.76509669796
idwt	bior1.3	periodic	-8.404 11.664 7.599 -5.702 17.743	-14.664 -8.753 -0.599 -8.209 6.85	0.8152057303604 13.19381704181 4.901664207185 5.748778131047 -10.49496723472 1.114311898802
dwt	bior1.3	periodic	-4.12 5.502 -12.358 8.485 -4.013 -21.085 -3.723 13.355 -12.317 0.172 11.48 -14.522 15.89	1.116344830798 1.823009670247 -0.3791860114113 -17.41418386532 4.198004571557 -4.780041840821 0.7215140818532 7.602988888013 -5.511897359349	-21.50453142945 -6.803781448577 -14.73822664027 12.07172696842 -12.0759696091 -8.831056590239 18.38619052441 14.14920669154 12.62892711199
idwt	bior1.3	periodic	0.758 8.787 -4.294 -7.525 17.238 -0.448 6.808 20.518 5.513	-17.677 -8.963 -14.778 -2.682 -1.615 -13.558 3.764 -9.404 -25.691	-0.3806886133213 12.29490754623 -14.04110774237 6.858140282381 -8.380894735666 -4.587973961381 12.0084409115 14.29239581473 -10.3791784993 8.794728979355 7.108367694573 1.785267845801 10.46226354609 23.76152788665
dwt	bior1.3	periodic	-0.792 6.515 4.619 5.456 -8.958 11.373 11.752 -13.218 -10.399 -4.676 3.072 -13.793 -18.332 3.373 5.093 1.573 0.383 9.96 3.462 -10.807 0.844 -6.372 -4.772 8.288 5.355 -2.933 8.921 -25.325 10.135 -2.741	1.555546530263 2.834702697429 5.972930980683 3.988700964326 0.2545584412272 -11.37602228408 -8.993514373216 -11.75715283914 5.785547683668 8.263691786684 -3.709393785757 -6.32445143928 2.580939751331 5.893911797885 -11.19385389957 1.555546530263 2.834702697429	9.104706914558 -5.16682925013 -0.5918483758531 -14.3761879683 17.65645632623 -4.046772108731 11.92535586471 -15.34775268565 2.489015869777 -6.771961643424 10.08970666075 5.102482533042 -9.234814562296 5.860501002474 24.21557882851 9.104706914558 -5.16682925013
idwt	bior1.3	periodic	-9.327 -4.178 7.36 0.647 -19.852 -12.926 -12.774 15.604 -7.738 -12.131 1.785 2.114 3.817 -4.572 13.214 17.312 7.243	6.825 -7.553 7.887 -3.031 -11.304 -1.756 -5.771 -12.642 -1.397 -7.138 5.894 6.786 1.61 20.143 3.476 -13.788 -7.606	-8.388938075302 2.292616961302 10.38156498469 -0.772337381751 0.01051821337015 4.296999520923 -22.1433140179 -6.157043908834 -10.87079448892 -8.387435473392 -12.1510997046 -3.98967323615 1.707839653261 19.58632750878 -6.945909911595 -4.97025356496 -14.26968000939 -4.175023601168 4.199153620076 -4.136221116551 6.671906033886 -2.924947200378 2.656865341961 0.3799815065401 10.84542703314 -17.64107675374 14.80071720206 9.88491085925 3.47136396554 22.97054056354
dwt	bior1.3	smooth	-13.339	-18.86419470849 -18.86419470849 -18.86419470849	0 0 0
idwt	bior1.3	smooth	-10.039 16.052 -5.127	-8.072 4.276 1.161	13.55797703412 7.510799841416
dwt	bior1.3	smooth	-8.282 -18.128	9.174003379114 -18.67469009114 -46.52338356139	6.962173367563 6.962173367563 6.962173367563
idwt	bior1.3	smooth	-4.789 -8.175 3.524	-16.236 -12.841 2.162	-16.48672493345 1.673191420983
dwt	bior1.3	smooth	-3.516 -19.151 -9.538 -4.07 12.098	28.19446868625 -17.89324870958 -12.43332369865 27.59590279598 74.27166786871	11.05561452385 11.05561452385 -3.866459879528 -11.43250243822 -11.43250243822
idwt	bior1.3	smooth	8.253 -13.443 0.726 -4.336 22.065	6.889 6.339 -2.424 15.8 -1.656	-4.2001258919 -13.16482566378 -2.036909471555 1.391144203637 8.038389888529 -14.30618439697
dwt	bior1.3	smooth	1.636 5.785 -9.912 -25.401 -26.624 -3.147 12.643 16.245 12.661 3.379 0.129 -2.414 5.079	-6.487704717387 6.983209794303 -26.67843174739 -22.73869792766 23.32241457553 11.88513916653 -3.098453526812 11.59407633773 33.67454624045	-2.933786035143 -2.933786035143 10.9523769338 -16.60074590192 -2.546998625834 6.563365142974 1.798172544557 -5.298351111431 -5.298351111431
idwt	bior1.3	smooth	-1.686 -9.943 5.421 -9.801 8.951 -3.722 -4.512 18.285 3.991	13.378 -8.012 0.119 -16.991 -0.801 -4.733 8.135 -0.021 -8.358	-11.52416115474 -0.1934820930022 4.711010541308 4.542719127385 -18.86348760171 5.165415036568 4.679455901197 5.812240964658 -6.768426109518 -0.07495331880577 2.14536197412 -9.359265355785 14.37238726935 14.40208575416
dwt	bior1.3	smooth	-6.12 4.332 5.32 -1.337 0.864 -1.091 7.203 -17.702 3.741 -21.803 1.083 0.991 8.615 3.944 -3.106 6.049 -1.291 -14.051 -1.919 -5.225 7.882 -5.018 -10.216 -8.54 -17.021 -11.214 -9.797 9.057 13.691 -0.721	-30.82702723261 0.2479293151535 3.913040538739 1.452397328557 -5.338921363001 -14.96494275199 -0.3783905162825 8.063227014218 2.795988601159 -9.747025036918 -5.039196476126 1.584803073334 -14.91597560739 -21.4834950027 1.263864983023 12.11150172486 -31.59211676985	-7.390680076962 -7.390680076962 4.707209842359 1.38239375722 17.61049438545 18.06233561863 0.06505382386916 3.302895774922 -6.473562581763 9.02268252794 2.337695018603 9.121677477306 -1.185110965269 -4.10616907835 -13.33179125249 10.19082293046 10.19082293046
idwt	bior1.3	smooth	-0.916 3.104 2.879 1.288 -4.906 -7.202 2.18 2.956 14.618 10.558 1.864 -10.869 -9.72 -17.906 -3.506 4.956 0.301	-18.211 3.514 3.174 -0.77 -12.213 13.667 -8.292 -0.024 19.867 11.067 10.204 -12.03 -6.241 11.423 4.166 -5.887 3.703	2.789447863433 -2.180098594746 4.658773027848 0.1700591808754 1.726312817919 2.815257260947 -13.38102356213 3.890766675131 4.224874629242 -15.10318212771 -3.111711778959 8.614947080239 -0.41569039899 -0.3817492734931 23.40426218545 -4.691918658216 16.14528074648 0.4941792517017 10.57487030099 -3.855764889463 -14.73849180531 2.274497350034 -13.35910325191 -4.532996409144 -5.504030796408 -21.6585923194 1.996692773376 -3.894920927471 -0.6173926083235 7.708082633367
dwt	bior1.3	periodization	-3.687	-5.21420540447	0
idwt	bior1.3	periodization	-2.015	19.919	12.66003981036 -15.50968013855
dwt	bior1.3	periodization	16.922 7.081	16.97268406882	6.958637833657
idwt	bior1.3	periodization	-6.047	6.59	0.3839589821843 -8.935708393854
dwt	bior1.3	periodization	-4.459 -1.92 -5.385 8.759 -14.711	-5.760798946327 2.610196294402 -19.77874894161	-1.795344117433 -10.0013183131 0
idwt	bior1.3	periodization	-0.272 15.172 12.817	-3.901 -2.573 1.285	-2.609754352664 2.907092754153 8.450456365265 12.08922786125 10.08899955397 8.27173512632
dwt	bior1.3	periodization	-1.788 1.294 -13.414 5.174 7.425 16.269 -17.589 1.071 -0.133 -6.561 -5.105 25.1 9.198	-1.992273355993 -6.335853536127 16.7478241124 -10.33012296635 -5.753816266863 13.57043979114 15.40529349997	-2.179303099617 -13.1437008487 -6.253652372814 -13.19461253694 4.545282389467 -21.35816032574 0
idwt	bior1.3	periodization	-21.153 8.618 5.185 5.66 6.367 -21.099 -4.866	-1.299 -0.226 -0.094 -12.231 -0.723 5.271 9.378	-15.02707976039 -13.19001634286 5.827532148801 6.147144413898 4.660982736539 4.793918811402 -4.590802388506 12.70644369288 2.443937812476 3.466414218072 -12.08489683222 -19.53921651948 3.771177240763 -9.491317547172
dwt	bior1.3	periodization	5.202 1.796 -1.029 -10.138 -13.268 0.889 18.711 -2.009 -7.631 2.348 1.048 11.339 12.941 -10.617 20.639 -0.36 1.132 3.874 -10.404 3.197 0.943 -8.676 -2.202 -13.74 -5.077 -16.707 1.636 -6.822 1.087 -6.163	5.112647193022 -9.448625975258 -7.726997739764 12.17938397585 -6.476656173931 11.72321171364 4.408987557393 12.01480487253 0.481539717988 -4.003550206731 -3.246062067384 -11.09494733856 -15.67585023212 -4.054196729933 -4.035811953622	2.408405696721 6.441035669828 -10.01051070126 14.65125250619 -7.056218569461 -7.276835885191 16.65802155119 14.84853529814 -1.938886794014 -9.617359330918 6.801660128233 8.15859804133 8.2236518652 5.980709155276 5.126524163602
idwt	bior1.3	periodization	-2.578 9.309 12.023 -6.751 10.168 4.437 -7.136 11.748 -4.755 -5.804 20.151 -4.824 4.546 -16.371 -7.955	4.849 3.792 -5.087 2.228 -4.44 -4.977 -3.877 -1.03 4.166 -9.225 -3.257 -1.47 -10.29 -7.989 -6.188	0.7237237905444 -6.133797773403 10.14203256256 4.77933473404 5.042732010032 12.23683640182 -3.255431232235 -6.406299049202 4.687145687443 10.96625390438 -0.4316003015667 6.606940598364 -8.136235789375 -2.653329808055 6.867863000622 8.324502969866 0.3078566148591 -5.583757085987 -9.971001109859 3.075119003033 11.26041032535 15.866503898 -3.828894831778 -1.750000895089 -3.485417712816 11.066839844 -17.58769019176 -6.289538041959 -11.13534081343 -2.384187289466
dwt	bior1.3	reflect	-10.85 -19.456	-21.42957811064 -21.42957811064 -21.42957811064	6.085360958891 6.085360958891 6.085360958891
idwt	bior1.3	reflect	-5.67 5.689 3.122	4.567 -13.733 0.753	-5.350853789934 14.07054106214
dwt	bior1.3	reflect	1.619 8.356 9.047 2.456 -5.38	12.40291810705 7.574881393461 8.036710509923 -2.589071479315 12.40291810705	0.4886107857999 -4.763778384854 4.660540794801 -5.540888737378 0.4886107857999
idwt	bior1.3	reflect	-12.101 -16.268 1.767 -0.16 7.148	-1.195 16.951 2.373 4.619 -21.85	0.1675843071412 -23.80474978865 4.017427177311 0.6614983938 5.294020082396 -1.238232362205
dwt	bior1.3	reflect	-4.596 -3.051 8.586 -18.072 9.752 -12.922 8.17 -8.273 1.224 14.14 -8.173 -13.22 0.696	1.317958651784 -4.079564185708 -4.566937534641 -3.144415467589 -3.218573291266 9.85671497635 -12.75549922582 -11.27411051924 3.828718055082	8.228601612668 -1.092479976933 18.85005257287 16.03293915662 11.62695680305 -9.132991185805 3.568767924649 9.840097966992 -15.77767360862
idwt	bior1.3	reflect	20.745 17.808 0.561 -13.1 4.988 -2.575 -7.533 1.822 -2.168	6.303 -10.663 0.139 -1.305 0.718 15.487 -8.382 -8.207 1.34	5.597103726482 20.67686294207 -0.3321634104624 -0.5287390956322 -10.23705003628 -8.391501337384 2.55053415974 1.535128821956 9.93449672228 -11.96742871819 -9.159330913405 2.694607166407 -5.374188313713 6.232262392683
dwt	bior1.3	reflect	2.667 9.714 -9.021 -15.192 9.351 -1.654 9.23 -3.408 -4.553 -4.838 0.294 10.242 0.937 18.721 -0.756 10.121 -8.875 8.584 -5.851 13.141 -14.876 -3.778 -13.704 4.386 -11.392 2.33 11.29 7.739 0.301 5.02	-2.302162902848 10.9560892444 -15.52559004112 6.014208339035 3.169252593278 -8.636779002108 5.852987992924 13.8181923296 6.650781218798 -0.9230395144914 5.717046714241 -13.11064360668 -6.820752011325 -4.494989419655 14.25129523308 2.791215630386 6.894202728221	-13.24764554553 -4.982981487022 4.363555946702 7.781710126958 8.936415500636 0.2015254326382 -7.034298259244 -12.57518699662 -7.691200458966 -12.34537729274 -13.42937198829 -7.847471057608 -12.79156167166 -9.702919251442 2.510936179993 -3.336836900419 -5.259460238466
idwt	bior1.3	reflect	1.424 3.278 -3.63 -0.696 8.952 19.331 7.408 -6.681 -21.063 -16.209 0.85 -1.095 -10.835 17.145 15.432 2.781 3.285	0.295 14.318 -12.562 6.292 14.118 0.43 -2.01 -8.663 7.932 -3.127 -10.718 2.282 -5.009 -6.626 20.471 8.849 -24.99	13.57865990747 -6.670049878585 -10.74006812275 7.025282647784 1.598768432263 -7.299463302189 16.83108593589 -3.134781137695 15.3986643739 14.79055254208 4.620677650011 7.463246910381 -11.72860340285 0.5227286879922 -9.774337036342 -20.99187901309 -12.02417403738 -7.601928227841 -7.455822289179 7.701718672336 0.3347266725442 -2.892508676791 -10.41603644027 -3.332240706342 5.185921133222 14.55650019751 24.01944508508 -4.930920750257 12.24187453764 -0.2725012757998
dwt	bior1.3	antisymmetric	0.767	0 0 0	1.08470180234 1.08470180234 1.08470180234
idwt	bior1.3	antisymmetric	12.354 5.689 6.536	-0.052 4.311 -9.486	7.90492348358 1.808248816189
dwt	bior1.3	antisymmetric	0.179 -9.111	6.315877769558 -6.315877769558 6.315877769558	6.569021997223 6.569021997223 6.569021997223
idwt	bior1.3	antisymmetric	4.343 -7.708 -7.182	-1.949 3.808 7.547	-3.597052195896 -8.982377441413
dwt	bior1.3	antisymmetric	4.312 11.858 0.551 15.039 13.702	-10.82032474241 10.82032474241 14.11296746901 -6.938893903907e-17 -14.11296746901	-5.335827770834 -5.335827770834 -10.24456304583 19.37755423164 -10.24456304583
idwt	bior1.3	antisymmetric	7.928 5.374 -1.829 -4.613 -14.182	6.024 -3.825 -9.548 11.361 -8.095	2.471691753638 7.881058629715 -9.387019296947 4.115891796592 4.643128290314 -11.42375199181
dwt	bior1.3	antisymmetric	-16.527 -3.263 -14.36 -7.679 2.632 -3.105 -6.84 -5.715 10.63 -1.486 11.65 -7.097 -4.974	13.41178270711 -13.41178270711 -13.9044593569 0.1566241520328 -8.313896368148 8.222237651637 1.26925667223 -2.22044604925e-16 -1.26925667223	-9.379064345658 -9.379064345658 -4.724180405107 4.056671603667 -0.7954951288349 8.567305760856 13.2561308269 -7.034298259244 13.2561308269
idwt	bior1.3	antisymmetric	-10.154 10.681 -8.669 9.59 -1.215 15.454 2.313 1.466 -6.061	-11.31 2.358 -10.347 10.684 -8.359 2.197 11.372 3 24.921	9.134847341106 5.80013176103 -14.18226393356 0.4506037963111 14.16016684665 -0.9492908537429 -6.019688416589 5.801722751288 10.73715130727 7.630124110741 9.605780457376 -6.476656173931 1.960365162492 -2.282275524627
dwt	bior1.3	antisymmetric	-1.863 -9.127 14.888 12.922 6.184 -1.939 -10.112 -3.066 -20.09 -9.566 -22.745 -3.809 -15.714 -10.275 5.323 6.597 5.992 -17.45 -15.793 7.97 3.252 10.466 2.832 19.715 9.927 -4.686 2.476 -7.256 -23.094 5.167	8.239384991081 -8.239384991081 19.74056517543 2.20511249713 -10.96643068107 -22.02089615641 -18.32705871984 -16.81588314009 10.98145670017 -10.0897950491 -8.241329534729 10.30820265614 17.87238905953 6.058402512859 -7.169532431146 -16.03444175853 16.03444175853	5.136423658539 5.136423658539 1.390171931813 5.743828383578 -4.98227438024 -7.441591765207 -13.38977400855 -3.845953782874 -0.9008540392317 16.57599716458 -16.80297844134 -5.10106831948 -11.93808378677 10.33295139348 6.881563194507 -19.98354474311 -19.98354474311
idwt	bior1.3	antisymmetric	16.271 -4.276 -11.425 -5.965 10.906 6.409 -14.418 -2.325 13.45 0.969 -4.326 3.08 -4.467 -0.306 3.622 26.324 -5.541	-14.917 16.202 -2.506 -19.37 -7.458 -3.567 5.501 -16.814 10.632 5.11 0.844 -18.505 -12.566 1.004 2.456 18.143 -3.177	7.335967689767 -15.5771204478 -6.706554266164 -3.162535078857 -17.47685120381 9.91646549936 1.041303123645 11.58850787182 0.8641728749576 5.908672651942 -5.134390726543 -12.91397953316 -13.98683729691 9.791749540828 15.09071937069 0.05480077554196 5.163647269615 -2.062984034112 -0.3748549823765 -1.568451229019 -9.721834357839 16.44818761388 -13.76851807822 4.002489546559 -0.8342092251048 -2.254079641727 2.782907125707 -0.690401383481 31.94080880133 6.28273213919
dwt	bior1.3	antireflect	-4.729 -7.407	-1.00692005641 -8.58144789648 -16.15597573655	1.893631960018 1.893631960018 1.893631960018
idwt	bior1.3	antireflect	0.015 8.83 -11.439	11.463 4.497 -5.54	10.92647914794 4.566760757946
dwt	bior1.3	antireflect	5.788 -14.094 -19.564 4.396 -11.575	40.51642306686 -8.474497995825 -11.07108248469 -25.06145531551 -8.593557100108	3.86787409309 14.05869702355 -16.94227847723 11.29320240233 3.86787409309
idwt	bior1.3	antireflect	2.262 -21.302 5.331 -3.86 2.011	-9.806 -9.057 -11.02 12.264 -9.155	-21.359751316 -8.551219081584 -5.90725843838 9.677375018971 5.777681120728 -11.56623400822
dwt	bior1.3	antireflect	10.866 9.154 -4.524 14.71 -0.99 5.086 5.545 4.897 -3.812 0.868 -5.653 4.114 -16.855	26.22340853369 11.24724046155 6.514221221681 4.653646503684 7.506999142467 -3.00228700457 1.178835392586 -37.224222282 -45.37327438179	9.67180655307 1.210566809391 -13.60049182934 -4.296380802489 0.4582051942089 -3.309259735953 -6.906311931849 14.8273220947 4.611043320117
idwt	bior1.3	antireflect	-12.537 13.23 -4.858 2.522 -3.052 -1.452 6.715 7.263 1.196	-6.996 -8.082 21.942 -2.379 16.777 15.987 4.96 11.667 2.316	1.082403705301 12.5120777164 11.57613350315 -19.45454048244 0.5576420853132 3.922056150199 8.081700178876 -15.64456075706 11.32228216871 -11.28675005295 8.637309332194 1.622810062823 13.61923015904 -2.880399473163
dwt	bior1.3	antireflect	-8.158 -12.248 5.968 -16.994 2.611 -15.771 0.549 -1.972 -0.97 12.612 -5.825 -1.551 3.936 -8.515 -0.023 21.513 8.637 -0.241 -10.749 2.335 10.639 12.414 -17.885 -6.266 -1.194 3.38 0.521 15.058 -2.973 7.085	-16.5393160003 -10.78956559743 -6.533313104773 -11.11227145469 -3.831458093859 7.631538324303 -2.914605763703 -4.763601608158 14.87991316155 6.683926849166 -6.891197524401 16.430421556 -17.3247348575 1.287818225236 10.5312948456 5.78625479045 12.63573301476	-12.88065712609 2.892066735053 16.23658590961 12.99803685177 1.782616195371 -9.603924302076 -3.022174382791 8.804186532554 -15.22825163963 6.277694003374 -9.251785125045 -1.255114536606 -8.215873690606 -3.234306417147 -10.27921127811 -7.112080005174 12.74984237157
idwt	bior1.3	antireflect	5.897 16.751 11.805 13.719 -12.344 2.302 5.921 -0.99 6.927 -5.282 9.578 3.58 -6.833 -9.572 3.565 2.444 10.652	12.737 -4.474 1.394 -5.638 -1.743 0.618 3.656 -17.009 7.797 -4.338 -0.194 2.774 9.831 21.559 -4.327 -15.418 14.745	9.683738980002 16.01093045806 9.435986441544 7.464572735596 5.991404145341 13.96474021 -10.51397072946 -8.048996490246 1.587543112111 0.7135591305649 8.32998304742 3.159618263384 -13.09323110219 10.96112738022 9.291471493139 -1.735151652684 -6.096055948957 0.03880248461761 6.00687210618 6.28122953728 3.606863302485 -0.316165119538 0.4595310194236 -13.44360251227 9.727491212088 -20.76153897911 2.729520563728 8.848822648116 -10.85974594546 10.94459875921
idwt	bior1.3	symmetric	-3.672 7.433 -2.928 4.909 -7.52 10.996 -1.303 4.196 -9.275 4.928 -4.931 -0.531 4.443 -12.414 -7.609 1.792 1.133 11.5 -2.531 0.684 -4.777 -21.661 -1.341 8.247 -7.823 10.617 16.324 -24.487 -5.858 -0.108 -1.439 -34.094 1.005 2.718 -2.805 4.915 10.734 5.341 -0.795 7.239	-	5.25592470456 5.25592470456 -2.070408655314 -2.070408655314 3.471187188845 3.471187188845 -5.317442994523 -5.317442994523 7.775346165927 7.775346165927 -0.9213601358861 -0.9213601358861 2.967020053859 2.967020053859 -6.558415395505 -6.558415395505 3.484622217687 3.484622217687 -3.486743538031 -3.486743538031 -0.3754737008101 -0.3754737008101 3.141675428812 3.141675428812 -8.77802358165 -8.77802358165 -5.380375498048 -5.380375498048 1.267135351886 1.267135351886 0.8011519830844 0.8011519830844 8.131727983645 8.131727983645 -1.789687263183 -1.789687263183 0.4836610383316 0.4836610383316 -3.377849093728 -3.377849093728 -15.31663998728 -15.31663998728 -0.9482301935712 -0.9482301935712 5.831509624445 5.831509624445 -5.531696349222 -5.531696349222 7.507352695858 7.507352695858 11.54281109609 11.54281109609 -17.31492375091 -17.31492375091 -4.142231524191 -4.142231524191 -0.07636753236815 -0.07636753236815 -1.017526658127 -1.017526658127 -24.10809859777 -24.10809859777 0.7106423150925 0.7106423150925 1.921916231265 1.921916231265 -1.983434521228 -1.983434521228 3.475429829532 3.475429829532 7.590084189256 7.590084189256 3.776657318317 3.776657318317 -0.5621498910433 -0.5621498910433
idwt	bior1.3	periodization	-	-3.672 7.433 -2.928 4.909 -7.52 10.996 -1.303 4.196 -9.275 4.928 -4.931 -0.531 4.443 -12.414 -7.609 1.792 1.133 11.5 -2.531 0.684 -4.777 -21.661 -1.341 8.247 -7.823 10.617 16.324 -24.487 -5.858 -0.108 -1.439 -34.094 1.005 2.718 -2.805 4.915 10.734 5.341 -0.795 7.239	-2.613643439961 2.579348761073 5.190163773909 -5.32168563521 -1.84731646585 2.293500844779 3.877066481246 -3.065307896444 -5.855462866658 4.779423122388 7.225835808598 -8.324856523257 -0.3203193718775 1.522400899895 3.671651961311 -2.262388146406 -6.623115665984 6.493715125027 3.100663235503 -3.868581199872 -3.004231548219 3.969255527843 -1.204026071665 -0.4530786700453 4.191994163917 -2.091356693707 -7.712767215792 9.843279947507 -6.63602036474 4.124730631356 0.4944444167447 -2.039826287028 -0.05692209588552 -1.659226062054 8.455582889429 -7.807873077862 -0.8336788950189 2.745695631347 0.6821812671497 -0.2851408095135 -1.402811465526 5.35288672193 -15.6203423498 15.01293762476 -3.591748895037 -1.695288507895 6.404442893902 -5.258576354989 -5.741176733149 5.322215965296 5.373039265194 -9.641666126522 14.64559565194 -8.440026540243 -15.35429342338 19.27555407845 -6.297051051509 1.987411996872 -0.4669556406261 -0.3142205758898 1.986439725048 4.021493041303 -24.32411971943 23.89207747612 -2.543109538537 -3.964394168722 2.258675835805 -1.585156626725 -2.177623721012 1.789245321445 2.278739990721 -4.672119668342 7.552430753158 -7.627737625355 4.795686578355 -2.75762805828 -0.7299109748798 0.3943888072068 5.373039265194 -4.864452712825
dwt	bior2.2	zero	1.313	-0.2321078009245 1.392646805547 -0.2321078009245	0.464215601849 0.464215601849 0
idwt	bior2.2	zero	12.401 -7.498 -14.727	25.615 -1.829 -6.57	3.107734303315 -2.551064489826
dwt	bior2.2	zero	-6.444 -13.755	1.139149024492 -11.69802103456 -3.723977863119	-2.278298048983 7.447955726238 0
idwt	bior2.2	zero	7.618 -11.983 -10.432	11.93 -0.377 14.553	-4.388658237434 -2.843453143846
dwt	bior2.2	zero	12.842 4.718 3.285 -8.253 17.903	-2.270166320999 14.70835137877 -3.200542068346 15.49041147876 -3.164833175896	4.540332641999 2.36562573646 13.32684150502 6.329666351791 0
idwt	bior2.2	zero	3.454 -12.99 14.569 1.311 1.367	12.1 -6.174 -5.594 12.839 -2.748	-7.090159694958 8.256885883915 6.141222394605 12.72597751771 3.488511304984 -14.14567115764
dwt	bior2.2	zero	-25.048 -0.061 2.787 -9.407 9.76 -4.586 -4.371 -1.53 1.911 19.258 8.664 -9.59 -12.691	4.42790266379 -27.08165938936 2.311178514308 5.684784967349 -8.861638958525 7.5358137438 14.51336668385 -18.3830085439 2.24347304001	-8.85580532758 -7.827318514344 11.0877878824 5.148090920429 0.212132034356 -9.878635286567 5.35739452766 -4.486946080019 0
idwt	bior2.2	zero	-2.252 0.694 3.196 -6.138 4.876 0.487 21.518 10.943 -15.303	19.611 -9.48 11.46 -4.47 -4.075 -1.835 7.163 4.098 5.916	4.072581506244 16.92300981744 2.959948986047 -15.66135454311 -1.868883222676 5.600462483693 0.4267389424461 5.103719969909 -1.745139535968 10.2721402103 17.09925618265 4.279233463046 11.719234238 -3.576015769156
dwt	bior2.2	zero	13.507 -14.211 6.965 -8.412 1.178 9.734 -13.913 -8.892 18.028 9.001 4.413 -14.614 7.278 -10.35 -0.504 12.763 5.537 8.492 7.085 8.947 8.727 20.392 16.531 -4.887 -0.124 6.844 4.356 2.242 4.269 6.963	-2.387722823372 8.070740023768 -3.206906029376 2.945099743642 -17.85444622496 20.83949750174 -1.777312894512 -1.797642214472 -1.946841745302 12.22428525646 11.1588521139 15.45452580961 21.4948087112 -3.131952710571 7.099882413199 7.012377949027 1.70713254648	4.775445646743 17.28663947967 8.827167502942 -11.38547983728 7.742465700602 1.569423500844 14.46705118969 9.71352585316 -7.245369633428 -1.542199889768 -0.7360981592152 -5.489269942351 9.256381319123 -3.34320086145 1.464064590447 -3.414265092959 0
idwt	bior2.2	zero	-0.719 -10.137 0.396 13.629 -1.081 2.83 -18.754 -12.288 -4.811 -11.042 -2.611 9.102 4.308 -4.864 12.456 -7.543 -11.206	2.754 4.056 3.482 7.269 -13.712 -17.455 -15.081 -5.48 -17.604 -9.409 12.128 -0.643 -0.07 2.249 2.028 2.167 -22.224	-4.760242850948 -6.643621762638 2.945099743642 3.267363659168 13.43821082306 -5.081976436388 -3.042326926055 13.3614897373 -9.018086333863 7.793907718933 -24.76429369072 0.9664381931867 -15.95833939121 -6.010937970172 -11.56331719274 10.43495154667 -17.35841081796 4.184657931062 -0.884944136655 -12.34573084613 10.49664661332 7.554728850197 2.794132445859 0.1615738995011 -2.668974545589 0.6448813844421 10.31986991803 0.3666348660452 -3.850549976951 -12.49740525069
dwt	bior2.2	constant	-3.653	-5.166122143349 -5.166122143349 -5.166122143349	0 0 0
idwt	bior2.2	constant	-11.315 -1.108 12.787	10.739 5.819 -9.945	5.070662727889 -1.902470794782
dwt	bior2.2	constant	-0.253 11.897	-0.3577960312804 1.790040816574 18.97273559941	0 -4.295673695708 0
idwt	bior2.2	constant	-11.478 -4.577 10.235	6.7 0.066 2.749	-0.8442854967367 3.600764506497
dwt	bior2.2	constant	-8.073 11.11 -8.071 10.394 4.349	-11.41694608904 -4.635084950678 -0.2994597218325 10.48321158448 6.150414782761	0 -13.56372227672 -8.665593603441 0 0
idwt	bior2.2	constant	1.064 -13.258 0.701 18.307 12.323	-0.33 2.613 -0.845 9.107 -6.875	-8.567659314247 -7.418787571514 1.120764248181 9.688423562427 15.86606195626 -0.1948079182169
dwt	bior2.2	constant	-7.851 8.835 2.76 -6.009 -9.058 0.307 -14.832 5.946 -1.543 -10.086 -11.635 -0.62 -9.86	-11.10299067819 -7.079376316544 6.9156810967 -9.489373003523 -11.64693256962 1.578439112304 -14.11013904188 -10.36353376177 -13.944145725	0 -8.047228723294 2.022325394194 -8.663472283098 -9.9938936919 2.472752413809 -7.161223926467 0 0
idwt	bior2.2	constant	-5.324 -11.436 1.269 0.695 -6.01 -9.41 -12.814 -10.004 0.543	13.012 3.492 6.983 -5.597 0.565 -10.957 -4.429 -3.06 -0.856	-2.251427991298 -3.763752619561 4.60079027179 -7.084326064013 0.9814642122869 5.391689206547 -6.028792416397 -8.977427693944 -10.32800164601 3.08121779902 -14.50063876179 -5.847596303717 -9.721657581143 -1.033613337399
dwt	bior2.2	constant	16.219 13.826 0.572 16.388 -3.499 -0.622 -3.467 1.609 -3.443 2.752 -14.618 -10.96 0.468 4.246 4.971 9.545 3.22 6.661 -16.414 -13.478 5.692 -10.793 -7.981 -8.421 -10.441 1.558 13.379 -27.273 8.431 12.963	22.93712976813 24.85710145575 9.04036019747 2.37464134792 -2.101167800296 1.086999899379 -17.88078595256 -0.1720037245236 9.496444071335 11.16786772537 -21.39528343175 1.768650836443 -14.41879115187 -14.45503037441 5.454268156682 -0.7735748186181 19.13360239213	0 -3.839943375234 -12.62291670435 -2.023032500975 -3.580788739929 -8.33148564933 2.74710984491 -1.079398501481 -3.853378404076 -9.374821704971 5.739585742891 6.822519778278 -0.5586143571374 -0.0629325035256 26.99592269214 -1.602303966169 0
idwt	bior2.2	constant	11.265 2.141 -16.551 -28.732 0.815 -5.085 -0.011 -9.807 -1.324 -5.794 -9.205 -1.242 -35.254 -5.247 -4.532 14.351 19.047	3.849 -11.881 -11.6 4.263 0.354 -1.026 5.774 2.95 4.617 2.984 3.942 -6.013 -7.675 -2.736 -15.063 -17.757 -25.773	-1.325825214725 6.136802977223 -20.00511149994 -5.052985058359 -22.91061326383 -16.3797750328 2.208648031036 -1.312920515968 -3.833225860812 0.3698168465606 1.670893323944 -9.255320658951 -3.850196423561 -5.227463656617 1.739129128328 -6.36466813746 -1.409617368295 -6.954925523056 -4.060207137573 -8.410151278737 -1.610435694152 -7.185442333722 -29.76778127439 -7.725318361158 -7.391033630352 -4.574980874277 -9.497504731507 15.82558009304 -1.455932862463 23.42326568019
dwt	bior2.2	symmetric	16.028	22.66701497772 22.66701497772 22.66701497772	0 0 0
idwt	bior2.2	symmetric	16.434 -11.948 6.817	-1.313 -12.116 6.619	-13.19638030389 11.97485333939
dwt	bior2.2	symmetric	5.816 -9.424	-13.3275486118 8.225066078762 -13.3275486118	-5.388153672641 5.388153672641 -5.388153672641
idwt	bior2.2	symmetric	-6.673 -2.608 2.979	10.425 14.901 -4.359	7.109958684831 -14.60140147811
dwt	bior2.2	symmetric	-3.872 8.601 9.683 6.2 8.584	10.76570074357 -5.66710729782 14.67034438928 11.52389598969 9.99654534233	4.40987144087 -4.027326672248 2.074297742611 -0.8428712831744 -1.613971228058
idwt	bior2.2	symmetric	2.728 -17.975 1.617 -9.716 13.358	2.668 8.284 24.256 -11.389 11.65	-8.838127658051 -9.810399482182 12.64801899508 -29.139693676 -2.321078009245 19.71484416626
dwt	bior2.2	symmetric	0.749 -3.366 5.374 -1.012 -5.96 -3.269 -15.102 1.287 -6.005 12.816 -6.756 5.489 3.137	-1.358882456745 -0.4857823586752 5.073314378318 -6.115412997092 -14.60369957515 2.480884141793 -0.1870297436238 6.601018579072 1.722335342275	-1.454872202291 4.544928836077 0.5084097756731 -5.135009444977 -8.372497842639 -13.57397532505 -5.16081884249 0.8315575746754 11.24900822851
idwt	bior2.2	symmetric	-22.573 -8.294 12.191 -7.411 -5.778 7.262 0.46 -12.648 13.091	-1.491 10.949 -4.189 -1.37 -6.167 -5.424 5.071 1.664 10.517	-2.52083567493 -11.23946228696 11.01035968986 7.826434630868 -7.205771653682 -5.040610689688 -6.750394886597 5.864743643161 1.03697209461 8.28941279585 0.2004647724664 -10.35239682996 -6.562304482802 1.147280752475
dwt	bior2.2	symmetric	-3.949 -5.63 -4.868 1.833 33.845 5.958 -20.445 -0.819 3.172 4.718 -7.059 -1.208 13.723 -6.813 6.273 5.743 -10.847 7.309 9.181 14.774 -2.883 9.629 13.89 11.991 4.734 -6.676 -9.186 -21.946 15.622 7.26	-8.714737524734 -5.719433199627 -11.7906520229 43.12732646804 -26.41202926758 9.604984962247 -9.232870018648 11.85853427389 5.766809353967 -9.622309078387 19.972584588 1.491464978218 22.04918042765 6.068743949534 -23.46109589299 11.71782002443 16.90833735173	-0.5943232495873 0.8637309332194 8.948789869306 0.5246732316404 -5.527807261926 -4.710391822874 3.210264786587 11.88717209853 -5.678067452928 -5.757263412421 -8.220116331294 -2.917169025785 -1.894339066799 3.14662517628 17.79363504178 2.956413452141 -16.23870722995
idwt	bior2.2	symmetric	-10.286 -0.938 1.963 -0.2 -11.132 -0.914 -15.786 -6.254 -10.708 -4.99 1.453 12.724 9.789 5.048 -13.109 -18.342 -16.3	-2.709 5.511 14.261 3.759 -1.375 -4.284 -1.866 -9.769 0.373 -2.54 -7.475 1.516 -0.823 15.379 8.435 -9.412 8.433	0.3273904396894 -3.440781597254 8.378508250279 -12.86404011674 6.229610742253 -5.715544112331 -7.028641404994 -2.89330417192 -2.647054235372 -1.933406716459 -13.33674099996 -8.297367747138 -8.535839509093 4.100689000796 -10.89368707096 -8.121651712013 -4.294613035536 0.1880904037956 -2.513411053728 12.75974186651 6.890402029272 4.884693644437 7.166880780716 9.105237244644 8.715798184905 -17.81626245878 -0.8499423509862 -19.01144969568 -13.31517424313 0.7170062761232
dwt	bior2.2	periodic	-4.215	-5.960910165403 -5.960910165403 -5.960910165403	0 0 0
idwt	bior2.2	periodic	-4.523 0.575 -15.782	-20.342 7.689 -11.349	-4.066924651994 -19.13413272221
dwt	bior2.2	periodic	6.91 29.808	25.96354679161 25.96354679161 25.96354679161	-16.19133107561 -16.19133107561 -16.19133107561
idwt	bior2.2	periodic	-4.321 11.771 -15.08	-23.206 12.009 -8.595	4.364616606874 -19.52905185951
dwt	bior2.2	periodic	-14.522 12.506 -12.401 1.072 11.062	1.020001531862 -5.067657524069 -7.74105148704 6.959168163743 1.600889752606	-12.57730831697 -18.36179534046 -1.231426459436 18.60115098589 13.56937913097
idwt	bior2.2	periodic	-10.999 1.629 7.183 10.254 -15.253	6.647 -17.239 0.701 9.148 -6.139	-2.592960566611 22.69918833626 -0.7679179643686 3.991087449712 10.73282027824 -12.43164432004
dwt	bior2.2	periodic	5.418 -7.891 7.086 -5.686 -8.549 -4.998 11.127 2.063 7.51 7.671 -12.599 3.693 -17.623	-9.081902720865 -5.179380395496 3.269131426121 -16.06458218508 10.94795751642 11.66726188958 -7.557734054017 -11.84863477895 0.171650171133	15.68256774655 10.00061120632 3.503360547389 4.44558033332 5.130413250899 -7.223449323211 -13.29643591343 -12.85166574807 -9.810753035573
idwt	bior2.2	periodic	-2.723 -2.381 -3.529 -0.111 5.488 -5.596 -11.959 -7.449 9.051	-0.662 2.045 -5.464 9.413 -16.04 -11.335 1.59 -1.055 19.779	-1.194656906815 -5.341484625083 -3.704178873246 6.534020211554 1.317693486741 -11.8843436714 1.53760369569 16.6350405808 -13.63549361501 3.261530028223 -11.90166778754 -10.73847713249 -5.078087349091 5.462930214752
dwt	bior2.2	periodic	-7.088 -4.604 3.099 -17.898 -3.124 3.136 -6.88 7.057 2.325 -0.29 -5.451 7.811 8.047 -2.097 -14.351 -21.558 13.198 2.584 -10.601 -6.364 -1.41 9.219 -1.933 3.125 13.043 18.923 -4.737 5.886 -4.488 -1.978	-1.288171778627 -9.599504884693 -2.863428910415 -7.864264843661 -3.552327691986 7.038364123236 -4.956111429337 14.05586859643 -27.34046047127 11.70120301507 -14.66433398164 1.729583186782 0.2575636450472 22.80843633395 2.234634205245 -1.288171778627 -9.599504884693	-2.694076836321 1.845195145506 12.64695833491 -5.754434985296 -6.600488248986 -0.9001469324505 -4.605386465868 -0.7459976541518 14.83616092947 -0.9089857672153 0.2534977810554 -7.700746400512 1.718269478283 -10.44396715813 -7.423560542287 -2.694076836321 1.845195145506
idwt	bior2.2	periodic	-12.261 2.955 -0.111 6.195 -6.162 12.096 -10.012 -26.168 -17.948 -0.589 -7.426 -3.945 -3.442 8.353 7.925 -0.043 11.654	8.774 -4.157 -13.775 8.526 -1.956 -4.986 -5.913 13.232 6.409 -10.05 2.337 4.658 18.954 2.352 -23.928 -4.08 -15.497	3.721856542775 4.530609923758 -6.41840825283 17.53395007639 2.524724762227 -11.81239555642 -2.034346209474 4.798426617132 6.098795987734 4.634201067201 -10.93293149732 -5.062177446514 -15.91591298434 -29.54433553154 -5.747010364094 -12.78908679793 -1.703773789269 9.371993277846 -7.977932258737 -7.452198366925 -0.316430284581 -3.788501356902 5.914241117844 -17.12824756068 13.43927148323 2.381182085646 -2.024446714537 27.86071428553 -9.932728955327 1.46318070697
dwt	bior2.2	smooth	0.164	0.2319310242292 0.2319310242292 0.2319310242292	0 0 0
idwt	bior2.2	smooth	-6.477 -3.432 -4.921	-12.722 -5.07 6.981	-8.717212398468 1.4094405916
dwt	bior2.2	smooth	-9.918 5.07	-56.41863585731 -14.02617011162 28.36629563408	0 0 -1.7763568394e-15
idwt	bior2.2	smooth	-0.079 -1.021 -1.473	-2.075 -1.474 -0.024	-1.976717006807 0.3105966536362
dwt	bior2.2	smooth	-5.682 2.493 -8.754 2.68 -4.003	-31.1579532062 -4.602204485353 -5.744005160274 -2.45843350149 -24.56347536486	-8.881784197001e-16 -6.866713952103 -6.405326777378 0 8.881784197001e-16
idwt	bior2.2	smooth	-6.661 -5.665 8.637 4.543 15.445	17.23 -4.991 -11.605 14.335 13.268	0.3213800320493 7.33888450524 0.2397091988222 18.62059642238 4.17758686325 -7.843758747007
dwt	bior2.2	smooth	15.895 -9.339 -5.735 -2.301 -6.606 17.441 13.099 -9.295 4.607 4.177 -9.785 -16.273 -8.891	93.85145463977 17.38103823496 -11.84032627427 -2.95570634536 17.12701012381 2.49113719012 -13.89783023083 -15.02566554682 8.305676251817	-7.105427357601e-15 10.19577267793 -2.736149689801 -10.03702720555 12.83257386497 -4.784284481508 4.903785527529 4.440892098501e-16 4.440892098501e-16
idwt	bior2.2	smooth	7.134 -35.979 4.064 -2.128 -11.723 -0.399 7.378 14.509 -5.159	-16.921 -0.813 1.326 -1.499 -4.399 -9.94 7.643 -10.874 8.9	-31.71091070909 -13.17817230428 3.055054848116 -1.130663743117 -1.565887966938 -3.850373200256 -10.37467069357 -1.64207872261 -5.35173767341 13.58387481998 4.404921693402 -4.047832768902 9.117081283229 17.76375978027
dwt	bior2.2	smooth	-18.037 -9.791 -11.965 5.03 -4.349 -4.737 -7.17 10.737 10.24 4.509 2.248 3.375 -19.022 5.133 20.408 -4.282 16.972 -3.017 -0.486 -0.587 1.391 0.764 5.396 -7.055 -7.43 -11.408 7.131 -0.401 8.469 1.982	-48.83138009518 -23.66615685953 -10.41674354705 -1.126597879125 -6.525004600094 17.12153004626 6.724231935693 -21.17289834907 22.30921894644 11.89919291381 -5.035837718915 0.6699836751743 4.566672369598 -16.62284298883 3.204784709033 9.077483303482 -6.371032098491	0 -3.684026329982 -9.324617123507 -0.7230166837632 -6.506796600479 1.226830265359 -8.316989960316 -3.139554108468 16.24365697742 7.962022356161 0.7350374990434 1.85933728113 4.269510744804 7.960961695989 5.798982712511 0 -4.440892098501e-16
idwt	bior2.2	smooth	-3.849 -9.231 -5.79 -11.352 5.714 11.062 -20.578 -11.203 -10.313 18.776 0.818 0.062 -16.598 -8.756 -1.331 -1.139 20.153	2.96 -3.733 -13.434 -9.621 -7.092 -4.197 19.533 -1.134 -1.407 -18.722 6.582 8.672 1.117 2.974 4.533 2.36 7.756	-6.800599468062 -3.202840165384 -10.16359931938 5.827620537149 -16.17824960016 4.58275904887 -1.868529669285 11.01071324325 3.830750987078 3.28645554226 -9.128748545118 -32.89655200445 -1.416688436107 -3.20001173826 -8.190771399874 0.9743931444751 6.159960724307 27.70002426951 -3.713724814792 -8.446744054664 5.436944040543 -13.68340009944 -8.275624213617 -8.090008683555 -4.745040055152 -5.721908073362 1.712966177424 -4.738322540731 1.631648897588 6.39171497184
dwt	bior2.2	periodization	-11.345	-16.04425286512	0
idwt	bior2.2	periodization	-9.888	-3.901	-9.750295405781 -4.233448298964
dwt	bior2.2	periodization	-8.168 5.677	-1.761402991936	-9.789893385528
idwt	bior2.2	periodization	9.852	-5.868	2.817113416247 11.11571860025
dwt	bior2.2	periodization	10.375 0.648 4.412 -1.881 -16.303	7.57152263625 5.29163359701 -26.33495462843	4.769788792494 -2.874035512133 9.432097354247
idwt	bior2.2	periodization	-3.725 -29.138 -20.334	-17.964 -7.554 -10.504	-12.69893068333 4.242640687119 -29.62565281137 -14.51124536351 -20.76277641598 -1.875954290488
dwt	bior2.2	periodization	-11.72 12.14 3.156 -9.818 -7.672 0.923 -4.035 15.868 2.896 16.313 -4.729 0.061 8.449	-7.203120003252 7.596448150287 -11.12685553206 2.501036685057 15.99864447774 -1.232310342913 14.87805700625	-11.61210756065 5.34572726577 -4.791709102711 -11.62306771575 -12.18309628645 1.272085099355 -7.130818334876
idwt	bior2.2	periodization	-1.89 6.317 19.224 1.181 4.246 -13.138 3.136	2.115 16.336 12.141 7.475 10.932 13.64 2.47	0.2846104794276 2.646347128591 10.99020714659 -5.776708848903 23.66156066545 -1.453988318815 7.770396418459 -1.930931842725 9.510232653568 -11.00629382586 -0.6024549775709 -15.63448448543 7.913231988259 0.6058137347816
dwt	bior2.2	periodization	3.386 1.116 10.706 4.199 12.595 2.954 -2.353 13.612 11.544 -11.697 2.33 -19.067 -0.438 2.495 -22.214 12.709 8.28 -1.368 -4.214 -0.266 -6.21 14.371 -7.949 -4.303 8.401 6.278 0.23 1.767 7.884 6.576	3.024649256525 10.40949570254 14.41136653067 -0.9059805633953 12.92538163 -10.36866028593 -2.808628134873 -19.57236214985 17.46376972835 -5.413255963374 0.5503058524584 -5.25892990838 10.97341336054 0.2094803839265 10.67271620184	4.193143212436 5.269006180012 1.532300394831 -6.375628292569 13.17622776063 14.15132801189 -9.772922822779 -13.91303302663 2.404870162815 -3.497350139749 -15.16779400984 3.202486611994 -1.387697058079 1.619274528917 -0.6653874810965
idwt	bior2.2	periodization	0.224 5.728 3.215 -1.671 -13.557 10.507 -20.059 4.112 3.133 18.312 -20.997 16.558 -1.189 19.545 -19.372	-2.6 27.163 1.189 13.015 4.635 9.29 -15.555 20.276 2.648 -0.969 -18.862 -9.087 -14.059 15.472 3.609	0.5151272900944 10.30183869511 12.73463957578 -25.89831619104 12.29729403162 6.387295554458 3.840296928624 -18.15885569426 -3.346029288575 -2.051493548917 12.35280191394 -15.16107649542 -16.39886691589 16.08703282538 4.57674864123 -21.22610813435 10.32022347142 8.186351982492 13.54215551989 -2.787768484828 -21.85843837343 16.65908221136 1.826810369195 9.252315455131 -9.024096741503 22.53036659225 14.3199729792 -18.19668590705 -6.951920319236 -8.322293261175
dwt	bior2.2	reflect	8.619 -7.521	0.7764032457428 0.7764032457428 0.7764032457428	11.41270344835 11.41270344835 11.41270344835
idwt	bior2.2	reflect	-26.019 -6.27 9.793	-14.776 1.682 1.356	-9.062987614468 -2.910805064754
dwt	bior2.2	reflect	6.201 3.509 -6.29 -2.168 2.784	-7.78577599095 11.28224224722 -7.78577599095 3.643721243454 -7.78577599095	-2.512703946946 -2.512703946946 0.2934493141924 0.2934493141924 -2.512703946946
idwt	bior2.2	reflect	5.336 9.27 18.801 -1.137 10.53	-10.827 14.442 3.181 12.461 -0.261	7.832975368594 -6.745091585738 19.52498599551 7.627030518573 4.726301725451 -9.37977145244
dwt	bior2.2	reflect	5.408 1.473 20.664 -7.652 -0.73 9.562 -1.284 -14.967 -19.823 4.637 -7.166 -12.17 6.461	18.90591400858 -0.5282087655464 18.90591400858 -3.524927304215 0.3604476817098 -23.18391003476 -7.90191827976 0.7809994398205 -7.90191827976	8.17627571086 8.17627571086 12.45851437773 -7.473411570361 3.120815778767 -12.82090660308 8.356234386672 8.356234386672 -12.82090660308
idwt	bior2.2	reflect	0.405 15.652 -12.185 8.625 -6.681 -2.94 -13.732 -1.514 8.053	-0.767 11.502 6.155 -4.38 -6.241 20.479 -4.289 -2.6 9.224	14.86303098715 -10.02147085637 -2.373403911053 -6.528009803914 6.726353256037 5.317796547913 -8.479270966598 6.063970978761 2.954999238579 -29.47716038732 -3.985960925549 2.319487018987 -3.506188974513 5.941995059006
dwt	bior2.2	reflect	14.34 8.587 1.42 -11.456 8.78 8.763 4.059 3.355 -0.678 10.224 10.801 -7.359 20.524 7.414 1.818 14.443 7.158 9.105 6.695 -2.22 19.13 -9.489 -0.068 -1.621 9.358 7.329 13.804 13.051 6.892 10.005	-3.595284428943 20.77974697873 -3.595284428943 7.391917513829 7.15733483917 1.454872202291 8.960810684587 19.55768968414 4.762364171291 14.41278074423 4.888229178343 14.97917327596 -9.036117556783 9.515535954427 18.97414981297 11.80302639157 11.80302639157	-0.4999244942989 -0.4999244942989 11.70685986932 -1.657104741711 -1.176979237285 -3.650438757876 16.27865876309 2.656600176918 -7.039248006712 -1.540432122815 10.70029336631 13.44917097817 4.430731090915 3.006618033605 -1.911309629547 -2.201223409834 -1.911309629547
idwt	bior2.2	reflect	-12.329 3.512 -5.31 -6.808 0.323 -8.887 -3.847 -11.526 -8.919 14.963 12.436 -0.524 -4.562 -24.919 -17.902 10.207 5.595	-3.834 -0.25 -7.539 30.982 0.344 -2.529 -11.778 -1.311 -4.747 2.258 11.741 20.709 13.319 -21.012 -12.127 -10.635 -4.576	1.039446968344 -2.38100530895 -6.508564367432 9.144658447695 3.47436916936 -36.42607550274 11.30380900405 1.637128975142 -7.056572122851 -3.841004035405 -7.778528146443 6.378456719693 -12.77777308943 -8.759108475253 -8.448511821617 7.33923805863 9.700444377708 8.528414887891 13.74297384575 -4.181652727242 11.10228357141 -19.33336005781 8.804893639335 -24.60360367469 -20.34028011422 7.357799611637 -24.37503140767 4.547580486506 -0.830143361113 13.91427046349
dwt	bior2.2	antisymmetric	2.98	-7.771561172376e-16 -7.771561172376e-16 -4.440892098501e-16	4.214356415872 4.214356415872 4.214356415872
idwt	bior2.2	antisymmetric	-2.668 0.058 14.672	-8.64 4.512 -8.097	-1.41845620306 -2.536568800811
dwt	bior2.2	antisymmetric	-6.421 4.984	1.016112444565 -1.016112444565 1.016112444565	-8.572609061715 -7.55649661715 -8.572609061715
idwt	bior2.2	antisymmetric	-15.175 -20.278 10.476	19.498 -0.065 -3.792	-7.468108269502 -0.6201326471006
dwt	bior2.2	antisymmetric	-5.197 -11.585 -9.317 -6.329 6.021	17.21911078206 -8.171679516782 -16.36139025648 2.548059286006 4.765899705197	-1.416334882717 3.060358148975 3.309966842734 8.623874303351 -0.2545584412272
idwt	bior2.2	antisymmetric	-21.005 -6.682 -11.579 -15.257 25.319	-1.293 12.075 14.841 6.852 -0.733	-0.9128748545118 -16.86873937199 1.32865364185 -21.88336388747 -3.118694458423 -1.216223663641
dwt	bior2.2	antisymmetric	-9.26 -1.863 3.378 -9.265 22.887 -6.925 1.754 11.409 -9.203 -16.83 13.452 8.697 -2.675	4.054727060019 -8.132965420512 -2.760368097057 17.64408195756 1.026719046283 -14.36593491998 13.49230449182 0.3427700121802 -15.53708052632	-9.163043224006 -0.7622611101191 15.83742413163 13.60862355733 -10.70100047309 13.402855484 -2.339462785556 -5.912119797501 12.38745014622
idwt	bior2.2	antisymmetric	-7.549 -3.42 7.389 -1.421 -12.888 13.316 8.526 3.112 -7.051	-21.839 -21.194 17.788 20.185 3.226 -9.596 7.316 -13.306 8.481	-17.63276824906 23.16676269532 4.020609157827 -16.93538418611 12.42068416493 -22.75363555841 -0.8361537687531 -1.398480436492 7.163698800201 19.76398808755 5.222690685844 -7.6936753327 0.08273149339883 15.51303889576
dwt	bior2.2	antisymmetric	-0.727 -8.825 22.233 -5.807 8.756 -2.85 8.574 -29.287 -0.749 1.192 7.55 0.864 -5.615 12.655 -9.36 -6.398 1.395 -4.715 -3.682 6.975 -14.226 7.349 -0.992 10.656 7.054 -18.235 6.408 -4.091 15.226 -9.021	0.8587811857511 -9.124505904431 16.98912430148 0.7804691097346 -3.683495999896 -13.57786441234 9.859896956865 -0.8559527586263 -6.969597988765 -0.1438962299715 -0.8380983124014 -9.198398563065 6.581396365894 3.844893122702 -5.035307388829 8.786332086329 -2.419189075134	2.349008727102 13.84373656207 15.06243509945 8.142334585363 23.475591582 1.56164532625 0.07318555185281 -14.24289834005 1.708016429956 2.525431869008 -11.26350391752 -10.57690323299 -5.391689206547 17.6536278991 10.54154789393 14.9514193348 15.40219990781
idwt	bior2.2	antisymmetric	20.937 1.118 4.756 -20.867 -9.866 1.012 7.982 -2.519 -16.673 -17.135 5.093 0.5 -3.766 -4.229 13.975 -0.969 -3.743	-5.499 16.878 -8.013 -9.671 -3.427 -15.105 -15.956 1.737 -5.657 -7.235 -16.745 -9.532 -21.535 -5.505 -4.098 6.935 -2.852	4.813629412927 -18.2136564698 6.497250658933 4.077000923626 -21.00743536227 -2.630437226014 -11.60715781318 -3.875298714293 -5.836459371914 15.7746684048 -5.337595537787 16.492205011 -6.808377642655 -12.44843810609 -13.17552065385 -6.92469670816 -16.67428500716 -0.5437651147325 -4.876915469844 16.77416384 -8.936769054026 2.188495487772 -13.64680732351 17.35646627431 -12.55043825928 4.753348559831 6.486644057215 9.197691456284 0.3178444981434 -10.25021990008
dwt	bior2.2	antireflect	19.148 13.152	44.0386103323 27.07936129232 10.12011225234	1.7763568394e-15 8.881784197001e-16 0
idwt	bior2.2	antireflect	4.327 -8.498 6.781	1.775 5.221 -3.07	-3.535533905933 -6.37368374892
dwt	bior2.2	antireflect	4.769 0.72 -13.503 -16.102 -15.627	31.32978015403 6.744384478957 -17.84101119612 -22.0999153392 -26.35881948229	3.597052195896 -3.597052195896 1.086823122684 -1.086823122684 3.597052195896
idwt	bior2.2	antireflect	4.667 -0.539 1.941 12.423 11.416	18.233 -4.216 -8.625 20.825 -14.265	4.574627320886 6.665895626246 -3.167484826325 17.16271901626 13.09773890792 -17.7063073543
dwt	bior2.2	antireflect	-0.231 -6.414 3.935 -11.729 -10.234 8.894 -17.889 -9.128 -10.485 -1.824 -2.768 1.786 -10.223	-0.2625133925155 -0.3266833329082 -0.3908532733009 -9.390378054157 -15.39424495652 -11.34146244015 0.7113494218737 -14.45750524814 -29.62635991815	-5.844944653288 5.844944653288 6.06662262919 -16.23198971553 -3.577253206023 -3.395880316648 -5.855904808396 5.855904808396 3.395880316648
idwt	bior2.2	antireflect	-24.026 -1.885 -14.345 3.218 -2.005 -7.181 3.65 -3.672 -8.813	-8.314 15.884 8.731 -6.235 4.631 10.597 0.926 6.121 7.487	1.343502884254 -22.51198181594 -1.440730066668 -11.48889420402 3.157938884779 9.40416663639 -1.984848734791 -7.388558756618 0.3061772362538 -11.50586476677 6.654935471137 1.965403298308 -0.1050053570062 -9.419192655491
dwt	bior2.2	antireflect	-6.441 -7.91 -6.457 -4.06 0.581 1.108 -7.749 -5.102 -1.4 -3.102 9.325 21.779 -13.004 4.898 0.936 -1.245 13.895 -6.977 -11.063 4.367 17.985 -0.309 -14.573 -0.867 -20.615 1.321 4.528 -6.34 -14.606 -1.456	-8.173093730345 -9.108949555245 -10.04480538015 2.083843684157 -9.486367799703 -4.664076328706 19.04026429701 -6.174986743407 2.126800421114 13.62117470269 -18.29249887591 25.04254020911 -15.40785676205 -19.92927429766 9.254436775474 -21.11597625318 16.99778635955	-1.033083007314 1.033083007314 0.7933738084913 -3.317745017327 0.3729988270759 4.995355855692 -16.70080151145 -7.730091331931 6.123898278466 5.934747214499 -0.640638743755 1.424820164091 -11.82777512891 -6.621701452421 0.9199459223237 8.881784197001e-16 -0.9199459223237
idwt	bior2.2	antireflect	9.617 -7.961 15.28 0.353 -10.282 7.83 -4.293 4.996 -0.318 -5.324 -11.532 9.497 -1.045 -3.751 -1.079 8.323 0.935	6.204 12.549 11.058 3.919 -6.326 1.024 -13.648 -16.158 -13.451 -6.938 -2.501 -5.514 -14.7 -3.617 6.238 -2.322 8.07	1.00090964877 -7.671047915702 19.15092650827 -3.290521406252 5.544777824674 -6.830651506262 -8.121474935318 6.716630537796 3.662106019765 -3.366535385229 -7.498867414483 12.04909955142 -7.005306881215 14.00159815097 -10.69322229849 8.189357186312 -10.97323658384 -1.420577523404 -11.49154585445 -0.2679934700697 3.881662675324 5.795977508691 -7.885654823792 12.28191445912 -9.128394991728 0.632860569162 0.1636952198447 -5.105134183472 7.269764817379 8.26537116529
idwt	bior2.2	symmetric	-4.642 3.651 -4.394 -14.298 9.593 -0.814 3.377 -3.136 0.983 11.784 -3.381 10.721 19.737 2.91 0.633 10.134 -5.672 -13.026 5.99 7.598 -11.594 -14.929 -1.21 -3.164 3.849 -0.402 -2.445 -10.052 2.572 -1.168 10.651 -3.7 4.062 8.988 -5.422 2.37 15.4 16.679 -9.639 0.308	-	2.581646858112 -0.2626901692108 -3.107027196534 -6.608619976969 -10.11021275741 -1.663468702741 6.783275351923 3.103845216018 -0.5755849198858 0.9061573400906 2.387899600067 0.08520636713298 -2.217486865801 -0.7612004499473 0.6950859659064 4.513816137704 8.332546309502 2.970909141155 -2.390728027192 2.595081886955 7.580891801101 10.76852917069 13.95616654028 8.006923636766 2.057680733253 1.252639662872 0.4475985924911 3.806709356518 7.165820120544 1.577555228827 -4.01070966289 -6.610741297313 -9.210772931736 -2.487601656214 4.235569619307 4.804083471381 5.372597323455 -1.412799348811 -8.198196021077 -9.377296578705 -10.55639713633 -5.705998170785 -0.8555992052357 -1.546442530455 -2.237285855674 0.2421840725564 2.721654000787 1.218698537375 -0.284256926037 -1.006566503019 -1.728876080001 -4.418356722244 -7.107837364487 -2.644579361638 1.818678641212 0.496388960393 -0.8259007204259 3.352746802996 7.531394326418 2.457549618014 -2.61629509039 0.1279863273948 2.87226774518 4.613871747242 6.355475749305 1.260771390856 -3.833932967593 -1.079044948091 1.675843071412 6.282643750842 10.88944443027 11.34163921684 11.79383400341 2.489015869777 -6.815802263857 -3.299006687626
idwt	bior2.2	periodization	-	-4.642 3.651 -4.394 -14.298 9.593 -0.814 3.377 -3.136 0.983 11.784 -3.381 10.721 19.737 2.91 0.633 10.134 -5.672 -13.026 5.99 7.598 -11.594 -14.929 -1.21 -3.164 3.849 -0.402 -2.445 -10.052 2.572 -1.168 10.651 -3.7 4.062 8.988 -5.422 2.37 15.4 16.679 -9.639 0.308	-1.532300394831 5.623443454081 -0.3503714100779 -5.469824505869 -0.2626901692108 2.778399319977 -6.608619976969 16.08438117496 -1.663468702741 -12.84636244721 3.103845216018 3.156171117826 0.9061573400906 -4.280117346522 0.08520636713298 4.096976690195 -0.7612004499473 0.4861359120658 4.513816137704 -12.92272997957 2.970909141155 7.564451568438 2.595081886955 -8.47997807338 10.76852917069 -18.52460667683 8.006923636766 0.5144201833132 1.252639662872 1.634477324713 3.806709356518 -11.63950794842 1.577555228827 5.504826291537 -6.610741297313 13.87237438671 -2.487601656214 -7.312898331031 4.804083471381 -9.049552585625 -1.412799348811 11.0013440784 -9.377296578705 13.57114689792 -5.705998170785 -1.915021940148 -1.546442530455 3.822442482399 0.2421840725564 -4.712866696608 1.218698537375 0.674579869252 -1.006566503019 0.7452905473706 -4.418356722244 10.68420668703 -2.644579361638 -4.711452483046 0.496388960393 3.576369322546 3.352746802996 -12.15764044233 2.457549618014 6.525358153485 0.1279863273948 -3.373606453041 4.613871747242 -9.77362992956 1.260771390856 7.758729156569 -1.079044948091 -0.7498867414483 6.282643750842 -12.9667473767 11.34163921684 -16.67234046351 2.489015869777 13.22660911879 -3.299006687626 -2.851231318439
dwt	bior3.9	zero	0.613	0.001250049901549 -0.012639393449 0.06076962166896 -0.1962776766052 0.5775230545157 0.001256663922192 0.007539983533154 -0.008651139001198 0.003101975681622 -0.0004166833005164	0 0 0 0 0.3250923426505 0.1083641142168 0 0 0 0
idwt	bior3.9	zero	0.364 -2.097 -13.495 5.929 22.475 8.24 -4.002 -5.698 6.665 -0.138	-3.559 5.208 2.04 -10.07 -7.483 8.156 12.867 -14.597 -1.209 4.407	10.00968582607 6.331283657867
dwt	bior3.9	zero	-4.177 -2.344	-0.006924555925548 0.07426380985113 -0.3810056115701 1.308610332427 -3.940064304969 -2.216905587256 0.6991523046403 -0.1734228149821 0.02719377785043 -0.001940670184297	0 0 0 0 -1.800824194987 0.5046974650719 0 0 0 0
idwt	bior3.9	zero	-12.541 -13.289 -8.959 -14.253 6.361 -8.423 1.809 13.122 17.985 11.241	8.118 7.672 24.569 8.005 5.568 -5.414 -10.525 -9.637 5.976 -6.704	6.891312088302 -0.3160387734014
dwt	bior3.9	zero	9.076 -5.786 -6.656 -8.203 -12.339	0.02244108072308 -0.2244134506811 1.051971463415 -3.266888043109 9.345947070341 -7.769289600407 -17.40252432878 1.81768826445 -0.7058107999867 0.2916247831895 -0.07464272957538 0.008387365815778	0 0 0 0 5.836105818523 2.593137343306 -3.370070919135 -2.181247643265 0 0 0 0
idwt	bior3.9	zero	-1.147 11.567 -7.93 -3.268 15.053 11.843 -11.046 4.793 -14.569 24.553 -11.948 -14.645	-3.741 17.01 3.69 9.151 -1.834 10.89 -23.474 8.295 -24.853 -3.152 -6.717 5.239	4.919045033426 -10.30789510957 16.43405897603 23.54176451327 -31.25781493754 -15.17568272382
dwt	bior3.9	zero	-6.846 -1.69 12.735 -23.057 14.178 -7.062 5.267 -0.398 -9.421 17.632 20.002 3.111 -20.228	-0.01281182193823 0.1742476362253 -1.000371140172 3.442067252813 -9.451119277617 6.567839414648 -11.20864508318 11.39499343162 -17.60498819708 41.75296705194 -21.79897230725 1.100163861271 -0.6383005957461 0.3649041721346 -0.1096123298875 0.01374986917267	0 0 0 0 -3.331887152951 10.51573849642 23.2464889849 9.11513673958 -6.971012202328 -0.9584832418984 -8.841486415261 -3.57583899246 0 0 0 0
idwt	bior3.9	zero	-7.089 -14.107 2.447 5.563 -13.722 5.32 7.688 -3.372 8.008 -13.13 -5.26 2.813 4.267 1.501 2.685 -14.129	-6.051 -8.578 -14.686 9.144 -24.248 -0.998 2.946 -19.7 -1.539 2.758 -26.145 -7.462 -2.97 6.114 3.868 -9.341	-33.09805091626 3.964022121969 12.01316849045 -3.305071269813 3.728364641982 16.44838360684 -19.09212311733 8.54687318449 6.817028479547 -15.57575854219 -6.892811949655 17.26426423704 -27.65978902402 6.233482620149
dwt	bior3.9	zero	1.779 -15.935 16.185 2.216 0.619 -2.493 -7.304 -8.963 -17.561 4.066 14.67 -2.5 -3.93 -10.699 -2.908 4.703 -0.235 -6.623 -14.706 19.373 -9.595 20.006 -12.433 -9.712 17.904 15.366 -7.256 -7.925 4.365 -11.15	0.01445952229785 -0.08581855786262 0.08170150804057 0.7734178408263 -3.34845770232 -0.1684504417369 7.937411887456 -4.182140201064 -28.73968809788 20.83748071097 -6.877815547988 -12.50091669144 10.87315763642 -20.53414120248 17.57915479272 -6.370527695797 6.291059277497 10.71457825904 -9.290434419018 -6.592196964498 2.703005753399 -1.021103224856 0.2407604720479 -0.02570453345682	0 0 0 0 3.76039386235 16.95695094294 2.454897967584 -0.857543748884 -6.569729104004 2.961186422914 3.726275960158 2.605688488672 -1.962044541097 -7.752895525625 -21.4988745752 -17.18269478283 9.731380299385 -7.431161940185 7.206125207072 6.684810732642 0 0 0 0
idwt	bior3.9	zero	-1.362 -16.55 -7.336 -7.225 5.859 -30.644 9.446 -4.609 26.507 6.296 25.681 14.226 -8.969 0.118 14.631 6.382 -20.564 6.977 -0.391 9.706 13.801 11.577 15.492 10.915	2.472 6.766 -8.834 -6.325 0.622 7.091 -16.12 -16.869 -2.49 -13.847 -8.827 -8.519 -3.806 -20.37 -23.655 -2.555 -18.583 -3.104 6.967 21.684 14.21 -5.526 0.985 -4.5	-0.6578085795006 -25.48931446589 -8.800697782324 9.295287988052 -12.99741756149 15.50967607087 -7.903826505637 12.18754904368 16.46073167048 19.001288456 -5.851210105333 20.23369677921 12.42512314385 20.65612144886 -0.5212623714841 -2.91628696575 -6.576902759268 10.02687752153 -15.8523196506 31.01562678652 -7.265368953678 3.117580400555 2.883538133462 6.485766852497 -28.44558216142 3.210813610036 6.901497399563 0.1853447975884 7.533590925753 -10.46506777216
dwt	bior3.9	constant	-8.536	-12.07172696842 -12.07172696842 -12.07172696842 -12.07172696842 -12.07172696842 -12.07172696842 -12.07172696842 -12.07172696842 -12.07172696842 -12.07172696842	2.22044604925e-16 2.22044604925e-16 2.22044604925e-16 2.22044604925e-16 2.22044604925e-16 2.22044604925e-16 2.22044604925e-16 2.22044604925e-16 2.22044604925e-16 2.22044604925e-16
idwt	bior3.9	constant	-24.704 6.053 10.786 4.656 -3.538 2.019 -9.118 12.008 6.728 2.026	-1.681 -1.367 5.393 1.866 -5.202 -23.254 6.173 6.026 -2.282 -3.862	-6.524128441966 23.76307075532
dwt	bior3.9	constant	0.623 0.938	0.880840929881 0.8830772888675 0.8721368031875 0.9072388025981 0.8070240897186 1.400563281146 1.300348568266 1.335450567677 1.324510081997 1.326746440983	1.387778780781e-17 1.387778780781e-17 1.387778780781e-17 1.387778780781e-17 -0.05568465901844 -0.05568465901844 2.775557561563e-17 2.775557561563e-17 2.775557561563e-17 2.775557561563e-17
idwt	bior3.9	constant	9.374 12.481 -2.324 -4.082 -1.928 0.253 -0.292 -6.698 -31.831 -2.099	6.021 -2.429 8.925 -5.056 5.941 9.334 6.647 -12.126 -0.764 3.107	7.451494507811 -5.499766414691
dwt	bior3.9	constant	-5.629 -17.178 10.787 20.049 -4.985	-7.952757774837 -8.003028194399 -8.005285237036 -6.846798218831 -12.87910236729 -3.475314272989 20.41822258193 -16.06206013925 -4.543429309201 -7.510643726792 -7.009525374793 -7.04985460843	-1.110223024625e-16 -1.110223024625e-16 -1.110223024625e-16 -1.110223024625e-16 2.041594053981 10.29140887008 -10.48816133195 -1.110223024625e-16 -1.110223024625e-16 -1.110223024625e-16 -1.110223024625e-16 -1.110223024625e-16
idwt	bior3.9	constant	7.343 0.259 -21.41 -0.547 -6.219 2.769 5.804 -5.677 -18.903 -18.428 23.637 10.566	14.934 -1.837 10.441 -0.231 -9.167 -1.113 4.728 1.008 0.662 -19.366 -13.149 -1.06	-10.20957143475 3.073209536352 4.06286973944 -0.9445120458 6.220204299358 -1.188588116686
dwt	bior3.9	constant	5.963 -3.017 -14.178 1.015 -7.443 13.371 -13.739 -5.308 -2.731 9.553 6.271 -7.479 3.657	8.439059576898 8.349804986758 8.917561862551 6.677045084767 13.69815278577 -16.21611330385 -0.8298605011372 0.3271033717722 -13.39488238462 16.87858620292 -8.173762501701 9.568413992089 3.870571912189 5.430984408729 5.147293245802 5.171778997598	0 0 0 0 1.587454723764 -5.04432300029 -9.355553045184 -14.75466687293 -2.750822155511 -0.9012075926223 6.367850117975 0 0 0 0 0
idwt	bior3.9	constant	2.975 6.191 11.363 -9.965 -8.512 -2.291 13.177 -6.718 -9.3 7.393 -6.031 8.323 5.268 -7.118 14.431 -0.67	2.365 -8.076 3.433 -5.083 -1.424 -15.837 4.127 -8.466 -10.559 13.92 0.658 -3.048 3.722 1.219 -6.423 12.549	-4.046664126482 14.27170612236 -13.81790995516 1.272088390181 14.39196427414 2.195880209059 -15.93291922827 7.89649403835 -10.03190117771 -9.987380856062 18.3150869972 -3.867908770843 -6.44675373344 6.856342013248
dwt	bior3.9	constant	7.847 -8.427 0.014 11.815 17.69 -5.713 -11.414 -12.358 -6.623 15.918 -14.451 6.11 -6.901 -11.541 -10.483 -8.978 -1.609 2.172 24.108 -1.174 -19.589 0.95 0.817 -0.288 -7.645 2.205 2.135 2.467 -5.244 -2.359	11.10839598386 10.99631165027 11.53788212938 9.767525792724 15.04789865814 -16.25417411183 34.0803634819 -20.09910975632 -10.08424330707 5.364803201844 -4.297045452221 -17.7121917287 -15.67475996531 32.83068104152 -21.83676892125 5.39248565116 -9.639882347812 6.185831633291 -3.035131335548 -4.313132768079 -3.075403276445 -3.359280009586 -3.343942246769 -3.334168731123	0 0 0 0 2.876863939257 3.77506632806 4.128089388567 2.288374320615 -1.790217593269 -18.3564920396 -7.414544930827 0.9282544270026 1.670893323944 11.55642290163 -5.672233821983 -3.482500897344 -4.147004494964 -1.824689048852 -3.294940823634 -0.5100007659308 -5.551115123126e-17 -5.551115123126e-17 -5.551115123126e-17 -5.551115123126e-17
idwt	bior3.9	constant	-11.048 -12.987 0.178 0.917 -1.163 -7.653 0.771 5.413 -7.861 -17.309 -3.177 -6.734 -27.476 -7.181 -8.864 -6.542 -6.084 2.773 -17.342 6.903 -11.884 5.398 17.702 11.756	16.725 -6.091 -9.627 -0.755 2.189 26.96 2.426 4.015 -2.156 2.895 10.644 12.385 11.536 3.931 -1.787 -5.029 0.695 6.127 -6.342 3.955 -13.983 8.314 15.871 -3.786	-0.4446944332115 -29.42438830347 20.97991789662 -1.740566399251 -4.781761518557 -1.867195870561 7.048686494699 -0.7463842344872 -10.8386930538 -11.03206220134 -5.887873509936 -11.78272003186 6.040367092787 -12.63016876759 0.2426809872721 -25.40122352259 -7.890492413439 -12.48259630742 -4.391280885437 -5.853640202255 -8.012624016234 -0.7594337835329 -8.33779155156 -2.299377299619 -0.9036587939889 -8.082149738067 3.765396209085 -0.02056693917057 -15.94285797575 -8.125707250365
dwt	bior3.9	symmetric	-4.631	-6.54922300735 -6.54922300735 -6.54922300735 -6.54922300735 -6.54922300735 -6.54922300735 -6.54922300735 -6.54922300735 -6.54922300735 -6.54922300735	0 0 0 0 0 0 0 0 0 0
idwt	bior3.9	symmetric	3.442 -19.208 -15.696 5.831 -3.781 -4.077 4.375 -5.612 -27.1 -9.363	-5.762 3.287 13.487 -7.956 6.233 -0.344 6.893 -4.881 3.393 -10.636	7.128690109193 0.5310234683085
dwt	bior3.9	symmetric	15.996 -3.725	36.5666129755 -19.21279835162 36.5666129755 -19.21279835162 36.5666129755 -19.21279835162 36.5666129755 -19.21279835162 36.5666129755 -19.21279835162	6.661338147751e-16 4.440892098501e-16 6.661338147751e-16 4.440892098501e-16 6.661338147751e-16 4.440892098501e-16 -6.661338147751e-16 -4.440892098501e-16 -6.661338147751e-16 -4.440892098501e-16
idwt	bior3.9	symmetric	7.98 -3.127 22.247 9.533 -1.278 -12.507 -10.288 -4.892 16.667 3.872	-0.699 9.114 -8.017 11.589 -5.325 -1.687 -2.159 -3.615 12.014 -0.506	-12.5181998287 -5.644934716124
dwt	bior3.9	symmetric	-0.354 -6.404 7.225 -16.457 0.17	0.02910307189765 -8.730602564182 -8.730602564182 0.02910307189765 -4.969859572174 0.02910307189765 -8.730602564182 -8.730602564182 0.02910307189765 -4.969859572174 0.02910307189765 -8.730602564182	10.07450386496 10.06495792341 -10.06495792341 -10.07450386496 0 10.07450386496 10.06495792341 -10.06495792341 -10.07450386496 0 10.07450386496 10.06495792341
idwt	bior3.9	symmetric	2.714 8.239 9.675 -1.631 16.794 10.888 4.744 7.346 -2.918 3.431 6.264 -2.671	9.034 10.932 6.761 -8.667 12.145 -5.602 -20.832 -17.142 3.225 4.482 -7.355 -12.52	25.4990689487 9.235241193602 -3.801358624607 18.07896699973 -12.70911166796 21.67799309775
dwt	bior3.9	symmetric	4.044 5.308 -7.266 1.961 11.856 9.317 -12.456 0.51 1.234 -6.786 -33.272 -15.637 -14.206	8.371468116231 -6.597350764753 16.67557012324 -9.073604876304 14.96373099435 -9.073604876304 16.67557012324 -6.597350764753 8.371468116231 -33.94954251257 -22.07717151329 -22.07717151329 -33.94954251257 8.371468116231 -6.597350764753 16.67557012324	0.6183648801476 9.541168575245 -2.316128261777 6.300144643677 0 -6.300144643677 2.316128261777 -9.541168575245 -0.6183648801476 -11.06392302853 -2.611522119617 2.611522119617 11.06392302853 0.6183648801476 9.541168575245 -2.316128261777
idwt	bior3.9	symmetric	10.532 11.77 -11.894 -15.14 14.828 12.412 19.266 -6.693 8.901 6.917 -9.46 2.642 -5.205 -5.921 7.384 0.926	-19.613 18.879 11.613 -1.895 -9.393 -4.903 -16.435 -6.129 -0.306 12.834 0.29 -5.464 3.477 -9.982 -9.073 -14.691	2.401277206694 9.233296186001 7.947734388395 26.28014819914 -5.940450550316 4.256337730444 -2.661065180332 7.978200412497 6.201427709759 -6.260385888202 13.74645365141 -6.378121109396 -8.186968629324 6.679423359273
dwt	bior3.9	symmetric	-4.824 -7.223 -1.79 3.428 18.384 5.625 -5.641 29.328 7.64 0.491 4.275 -23.934 8.306 -12.668 -3.043 -2.341 11.395 4.75 0.163 -0.813 -8.949 -6.057 14.21 0.152 -18.308 13.201 -2.418 0.56 -3.759 -12.247	33.13756664694 -3.546564053132 25.256240144 -14.56673833462 -3.84247495907 -14.56673833462 25.256240144 -3.546564053132 33.13756664694 -8.090206025215 -9.845149773223 -11.14666651996 9.148615757589 9.136807605192 -17.02344764832 14.00685516447 -14.52800446102 9.701528386559 -4.012996506383 -20.25081815889 -4.012996506383 9.701528386559 -14.52800446102 14.00685516447	12.58579359834 7.909342900962 -6.620817568945 -1.422522067052 0 1.422522067052 6.620817568945 -7.909342900962 -12.58579359834 7.588316422303 20.0929695175 6.986568551514 5.906993273337 -0.2745342077957 -3.215214534055 9.139355146836 -9.611525699973 -11.61864829837 -0.5529575028879 1.110223024625e-16 0.5529575028879 11.61864829837 9.611525699973 -9.139355146836
idwt	bior3.9	symmetric	14.931 6.08 -18.588 14.451 -6.753 -10.215 -2.611 -17.467 -2.742 -6.201 17.918 -2.49 11.914 -11.716 2.531 12.47 18.498 -6.257 -6.276 -1.463 -5.298 -9.275 -6.963 9.545	11.999 -0.604 15.032 12.26 -16.057 7.24 -3.172 -0.995 -23.525 -2.234 -2.432 11.698 -12.767 14.113 -12.662 -11.368 3.973 -10.516 -9.873 13.069 5.423 16.917 -7.263 19.371	-23.04089939302 -14.72412535405 7.291254385455 2.049615059159 -11.87313513986 -16.53345453221 -8.56945783154 17.64742494038 -25.16553730992 -3.930848363131 5.687345844931 16.32645770764 4.779666395346 -15.19555855717 13.11274169702 23.53068614738 -11.70861902618 -20.38411562039 12.55509499377 7.273828793192 -14.29807750663 19.46646460138 4.994182131373 6.592194191572 14.20319319806 5.352497217615 -16.28983092291 8.763688064147 -9.114177782114 -14.07330645646
dwt	bior3.9	periodic	-0.592	-0.8372144289249 -0.8372144289249 -0.8372144289249 -0.8372144289249 -0.8372144289249 -0.8372144289249 -0.8372144289249 -0.8372144289249 -0.8372144289249 -0.8372144289249	1.387778780781e-17 1.387778780781e-17 1.387778780781e-17 1.387778780781e-17 1.387778780781e-17 0 -1.387778780781e-17 -1.387778780781e-17 -1.387778780781e-17 -1.387778780781e-17
idwt	bior3.9	periodic	-0.335 -4.26 11.508 7.074 0.517 1.921 -17.095 7.295 1.609 -3.782	0.537 4.229 5.963 7.458 9.771 -2.802 -9.925 2.147 1.345 -5.481	7.78873423846 0.3495099689553
dwt	bior3.9	periodic	-12.662 -9.76	-15.85474824776 -15.85474824776 -15.85474824776 -15.85474824776 -15.85474824776 -15.85474824776 -15.85474824776 -15.85474824776 -15.85474824776 -15.85474824776	-2.052023879003 -2.052023879003 -2.052023879003 -2.052023879003 -2.052023879003 -2.052023879003 -2.052023879003 -2.052023879003 -2.052023879003 -2.052023879003
idwt	bior3.9	periodic	11.446 -1.332 -1.869 19.24 -17.941 -2.939 1.808 12.503 13.941 2.218	11.475 23.382 -0.576 5.94 4.717 -10.132 -0.284 18.905 -3.62 2.352	-8.318928429423 2.569530414667
dwt	bior3.9	periodic	-0.455 -12.404 -1.052 -5.008 17.108	-24.57159138319 20.24442204487 -10.11090196425 -5.953521646179 17.8304521873 -24.57159138319 20.24442204487 -10.11090196425 -5.953521646179 17.8304521873 -24.57159138319 20.24442204487	6.825171428708 11.62324449245 -3.126649409712 -7.315019651375 -8.006746860071 6.825171428708 11.62324449245 -3.126649409712 -7.315019651375 -8.006746860071 6.825171428708 11.62324449245
idwt	bior3.9	periodic	4.115 -3.017 -0.272 -3.461 3.597 4.95 6.759 16.283 -3.626 -11.046 9.489 0.399	5.086 16.818 -8.791 -14.967 21.738 1.148 -3.187 -15.114 5.98 3.342 14.779 -20.269	27.0514349982 2.707616632113 -3.596965210195 1.643620792852 5.622459292125 26.36794478076
dwt	bior3.9	periodic	-1.688 -8.58 -2.196 -5.865 -5.35 -7.187 2.413 -1.887 -4.894 16.085 1.147 0.475 -5.687	-9.18962339769 -2.996653455842 8.976754822543 3.896046864682 -7.563942083847 -6.278397225902 -9.919825055001 -1.412729399878 -5.253104876741 17.37416884622 -7.858235133439 -7.012391479177 -5.591622062858 -9.18962339769 -2.996653455842 8.976754822543	-2.437573851445 -2.685768331642 10.58945437835 3.49240039228 3.721502989385 4.124023524575 1.155412480459 4.478991128731 -4.011593546367 -8.871184900071 -2.766732058088 -4.272162395234 -2.516769810938 -2.437573851445 -2.685768331642 10.58945437835
idwt	bior3.9	periodic	1.904 15.096 11.139 -7.41 2.352 8.085 4.495 16.695 -11.038 2.639 2.605 5.667 17.739 7.5 -12.621 5.612	-10.018 -2.334 -12.778 -3.38 2.562 20.339 15.539 -2.359 20.674 -1.533 -4.804 4.799 2.99 -2.467 18.741 -2.32	5.305280479515 -8.958683397598 23.05410565012 -13.71111095775 14.00356544987 18.29627669013 1.774822106128 -22.21627912757 15.85872911134 -0.9499579311333 -6.734903426025 7.175850191138 0.6558701427621 0.8806842434083
dwt	bior3.9	periodic	-4.03 -16.197 8.514 -1.809 8.213 -2.633 19.112 -10.512 -6.827 -4.663 -0.825 7.858 4.217 14.811 6.607 -5.257 6.103 2.56 30.805 -8.296 13.992 -7.261 6.437 0.177 15.497 1.784 -15.385 2.402 -11.99 -11.757	-3.6838688235 19.93918994461 -9.986535394327 -7.535822202841 -18.28173203794 -3.649395512107 3.246931158329 16.79377055932 -14.94584129853 -2.377494073208 9.333510068082 18.52273629006 -11.63427461807 30.15443490353 3.553267152657 -3.6838688235 19.93918994461 -9.986535394327 -7.535822202841 -18.28173203794 -3.649395512107 3.246931158329 16.79377055932 -14.94584129853	9.706631562043 8.947198879049 -6.790346419734 -8.273856446664 4.841560130784 12.71236571217 7.28549794326 14.84217133711 6.157132297182 -0.5605589007856 -4.695012250383 -2.6760456134 6.739965061575 17.52458091154 18.54917863748 9.706631562043 8.947198879049 -6.790346419734 -8.273856446664 4.841560130784 12.71236571217 7.28549794326 14.84217133711 6.157132297182
idwt	bior3.9	periodic	2.809 -6.869 14.116 -11.277 5.333 -16.051 -3.951 2.732 -18.152 5.485 14.737 -3.584 7.119 5.462 15.081 3.537 6.012 -14.365 1.026 2.2 6.773 -4.798 -4.772 1.449	-1.863 10.278 0.714 -18.918 -5.465 1.104 -12.315 3.827 -0.668 2.941 1.427 1.51 4.284 4.953 -3.453 -9.5 6.368 14.412 31.37 -2.414 -14.906 1.014 8.125 -6.61	0.5459422604313 -12.75131102942 -8.244845194204 7.820172674652 -13.75407926115 -3.30344091912 5.991634708159 -7.517633592125 -11.74581597617 -2.914133805317 9.122710958493 7.727909967502 7.38926479523 0.03444442765183 0.7026337934738 0.8519829759621 8.497194239639 -0.5956960203221 8.821351674826 8.729938227348 4.196406837803 14.75387522969 -4.754727275632 -0.589285307984 9.627875699268 -10.12609211464 3.486221483563 -31.0617669498 26.53603572404 -1.175888301515
dwt	bior3.9	smooth	6.914	9.777872570248 9.777872570248 9.777872570248 9.777872570248 9.777872570248 9.777872570248 9.777872570248 9.777872570248 9.777872570248 9.777872570248	2.22044604925e-16 2.22044604925e-16 2.22044604925e-16 2.22044604925e-16 2.22044604925e-16 2.22044604925e-16 2.22044604925e-16 2.22044604925e-16 2.22044604925e-16 2.22044604925e-16
idwt	bior3.9	smooth	-0.778 9.188 3.387 2.649 -2.83 -8.749 4.534 -11.68 -11.253 0.073	-2.785 8.156 -13.055 1.133 -10.865 -11.168 9.677 -12.844 -0.265 -13.823	-14.82902485435 9.556962932068
dwt	bior3.9	smooth	-9.633 1.316	-145.2390257489 -114.2705771601 -83.30212857124 -52.3336799824 -21.36523139355 9.603217195294 40.57166578414 71.54011437299 102.5085629618 133.4770115507	-7.105427357601e-15 -3.552713678801e-15 1.7763568394e-15 1.7763568394e-15 0 0 8.881784197001e-16 -4.440892098501e-15 -1.7763568394e-15 -3.552713678801e-15
idwt	bior3.9	smooth	6.878 13.03 -3.977 -4.506 -8.48 9.44 2.496 -10.866 0.146 0.559	-11.982 -4.567 -9.337 2.47 -9.571 -5.034 22.913 3.408 14.146 8.144	-13.20281108488 15.3961193786
dwt	bior3.9	smooth	2.1 -9.118 2.215 -3.94 -0.926	137.8193542939 106.1172750935 74.08273692323 43.98421088647 6.480858202589 -7.758041492635 -1.936510947166 4.753101478147 13.56854854808 22.17173597515 30.65250324253 39.18361517267	-3.552713678801e-15 0 0 5.329070518201e-15 1.7763568394e-15 7.077962102982 1.620865519175 -2.775557561563e-16 -5.551115123126e-16 1.110223024625e-15 0 -8.881784197001e-16
idwt	bior3.9	smooth	0.059 1.558 -0.677 -4.61 -8.925 -8.529 8.543 5.934 -2.026 -6.959 -5.683 -17.943	0.215 10.086 15.657 8.427 19.615 -5.252 -18.224 -11.708 0.98 6.827 19.118 6.172	10.81586943884 -5.794889594007 -13.88209412702 16.26405435813 -8.12109399794 16.05297264752
dwt	bior3.9	smooth	2.917 0.918 1.201 -14.733 5.414 8.928 14.364 -5.86 -4.993 0.966 2.638 -6.239 1.74	28.1548707065 22.51341947529 16.75131648794 11.49237246677 5.027732522541 1.044088953456 -14.00853495308 28.66157473381 -15.54261237234 7.077099636848 -8.805066402302 21.25785422501 41.39145349868 64.63820017144 87.07934893369 109.6588267332	2.6645352591e-15 2.22044604925e-15 1.33226762955e-15 6.661338147751e-16 0 3.270192086292 9.318606715867 4.875854809672 2.828250348051 1.106975665948 2.97974797592 -1.110223024625e-16 -3.996802888651e-15 -1.7763568394e-15 0 3.552713678801e-15
idwt	bior3.9	smooth	-10.483 5.132 5.447 7.064 4.007 4.814 13.026 -7.522 -4.403 -6.054 2.834 3.667 -9.675 9.057 7.717 -1.298	16.524 2.083 8.598 2.336 -9.709 7.869 3.048 6.925 4.896 -6.517 -10.955 11.02 5.115 -8.565 -7.979 -10.182	-6.090826643128 -3.635353503909 15.4333775919 6.601580555035 5.040706209957 -6.491337195788 1.902599277258 -8.95120004864 -1.161743123226 -2.424988352014 -9.774432966615 13.65564217691 -5.561379534389 -5.454659797337
dwt	bior3.9	smooth	1.072 0.282 -27.424 8.854 6.143 -4.976 6.136 7.636 -11.586 9.92 -4.411 3.268 -2.326 2.487 4.582 -16.024 17.935 6.763 -0.517 -12.361 -5.583 0.079 -4.245 7.334 2.574 12.325 11.118 14.183 -4.734 9.372	11.0124810102 8.716234818164 7.168128197957 1.328964889245 11.4986759845 -27.14835371693 11.03113203051 1.369949439616 0.2900183098656 3.029635580715 -1.639505285942 1.093446141848 0.7136120211508 12.58743472784 -19.20068227502 1.204608591014 3.734359048655 22.85491233411 1.867814966631 17.04636219797 64.98690124459 102.6438854358 142.9592261662 182.8196298487	2.22044604925e-16 2.22044604925e-16 0 0 5.551115123126e-17 -16.06900160246 -5.406008118866 5.629100308331 -10.86292792598 -10.22600149282 -4.186072144624 3.532528702113 17.62392941429 1.494823735428 3.489218411765 -4.576571864535 -5.453561049901 -2.692309069368 -9.723602124792 -4.440892098501e-16 -4.440892098501e-15 7.105427357601e-15 -5.329070518201e-15 -1.42108547152e-14
idwt	bior3.9	smooth	-8.712 6.257 5.511 17.139 2.218 -3.008 7.901 10.773 -8.869 -0.441 -0.952 3.493 -16.471 -1.633 -1.773 9.357 -2.552 -7.548 7.807 0.027 -0.664 -18.528 -12.657 4.887	2.292 12.985 -5.968 -11.4 -8.175 5.516 16.121 4.428 -0.772 -3.955 3.958 -9.792 7.98 16.487 5.475 -28.577 2.883 17.517 -3.965 -17.561 14.828 -10.72 3.976 16.391	-4.115971553265 -1.676309181839 6.710915570797 -10.15750533556 19.01092415617 3.022056689908 3.686408121895 -4.044572164621 -5.250897034649 4.43452499242 -3.908507301937 -7.907135360979 4.865475425998 12.0194959395 -11.92367560136 -11.57212238556 2.609213567463 -14.52136465325 10.44821030592 -15.7466175664 1.315561678913 30.66347102588 -22.53669923109 3.370974795728 9.714949550774 -19.81348576724 9.554679498087 -1.271670541604 -4.006420918271 23.77985546732
dwt	bior3.9	periodization	-3.132	-4.429316877353	0
idwt	bior3.9	periodization	1.546	0.369	0.8322646814566 1.354109485972
dwt	bior3.9	periodization	-12.689 -30.735	-30.70540486624	-12.76044897329
idwt	bior3.9	periodization	-13.303	-1.848	-8.099908178492 -10.71337484176
dwt	bior3.9	periodization	0.076 9.777 17.371 -1.703 1.033	11.10126502302 15.02561461994 -6.619924870371	2.256554515462 -8.56978063459 -0.3144857409327
idwt	bior3.9	periodization	24.838 -16.846 -4.702	-1.922 8.441 -16.874	18.46536565999 14.51958905305 -17.1706974565 -3.309456958927 8.353803825797 -16.20584150321
dwt	bior3.9	periodization	-6.147 -8.56 -0.952 -2.266 5.203 -3.712 9.968 -10.855 20.624 -6.986 5.097 0.446 9.72	-16.2067305549 0.02354918273624 3.719321571007 -0.3146859742037 11.29513902642 -4.547984319401 21.09276550762	0.6068743949534 -3.129831390227 -6.890578805968 -15.34510103522 -17.46235551479 -5.4197967011 1.165488752091
idwt	bior3.9	periodization	-9.219 8.658 2.962 3.85 -11.883 17.227 19.325	-4.49 -3.739 7.735 1.499 6.449 -3.581 -8.577	0.9613080005614 -5.225964917381 8.985407137609 2.197963334243 -4.437318288629 10.55298295298 3.413099439256 -1.348841704454 -12.21246499814 3.100314764011 8.108444527011 7.113106634969 20.37149615532 2.147950311216
dwt	bior3.9	periodization	-14.115 6.378 -7.947 2.55 -3.945 9.059 -8.387 -5.118 -19.184 -2.087 3.96 1.251 -1.271 10.413 -2.982 6.37 5.827 6.054 13.227 14.318 9.881 7.128 7.586 8.843 10.313 -1.354 7.984 9.695 11.432 -4.701	-10.05009406111 -2.951872899995 7.057714805511 -11.40536852104 -16.94230239776 7.239559243267 3.90485641649 3.822640277222 8.043222601279 22.41797081705 9.413748097277 15.02640950007 3.282327594949 16.05382240351 2.488880406434	11.44187160307 7.391740737134 8.829819153372 6.726353256037 7.462274638557 -1.580913986038 6.944672474728 5.770344887873 -1.091772870152 -0.09793428919434 -0.269938013718 0.1035911434438 -6.035509930818 -1.352872049105 -4.346762160649
idwt	bior3.9	periodization	3.883 -7.253 -8.096 -4.305 5.532 -7.279 0.485 12.816 -23.395 -16.078 5.414 -0.8 -14.961 -3.189 -18.942	3.412 -5.463 33.475 11.166 6.926 -4.712 26.589 -9.836 -3.784 -9.122 15.009 0.781 8.269 -0.597 -20.576	-9.182930580648 10.63303969543 11.94702980536 -13.46131659667 -34.68860474568 29.30939125445 -10.83052459804 -2.623883066034 -9.23511869935 8.478317759986 11.33705377999 -10.09533713444 -29.16375775971 29.74379364574 16.21721944216 -16.03991931132 -11.38680421668 -12.72056880252 1.364323411234 -16.55033521764 -14.86272022529 19.67814009568 2.168520314631 -7.664352271786 -14.23848083243 0.3577781421348 -10.65210313716 -8.261800996789 10.90582655019 -28.19969432362
dwt	bior3.9	reflect	-5.054 9.299	3.001668286137 3.001668286137 3.001668286137 3.001668286137 3.001668286137 3.001668286137 3.001668286137 3.001668286137 3.001668286137 3.001668286137	-10.14910363037 -10.14910363037 -10.14910363037 -10.14910363037 -10.14910363037 -10.14910363037 -10.14910363037 -10.14910363037 -10.14910363037 -10.14910363037
idwt	bior3.9	reflect	3.373 10.932 0.938 -2.379 -6.74 -8.439 1.433 17.462 -20.28 12.509	10.4 -19.284 -0.34 -9.042 -3.029 -8.857 -0.998 -21.136 -18.577 -4.69	-4.462611220684 4.297045991701
dwt	bior3.9	reflect	-3.761 1.796 12.091 -8.554 12.382	-2.888396460707 9.073310493042 -1.295907916964 8.748962373374 -2.888396460707 9.073310493042 -1.295907916964 8.748962373374 -2.888396460707 9.073310493043 -1.295907916964 8.748962373374	-1.127128209211 6.307038934793 14.75254555259 12.82002271961 -1.127128209211 6.307038934793 14.75254555259 12.82002271961 -1.127128209211 6.307038934793 14.75254555259 12.82002271961
idwt	bior3.9	reflect	-12.777 -7.746 -3.556 -2.112 -10.251 -0.923 -3.032 -7.933 2.119 0.863 -7.585 3.962	-4.06 -6.021 9.637 -11.244 -4.387 3.51 7.366 -11.556 -8.107 -11.908 -14.533 11.751	-4.833260322517 -1.936222994502 2.297400495087 -11.98794826947 2.585199126677 4.348454281764
dwt	bior3.9	reflect	6.427 2.389 18.852 -7.042 -15.493 4.084 -14.115 -6.387 -0.493 18.474 -18.518 -0.564 -20.077	19.4096289733 -18.6356476136 -12.60101790858 8.785475996844 3.725821944865 22.59768273487 -17.34440431831 -7.902142886722 -4.541309197291 6.963788019398 -19.54787161827 -17.16761143862 19.4096289733 -18.6356476136 -12.60101790858 8.785475996844	-12.20324882972 -4.90749783813 -11.6326136573 10.57124637874 5.051747621492 11.11182951296 -1.871181319715 -11.26120582048 -2.635210196787 -19.60541939187 -13.52217975333 -16.33646474245 -12.20324882972 -4.90749783813 -11.6326136573 10.57124637874
idwt	bior3.9	reflect	0.086 -2.891 -11.964 -17.511 -4.735 6.625 -5.717 -3.848 -5.342 5.63 -18.578 -7.363 9.286 -8.739 -4.872 -2.272	-6.285 -5.715 5.457 1.113 0.516 -5.408 0.267 3.775 6.135 -5.077 0.614 3.695 -6.945 -4.315 -11.374 4.714	-0.5907871762017 7.706435774596 -2.836975190763 -1.628752291024 -1.53420912782 -4.063725785766 -0.09362605857004 -10.97853473807 2.785261026522 6.49296041456 -6.557631423662 -7.646665463471 -8.496812687254 -12.5813816042
dwt	bior3.9	reflect	-12.855 -3.692 6.208 -4.305 17.099 12.233 0.885 12.103 4.921 9.89 3.642 1.134 -7.988 0.329 10.624 -32.043 -10.971 6.09 0.74 8.495 2.62 13.84 -5.479 10.268 -0.937 3.063 2.599 3.685 11.135 13.595	15.47709147777 4.765414421663 21.29268499562 3.316715107496 -13.47411037841 -2.753119637543 12.98930529793 12.87685051445 9.482749347774 14.30957569559 -13.49246633572 14.13704860027 -40.69495002839 15.65832582877 6.765861218207 7.074466900576 4.882270517592 0.7751026573866 10.58829111994 21.43535685492 1.692947252483 4.200415786691 2.917960733767 11.44993005893	-4.130917815692 -7.241834099522 3.49805724653 9.250724464873 -3.109325293573 3.738827105524 10.28610556923 -5.135009444977 -5.400704818008 -2.644049031552 -4.25200985197 9.712111639597 11.97662110635 -6.278401110155 -5.431463962989 -11.59743509494 -7.45237514362 -1.063135045514 2.007122598398 0.01237436867076 0.851003011158 -3.47702081979 -10.96333708891 -8.42058110376
idwt	bior3.9	reflect	6.004 -5.11 -3.493 4.794 3.687 2.23 13.876 3.707 22.208 14.013 -2.278 6.406 8.651 -3.096 1.951 -8.633 7.378 15.586 2.379 -2.06 10.853 -10.485 -12.05 -17.15	0.974 -5.22 6.64 4.231 4.133 15.175 13.906 10.972 -6.274 -3.952 4.547 -6.234 7.556 4.057 0.826 -1.54 -2.111 5.721 -15.11 -5.574 -2.058 -17.129 -2.152 -0.821	5.67473144018 -9.158495842048 17.10979766918 -1.363151262196 16.62082662965 -7.602483848734 13.04165950084 16.48625185295 6.07608809116 17.3022717768 5.992321843403 -5.497873715038 4.68187007268 10.80983693412 -2.595201403279 -0.2684155481668 13.70046049634 -3.431763978929 -0.5622324098522 -0.6408024866217 -0.3079234995475 -4.23615705871 -4.503274187229 7.602280659114 5.091695076163 -0.09341161540482 14.43496915426 16.31397422381 -15.15101259945 5.515076394306
dwt	bior3.9	antisymmetric	-8.46	-5.039371697713e-16 -5.039371697713e-16 -5.039371697713e-16 -5.039371697713e-16 -5.039371697713e-16 -5.039371697713e-16 3.842412499289e-16 1.066854937726e-16 3.877106968808e-16 -4.371503159462e-16	-11.96424673768 -11.96424673768 -11.96424673768 -11.96424673768 -11.96424673768 -11.96424673768 -11.96424673768 -11.96424673768 -11.96424673768 -11.96424673768
idwt	bior3.9	antisymmetric	-3.261 -10.999 8.543 9.703 -2.14 2.371 14.153 11.39 -17.212 6.121	15.481 3.41 20.84 -3.497 1.608 -19.922 8.239 -3.012 8.055 -11.752	4.097865558463 23.10193979032
dwt	bior3.9	antisymmetric	-13.617 13.243	4.597017211339e-16 9.887923813068e-17 4.597017211339e-16 9.887923813068e-17 4.597017211339e-16 9.887923813068e-17 9.037909309839e-16 -1.231653667944e-16 1.070324384678e-15 -6.76542155631e-17	-19.12511711075 -18.86065917459 -19.12511711075 -18.86065917459 -19.12511711075 -18.86065917459 -19.12511711075 -18.86065917459 -19.12511711075 -18.86065917459
idwt	bior3.9	antisymmetric	-5.474 -0.348 -2.898 -14.139 -1.473 -0.246 -6.986 -12.56 0.49 -3.918	-0.424 -4.301 -7.525 -16.774 10.225 -18.183 25.694 -7.154 4.593 0.538	13.92390352022 25.87028506523
dwt	bior3.9	antisymmetric	2.188 2.347 -2.874 15.257 -2.661	0.04782896119811 15.4982474532 -15.4982474532 -0.04782896119811 8.023096076393e-17 0.04782896119811 15.4982474532 -15.4982474532 -0.04782896119811 2.471980953267e-17 0.04782896119811 15.4982474532	-5.079148009263 -10.48091348744 -10.48091348744 -5.079148009263 1.490934648132 -5.079148009263 -10.48091348744 -10.48091348744 -5.079148009263 1.490934648132 -5.079148009263 -10.48091348744
idwt	bior3.9	antisymmetric	-12.042 -6.954 -10.01 -1.52 -3.857 -0.044 9.537 -23.857 -13.226 6.199 9.535 2.119	-4.996 -5.618 -3.299 2.969 -14.306 -4.971 2.207 1.195 11.17 -9.148 -1.894 2.318	-16.64052512525 4.786593691828 1.72741966834 2.302175278512 3.282961116704 -7.814900145713
dwt	bior3.9	antisymmetric	0.213 12.191 0.679 2.316 -0.044 2.947 -5.296 0.339 10.763 12.377 -16.024 26.858 0.152	-15.60270007014 7.128353657307 -1.46135027406 -11.31948699511 1.734723475977e-18 11.31948699511 1.46135027406 -7.128353657307 15.60270007014 -6.002125159906 29.38411486282 -29.38411486282 6.002125159906 -15.60270007014 7.128353657307 -1.46135027406	2.403986279339 -4.439216372289 -1.652508547633 -6.476921338973 -4.084248768133 -6.476921338973 -1.652508547633 -4.439216372289 2.403986279339 -17.90712568016 -16.96879498152 -16.96879498152 -17.90712568016 2.403986279339 -4.439216372289 -1.652508547633
idwt	bior3.9	antisymmetric	3.542 -2.413 -6.54 5.546 1.192 -13.504 17.215 -12.778 21.418 -0.692 -21.517 -2.159 5.345 -10.073 -14.284 -15.548	4.934 4.27 24.538 3.473 2.17 2.881 1.35 3.626 0.924 6.869 3.593 -8.248 -8.506 -3.794 -7.112 -12.526	1.503280046745 -9.306404020414 -2.18521873147 6.569438820788 7.359374374346 -7.452165307611 0.2412015829875 9.927721537483 11.15885652685 -1.292326775448 2.354006779579 -16.75907464783 -10.68298914618 0.2571859661262
dwt	bior3.9	antisymmetric	-15.768 1.765 0.989 -8.42 -5.851 -10.578 -7.559 3.574 -15.581 -22.242 0.151 2.15 4.132 -1.664 10.664 18.742 0.526 -2.975 4.529 25.406 -13.368 -17.098 -2.454 -8.99 7.782 10.604 -4.598 22.523 -9.434 -4.324	8.700414803688 9.712760741525 11.31712058915 1.640520101132 6.834810495349e-16 -1.640520101132 -11.31712058915 -9.712760741525 -8.700414803688 -23.43527907224 10.40670955983 5.800503829363 17.14764276082 -0.8321184069413 15.53103772832 -30.14633801515 7.523101423491 10.28953408116 5.120388391679 -1.132774429813e-15 -5.120388391679 -10.28953408116 -7.523101423491 30.14633801515	-7.562860578181 -0.06505382386916 3.407194025147 -1.71049130369 -17.34851132302 -1.71049130369 3.407194025147 -0.06505382386916 -7.562860578181 8.741254029028 1.371963932197 3.955201780567 -7.24943549742 -0.4186072144624 -16.73986916112 6.992225405763 6.586346113362 -10.66794323107 -16.9961953693 1.250871895919 -16.9961953693 -10.66794323107 6.586346113362 6.992225405763
idwt	bior3.9	antisymmetric	2.264 -16.402 -3.622 -10.394 10.811 -23.594 -11.29 -2.781 -0.848 10.744 -3.41 -6.316 -1.514 -11.635 9.891 -6.297 -2.589 14.148 5.639 1.761 6.249 -13.351 8.05 4.464	22.151 -34.795 -4.635 -16.726 22.316 -4.583 -17.879 3.11 -0.374 0.707 6.875 1.127 -10.317 27.174 9.507 6.457 -15.772 3.584 2.348 7.384 3.402 -14.534 0.838 -6.967	27.97008031058 -12.04018586925 -27.59931416324 7.218058454014 -19.28233517594 -5.961597926443 6.005013922436 -0.9753163452292 -1.531580901597 6.451883742642 6.853106063187 -4.327309894354 2.723758910159 -10.88456048853 -4.45028812416 15.6513012641 -12.27500153438 -29.86743122759 24.79230226628 -2.015158428477 3.13175459206 -13.54667202204 2.164656118927 13.73943112598 -15.47842293515 3.730999158537 17.39961313469 5.253253363123 2.960149143791 -2.761993301115
dwt	bior3.9	antireflect	-19.126 2.528	-287.3469826708 -226.1002217115 -164.8534607523 -103.606699793 -42.35993883376 18.88682212549 80.13358308475 141.380344044 202.6271050033 263.8738659625	0 -7.105427357601e-15 -7.105427357601e-15 -3.552713678801e-15 -1.7763568394e-15 -1.7763568394e-15 -5.329070518201e-15 -7.105427357601e-15 -7.105427357601e-15 -7.105427357601e-15
idwt	bior3.9	antireflect	-15.417 -4.563 4.926 -13.513 16.159 6.773 13.807 14.232 -0.392 -14.333	9.79 -2.443 3.432 18.192 -4.907 -4.319 -13.7 -10.055 -1.624 -1.01	-0.3134572661175 6.949993502889
dwt	bior3.9	antireflect	-14.403 -8.038 24.178 20.072 -10.472	-34.87815686962 4.06162627119 13.04658855387 -94.28173403617 -23.75960984224 15.18017329857 24.16513558125 -83.16318700879 -12.64106281486 26.29872032594 35.28368260863 -72.04463998142	-4.569854350113 10.99073747668 -4.673622270252 -1.747260856312 -4.569854350113 10.99073747668 -4.673622270252 -1.747260856312 -4.569854350113 10.99073747668 -4.673622270252 -1.747260856312
idwt	bior3.9	antireflect	-3.193 8.057 6.447 -4.298 -6.796 -2.092 4.554 -6.029 -12.231 2.183 3.91 6.772	1.588 1.515 5.68 -17.541 5.143 15.55 2.43 -9.258 12.187 -1.098 -9.362 23.511	7.277825744052 -14.73271443131 10.56587056102 -4.790502858558 -0.3741114499286 10.06888896064
dwt	bior3.9	antireflect	-5.451 6.036 -0.298 -6.084 -14.213 14.592 -4.353 9.789 2.322 10.149 -1.294 16.646 12.692	-22.60174257827 -23.11924211149 -13.4793593213 -5.766961703023 -23.08803963291 14.76042056378 -20.82166271415 11.38526749808 7.114029155979 5.110636347323 18.29343488391 23.85187372545 28.714410746 28.19691121278 37.83679400297 45.54919162125	6.110109696233 9.668978125945 14.9701576645 0.5110614261026 3.150337486881 -3.247211115904 -6.943258261166 -14.29009771769 -6.523590386532 -8.600716556267 -3.870348966825 9.064578604726 6.110109696233 9.668978125945 14.9701576645 0.5110614261026
idwt	bior3.9	antireflect	8.583 -9.334 -7.21 -13.065 -0.832 -0.691 -2.479 -4.05 -3.055 -0.676 -3.611 9.186 14.271 -2.967 26.839 -7.558	0.901 2.219 -7.179 6.486 14.465 -9.202 11.744 13.086 0.016 -1.376 8.456 -8.229 -5.974 -6.718 2.633 0.529	10.17401604584 10.4007326323 -13.1380702779 -8.388019880919 13.36053380092 -14.32650553841 4.509357920945 -4.157470529861 -4.339486489781 3.872800373193 -1.297325615565 -12.06603300876 7.889186969766 10.73397478629
dwt	bior3.9	antireflect	-0.882 10.99 7.481 12.245 -5.983 -0.633 -4.398 -9.093 -9.919 0.774 3.394 -1.008 4.9 1.688 22.108 -2.395 5.053 -5.698 -4.593 -8.758 3.822 6.172 -8.814 12.026 3.529 1.803 -9.353 -10.75 3.911 -3.152	5.285219637004 7.946421402796 2.908534330124 -19.786689273 -11.37161402313 21.80933929369 1.791963338662 -3.8223655526 -18.02347183833 7.132721575961 -4.00230278949 21.07971822439 3.731332869866 -10.7865112578 0.1187688642247 -2.18739426952 15.57049841049 -12.86462058606 -1.943093289563 -11.33217307513 10.72453107614 -20.6582467074 -8.389466981161 -16.5389192238	3.463409014252 -0.8483513607286 5.779360499333 5.526923378449 2.719002350358 -4.181475950547 -8.232490699964 -1.446917251003 -1.352341719019 -0.1857923067568 3.434771189614 12.11892634606 8.865351269126 3.02747768365 4.768551355627 -9.39780267536 -6.383052913771 -3.392168006047 6.678977101698 -3.840296928624 -1.113516403674 2.863959240501 11.51929979561 1.256175196778
idwt	bior3.9	antireflect	3.929 13.501 -6.753 17.236 -7.483 -8.518 -7.062 -12.391 19.885 1.598 18.724 -3.27 -7.972 10.062 2.803 8.429 6.024 -4.898 -7.813 -18.925 -16.692 18.754 3.601 8.462	24.838 -6.959 1.833 -9.855 0.884 3.187 7.907 -8.377 0.395 -1.298 -13.271 18.811 13.568 12.039 -12.529 -12.62 -16.9 -1.142 -18.801 -9.023 -12.663 1.611 1.706 3.377	-0.8851668554382 -5.272352313398 -4.165153227344 -15.59196409041 0.7139392047756 0.02381010746906 -12.94433972214 9.196957763945 14.2315428974 -0.0750417503118 1.903219959398 27.50892484237 -2.526768170917 -13.13174633547 18.97458851783 -12.61884889823 2.986449273583 -10.96171542384 15.02997879461 12.85866361928 -12.05861482894 11.15287034185 -1.211209081507 22.2386475296 -11.18629817402 -5.885209375947 -0.5753964796403 11.20326806782 -26.46758296251 -7.233432825921
idwt	bior3.9	symmetric	-7.941 -8.54 6.847 -8.819 -13.306 -18.989 13.956 0.844 -9.816 4.562 10.967 0.389 15.339 1.447 3.869 11.055 6.415 -3.527 -3.878 0.324 0.704 -6.817 1.124 12.496 13.337 -0.049 -2.382 -12.175 -1.024 -1.974 -3.724 -9.403 12.551 -9.044 11.225 0.812 9.284 4.517 -14.353 -17.702	-	-10.41338478984 -12.42262870858 -7.603342441404 4.044474011692 7.55048620951 2.914694152051 -1.287641448541 -5.056520592265 -4.399264839152 0.684125810798 4.358075869148 6.622585335898 5.884896186425 2.145008420729 2.917876132566 8.203499321936 8.39052906556 3.478965363438 1.451336668385 2.307642980402 4.006113468812 6.546748133616 6.996821599841 5.356333867488 2.778576096673 -0.7364517126058 -2.556014237294 -2.680111477392 -1.999344423805 -0.513713076532 0.2962777413172 0.4306280297426 -0.8317343513707 -3.490809402023 -3.416563189998 -0.6089957152969 2.805092600967 6.825701758794 8.984675538452 9.282013939941 7.064350297444 2.331684610963 -0.4470682624052 -1.271908322659 -3.415502529826 -6.877850883906 -6.637788131693 -2.695314273188 -0.8920152044668 -1.22789092553 -1.705188002831 -2.32390643637 -3.637180505728 -5.645010210908 -2.767969494955 4.99394164213 5.057404475741 -2.57758099412 -2.811986892084 4.354186781851 6.096497890695 2.414946434447
idwt	bior3.9	periodization	-	-7.941 -8.54 6.847 -8.819 -13.306 -18.989 13.956 0.844 -9.816 4.562 10.967 0.389 15.339 1.447 3.869 11.055 6.415 -3.527 -3.878 0.324 0.704 -6.817 1.124 12.496 13.337 -0.049 -2.382 -12.175 -1.024 -1.974 -3.724 -9.403 12.551 -9.044 11.225 0.812 9.284 4.517 -14.353 -17.702	4.143653538629 -3.173719312237 10.89165396633 -6.965069067801 -8.434353123968 8.889962730473 6.275397449247 -11.66679540152 4.95118180446 -8.805435244546 22.33345609521 -14.46926001363 -11.79557822747 17.97698661307 -4.098623397912 -5.426787030385 9.218110729082 -7.554829808421 -0.217927329876 7.013654670803 -11.66665289257 8.090638795799 4.246809181722 -2.442466694599 -14.17770513622 15.22924016059 -0.9921181371606 -3.688265604316 -1.044670339897 4.848238522141 -7.895908109491 9.030003396414 -6.910550688283 2.837704243577 1.9860481815 -4.406957980961 3.610410694154 -2.005624959701 0.6822158370064 1.043476611672 -2.754663412541 0.1518939296281 5.780723246536 -6.573842938527 1.650970793228 3.48347788422 -7.434625841981 10.72269194682 -12.73261945103 8.956017742276 0.3431384012614 -3.262496829723 -1.583702092453 -1.183803967894 11.41182436624 -10.99199024556 0.476952684275 2.878178791456 2.004306827466 -3.043648931754 -1.099058197706 -2.412764541327 14.08135726249 -8.111949440051 -15.80128414098 14.65679901526 12.2631223433 -13.46412928178 -11.36436602757 14.8932170321 1.81043094668 -3.810713579564 -6.56358219722 9.859720611754 -7.059040004929 0.9305662052457 8.27652859732 -14.01492115147 15.24904600185 -12.07730707629
dwt	bior6.8	zero	-1.496	-0.002855612277776 0.02541799724193 -0.07440042362245 0.1407125684296 -1.235580804198 0.1407125684296 -0.07440042362245 0.02541799724193 -0.002855612277776	0 -0.02158171862841 0.1177681135897 -0.6251022672888 -0.6251022672888 0.1177681135897 -0.02158171862841 0 0
idwt	bior6.8	zero	18.668 -18.718 -6.738 6.02 -5.565 17.517 -3.171 -4.157 -5.512	6.882 -7.178 -7.819 7.992 -12.413 7.567 -3.122 11.362 5.668	-7.315541456011 16.91958923429
dwt	bior6.8	zero	0.887 14.481	0.001693133750259 -0.0427914749979 0.2169375252122 -1.202278524135 6.826144696181 6.010120483934 -1.074734925238 0.1577537422532 -0.02602764368508	0 0.01279611258249 -0.279330353353 0.9552008641546 -10.6191106704 0.5147422893958 -0.1967078258279 0 0
idwt	bior6.8	zero	-7.213 -14.628 -7.074 17.565 -11.696 -11.122 -10.116 17.827 -0.169	0.82 -1.875 15.931 8.483 -0.597 -1.087 -16.438 -14.43 0.561	-7.40597140357 -9.031471341786
dwt	bior6.8	zero	-5.09 15.766 -4.037 -18.459 -6.232	-0.00971595353869 0.04859576809471 0.02705105885193 -1.054556046597 3.926308629545 -3.402517233215 -14.00618540018 2.086248851412 -0.5015409705585 0.1335155215916 -0.01189583938175	0 -0.07342977795363 0.1143614007308 -0.9954586095779 -16.03320509608 10.75492181892 -3.332911915012 0.6994122810369 -0.08990459257505 0 0
idwt	bior6.8	zero	-6.222 -8.287 -11.697 1.571 -3.969 20.443 5.596 20.472 8.869 -10.426 0.724	4.51 2.291 3.17 -2.638 -0.784 4.556 1.714 17.363 24.91 -6.279 -3.071	-6.020005124332 7.308846159446 17.61919591122 5.80879662636 4.295287276041 7.671826069629
dwt	bior6.8	zero	-8.167 15.471 -3.863 -5.547 4.652 -0.575 4.551 3.242 -10.803 -3.648 0.583 7.404 -1.941	-0.01558942879184 0.1017728180975 -0.1363956911631 -0.7547289258194 0.6770991887052 1.81715856576 -1.259213994995 6.451652935568 -10.01476523333 3.153903574702 1.173562195209 -0.2179997714581 -0.0317113808379 0.01991830638561 -0.00370504240051	0 -0.1178194492234 0.363367085101 -2.336575264868 -17.28394936708 5.222573513094 5.062867734948 -5.76595144056 -1.202199534954 -5.464470168316 -0.6611252027843 0.05409252050751 -0.02800141434342 0 0
idwt	bior6.8	zero	-1.887 11.667 2.232 -0.391 -7.606 1.561 -8.454 -3.364 -6.1 9.307 -5.266 -0.888 -4.852 10.853 2.664	3.873 1.635 -1.909 7.058 -10.322 19.03 -7.333 -13.585 3.875 -12.251 13.05 -3.054 10.551 -2.251 0.538	-8.655213007998 9.374865082703 5.268718776005 -19.10995002003 0.3854576150558 2.223492542422 -12.68803826226 6.521352132717 -7.232081811047 -3.75924023482 3.79661614707 14.68059929004 -4.239794018954 -16.04499316508
dwt	bior6.8	zero	-11.321 14.726 -11.368 0.616 4.171 -2.723 -4.284 14.269 1.857 15.012 -0.373 6.554 5.447 -3.286 -0.047 -2.961 8.102 -4.584 2.054 7.418 10.335 15.719 -2.435 19.938 13.725 3.904 5.205 -11.664 -6.768 -4.809	-0.0216098840887 0.1424616572238 -0.1873456611794 -0.7047779928751 -1.908001484238 -2.154087433515 1.502954177048 -0.6781407909597 14.60886133512 6.729295174018 5.64983850819 -4.020236994291 4.069943993108 -0.09215395310974 18.1566492815 10.01458964314 20.99244821253 -0.9091122778866 -12.36129284204 -0.4563782603878 -0.173949398464 0.08986302879179 -0.003713171197717	0 -0.1633199442462 0.514165317396 -3.189839156095 -20.98214363121 -1.941400741774 2.7699555097 -11.83502827404 -9.877176790488 -2.631365777591 4.192309840655 4.646285284081 6.956114194477 -0.4977571958644 -8.564302212776 -10.85136138148 5.996846245976 6.758228002605 0.08250396554532 0.5824986695929 -0.0280628489494 0 0
idwt	bior6.8	zero	6.667 -4.062 9.015 4.624 -0.662 0.414 -3.402 -5.955 -15.87 18.633 -10.509 -2.181 5.863 1.465 6.463 18.422 2.661 5.394 9.591 6.713 -5.352 -21.857 -2.008	10.312 4.193 13.855 -7.441 7.138 -5.801 -1.059 9.962 -5.577 -13.872 10.395 -8.779 -2.367 -5.835 -7.688 21.252 -9.581 1.645 -12.712 -9.42 -2.029 7.655 3.892	-1.375750870587 -7.701568812466 1.96522353547 4.50684502564 -6.960496316278 -1.65384308239 1.073666271104 -18.00897315242 -9.700131482189 5.88731829753 5.22919730225 16.62983805818 -9.034350097064 -17.67279940234 0.6172729054141 11.31353268104 -0.9099871544479 3.439142395802 -0.9072986526819 4.698215117412 -3.166366137349 18.51299178097 20.64280641647 -11.15430311032 6.469539104594 12.18120792217 -0.2257888610239 1.499563385196 3.79162324678 17.37599483053
dwt	bior6.8	constant	-3.627	-5.129352590727 -5.129352590727 -5.129352590727 -5.129352590727 -5.129352590727 -5.129352590727 -5.129352590727 -5.129352590727 -5.129352590727	5.138944825234e-14 5.138944825234e-14 5.138944825234e-14 5.138944825234e-14 5.138944825234e-14 5.138944825234e-14 5.138944825234e-14 5.138944825234e-14 5.138944825234e-14
idwt	bior6.8	constant	13.6 -1.48 8.357 -2.44 -7.25 15.909 0.824 -4.724 1.41	10.374 -6.179 -4.85 -11.637 -18.802 3.113 3.781 -3.616 9.981	-18.62893899429 18.37291130814
dwt	bior6.8	constant	-2.003 -2.112	-2.832669765433 -2.832669170905 -2.832118058774 -2.82911725938 -2.864731601221 -3.000624002967 -2.98194986391 -2.988671618006 -2.986610981073	2.862987624752e-14 2.862987624752e-14 4.493240665746e-06 0.004185081642185 0.04136047125525 -0.008585191356433 0.001572464793143 3.015990235333e-14 3.015990235333e-14
idwt	bior6.8	constant	1.075 -7.997 -12.113 -1.825 9.821 8.537 -15.665 1.023 0.755	-5.848 -17.123 -4.629 -4.068 2.651 -2.807 -11.715 22.515 10.894	6.382590804619 6.946371520963
dwt	bior6.8	constant	-20.731 -3.107 12.222 -6.764 -0.306	-29.31806136156 -29.28889700808 -29.65536808477 -29.22135430872 -25.16820248964 8.605107881835 -5.024624133826 1.002986545078 -0.756307481694 -0.3964730462699 -0.4327493500862	2.96929147936e-13 2.96929147936e-13 0.2204139811071 -1.790091659302 -0.6505274059889 11.63150788603 -1.501058976852 0.2741636138539 4.361962180344e-15 4.361962180344e-15 4.361962180344e-15
idwt	bior6.8	constant	27.443 16.974 0.237 -12.733 1.763 4.883 -3.995 -2.623 -4.99 -10.45 -9.286	-2.651 13.457 0.903 -2.961 3.302 -3.406 -1.427 -2.43 -0.801 -7.378 0.736	2.090654642639 0.9533981312686 3.826501470749 3.43076800075 -5.303339412495 -2.555737453035
dwt	bior6.8	constant	-0.1 12.089 -14.023 -9.831 13.529 -6.436 10.264 -8.692 -0.752 9.335 29.95 -7.602 4.593	-0.1414213562373 -0.1913312541318 0.2852531248926 -2.091402025739 7.49040311784 -10.93555637339 4.003917506852 1.717278439961 -2.072788049675 25.82206279644 -1.870125994512 8.882449477225 5.899828962815 6.567229857666 6.49548289198	1.426376378122e-15 1.426376378122e-15 -0.3772015485128 1.925490811616 -16.29258231452 6.797381305354 15.36226819878 7.381451766493 3.576722717504 20.7364859243 -2.634154673433 0.5422384677114 -6.569744748219e-14 -6.569744748219e-14 -6.569744748219e-14
idwt	bior6.8	constant	3.034 7.397 -6.104 2.392 6.327 -1.772 -3.22 4.24 14.629 0.375 -16.252 -11.32 -4.309 -1.9 5.296	-11.296 0.168 4.271 3.231 7.613 -15.398 2.653 -3.357 5.805 15.676 -4.431 8.16 6.716 11.563 -9.388	10.12622572304 -5.878628569359 -5.10530073995 11.15818621749 -7.862354274372 -4.790260462783 3.462185665768 11.43501082991 9.981159769299 3.307586091534 10.03419656271 -19.78596984438 -8.076887517738 -5.596375671146
dwt	bior6.8	constant	2.042 -4.47 -13.719 -17.093 2.016 24.457 -11.368 20.74 9.339 0.094 -3.614 -4.909 -23.684 3.104 -7.747 -8.848 23.26 -7.769 4.111 -6.759 -3.506 -18.889 -4.653 20.052 -11.435 2 8.831 5.66 -8.317 1.877	2.887824094366 2.87020482864 3.114475915673 2.310689278949 3.580696742856 -23.22593282347 6.448785027241 9.248007387949 15.57296675665 -6.668563957718 -16.71310509124 -7.98411347219 11.30463229102 -2.161065746617 -14.17622810539 -1.213877874064 -0.2246299820609 10.38794281077 -5.141406890704 3.847264931606 2.048851363932 2.833713710854 2.635020225853	-2.893171813234e-14 -2.893171813234e-14 -0.1331602466833 1.254321802157 -2.931852752495 9.457504698593 -21.93567513851 -15.69196234228 5.237861953093 -7.677685783125 -17.28590806254 14.61550964077 17.40830974334 2.402527319764 12.58536556876 -23.08572086885 -0.3243079294217 -3.529017040865 -4.848096725213 0.848081876352 -0.1470615238624 -2.662800535624e-14 -2.662800535624e-14
idwt	bior6.8	constant	12.572 -15.33 -13.486 -11.162 6.035 12.325 5.105 -7.799 -2.108 13.871 2.065 -5.928 -12.256 5.247 16.503 -22.119 0.605 -3.483 -13.53 -2.714 16.242 6.492 13.113	-6.586 -15.406 -7.745 -6.868 -11.096 7.722 -11.159 -4.894 6.128 -0.643 19.463 5.641 -11.433 -9.95 -27.095 18.743 -1.084 1.213 -8.296 -8.743 1.433 -1.984 17.045	-3.440665096542 17.6823485841 8.469496453317 -0.6524067599239 3.544719139983 7.936744228983 -13.65006145771 -2.064566717985 0.02484632064095 -0.3703157835021 11.45361893446 9.523521734645 7.894319173475 -17.21618999597 7.70149701121 -11.49519330247 -12.55595773639 5.664446239207 -3.476228923799 15.41001245851 -3.101604223428 20.88871385956 -20.23023231822 -28.15959888286 10.7870836642 6.036640357191 -3.645083666719 -9.822308217974 -11.69890472421 -1.259407119886
dwt	bior6.8	symmetric	4.53	6.40638743755 6.40638743755 6.40638743755 6.40638743755 6.40638743755 6.40638743755 6.40638743755 6.40638743755 6.40638743755	-6.440681321607e-14 -6.440681321607e-14 -6.440681321607e-14 -6.440681321607e-14 -6.440681321607e-14 -6.440681321607e-14 -6.444844657949e-14 -6.440681321607e-14 -6.440681321607e-14
idwt	bior6.8	symmetric	-2.929 6.505 14.547 14.853 -9.718 -4.072 3.568 0.348 -0.393	-6.075 -10.435 -3.734 16.026 4.662 3.025 -1.087 3.495 22.102	1.079448277292 -8.964674406381
dwt	bior6.8	symmetric	-3.074 4.388	-3.366384952482 5.224661573441 -3.366384952482 5.224661573441 -3.366384952482 5.224661573441 -3.366384952482 5.224661573441 -3.366384952482	-3.240667119656 3.240667119656 -3.240667119656 3.240667119656 -3.240667119656 3.240667119656 -3.240667119656 3.240667119656 -3.240667119656
idwt	bior6.8	symmetric	10.101 9.245 -5.519 -12.813 5.414 -1.277 -8.861 3.75 -2.874	0.079 9.862 9.175 -4.391 -3.263 2.536 -2.318 10.706 10.345	0.413253552587 5.918396539594
dwt	bior6.8	symmetric	-0.591 19.785 3.937 -11.922 4.429	6.254248997173 -0.02309222394146 -6.985047450055 16.97409947839 5.895262886829 6.254248997173 -0.02309222394146 -6.985047450055 16.97409947839 5.895262886829 6.254248997173	15.0283819686 -8.976668485289 0.1503596352755 10.29110767081 -16.49318078939 15.0283819686 -8.976668485289 0.1503596352755 10.29110767081 -16.49318078939 15.0283819686
idwt	bior6.8	symmetric	11.135 -6.602 5.455 14.346 3.57 13.744 -3.827 -6.439 -4.483 -9.655 -15.99	10.051 -2.203 -19.004 -20.199 -5.685 5.515 6.524 6.239 5.614 -0.611 3.638	-8.230385391298 10.36591319 11.38136113434 0.5080379190076 1.674208960894 -9.709930163988
dwt	bior6.8	symmetric	-13.653 8.757 3.594 0.253 8.445 -8.501 -2.529 -0.134 -18.564 -2.941 11.239 3.037 -2.048	-9.347356577889 -2.955386657368 5.687232020713 2.560087292412 -14.2067803185 9.618126323217 0.5816266170296 -3.365083263567 -16.90937209754 11.43636328206 -4.485646609141 8.97139280729 -6.033618739879 -9.347356577889 -2.955386657368	-1.930181174939 -10.26451327164 2.530888187511 8.384673133334 -12.70584812951 6.180680330815 9.987774028782 -10.7487469669 -0.03303796532802 2.316995643782 1.931934965205 -9.117394165293 13.46677538418 -1.930181174939 -10.26451327164
idwt	bior6.8	symmetric	-10.311 -7.954 -2.598 17.265 -1.333 -14.44 9.231 23.751 3.591 -1.415 -0.379 -1.38 4.051 6.508 3.291	11.723 9.376 -1.282 14.767 -4.053 10.322 0.489 7.893 -2.764 1.546 13.301 0.487 -3.83 -18 3.837	2.860435573512 -2.348327390923 -9.158567641287 -13.71743544471 11.05756188736 16.49857819173 20.13734622156 3.400543214295 4.241434996501 1.866168191166 -3.030688810374 -1.267242715759 6.44126503039 -11.44323941687
dwt	bior6.8	symmetric	-6.976 -0.583 16.325 -5.222 1.508 4.34 -6.607 0.716 14.827 4.715 5.654 -4.347 -4.45 17.43 -6.992 -9.479 5.347 -6.067 -2.913 0.697 8.352 -3.952 9.644 -0.488 -4.865 -10.569 -6.788 0.633 2.956 2.206	2.020157813565 -0.08803495131074 3.382114268585 5.33684374936 -11.3164217927 11.44821846723 0.1859241141704 -3.632706106999 14.47844555729 1.639643070922 3.43423287355 -1.8897812933 -2.748367784749 -4.397641337724 5.383173136915 5.848025813748 -8.056648259007 -9.329864075179 4.405552951138 3.168989578285 0.3265375580968 -14.66294260742 2.958278008447	7.436968593484 -1.277351981901 -14.4781440361 2.035138465979 3.314068584071 12.931517313 -8.137369319706 3.002818480547 5.309499379159 4.187825874107 -19.24150484665 7.799516928132 5.039701493313 0.1322995070414 11.35944568532 1.639321780076 2.343229221482 -2.097308883588 1.140658481841 -0.6864522640023 0.6016015388172 -0.6732212737041 -8.194292604241
idwt	bior6.8	symmetric	-10.872 3.232 8.151 -23.696 20.02 -7.446 -4.599 -10.111 -3.437 -10.394 -25.614 -1.216 0.525 -15.558 -0.78 1.425 0.913 3.522 -12.847 20.133 -17.603 5.64 12.51	10.92 -10.993 17.91 2.614 4.778 -2.209 -15.658 -10.821 21.523 17.992 7.082 14.001 3.681 15.014 9.11 -1.145 9.012 13.755 -24.794 7.193 -6.487 1.3 -0.828	18.08102036436 3.000471555611 -4.6091513099 -4.338587456592 -9.373689366342 5.550127917656 -19.988355874 3.916155649259 2.12751116755 -19.5419423015 10.01482857788 -27.37344076689 -11.28975063906 -14.71768929318 7.350951611364 -8.85834832858 6.711457809613 -7.361768696028 -5.693449434514 -18.60851295328 10.18948922419 -4.864730183428 2.626013063133 1.171574593668 1.702279596253 -2.062937976719 15.22915951588 -18.91898658807 -16.95428702878 26.55700455273
dwt	bior6.8	periodic	-8.435	-11.92889139862 -11.92889139862 -11.92889139862 -11.92889139862 -11.92889139862 -11.92889139862 -11.92889139862 -11.92889139862 -11.92889139862	1.206396094133e-13 1.206396094133e-13 1.206396094133e-13 1.206396094133e-13 1.206396094133e-13 1.207506317158e-13 1.206534872011e-13 1.206396094133e-13 1.206396094133e-13
idwt	bior6.8	periodic	2.107 5.205 3.595 -15.631 27.723 -11.535 2.407 18.821 12.278	4.634 -9.099 7.42 -5.984 -2.297 12.453 -5.132 -5.821 14.085	17.03503585231 10.23113413091
dwt	bior6.8	periodic	-4.629 -25.417	-21.24573034753 -21.24573034753 -21.24573034753 -21.24573034753 -21.24573034753 -21.24573034753 -21.24573034753 -21.24573034753 -21.24573034753	14.69933576731 14.69933576731 14.69933576731 14.69933576731 14.69933576731 14.69933576731 14.69933576731 14.69933576731 14.69933576731
idwt	bior6.8	periodic	3.72 10.398 -9.587 4.26 -3.358 8.571 6.081 7.001 -17.062	13.113 0.596 -10.358 -0.097 -0.784 16.22 7.619 -7.089 4.059	-3.854224220328 3.484036733844
dwt	bior6.8	periodic	-7.859 -18.832 -2.276 -25.558 -0.999	-20.54908111195 -12.38845214428 -16.04994533183 -18.63141481464 -10.9039004345 -20.54908111195 -12.38845214428 -16.04994533183 -18.63141481464 -10.9039004345 -20.54908111195	18.36138234095 -1.194411207351 -15.90476393138 -11.940901263 10.67869406078 18.36138234095 -1.194411207351 -15.90476393138 -11.940901263 10.67869406078 18.36138234095
idwt	bior6.8	periodic	-7.386 -1.12 8.235 11.724 18.826 -6.127 8.677 9.391 -5.913 -7.46 6.563	-4.927 14.119 -8.953 2.243 -4.781 3.242 7.297 -6.899 -17.578 -4.984 7.221	13.95742978829 8.667176897142 -7.021848186862 -3.749601195362 11.82096892896 3.359457846087
dwt	bior6.8	periodic	3.873 2.454 -5.612 -2.033 -13.603 -11.51 8.087 -3.282 5.116 -3.364 19.981 0.465 -13.961	-10.74913447468 3.282796673127 8.111505988785 2.400732360157 -3.569070812928 -0.9513930450784 -17.28201513892 2.615824303756 -1.643536173623 16.65197541758 -11.13770832843 4.266514921909 -10.93139707827 -10.74913447468 3.282796673127	-12.40162448817 -4.231737521352 -17.17816816497 13.73181343978 -2.254813877249 -7.463222499552 6.611952556265 6.645394133499 13.33807084278 1.803191999012 -9.214887293065 6.164430695431 4.449600177589 -12.40162448817 -4.231737521352
idwt	bior6.8	periodic	13.598 -6.705 11.009 7.826 -4.032 2.802 5.195 -9.867 -7.438 24.598 13.804 10.602 -21.944 8.239 15.64	0.172 -15.802 5.402 -8.976 -8.411 18.686 -8.183 -5.983 -0.609 -17.648 -23.044 -3.333 -16.095 11.45 -15.99	-12.70714234424 6.106634706658 7.723905300801 -11.66348067527 9.502582176751 6.692724638344 -14.60858149928 -5.784719308572 -6.772181806493 7.229172748954 12.83910538097 27.68264574531 -8.458291083115 28.02953446191
dwt	bior6.8	periodic	9.827 -16.036 19.237 1.993 12.233 16.597 -17.811 10.629 -8.913 2.656 -8.298 4.739 1.14 -0.179 -4.483 -8.446 4.88 15.846 -5.951 -7.403 1.537 -17.073 9.508 3.722 -8.635 18.895 4.387 14.874 6.523 -30.974	2.195313778316 1.171631250812 20.37325114124 -2.749249745829 -13.71831032383 8.761209900443 17.92040897106 -3.638991038188 -0.4528820933745 -5.129014219737 5.037718794317 -10.13216751071 8.63128972594 0.372645451647 -10.95033531003 2.195313778316 1.171631250812 20.37325114124 -2.749249745829 -13.71831032383 8.761209900443 17.92040897106 -3.638991038188	-2.952505868731 -15.76683354251 -6.717864885115 28.18131332414 21.01883134269 12.54823382481 -15.01392222276 -18.56902710755 -7.400234171538 -5.651005065155 -1.623707425715 7.527802790903 -12.47784091074 2.47072481102 18.20269242458 -2.952505868731 -15.76683354251 -6.717864885115 28.18131332414 21.01883134269 12.54823382481 -15.01392222276 -18.56902710755
idwt	bior6.8	periodic	2.724 2.578 8.871 -4.568 2.206 -5.854 0.776 -0.584 -11.382 -4.954 23.144 3.814 15.284 0.706 23.639 2.574 -7 11.431 -10.052 2.451 -8.235 7.949 5.371	-7.563 -15.368 -3.008 4.015 -16.414 -9.441 16.59 -9.3 17.379 -29.724 10.782 5.058 11.062 -10 -1.985 8.99 -4.05 -14.496 4.755 -0.853 -16.382 -0.29 1.194	-1.974305695984 10.82675123129 -17.25999562748 5.927553292015 6.029051998789 -14.56703391575 1.703903060146 8.289308515923 -3.616136606577 -27.98555982584 -9.241684765033 36.32494790643 7.970768709678 -2.698254395698 9.498721783189 6.486963876076 18.38742111844 -5.525160585181 -0.4329563219755 17.33390399467 11.35387673699 12.83966816737 5.430795169196 -11.25873229366 -2.411169402506 5.331647830107 0.5866904367531 12.19444278912 -12.21336179442 -7.619483482442
dwt	bior6.8	smooth	22.086	31.23432073857 31.23432073857 31.23432073857 31.23432073857 31.23432073857 31.23432073857 31.23432073857 31.23432073857 31.23432073857	-3.160804951108e-13 -3.160804951108e-13 -3.160804951108e-13 -3.160804951108e-13 -3.160804951108e-13 -3.160804951108e-13 -3.160804951108e-13 -3.160804951108e-13 -3.160804951108e-13
idwt	bior6.8	smooth	-13.019 0.451 11.315 4.868 3.982 14.372 8.435 8.684 -2.149	4.633 4.128 0.201 13.298 -4.861 10.582 17.068 2.496 -15.72	5.487471440698 12.44629216872
dwt	bior6.8	smooth	3.928 8.861	-50.25549315249 -36.30286214612 -22.35023113974 -8.397600133371 5.555030873002 19.50766187937 33.46029288575 47.41292389212 61.36555489849	4.359845817703e-13 2.926547892912e-13 1.557642903549e-13 1.404432126151e-14 -1.270650251683e-13 -2.669808818467e-13 -4.05460387487e-13 -5.47423217867e-13 -6.828426712957e-13
idwt	bior6.8	smooth	0.446 2.006 -8.004 4.732 -15.799 6.481 8.156 -4.413 18.323	3.512 -0.092 -1.765 -11.494 -9.609 9.087 -4.409 -13.819 -10.016	-21.920202185 2.705784477703
dwt	bior6.8	smooth	-22.766 -2.301 23.862 -5.74 -7.835	-263.7310303927 -205.8363927615 -148.1031420808 -89.23130231186 -31.83897620943 20.38236351385 -14.19627975248 -15.29362220931 -23.44189359244 -28.80452150565 -34.78258256657	2.34123831433e-12 1.77680092861e-12 0.08220095771825 -0.7721858991075 5.536834188698 12.97498163889 -2.490832058541 0.3968237528824 2.612077221187e-13 3.229916334391e-13 3.804179193878e-13
idwt	bior6.8	smooth	-8.437 15.191 -2.434 -10.684 7.449 -1.723 0.875 -0.627 -6.913 15.365 0.967	-11.012 -1.309 5.568 10.85 -4.825 -10.884 -12.713 8.022 -7.064 3.55 -0.854	8.9158002369 7.606413509829 -8.0953915066 5.226243720524 -9.382146892712 12.1702940865
dwt	bior6.8	smooth	-1.978 0.557 -5.376 15.455 -12.345 -0.325 -18.37 -6.353 7.709 -4.655 11.333 -0.383 15.251	-31.4775654713 -24.32366669721 -17.05152122694 -9.962019093854 -3.352517031774 2.665033662998 -1.020167990608 -18.28298815357 2.474699246514 4.200600469214 19.30379599406 66.54239360514 109.5960326001 154.2792665926 198.4466897129	2.814415367425e-13 2.075561944537e-13 -0.1221617602575 0.2285914915299 -1.823696223353 -17.35568269226 -12.20957375092 0.1696908880109 11.51389026031 8.238557448769 -1.750252511143 0.3945588265279 -1.335764832078e-12 -1.769806523555e-12 -2.243538688163e-12
idwt	bior6.8	smooth	-10.718 -12.203 -6.694 -11.174 -0.399 15.293 15.488 2.696 -11.27 7.444 6.982 15.488 1.015 5.846 4.668	13.438 -5.509 5.615 0.257 9.706 2.558 2.282 -1.827 -16.893 -17.608 7.129 1.837 -8.05 -1.23 2.489	3.158329199254 -2.436259373135 15.92677437336 11.30266289707 12.11127410604 5.605403381718 3.395274806555 -3.901362927276 -15.23679411014 9.814059367236 -8.78238608447 19.27280159048 0.8584695477084 2.45293956158
dwt	bior6.8	smooth	2.345 14.323 6.85 -5.674 18.367 11.532 0.381 5.436 15.495 -20.113 3.069 15.02 -1.08 -8.513 -8.541 -4.144 -2.756 14.024 -5.879 4.285 10.799 -0.564 -3.266 4.542 -8.348 19.556 -10.495 1.728 -9.889 -15.706	-132.1992695971 -98.35749818297 -64.08771848643 -31.55652525977 7.601954409552 6.343091902195 16.22174215949 7.061285717859 4.944531899092 -1.323502049608 5.219592698376 -15.05368241677 4.266903012012 1.901230579172 9.857814403849 -3.52698249478 4.781426595195 1.649799862102 -12.08414930868 -31.00860474143 -46.67832631197 -63.37850663226 -79.7970002569	1.164845997437e-12 8.23341395062e-13 -0.2806056210164 1.707057736294 -7.723007579689 15.64455033954 -2.524668783626 0.4224939460139 23.99973133717 -12.32365321868 3.081673145196 -0.8844649136282 -14.35448653055 -0.4280886677284 4.375005874743 -7.871588020922 -21.34535631733 -7.517525495472 0.710728477651 -0.2604892262698 5.575540029668e-13 7.261413692561e-13 8.87900863944e-13
idwt	bior6.8	smooth	8.531 11.983 -11.504 -0.54 -1.981 7.628 -5.207 19.87 7.473 -7.179 -17.197 11.481 19.896 11.609 9.539 1.32 -10.497 -14.173 4.748 11.686 13.205 -9.802 -0.687	16.377 5.785 -8.117 7.547 -4.225 16.217 -2.241 10.189 -0.488 5.941 -2.871 -27.94 13.784 6.874 -0.307 -11.497 12.294 1.183 -9.004 -15.732 -2.136 3.794 15.736	-1.26779619288 9.413659583198 11.00958915705 -15.34945802005 0.5264471941159 9.625151734292 17.13526358487 2.406616361467 8.852000198472 1.959966409745 -3.290526989764 -15.29180964288 -9.063117601318 -3.178708058134 -5.76371574434 37.03921473818 7.880444769818 -2.044304638998 18.47600655707 4.878764445888 9.256454739519 2.622283057016 -5.195377777274 7.153171310016 -6.994707054664 -21.31352283022 -3.281203908827 -3.197593007109 0.5480710697796 12.05292226826
dwt	bior6.8	periodization	-5.698	-8.058188878402	8.096301407079e-14
idwt	bior6.8	periodization	9.341	-3.963	3.802820269221 9.407348616906
dwt	bior6.8	periodization	-5.986 0.382	-3.96262640177	-4.502855982596
idwt	bior6.8	periodization	11.974	0.914	9.113192195932 7.820600999923
dwt	bior6.8	periodization	-6.021 6.208 -1.217 0.156 10.357	1.95639352628 -0.006427970094396 12.07903298256	-9.198464314699 5.209619164759 -5.629221287759
idwt	bior6.8	periodization	11.646 -1.027 18.296	10.094 -8.394 39.262	30.9514406015 -4.974780367081 -6.889535486044 14.37248623217 25.34859543352 -17.91622125805
dwt	bior6.8	periodization	9.677 -6.566 -12.329 -8.588 -4.674 1.075 -2.806 5.241 4.638 2.338 -4.288 -6.684 -0.625	6.912247836982 -17.26698316002 -4.663789302921 -0.2921819504587 7.812118586254 -5.538947012842 -4.085762810209	3.898898193822 -1.3586375954 -3.332086014122 -2.334583684944 -1.350570577183 1.762719151546 5.119837795877
idwt	bior6.8	periodization	9.264 13.575 -0.505 0.035 14.768 -5.78 -9.452	-1.692 -5.205 -12.491 8.062 8.151 -11.028 16.142	14.02521319962 14.08458850823 6.56142437211 6.523704047016 -8.191403096624 7.963889259606 -2.741365050146 0.6981059033828 20.07193945867 -2.673359325661 -7.696598499652 2.749389719355 -5.168956293359 -15.22822411876
dwt	bior6.8	periodization	7.767 1.331 1.318 -4.236 4.716 -25.376 0.802 -10.188 -10.238 -0.821 -4.752 -13.35 0.002 -6.285 -1.798 7.113 1.573 -10.791 -1.198 5.081 14.555 0.726 -0.875 -19.995 -10.884 -9.574 6.459 -0.752 4.473 20.646	15.84999355072 -0.7564958632034 -7.922870945012 -13.86130358351 -9.605822406524 -7.9976980088 -8.729682331971 0.2800323027992 0.7947500650601 -5.72939819706 16.48886748224 -8.849740272335 -20.78971467916 1.644923276873 10.61077758939	3.207871242067 3.856349098833 21.71978326111 3.007710033135 -6.153817314663 8.886028064051 4.020777935875 -5.82624618042 7.9018880083 1.267364995228 5.924782617481 8.234048613645 4.30886803647 6.10736816946 -11.03196889658
idwt	bior6.8	periodization	3.277 -4.904 -5.404 -6.451 -2.307 -6.185 -13.814 -2.348 4.658 2.873 -5.079 -1.171 3.815 12.905 -28.176	-0.281 -22.871 0.672 9.207 -10.981 12.645 14.498 9.277 3.339 -3.644 -17.6 -14.261 -13.272 14.604 -0.985	3.896139965803 -0.7356445280188 -13.52427819863 14.08323066131 -13.85460468494 -5.565481680922 2.14938421217 -10.85687718466 -3.411302176999 8.068680212758 -5.145563368006 -18.92947068577 1.603672009022 -16.03027880699 7.150758183986 -5.24393053183 7.699800529379 1.460500193042 2.665172948999 0.7098552651197 -11.99953152535 10.84139019883 -12.51112547586 8.476130068158 -9.474964380435 21.15948888955 12.38338747522 -20.38843061831 -15.68475079093 -7.313427587494
dwt	bior6.8	reflect	19.537 -6.131	9.479473508587 9.479473508587 9.479473508587 9.479473508587 9.479473508587 9.479473508587 9.479473508587 9.479473508587 9.479473508587	18.1500168595 18.1500168595 18.1500168595 18.1500168595 18.1500168595 18.1500168595 18.1500168595 18.1500168595 18.1500168595
idwt	bior6.8	reflect	-1.68 -9.526 9.303 -2.07 11.095 -0.486 18.226 2.688 20.263	-7.769 10.667 15.17 -10.942 7.688 4.342 -12.341 1.585 10.469	6.036567093179 -3.574051554206
dwt	bior6.8	reflect	-4.419 6.397 -4.234 1.3 -11.346	1.334528954984 0.5377410428747 -8.660127879642 0.5377410428747 1.334528954984 0.5377410428747 -8.660127879642 0.5377410428747 1.334528954984 0.5377410428747 -8.660127879642	-7.195556969809 -6.81470323923 -6.81470323923 -7.195556969809 -7.195556969809 -6.81470323923 -6.81470323923 -7.195556969809 -7.195556969809 -6.81470323923 -6.81470323923
idwt	bior6.8	reflect	19.666 12.556 1.909 -4.186 -25.385 -2.246 9.883 -1.147 15.95 -13.905 -9.987	-8.98 -5.167 -11.874 -4.068 -14.254 -9.516 -11.444 -11.211 20.169 2.293 10.294	-25.05138901852 -0.6280277366791 -10.26392645604 11.7981187711 0.8588685245918 9.185699991616
dwt	bior6.8	reflect	-8.178 17.119 5.258 -11.872 -2.314 20.942 -4.491 13.049 -15.714 -0.591 -1.341 6.666 -13.18	-10.29729269729 14.05619567917 -1.574708368858 4.905186187289 8.810598697877 4.905186187289 -1.574708368858 14.05619567917 -10.29729269729 2.901634115777 -6.119956698084 2.901634115777 -10.29729269729 14.05619567917 -1.574708368858	-17.27533773641 -18.24232120766 12.18637812514 -14.46119872626 -14.46119872626 12.18637812514 -18.24232120766 -17.27533773641 -4.943097838839 -10.01034585181 -10.01034585181 -4.943097838839 -17.27533773641 -18.24232120766 12.18637812514
idwt	bior6.8	reflect	-2.497 8.123 11.512 -4.738 -12.725 3.712 12.43 -2.386 4.427 -0.747 -2.195 -17.723 5.138 10.321 -0.211	3.714 -10.926 -10.609 -3.6 6.044 -15.488 -9.234 8.591 -10.001 6.544 2.752 2.61 -24.284 6.559 -5.732	-6.488695285701 -10.06805238676 -0.2405206936772 19.83181892126 -2.4285689554 10.6014650736 -0.5976960807384 -8.353577185966 3.080182628168 11.64397414881 -3.281940960686 -7.339105045554 3.51878174795 -7.876481822585
dwt	bior6.8	reflect	18.172 1.769 -1.43 -5.898 -1.63 -1.237 -1.984 10.129 -1.1 2.018 -16.697 -5.319 6.311 8.629 13.339 -12.283 -12.57 19.618 -15.796 8.945 -6.308 5.839 11.996 -22.28 -17.114 -5.107 -9.461 13.132 6.082 -10.276	6.560426084325 1.302621719003 -3.714161645297 -4.625631580988 17.51064011833 -4.625631580988 -3.714161645297 1.302621719003 6.560426084325 -16.53344659425 7.661547692612 7.592605649301 -8.331782897718 2.497099509358 -0.1934743836321 4.221223310744 -27.33021757375 0.4391144883285 4.403631401753 4.403631401753 0.4391144883285 -27.33021757375 4.221223310744	-7.268660851821 -0.2348839115175 1.735910657959 5.778421012289 5.778421012289 1.735910657959 -0.2348839115175 -7.268660851821 -9.052422967386 -1.015628442979 2.698754430393 11.14560628777 -27.37441627707 -14.50615112255 -0.5298658382703 15.58129305314 -8.960088929348 -10.96148858776 15.08504299434 -10.96148858776 -8.960088929348 15.58129305314 -0.5298658382703
idwt	bior6.8	reflect	7.643 -5.536 -10.682 -7.532 -3.127 14.844 -15.957 -2.31 -16.446 -1.002 -12.136 4.757 -1.274 -9.46 4.728 1.021 18.407 -6.875 12.369 -12.328 -10.691 4.979 -1.527	-7.604 -4.639 -5.131 -16.172 22.804 3.837 -4.807 -0.3 -13.566 1.966 14.156 -6.558 12.518 24.75 6.998 -2.003 5.975 11.424 9.55 15.442 -12.054 4.209 -15.429	-0.2605788760743 -12.98621668415 24.69459054774 -1.352622296632 -15.39478959312 -3.981432698895 -1.34260885868 -7.560676192847 -18.18535085392 4.467578222966 -5.689965896709 -5.771978301727 -1.171488445068 -14.93819141378 6.198884291485 9.698676589287 -1.245443313277 -15.05818625235 8.54297468743 -19.48686698093 16.66774576849 -2.942200321244 -0.387418831691 9.762461824091 15.05677247183 -0.5348275555661 0.3583976157161 -7.107008402753 17.25556557961 -3.267333505554
dwt	bior6.8	antisymmetric	2.739	1.16436374431e-13 1.16436374431e-13 1.16436374431e-13 1.16436374431e-13 1.16436374431e-13 1.165473967335e-13 1.165196411579e-13 1.16512702264e-13 1.165231106048e-13	3.87353094734 3.87353094734 3.87353094734 3.87353094734 3.87353094734 3.87353094734 3.87353094734 3.87353094734 3.87353094734
idwt	bior6.8	antisymmetric	-10.707 -6.328 8.667 11.792 -0.445 8.274 -2.33 15.199 -11.813	3.473 -14.628 18.916 7.352 11.009 10.649 2.003 -16.346 -2.956	4.259866357417 -6.096273350525
dwt	bior6.8	antisymmetric	4.259 6.968	6.462857099071 -6.462857099071 6.462857099071 -6.462857099071 6.462857099071 -6.462857099071 6.462857099071 -6.462857099071 6.462857099071	-6.791318787572 2.960214247104 -6.791318787572 2.960214247104 -6.791318787572 2.960214247104 -6.791318787572 2.960214247104 -6.791318787572
idwt	bior6.8	antisymmetric	8.617 -2.67 -2.306 -6.612 -6.762 14.922 7.015 -1.191 -0.726	-11.069 18.206 2.45 -6.85 -9.57 7.288 6.25 2.091 3.079	-12.751870076 11.20019039372
dwt	bior6.8	antisymmetric	-14.932 -16.126 -8.724 -14.345 -3.483	-18.5826158253 -6.983776609247 14.61352673834 23.58623656192 -12.63337086572 -18.5826158253 -6.983776609247 14.61352673834 23.58623656192 -12.63337086572 -18.5826158253	5.444717926891 0.6722404400069 8.493740721128 -11.51774597438 1.619206476178 5.444717926891 0.6722404400069 8.493740721128 -11.51774597438 1.619206476178 5.444717926891
idwt	bior6.8	antisymmetric	-2.375 23.225 -13.942 -25.393 10.765 20.159 2.595 -1.55 -11.088 -5.098 -10.897	4.208 -4.611 -1.654 -23.075 3.729 11.538 11.282 -1.096 2.649 15.193 -3.338	-0.6139709673495 9.738867339007 21.67610398694 1.337253776237 10.34292916162 -8.973166057914
dwt	bior6.8	antisymmetric	2.011 -3.773 22.454 -6.045 7.666 4.793 2.442 16.609 18.465 11.337 -17.188 -4.203 -0.75	-21.55167064907 -4.310297013012 -8.420647972848 -6.11431663205 -0.3739541921285 13.06264650585 3.889939240071 8.318965221043 28.1360106976 -13.48821626226 -2.480989511236 12.10001309836 -8.767482530323 -21.55167064907 -4.310297013012	-7.536562879075 6.508105257968 21.14555754885 0.8805840662225 12.23827837297 16.97345369391 -2.536984079613 -2.006629731929 -7.611503926962 -6.219510736476 3.773275020061 -15.59459267632 3.15417664919 -7.536562879075 6.508105257968
idwt	bior6.8	antisymmetric	10.097 -11.252 3.911 4.383 20.588 -10.777 13.673 4.698 8.95 -1.267 -20.388 8.366 -6.389 -24.634 3.146	6.624 -16.109 3.365 9.365 3.725 4.335 -3.457 -1.411 11.319 -8.938 -17.573 4.343 4.627 -2.441 -9.815	20.80670785232 0.6870061959296 -6.462779719914 -4.241570651616 11.49747850901 10.51530008209 -0.8265593601028 6.148923117948 11.51006473083 -4.381232192271 2.151294560514 -3.771767131845 -28.0382858891 8.601639820356
dwt	bior6.8	antisymmetric	2.998 -3.663 -3.697 -12.852 6.922 0.094 -6.309 -13.297 -0.271 -12.128 8.307 -3.414 -7.953 18.47 -20.174 -4.364 -15.186 0.343 -7.297 7.459 -8.489 4.355 -13.986 6.758 11.207 -8.358 1.053 9.948 -11.566 -21.524	14.97661659814 -2.610776592454 9.353080279102 2.046734587395 1.4326972205 -11.11936294942 2.360590854335 -9.29421340204 -10.44052876011 -0.5298793407153 1.447771137738 -8.190983486586 -14.33277836672 -1.928837159746 -0.703256191156 -6.74228933222 7.216464806198 3.581313898997 -16.58486160343 15.00743636778 -4.636884051992 2.331113907605 -6.365315039069	-1.337260093221 9.910539933006 3.566248412857 4.723753979288 1.054242492184 11.50230268686 -0.1668637125561 5.724365569963 12.55026040886 4.549732269254 -25.48099971246 -9.564464503239 -7.920178271831 -9.934727492508 -12.51802295511 -6.390076154775 14.58811209382 -16.33576874849 22.4827842038 -4.663440547526 -1.133791999513 10.73443720536 -15.67692787393
idwt	bior6.8	antisymmetric	-4.391 -17.169 -9.856 -17.039 -4.836 9.316 -18.268 11.267 -17.891 -27.088 6.612 -3.141 -8.844 -4.806 -6.668 4.485 -16.901 -16.142 -1.765 -2.386 8.84 1.845 -16.269	-5.803 16.112 -11.015 -6.602 -3.469 -1.062 -1.516 0.148 -16.822 18.107 2.288 16.193 -13.863 -2.289 5.974 10.035 -6.225 5.07 -3.69 -5.401 -1.749 -3.002 -18.889	-6.884909822386 7.758672463649 6.511400453304 -4.559821964048 -16.14477669581 -0.323469913631 10.74224431299 -1.700700759265 -21.41554578377 -4.648255154574 -19.42817472419 -24.25487446001 14.32573285829 6.769246339514 4.453976042013 -21.09040063993 -5.110864677435 8.0974520882 -11.38674837891 -5.007406080007 -3.468628367254 -2.406299896507 11.31754019648 -12.25605095519 -11.76227507065 -7.804039881452 -12.42809872866 -11.04048634106 0.8640042895511 2.180374459039
dwt	bior6.8	antireflect	7.098 -4.797	144.6146504611 110.9705098123 77.32636916344 43.68222851458 10.03808786572 -23.60605278313 -57.25019343199 -90.89433408084 -124.5384747297	-1.289635065405e-12 -9.44799793956e-13 -6.168399124817e-13 -2.688960165642e-13 6.683542608243e-14 4.047318036271e-13 7.418510250545e-13 1.084687895059e-12 1.425970452829e-12
idwt	bior6.8	antireflect	-0.451 -5.634 1.528 18.933 -3.313 5.792 6.465 7.045 11.895	-13.991 -16.42 6.517 -16.235 -0.078 0.886 2.392 5.772 3.453	-10.98483444841 -2.823021143811
dwt	bior6.8	antireflect	13.055 0.049 11.725 26.277 3.202	46.3310505169 46.86587750962 32.39680428684 17.92773106406 18.46255805678 18.9973850495 4.528311826719 -9.940761396063 -9.405934403343 -8.871107410624 -23.34018063341	11.58905372836 -15.47108129692 15.47108129692 -11.58905372836 11.58905372836 -15.47108129692 15.47108129692 -11.58905372836 11.58905372836 -15.47108129692 15.47108129692
idwt	bior6.8	antireflect	8.162 16.398 -3.355 1.248 1.107 0.742 -4.349 -17.888 17.358 3.552 9.411	4.546 22.101 -10.135 -12.514 10.298 11.53 8.925 -11.4 -7.993 16.181 -15.047	-0.008543433256024 -7.639073481776 9.631664458741 -6.824292078444 6.095018245376 -18.01276333044
dwt	bior6.8	antireflect	-0.997 -15.886 -7.973 -1.932 -3.457 2.507 -7.512 5.471 6.028 -10.7 -0.883 0.784 2.097	-6.129318311266 -0.05550619939065 -2.675017014944 12.2120063611 -1.409970921686 -15.03194820447 -0.1449248284279 -2.764435643981 3.309376467894 -6.162571395215 2.965605840296 12.09378307581 2.621835212698 8.695647324574 6.076136509021	4.829313773785 5.832480312079 3.28696119196 -8.469528191196 8.469528191197 -3.28696119196 -5.832480312079 -4.829313773785 10.88669406751 -1.685664003836 1.685664003836 -10.88669406751 4.829313773785 5.832480312079 3.28696119196
idwt	bior6.8	antireflect	-0.139 -1.008 2.807 -16.107 2.577 -2.344 1.261 -20.191 1.815 -0.441 2.747 -3.357 -2.857 9.555 -7.813	-6.533 7.285 5.927 13.006 -7.361 3.963 -8.571 -1.316 -1.228 -10.91 4.106 11.428 -11.595 -2.322 -1.542	4.370328234687 8.938714352847 -4.188046012781 -4.538404867111 0.8117038075321 -0.06584745491731 -20.11011122105 -7.328355396033 2.791448165917 2.301123560003 -6.134000505324 9.185309945531 -1.561455163249 -2.578536036165
dwt	bior6.8	antireflect	-17.98 2.329 5.08 0.348 -3.759 10.134 5.185 -10.391 -3.604 -14.651 -17.779 9.851 -8.405 -0.444 5.586 -6.173 -7.537 -19.05 -1.886 4.601 -18.981 -6.904 10.427 13.781 -15.406 -9.541 -2.458 -5.499 -10.349 11.661	-36.15272168928 -56.7956121016 -51.0858976071 -58.66902950071 -25.42755985147 7.81390979777 0.2307779041652 5.940492398662 -14.70239801366 -13.92043370962 -1.260765732972 3.388134533505 -18.74444879154 -2.812257865654 -18.44832836888 14.98111166387 -12.51977142736 -5.564349265757 -10.15926931375 43.14155801541 38.54663796742 45.50206012903 18.00117703779	-9.864080484152 7.954128228386 -1.858464091783 5.173752151725 -5.173752151725 1.858464091784 -7.954128228386 9.864080484153 2.301742473698 -18.97663363175 1.708807090529 3.153314006008 11.64630000098 -13.73794380614 4.037972456248 -11.67862231549 0.2475696163168 -2.624449403418 -1.656175196985e-13 2.624449403418 -0.2475696163171 11.67862231549 -4.037972456248
idwt	bior6.8	antireflect	7.879 -0.874 5.836 -1.361 4.653 4.672 -0.048 5.63 1.767 -7.142 10.634 -0.192 -5.995 -0.896 -0.412 2.409 15.751 5.731 4.398 4.637 -6.358 -18.236 0.2	6.201 8.585 -8.407 0.625 -9.408 -2.614 -1.104 -0.367 -9.239 2.551 19.168 18.967 -6.78 2.639 5.918 -4.268 -31.518 5.783 14.068 -5.617 -0.205 -25.827 -5.329	0.7150554062492 12.37441155622 -1.703781659291 1.964800712268 -1.260284463765 3.38185503415 4.34460750119 3.339473113013 -2.419523439926 3.716764912431 -9.877788546783 -0.9021733210837 16.60453853212 -7.571324457871 15.83515079663 -18.26657175162 -0.7875482424523 3.789338663162 -3.821204555453 -3.257247387629 4.02420150349 -3.118066791822 4.129414519727 8.016556449986 -4.05692227117 33.64403892729 -7.949574722242 -3.214266449122 14.26215745445 -6.749475527917
idwt	bior6.8	symmetric	-4.114 6.006 -9.484 17.795 -13.505 -13.632 7.913 -8.941 -7.044 -7.445 17.247 11.48 1.782 -11.365 12.569 4.076 -3.451 5.664 13.194 0.614 19.358 -4.267 5.154 -2.135 1.338 -3.338 4.992 -13.534 13.021 -4.064 -1.86 -6.145 -3.199 -0.965 7.72 -18.926 5.99 -1.297 9.147 7.551	-	-10.43982923317 -13.6287607335 -9.991597140818 -0.4675880561607 6.619170495694 0.8958765912716 -7.125405383532 -6.664008895007 -4.320273918677 -6.428311786673 -6.025209540896 3.643268414719 12.84986880373 12.18378061593 7.671964694051 5.152392346859 1.779094382301 -5.589821794675 -8.979250706131 0.1577654674297 9.808807184982 8.228861689087 2.642753427038 -1.147796881453 -2.639448361444 -0.2446471975304 3.973000757899 8.441198321607 9.989733010452 3.688536540179 -0.8278780031703 7.798594628609 15.10384983401 6.011232662287 -4.249764258518 -0.9570367610344 4.4692657207 1.723172247377 -1.992362296989 -0.4655258391059 1.383139795925 -1.181499222734 -3.015454642406 1.808260462851 4.677294830446 -4.370858272761 -11.10529408795 -0.3623984264444 10.63744546553 4.937887451288 -3.819454055321 -3.258025587079 -0.8573518457668 -2.599200963142 -4.532023473704 -3.629249934058 -2.055949916921 -2.163775550337 -1.277564407386 4.562058932032 6.702105948442 -5.142855738623 -14.94925817622 -5.792891645332
idwt	bior6.8	periodization	-	-4.114 6.006 -9.484 17.795 -13.505 -13.632 7.913 -8.941 -7.044 -7.445 17.247 11.48 1.782 -11.365 12.569 4.076 -3.451 5.664 13.194 0.614 19.358 -4.267 5.154 -2.135 1.338 -3.338 4.992 -13.534 13.021 -4.064 -1.86 -6.145 -3.199 -0.965 7.72 -18.926 5.99 -1.297 9.147 7.551	0.1013101233402 4.984424268847 1.295372605263 -7.545589003301 -2.58303977836 10.81211608645 3.835241140819 -16.41316292994 3.782339791453 11.59522015272 -13.62333776752 10.01459362103 -0.5115693055708 -7.475730783703 0.8478052306804 8.522233300291 -6.715567891633 3.011081011235 -6.484533968939 7.194850247815 3.703074308456 -13.98757913767 12.29910777532 -6.653107761171 5.19297265565 -2.981022500194 -5.615254049792 10.20061594571 0.1059954733841 -10.75043869041 8.1905170081 -1.993936625728 -1.128500068145 2.262109041515 -0.2610803377032 -3.42255733856 8.418354156769 -11.13490108183 3.767296143102 2.510451622871 7.854216378877 -17.18032163887 6.023163274171 6.147904408389 -0.9530282596721 -5.969242837288 1.677148065185 3.190580866528 -0.4781808038937 -2.488717473229 -1.179102772777 4.456297945234 1.766131820446 -6.535701914198 -4.367467220782 13.24738924458 -0.3404026156055 -12.72293056876 4.957214743644 5.42371755993 -3.231468679794 -0.1831225677779 -2.652299053021 5.263921620213 -3.658715388942 1.255028306859 -2.125644015843 2.549515564565 4.556120152555 -8.526215689514 -5.16309510296 17.13184266603 -5.850364459081 -7.562423269595 2.922328939712 3.112353894807 1.955782330877 -7.275922213945 7.642079304446 -6.054543232157
dwt	rbio2.4	zero	5.272	0 0 3.727866950415 0 0	-0.3494875266015 2.213421001809 2.213421001809 -0.3494875266015 0
idwt	rbio2.4	zero	11.097 -12.212 13.168 10.519 11.036	1.771 -7.436 12.348 1.663 -3.558	15.86339925729 1.291464244576
dwt	rbio2.4	zero	8.058 -5.563	0 0 3.731048930931 -1.96681751187 0	-0.3497858372748 2.399699444478 8.914782452549 -1.517583734948 0.1843891417378
idwt	rbio2.4	zero	0.617 8.801 -7.067 4.886 0.189	6.666 -4.413 -5.304 16.499 -9.735	-12.85551064119 2.238854748845
dwt	rbio2.4	zero	6.81 -3.136 -9.692 -12.956 -14.102	0 0 3.70665374698 -12.54266008469 -14.55225755682 0 0	-0.3474987887794 3.376700045209 0.5528691145402 1.887444775682 -7.464528541422 1.364274145952 0
idwt	rbio2.4	zero	-19.543 3.807 -7.492 -15.513 2.402 -6.686 -3.251	3.171 13.135 -16.132 17.733 11.886 -15.459 3.722	-7.008212648144 1.336917952355 -14.05523882945 -17.10383027964 16.42855435215 -8.959396471024
dwt	rbio2.4	zero	-11.412 3.786 9.783 15.474 -15.441 11.308 -2.244 4.522 -6.362 -15.685 7.235 3.537 -6.548	0 0 -6.730949450115 13.72706394317 -1.449568901432 4.010002556109 -8.445329841102 0.8209509729576 -3.379616860681 0 0	0.6310265109483 -5.283413480678 -1.064372482381 -14.33868921181 -14.96683205292 -8.969616373721 17.59586611392 -5.729531568346 -2.083611664744 0.3168390806889 0
idwt	rbio2.4	zero	6.061 -0.773 -6.386 0.501 -1.33 0.143 -8.152 22.742 -16.875 -19.213 -12.76	15.142 1.109 0.38 0.22 -12.543 -2.988 11.738 -7.565 4.579 15.208 1.585	-5.618703628939 -2.600075828597 2.053438092566 -0.08975836703687 -6.275064450032 8.878079191188 -2.902242443576 -2.669129225197 -9.661454067851 -1.065300560031 27.88141925597 9.626551719074 -19.15267217813 -19.0509150929
dwt	rbio2.4	zero	-11.667 -8.674 7.615 12.261 -6.403 -1.18 0.063 -7.28 -4.111 13.928 2.348 1.346 5.674 -2.068 -9.439 6.67 11.564 10.398 -2.456 1.843 8.736 -11.219 -16.316 -9.46 -13.033 2.755 2.406 11.07 -3.738 9.839	0 0 -11.31653692611 6.652814150794 -0.6098795987734 -2.946513957204 -0.5564930367938 7.060461210148 3.756858328444 -5.04732820411 14.21143208829 2.591192799658 2.862368250243 -18.84828480592 -11.58629816313 6.589174540487 4.749282695839 3.478611810047 0	1.060925336823 -7.342895126514 9.554979254565 -12.41451907768 -1.014366774699 7.610822305323 -15.91140517861 5.044610262419 0.1641371615829 -4.586747573058 -4.523594098663 1.066361220203 7.217715129157 -5.578155474455 -5.541419067464 -8.1630395558 -9.646869990489 1.620180509481 -0.3261198571919
idwt	rbio2.4	zero	11.387 -4.61 4.555 -10.01 -0.008 -2.47 -3.106 -1.237 -0.754 1.401 12.398 7.259 6.104 10.6 0.735 -2.231 20.719 17.539 -0.662	11.799 -21.756 -10.034 5.005 -26.901 -6.356 -3.593 -12.498 -0.547 -0.895 8.322 -1.956 -6.318 -8.784 6.835 5.29 14.88 0.26 -16.607	-3.748472483961 5.110989911503 -12.77012749736 -7.883290435493 -5.495158816013 18.85098065052 -14.03652259683 2.235849545025 -5.97595828159 0.9309723686928 -6.272136586016 8.114536450028 -5.082860319864 -0.08144986235793 -0.9754979988207 5.995072261769 13.60046973226 1.870827766324 6.595903103452 5.468918525305 0.4225736415632 10.95065336102 4.15862756268 10.71341903593 -0.5485933282227 -7.537338442797 -0.7914845075603 2.810086542609 25.02982333559 5.732448383819
dwt	rbio2.4	constant	-3.858	-5.456035923635 -5.456035923635 -5.456035923635 -5.456035923635 -5.456035923635	-5.551115123126e-17 -5.551115123126e-17 -5.551115123126e-17 -5.551115123126e-17 -5.551115123126e-17
idwt	rbio2.4	constant	-1.476 0.491 -4.3 -10.97 -1.763	1.119 -10.801 17.614 10.892 2.268	-0.1219427741243 -18.78168418597
dwt	rbio2.4	constant	-1.53 -5.845	-2.163746750431 -2.163746750431 -3.689329630841 -8.266078272071 -8.266078272071	0.1430233950384 -0.3337212550897 2.145350925577 -0.4290701851153 -8.049116928532e-16
idwt	rbio2.4	constant	3.323 -0.622 -9.427 -4.015 3.11	7.505 10.281 11.284 2.795 3.318	-0.7165974800153 -13.78747737879
dwt	rbio2.4	constant	-1.531 -3.346 -19.893 -3.308 -10.945	-2.165160963993 -2.165160963993 -2.80686036792 -16.41901945915 -12.77848019621 -15.47856744017 -15.47856744017	0.06015931911814 0.9552902128396 -5.282441208854 -10.94353809903 1.691344177881 -0.2531331791213 -1.110223024625e-16
idwt	rbio2.4	constant	-8.296 -8.131 -1.963 9.908 -9.946 -10.392 0.65	-3.427 3.043 2.794 17.103 -11.673 8.545 0.656	-0.807029808203 2.558356528507 18.37813613623 -11.29057284899 -7.928158570468 -0.9846461928023
dwt	rbio2.4	constant	-2.407 5.471 -5.47 -14.256 -6.62 3.242 3.808 4.725 -3.224 -10.622 15.406 12.359 -1.443	-3.404012044632 -3.404012044632 -0.6187184335382 -6.973840629452 -8.575083935449 5.509422485615 -4.364616606874 11.50780931042 2.839033726464 -2.040710170504 -2.040710170504	-0.26112127604 1.988439511414 -11.12220409526 10.4703510799 -5.342136489147 -6.277373595614 18.48037935738 -8.35932797884 1.627174237488 -0.4574759903408 2.081668171172e-17
idwt	rbio2.4	constant	13.674 -15.994 12.179 -22.74 -7.434 19.075 -2.804 -13.922 -11.691 15.749 -12.507	-13.541 -11.008 -6.583 -14.781 12.552 5.432 0.171 -9.731 5.485 -7.392 -7.689	12.94515852279 1.773976234389 -30.90194740578 -4.288514239549 -7.221582119367 -2.29484876708 25.92054586048 4.40600445066 -2.352091270726 -7.632731566997 -13.50693276336 -4.730765337007 -13.95681840434 -0.422739369715
dwt	rbio2.4	constant	14.791 -13.374 10.539 2.466 23.323 -8.889 -0.707 3.302 -4.011 -8.414 2.307 -1.484 7.357 5.606 3.319 1.932 -0.308 2.216 -16.737 -6.323 7.67 -23.045 -29.864 -8.999 9.395 -4.961 -13.374 15.694 -9.595 6.792	20.91763280106 20.91763280106 10.959801555 3.595637982334 14.22097802983 -2.475227287544 -4.643570232052 -1.868176115895 6.659531665215 5.01197286505 1.248750575575 -13.28688997189 -4.959646963242 -32.44630176153 1.707662876566 -5.662157550351 1.165311975395 9.605338515638 9.605338515638	0.9335466793181 -4.288525288092 24.26173964307 6.295736274838 19.64322750758 -10.05459438965 7.640564984307 4.909022537127 -0.9400542714137 1.606358781617 -10.28644807407 1.032961473336 11.46632202974 -4.528764817 7.600525062822 -25.92526358853 -3.579938002083 0.7912524881477 5.551115123126e-17
idwt	rbio2.4	constant	3.371 -0.255 -4.671 -8.22 -3.979 4.459 -19.044 3.13 8.221 -9.423 -13.193 -9.658 3.33 -0.144 -12.117 -8.892 -22.867 6.203 11.294	-7.887 5.204 7.707 -2.34 11.694 -5.114 9.894 8.275 17.303 -2.975 5.503 15.298 6.405 7.711 0.76 8.291 12.251 -25.884 15.689	1.39806059184 -10.58121216494 -4.607728757081 -3.453001286316 -0.7706469546022 -6.260016333845 10.66149088169 -2.451008880288 -18.44773091146 -14.51809546045 11.2848055093 0.8014613423011 17.26183549961 -12.07263294898 -3.641666214371 -7.29630341876 -8.468984772641 -13.08116609273 -0.8229065651493 -12.58996994777 11.8782669725 -1.747901671832 5.786055916667 -10.23150366747 -8.104029285201 -7.832489232682 0.7432686639182 -18.8044220884 -15.02746645941 -15.81828805436
dwt	rbio2.4	symmetric	12.397	17.53200553274 17.53200553274 17.53200553274 17.53200553274 17.53200553274	-4.440892098501e-16 -4.440892098501e-16 -4.440892098501e-16 -8.881784197001e-16 -4.440892098501e-16
idwt	rbio2.4	symmetric	6.031 13.988 -12.438 -10.209 -8.616	-7.963 16.1 -0.058 -4.896 2.656	-7.44997760969 -9.823326278026
dwt	rbio2.4	symmetric	-13.025 17.928	-7.476593550876 14.41048264719 -7.476593550876 14.41048264719 -7.476593550876	-21.88707619807 21.88707619807 -21.88707619807 21.88707619807 -21.88707619807
idwt	rbio2.4	symmetric	-7.258 -7.909 -3.502 -7.679 -10.019	13.809 1.157 9.793 11.384 15.061	2.572067770936 -10.4305100322
dwt	rbio2.4	symmetric	-7.283 -9.778 16.123 9.505 -4.044	10.99162136015 -3.788678133598 -11.18183308429 11.30416255744 -0.9287847570885 10.99162136015 -3.788678133598	-17.38924730274 -0.6792534031339 14.34307548357 -7.26388699226 10.98931221457 -17.38924730274 -0.6792534031339
idwt	rbio2.4	symmetric	-3.799 -3.403 13.345 8.714 7.43 3.291 1.425	-8.059 -12.032 3.801 -7.388 -3.132 -3.315 5.125	9.54124591505 6.306685381403 3.720486523387 10.89925553686 2.036136073514 6.043685852975
dwt	rbio2.4	symmetric	10.666 -11.423 -8.897 -17.617 -9.26 3.36 6.304 -6.87 -0.422 6.297 1.408 6.664 0.609	-18.87656907717 -7.451844813534 7.274361011457 -16.55831949505 -11.58841948348 3.216628747618 -0.5009851544707 5.57801184339 3.002021839527 5.425276778654 4.801255044257	-3.856969180699 -11.86736206011 12.4272359512 7.218543769917 -8.123198508097 11.89153627319 -6.473816698262 -4.791576520189 3.169396224343 4.059809390009 1.164593820071
idwt	rbio2.4	symmetric	0.754 -0.118 6.991 17.665 0.796 -15.22 -2.013 -3.708 -4.467 3.524 -17.968	-29.392 -23.541 10.78 2.126 -10.575 8.268 11.519 -16.021 -14.731 11.668 30.789	-0.6105867055546 2.68413314721 20.24353906772 6.79295387599 -2.46287501596 0.3842241472272 -15.27219169696 -12.88850159195 8.218448001232 -9.24201821263 -4.520975593864 7.796161621798 -15.94407572161 11.45740585517
dwt	rbio2.4	symmetric	-10.619 -21.935 -9.012 5.687 14.632 4.365 9.512 12.673 -17.629 -10.906 9.871 0.429 3.664 13.898 -26.489 26.596 11.736 6.884 -2.128 2.323 1.472 -16.481 11.593 -14.207 -4.093 -14.884 9.765 2.706 11.916 4.491	6.008286319742 -22.45099385606 -19.01834398679 -12.11698180241 13.90030510457 12.74984237157 -11.84085660436 3.275672163847 7.656198673297 -4.413760528166 20.13557270107 1.750442836827 -3.964747722113 -2.652357536231 -13.17940974115 2.599324527642 10.97040815672 8.976367033773 9.578822011344	3.675375320456 -9.032195323856 13.33580187377 -6.396112292136 11.89653021483 -18.99286604558 8.42476850173 7.40797104747 -19.92434664728 -29.15947056879 4.044860710713 -6.239013052735 20.45021312161 10.81962868417 13.98741182117 4.624202135374 4.350463422707 -6.064423969042 -13.32898492245
idwt	rbio2.4	symmetric	4.26 -13.027 7.139 -9.626 6.48 -5.55 -8.467 0.059 -5.011 -7.905 -8.698 -10.035 -8.073 -14.696 9.562 1.828 7.551 -7.525 10.328	-4.777 -6.591 -3.097 -2.927 15.526 0.687 0.555 -6.269 -27.264 9.018 4.257 10.689 -6.749 -7.263 8.846 4.845 6.72 5.648 -0.154	8.034080956581 1.579764937518 -14.72486895123 0.6435334621405 13.53667544234 -9.388676578465 0.2475647132195 -6.804223390315 -6.960836493805 -3.222396087302 -0.02491446549337 3.439102218648 -16.02044325397 14.4285359672 -12.2186504993 -12.34995138973 -1.217903042246 -9.815901656823 -2.478685481645 -13.60999357671 -2.234037583898 -4.755823433565 -20.10248231342 3.39422303513 12.32529104073 -0.9993849497726 2.896497200979 0.376755331851 13.26368803063 -5.546678174149
dwt	rbio2.4	periodic	-3.935	-5.564930367938 -5.564930367938 -5.564930367938 -5.564930367938 -5.564930367938	8.326672684689e-17 8.326672684689e-17 3.053113317719e-16 3.053113317719e-16 8.326672684689e-17
idwt	rbio2.4	periodic	15.687 -8.148 0.075 8.158 8.234	12.516 28.628 8.674 13.949 11.387	14.05393510132 -2.68256425404
dwt	rbio2.4	periodic	5.706 -15.229	-6.733777877239 -6.733777877239 -6.733777877239 -6.733777877239 -6.733777877239	14.80328046414 14.80328046414 14.80328046414 14.80328046414 14.80328046414
idwt	rbio2.4	periodic	17.808 4.185 4.449 9.126 26.166	4.365 11.573 -10.126 -11.709 -10.041	4.040010400136 10.84754835349
dwt	rbio2.4	periodic	7.042 9.825 -5.385 -1.715 -16.304	7.533162093371 -8.880907618312 2.688773535462 -0.9404520189781 -9.645290048775 7.533162093371 -8.880907618312	7.467489551068 18.76269173976 -11.11975131861 -4.818214558462 -10.29221541376 7.467489551068 18.76269173976
idwt	rbio2.4	periodic	-0.058 2.234 1.887 25.517 -0.195 22.398 -3.803	-0.315 -12.966 -1.489 6.766 4.685 5.658 -18.426	-8.148356041547 12.42313694158 27.75634974405 4.237138512478 -4.679124444894 4.569567087984
dwt	rbio2.4	periodic	4.224 16.954 13.13 2.352 9.943 -4.152 -4.116 -6.568 -3.388 15.1 5.048 4.755 7.192	11.2642110243 7.689786245404 11.523719213 16.11001379577 6.39436662227 -6.700543858524 0.6208397538818 10.58927760166 8.260067864431 18.12385390859 9.820652530509	3.718762950608 -1.329338651544 -8.889437093861 9.58357288503 4.121504456667 4.086513719542 -14.84482298754 2.70989835055 7.778384515378 -2.668853011611 -9.76547610449
idwt	rbio2.4	periodic	-7.978 -8.77 10.112 11.993 -11.174 7.045 5.276 -4.487 -10.271 2.4 -18.355	7.133 -7.461 -0.297 -23.952 -8.39 11.667 -4.786 -6.823 -10.042 -11.143 3.271	6.107634822499 10.81278963577 3.482710819669 16.14311523197 -25.40113173552 3.054303547161 9.455343489679 -2.038721432682 6.516088425525 3.929326091793 -7.370074543416 -1.880329513697 -16.24041975418 5.310394023798
dwt	rbio2.4	periodic	-1.816 6.331 3.973 16.936 -5.048 -5.704 -13.059 -7.323 7.564 4.596 5.966 -1.272 25.594 16.32 0.468 -12.148 3.856 -17.709 -7.101 -5.591 -0.596 -8.09 3.377 -5.892 10.124 17.312 -8.692 12.348 10.827 6.071	4.340221422923 14.16794502124 3.100663235503 11.03546198059 0.401636651714 -13.83984747477 4.384415596747 5.393810526891 23.41796237934 1.80595071915 -7.829439834688 -13.25895925403 -5.258399578294 -2.555483907208 11.19632877331 4.340221422923 14.16794502124 3.100663235503 11.03546198059	-7.813828242785 0.2260752961975 -1.92595999817 -16.15354505699 -1.357877039291 4.198800066686 -1.591852044059 18.3255229723 -7.874926688097 12.65101315036 12.84673809768 -2.114227178661 6.994866007649 13.54912715081 -16.34670674223 -7.813828242785 0.2260752961975 -1.92595999817 -16.15354505699
idwt	rbio2.4	periodic	2.128 -2.407 0.602 -11.748 12.893 -8.362 1.802 8.378 -5.275 -16.32 -13.911 -6.679 8.878 -8.384 2.005 11.482 15.814 -3.766 3.955	9.851 3.809 -11.808 -3.41 -2.787 -11.363 -14.438 8.016 9.925 10.066 -11.011 14.343 8.425 16.977 -2.528 6.975 -3.927 -8.189 12.509	0.7706911487761 2.974798228452 -19.80476826145 3.406376432932 14.2640894464 4.532355593624 -16.02712762277 3.870592034781 -7.080503267977 15.38724017997 5.856147876352 -3.402973481547 2.100405450797 -15.71779050308 -5.712262694924 -19.01761478293 -9.981662954294 -0.3653090408305 -5.392462604589 -7.740830516171 19.14586627536 -5.440126021059 -1.120488034594 -16.03243092362 7.372980310345 6.95746668805 9.436892422107 6.644748714071 15.63611966986 6.811758496952
dwt	rbio2.4	smooth	-1.904	-2.692662622758 -2.692662622758 -2.692662622758 -2.692662622758 -2.692662622758	-6.938893903907e-17 -6.938893903907e-17 -6.938893903907e-17 -6.938893903907e-17 -6.938893903907e-17
idwt	rbio2.4	smooth	-1.493 -12.349 -5.941 14.574 10.893	-0.61 -11.301 5.432 -20.815 17.8	-8.064309771477 -0.1199650848457
dwt	rbio2.4	smooth	7.406 12.036	-15.71756953221 -2.62195194464 10.47366564294 23.56928323051 36.66490081808	1.221245327088e-15 -2.22044604925e-16 6.383782391595e-16 2.442490654175e-15 3.552713678801e-15
idwt	rbio2.4	smooth	3.457 3.458 5.536 4.747 -4.594	-13.52 -1.739 -9.658 -0.786 -14.323	-0.01276106769173 11.22180671452
dwt	rbio2.4	smooth	-14.294 -4.951 14.238 -4.926 9.332	-73.06675791357 -46.64076328706 -20.21476866056 6.575739511644 13.19744096407 53.5251549087 93.85286885333	-8.881784197001e-16 -0.03417314490953 2.038909257921 15.58389320494 -3.159938671145 -7.771561172376e-16 -1.731947918415e-14
idwt	rbio2.4	smooth	-7.264 -7.406 10.673 5.357 -22.514 0.781 2.773	11.155 -1.959 -4.648 7.835 -17.343 2.168 11.259	7.652177003479 12.000176601 8.3272319601 -13.50275641393 -26.3881865108 2.599921148988
dwt	rbio2.4	smooth	6.44 14.096 -2.693 2.265 -10.725 -9.981 3.782 12.697 -20.27 15.855 5.661 5.036 -11.569	-34.20134079243 -12.54690272537 9.107535341683 3.880248461761 -10.31173819004 3.634528855299 -4.238398046432 11.38901537118 -16.36103670309 -63.3270691095 -110.2931015159	-2.22044604925e-15 2.520161713779 -10.0802601561 -8.21645926341 10.1842490471 -18.41581166942 -16.98356688412 -3.739854620065 1.801498156138 -1.221245327088e-15 -4.218847493576e-15
idwt	rbio2.4	smooth	1.134 7.689 1.846 16.103 -1.194 -3.265 -14.02 11.248 1.35 -1.496 6.912	-9.971 4.55 9.884 -17.484 -8.619 3.519 1.14 3.213 -7.211 -9.171 -13.816	2.73093477729 0.1161864829837 13.35669466944 18.71658616792 -13.08905475276 4.084381350655 -1.453690008142 -10.41181589667 -13.69988452627 -1.842963339728 14.8056338039 4.04584403108 -2.030633898872 3.833800385072
dwt	rbio2.4	smooth	-14.092 0.283 -3.362 2.148 1.959 -4.836 -7.826 7.418 -1.899 -13.53 -2.985 -19.797 -2.181 -11.346 -8.714 -11.999 5.92 14.764 -1.422 3.375 -21.092 25.544 -12.504 -0.51 10.934 8.688 9.036 12.646 8.963 -21.85	-101.2463773574 -60.58773743919 -19.92909752096 -1.517804705817 0.4348706704297 -4.620942815054 -3.503714100779 -13.89358759014 -12.55291313301 -14.41543239466 5.163647269615 5.407599109124 -4.68988572622 0.009192388155425 10.62286517377 13.93212490972 3.083692672755 -74.47672883525 -161.6290538301	1.7763568394e-15 2.085688790914 -7.49498937573 -1.379156533987 4.824423839884 -14.05289653824 10.41471061505 13.97449607387 0.8516438266785 12.14577430666 -12.81164792367 -4.831782169826 -40.40668893325 6.167573170748 2.002879957711 -1.794703301912 2.35753820265 0.8992409518871 1.7763568394e-14
idwt	rbio2.4	smooth	17.962 16.913 -7.004 0.349 2.724 -19.782 -7.529 -5.344 -0.558 -5.044 -11.35 1.47 16.245 11.39 -0.18 6.65 -20.168 -7.611 -6.478	-7.347 2.671 -2.379 5.252 -5.287 14.668 7.553 2.109 -3.918 2.394 -6.9 -0.878 -7.735 -6.324 -11.379 -19.302 -7.36 -16.095 5.115	-9.227191067312 -2.413620609233 2.024303083472 -0.6478644911753 5.649882618572 -2.947265258159 -15.6700718439 -21.66453643578 4.883191042527 -9.397073471492 -1.29115488536 -3.135731312432 0.01616401907619 1.525140938672 -3.577761439022 -8.636204477848 -11.72744330578 -0.01155677645502 -1.943195725961 8.055736101755 10.45285018706 16.98636216562 3.784479687084 7.660463411071 -9.757023968746 11.34446764397 -0.5125087852953 8.489590306186 -29.53167390074 -6.469960756596
dwt	rbio2.4	periodization	6.88	9.729789309127	6.106226635438e-16
idwt	rbio2.4	periodization	17.821	-10.09	5.466642525353 19.7360573697
dwt	rbio2.4	periodization	3.458 -5.127	-1.1801612178	6.070511716487
idwt	rbio2.4	periodization	9.184	5.511	10.39093414954 2.597203207298
dwt	rbio2.4	periodization	5.318 7.145 -10.117 9.052 6.372	8.539375042999 -1.427295037825 9.958891906231	-7.749050632502 -9.336958346547 2.239595001257
idwt	rbio2.4	periodization	11.627 7.879 6.663	-6.481 18.854 -6.07	5.035395777177 11.88885147713 9.58213657438 -8.767947310018 8.343639047132 10.92647914794
dwt	rbio2.4	periodization	-1.932 2.387 19.085 -6.055 -2.265 -11.079 -1.591 -4.651 -6.715 -0.962 -3.362 -4.24 -12.724	-5.020811699815 12.19829908225 -7.659380653813 -6.6864017229 -6.732717217068 -4.216477736215 -14.99490640184	3.009744771403 12.35559719543 6.637865471498 -0.2767328679434 -3.107988419814 -4.308600491552 5.361824993586
idwt	rbio2.4	periodization	-12.715 -5.254 16.242 22.781 15.323 -3.056 -15.132	-9.898 2.636 5.446 -14.636 -1.343 -8.585 -1.147	-12.50756991067 -0.6188289189728 -8.161879458737 2.08203172303 15.99603702148 11.86520759414 13.54816592753 25.47285887964 6.137156530613 5.592816891621 -6.248989887475 -1.738510409895 -15.36588334547 -10.32948215083
dwt	rbio2.4	periodization	14.526 -0.029 -19.055 -4.45 -0.278 -5.935 -3.853 14.2 -1.236 11.214 -2.077 -8.452 -20.017 0.332 11.828 -14.635 5.729 -5.684 -2.739 2.018 0.097 6.857 -0.787 -3.64 3.664 -1.573 -9.097 -7.487 -0.65 -2.59	9.345476773552 -15.05748535198 -3.868227646481 0.1976363453416 8.111221886991 -0.4921463197058 -17.02500997063 3.306784862219 -3.132836594047 -3.232892203585 3.20637569929 0.5808882207447 0.7477654211048 -9.635744107229 -4.02237692478	-2.610748721575 -5.83855859517 6.865156107475 -14.73966295092 -9.757598493006 0.481683349053 -8.274872912662 22.69947559839 3.648129612293 -2.630381983297 -7.215593808814 6.53937875513 -2.73003984527 1.532466122983 9.138393923555
idwt	rbio2.4	periodization	-2.891 -4.624 -6.621 -7.719 -7.783 -17.905 12.331 -15.249 1.828 22.932 10.946 17.919 -12.158 0.945 -6.127	-14.632 -3.075 13.47 -2.619 -14.285 -4.97 11.248 12.128 -1.476 -8.976 16.796 8.559 9.962 -22.441 -5.106	-8.140765692192 8.036334859446 -9.635766204316 -1.84344947564 -1.080370773305 -14.72282497069 -2.039572170528 -3.030659664166 -8.996652159558 -0.9896843286182 -26.17711513661 2.700926933263 20.14464355525 -8.112879168509 -9.23482561084 -16.54815483507 4.997112574102 11.7242944709 16.93788115693 19.26143403991 6.085250473457 -0.4719716793551 27.78811430648 -4.421671285281 -8.716361660622 -12.53362237614 0.2581602663938 14.69016547624 -16.04407608843 0.06821370729759
dwt	rbio2.4	reflect	4.058 9.866	9.845754821241 9.845754821241 9.845754821241 9.845754821241 9.845754821241	-4.106876185131 -4.106876185131 -4.106876185131 -4.106876185131 -4.106876185131
idwt	rbio2.4	reflect	22.211 3.728 -3.48 2.537 -13.845	13.569 -0.679 -8.716 -0.863 -1.282	-7.612247567429 6.437897883487
dwt	rbio2.4	reflect	3.104 1.943 18.025 -1.088 14.588	9.545941546018 13.04788787984 3.568767924649 13.04788787984 9.545941546018 13.04788787984 3.568767924649	13.3959390958 5.000150923552 5.000150923552 13.3959390958 13.3959390958 5.000150923552 5.000150923552
idwt	rbio2.4	reflect	-20.017 -14.158 -8.366 -8.625 8.748 13.429 -15.553	-10.96 12.663 3.398 0.186 -11.628 -13.033 2.754	1.013516036853 -9.177693592629 -7.400988368006 -0.4155136222947 3.011335761661 19.13592258625
dwt	rbio2.4	reflect	-28.544 4.263 -7.168 -9.664 25.376 -21.532 22.669 19.034 -10.474 -9.2 -2.279 0.851 -4.774	6.914090106442 -6.978083270139 -17.16925975399 -6.978083270139 6.914090106442 15.14622725302 -3.929392383054 -4.563313612387 -2.773979902595 -4.563313612387 -3.929392383054	13.81862322279 -20.36027797788 -20.36027797788 13.81862322279 44.57173569968 -20.47853053849 6.808322399937 -4.763822579028 -4.763822579028 6.808322399937 -20.47853053849
idwt	rbio2.4	reflect	3.618 -12.054 -8.743 3.871 0.577 -7.152 -4.559 1.918 -6.268 -3.308 -1.903	18.538 -3.082 -8.709 6.654 -10.01 -11.895 -0.145 6.629 -0.776 -7.58 1.561	-11.27690580073 4.873534615546 3.929613353923 -1.783919923499 -0.4736731550473 4.363268684572 -13.96050861786 3.328837754957 -8.053493247433 -0.1166505218089 5.766897742315 -5.992221737557 -4.131823796255 -3.472711887842
dwt	rbio2.4	reflect	-15.839 -4.792 -10.57 -7.016 -19.168 -11.342 -8.311 12.33 -0.641 3.649 10.337 1.582 -2.629 -3.481 1.16 -7.953 -13.154 9.242 -2.911 6.953 -3.965 -3.675 6.624 -12.197 -0.161 24.495 4.577 13.807 -6.114 -2.954	-20.0443559263 -11.64887711327 -14.58832000266 -11.64887711327 -20.0443559263 -5.527453708535 5.196174181549 9.158800583319 -2.530381616476 -3.222285601867 -8.845552279253 3.667409320624 -1.64473037304 -0.9277240969168 4.234155405745 16.77822970399 -0.4861359120658 -0.4861359120658 16.77822970399	-7.009880978206 -5.830183799231 -5.830183799231 -7.009880978206 1.461689153604 -16.6134296298 4.118223039261 1.513285851543 1.477864221223 3.975365372374 -15.68840137749 -7.715816613786 2.929068307087 17.7935908476 -22.03250817558 -10.20399279426 0.4543823981731 -10.20399279426 -22.03250817558
idwt	rbio2.4	reflect	7.147 3.402 -1.227 4.401 0.9 13.855 14.15 2.732 20.158 19.584 -12.766 0.573 5.64 16.212 13.7 2.178 -16.711 -23.42 0.545	0.533 -7.388 13.437 -7.602 -5.537 -3.794 9.537 -7.572 9.548 0.546 3.319 -3.55 -2.408 -4.801 8.643 -17.834 7.44 1.065 -18.001	-0.1941118599792 -8.453991899171 7.069001734239 6.763896206701 -6.549300347154 8.880288899879 8.053913092084 14.19974272931 13.86656285285 -1.910624619853 -1.545149850871 12.7281872264 16.84403482882 10.5991770966 21.84530165526 1.102136403914 -14.0358265386 -9.13818400123 2.934294268142 4.890284207425 0.5655307453409 9.930983285461 10.24426473516 15.43494779061 11.36332750765 0.5878488031221 -0.7904127988451 7.153291072265 -16.06448274819 -22.29017125752
dwt	rbio2.4	antisymmetric	-2.919	0 0 0 0 0	-4.128089388567 -4.128089388567 -4.128089388567 -4.128089388567 -4.128089388567
idwt	rbio2.4	antisymmetric	-7.671 29.524 10.836 16.468 -0.574	-14.95 4.509 0.82 18.796 6.561	4.255468046072 8.964478801014
dwt	rbio2.4	antisymmetric	-20.352 15.517	-1.709430643518 1.709430643518 -1.709430643518 1.709430643518 -1.709430643518	-21.94435184734 -28.78207442142 -21.94435184734 -28.78207442142 -21.94435184734
idwt	rbio2.4	antisymmetric	0.625 -4.908 3.352 1.314 1.598	-11.831 -12.49 19.199 -15.36 21.362	6.414132466513 -11.39732387586
dwt	rbio2.4	antisymmetric	-7.857 2.668 13.991 4.456 -3.102	-7.000710687137 -4.055257390105 -1.834588543788 12.41184533017 0.4787112908633 -7.000710687137 -4.055257390105	13.34889439776 -15.1158658556 2.842425629305 2.180341662702 -9.0427577314 13.34889439776 -15.1158658556
idwt	rbio2.4	antisymmetric	12.066 -0.874 15.655 4.066 -7.998 -2.987 -14.171	-7.962 1.923 -20.04 15.256 6.436 11.695 2.466	8.73208373796 23.0383123291 0.8701501369673 -13.27822791382 -0.4252363405361 -8.493059548832
dwt	rbio2.4	antisymmetric	9.264 4.67 -2.524 -18.251 4.101 -3.599 12.09 12.314 23.967 10.235 -9.927 -3.676 7.734	12.34785216647 -5.68513852074 4.926412944527 -6.586346113362 -4.825296674817 11.63013878357 24.91950362919 -4.700492327938 1.434719659028 3.374667113213 -12.20112750937	0.2227386360738 12.11063993847 -6.604609355695 17.48297209688 7.411396095942 5.179767094517 -3.694268329766 0.6070180260183 15.37762794716 -17.40267128304 13.89260426978
idwt	rbio2.4	antisymmetric	-4.406 7.832 7.382 -4.413 -8.503 2.144 -3.96 -12.776 3.492 1.571 16.452	-5.957 -13.71 -2.584 18.777 -4.806 -11.721 23.265 -7.333 13.941 -4.105 8.9	0.5473558913557 3.118164128337 1.865767533421 -19.33154809669 -3.001093761877 1.283619778723 -2.077822227973 8.93617243268 1.857116523895 -23.85097689447 -6.865377078344 1.445746105397 8.203455127762 -7.975788841307
dwt	rbio2.4	antisymmetric	9.466 2.157 5.646 3.048 -29.148 -7.567 20.285 -4.474 13.254 0.26 -0.713 1.677 1.328 -1.293 11.811 1.571 15.583 5.109 0.611 12.991 -7.538 -11.085 -3.034 -0.652 -14.897 9.663 -2.387 -5.996 13.192 9.226	6.153950316667 -6.868128165665 4.109351058866 5.832570284617 -22.20845623012 10.08652468024 7.882119289886 0.1806657825932 1.074802307404 8.449926035179 13.38058162039 6.831358613043 -4.656298154113 -6.295018119513 -7.3479001167 -0.3913836033868 10.47013010903 -7.92595991032 0.4196678746342	6.379959321603 10.62518536789 5.578486930759 -15.36456856879 2.218205021126 19.06117918977 3.373208705477 -3.157331214889 6.212518645527 9.998931827716 4.419969809589 -17.74487781951 9.222639067408 -6.705195295319 -18.65216211103 15.89580463525 -11.5395849214 13.28555309813 -3.449708820366
idwt	rbio2.4	antisymmetric	-1.478 10.579 -2.036 -1.931 -7.661 -7.067 12.687 8.041 11.72 -0.15 3.966 8.693 0.597 -3.314 20.925 0.325 -8.52 -5.669 -7.459	-2.614 -7.464 11.686 0.782 -13.566 12.431 -4.051 -1.62 -18.625 -17.394 -7.297 5.76 2.201 17.91 -8.096 9.039 10.388 0.175 -3.375	-2.363515464659 -10.1222114756 4.318588374836 -3.976658051959 -10.19401595952 2.696109768317 -8.11444806168 -6.455708135538 15.54069340003 11.25857626714 1.436918319175 8.610969604594 3.653344524804 17.23150724782 -15.10205517628 12.54833903602 -5.887868244615 10.44493942995 7.179188858126 -0.2158001507834 3.282422823898 -4.66047450354 0.3092929255084 -5.331518838886 24.5427151517 15.43092612079 -1.834091359333 -10.84350458658 -0.2125076848335 -12.82967914659
dwt	rbio2.4	antireflect	11.369 0.738	76.21621151697 46.1472027538 16.07819399062 -13.99081477256 -44.05982353573	0 1.33226762955e-15 -6.661338147751e-16 2.331468351713e-15 6.175615574477e-16
idwt	rbio2.4	antireflect	4.678 -6.457 2.013 2.003 32.097	-4.903 -10.886 11.274 -12.982 -4.765	4.14513729112 -7.985533656635
dwt	rbio2.4	antireflect	-0.66 0.861 13.426 13.749 -4.438	4.409517887479 -16.52579258311 -0.9333809511662 14.65903068078 -6.276279789812 -27.2115902604 -11.61917862846	11.82817287647 -9.069660934715 9.069660934715 -11.82817287647 11.82817287647 -9.069660934715 9.069660934715
idwt	rbio2.4	antireflect	-20.049 3.291 10.25 6.54 -1.672 -8.007 -3.948	-13.437 -5.506 -13.616 -19.516 -2.16 -5.231 19.36	0.973785474585 16.56983207733 -6.883463543982 15.69500840648 -8.857992939185 -2.708152680684
dwt	rbio2.4	antireflect	-11.228 -10.509 -3.165 8.846 10.725 2.187 2.952 13.962 -14.031 3.23 9.759 -16.344 14.38	-43.24205454329 -28.93162750564 -15.87878987833 -2.825952251012 11.48447478664 7.796912922753 -3.843125355749 2.264155913359 20.33639102693 38.40862614049 44.5159074096	6.611459452638 -5.391700255091 5.391700255091 -6.611459452638 8.980664917177 -18.68662251807 -8.142920158166 33.29246551065 -33.29246551065 8.142920158166 18.68662251807
idwt	rbio2.4	antireflect	-3.361 2.822 3.995 0.376 -5.023 9.088 7.473 0.071 -6.237 10.748 -1.431	-4.244 12.104 0.44 -12.963 -5.075 0.87 9.206 -7.741 -10.945 5.758 -7.452	7.564252694656 1.66992105212 -3.477175499398 6.347918545581 -12.66501165492 4.774915316657 7.131845849417 6.666138694202 9.00100528568 -3.531313362333 1.027536638499 1.677058411192 -14.52065872253 9.723359056835
dwt	rbio2.4	antireflect	-3.983 -12.132 9.277 8.367 -22.147 1.252 -14.208 -5.442 -10.559 -7.792 8.089 -20.595 16.698 11.299 15.788 8.203 -13.237 11.718 -24.156 20.503 8.34 -21.447 -1.953 1.041 4.415 -5.381 4.398 -0.915 5.469 -3.259	0.9938385809577 -16.49432633135 -5.632812618932 5.228701093484 -12.25946381882 -11.52796185368 -12.14526607366 -4.316533345753 8.520636713298 18.05880008472 -2.316835368558 -5.689027608036 5.563516154376 -8.595590032104 1.587454723764 0.8838834764832 2.391435133973 -11.60927913352 -10.10172747603	14.39841763774 -19.61296554705 19.61296554705 -14.39841763774 -15.24595140625 -4.805829141247 1.527295404646 31.06752087802 0.4242198745381 -2.519465655541 -23.53982781366 -28.04710321363 28.91486686522 -6.23772037315 9.658879757226 4.178271872944 -2.22044604925e-16 -4.178271872944 -9.658879757226
idwt	rbio2.4	antireflect	11.998 18.682 0.312 -5.639 -5.541 3.377 6.951 2.183 -13.861 3.091 -1.248 0.792 -3.146 14.134 0.467 -11.384 0.43 3.608 1.798	10.71 12.997 3.88 0.867 18.014 1.77 -7.768 -4.262 9.929 5.039 -17.886 12.774 11.302 -6.721 -11.703 4.03 -6.233 7.598 10.704	4.185486571821 -5.851220225971 -2.273403544232 -5.551473242009 1.806249029824 -13.73333951586 9.988877653171 3.307182609783 3.165275117634 10.02266409906 -0.6466270543082 -2.554953577122 -12.52265117249 -11.60457245401 11.13510879402 -1.922976891437 -7.033204453442 12.45950874664 0.327865527058 -10.87512551795 2.719411146465 -3.461928509429 15.79654452084 11.84582844891 -6.625656830979 2.726360680299 -13.60320977103 -7.718755526345 1.098390947682 6.738197294622
idwt	rbio2.4	symmetric	-8.305 16.02 10.208 -5.969 -1.537 22.658 7.417 -19.143 6.263 -11.436 6.883 -11.68 -4.457 3.768 0.872 7.417 -10.652 9.107 4.014 13.74 -8.425 -5.059 -2.593 -15.998 16.657 3.398 -1.634 -7.301 -1.711 10.817 2.589 -12.091 -3.724 9.758 20.948 -3.892 7.602 1.451 -7.807 3.861	-	8.047515985423 0.8196251477429 -6.186212063558 -5.330082528237 -3.894379548841 8.771549135185 20.65861074828 13.99773116076 6.910510378362 -6.840307933243 -21.08154899177 -5.141174532225 12.10736956961 -1.359125524701 -14.7171570679 -1.552452938095 10.99047231163 -0.9604277855466 -12.29724983744 -7.481101356606 -2.776200659829 0.4272029812712 4.239226687191 1.75185705039 -1.610954975695 3.936441353779 9.530860284201 -2.019717937938 -13.35112620354 -1.40643538778 10.93042347795 5.304074256941 -0.6797395390459 7.408711299882 14.57656435242 2.300748689286 -9.865056626659 -6.400133961954 -3.157629525562 -1.593619811012 1.416843115716 -8.574177954886 -18.44915617357 0.2233131603335 18.65048273242 9.588831991715 -0.0491107756621 0.120384929497 -0.4394447674205 -3.863145316491 -6.197404238079 -4.392392645122 -2.291257990457 4.135469815596 9.958118508189 6.543389376405 2.619488119449 -4.459567789335 -11.14030160944 -7.458341357087 -2.510461092625 1.946200929781 6.128483424 13.39662410549 19.9216066085 6.010054086695 -8.545529081704 0.07276570720148 8.42627110364 4.576395087839 1.478040997919 -3.42842932567
idwt	rbio2.4	periodization	-	-8.305 16.02 10.208 -5.969 -1.537 22.658 7.417 -19.143 6.263 -11.436 6.883 -11.68 -4.457 3.768 0.872 7.417 -10.652 9.107 4.014 13.74 -8.425 -5.059 -2.593 -15.998 16.657 3.398 -1.634 -7.301 -1.711 10.817 2.589 -12.091 -3.724 9.758 20.948 -3.892 7.602 1.451 -7.807 3.861	-1.571191267797 5.872521817754 2.727664408427 -11.32785063461 9.27299832848 -7.218146022352 1.498712822725 4.220720376903 -2.653771749793 1.086823122684 7.467401162721 -16.02162544812 10.63311822209 -5.244610996061 -4.145767058097 13.53614511225 -4.553767670841 -4.428609770571 -1.828931689539 8.086473149649 -1.609728587371 -4.867015974907 -1.695995614676 8.259007204259 -5.705291064004 3.151574923748 -0.2435982861188 -2.664378351511 1.640487732353 -0.6165971131947 2.930604054628 -5.244610996061 -1.143745218569 7.532101433199 -0.5462399884666 -6.439621456266 4.638974037974 -2.838326619683 6.276986896593 -9.715647173503 1.879136271003 5.957374631497 -4.76731391876 3.577253206023 -2.70539054482 1.833527883617 -6.57291108452 11.31229428542 0.232991684401 -11.77827765422 7.090513248348 -2.402748842472 0.6236681810065 1.155412480459 -3.158999544951 5.162586609443 -3.186223156027 1.20985970261 3.219457174742 -7.648774052095 4.739736754293 -1.830699456492 -3.359464317417 8.549628091327 -5.591446872233 2.633265653139 2.13334115884 -6.899947970818 10.85621041156 -14.8124728523 6.030206629959 2.752059592378 1.311683079101 -5.37542575058 3.200718845041 -1.026011939502 -2.247185350611 5.520382640723 -1.395121679281 -2.730139282161
dwt	rbio3.1	zero	4.186	2.219961739535 0.7399872465117	4.43992347907 -1.479974493023
idwt	rbio3.1	zero	9.73 1.778	9.869 2.282	15.32883757926 -4.509043166931
dwt	rbio3.1	zero	-7.426 -8.861	-5.504649514842 -6.011998630343	-11.00929902968 12.02399726069
idwt	rbio3.1	zero	-7.572 0.563	-13.597 -7.246	-16.72219149159 9.520662478591
dwt	rbio3.1	zero	-6.062 4.027 3.019 -7.488 -15.752	-2.502981228705 1.341381563911 -11.79118235298 -2.784586504313	-5.00596245741 -1.57331258814 -9.83267334579 5.569173008625
idwt	rbio3.1	zero	-2.772 12.116 -11.267 -6.154	-17.191 4.569 7.663 0.029	-15.53301466232 14.44689864642 20.61216267159 -21.10572320486 -5.705644617394 -3.913836033868
dwt	rbio3.1	zero	-0.483 -2.895 -3.539 -4.164 -17.562 -3.032 -7.413 2.279 -7.125 -4.382 1.305 3.745 -14.381	-0.7679179643686 -4.233625075659 -12.68355111084 -8.240975981339 -4.655060717246 -2.229330904386 -5.409897206163 -2.542225655061	-1.535835928737 -1.9844951814 -14.03147341248 2.368100610194 -8.902827928529 9.875099752661 -19.68691344841 5.084451310122
idwt	rbio3.1	zero	12.397 -12.544 -14.334 11.659 -10.371 -7.047 5.237 -5.777	9.799 -5.129 -7.62 -3.001 16.125 -19.413 -4.118 1.208	21.87399472262 -16.70009440467 -12.30418832273 -5.820726246032 -23.89720400029 20.37263024946 17.29194278053 -23.14325139485 -3.388809248837 3.637003729033 -20.34929572568 13.66183334261 5.626802211292 -7.891665231432
dwt	rbio3.1	zero	4.262 -9.165 16.368 9.021 6.754 0.13 -0.919 -11.593 7.525 -9.73 -12.186 11.793 -9.801 -1.906 7.563 -1.178 8.932 20.146 -6.656 -4.11 -6.899 15.031 0.898 16.792 -11.892 -5.709 -1.668 -2.827 10.984 -3.62	0.6401084136691 6.16809245229 11.28241902392 -1.273852866308 -4.039877817614 -8.207741962623 -1.434719659028 1.059245958217 9.010484935965 8.006570083375 -4.357899092453 10.19647978471 1.748144739788 -6.514221221681 3.391107345875 0.02192031021678	1.280216827338 28.76439675189 -8.145516565878 -7.599276577412 17.16254223957 -1.096015510839 -19.26936689411 13.09208205367 15.17203665053 -33.03885724416 4.709331162702 -6.614276831219 -32.75990361898 7.49108923989 13.95864141401 -0.04384062043357
idwt	rbio3.1	zero	1.96 11.197 10.427 -4.419 -6.539 -2.868 10.144 0.724 -12.006 16.803 -15.196 0.882 13.747 -15.831 15.383 -19.467	-12.727 -15.57 2.438 8.245 -0.35 10.149 -7.085 -3.261 -5.909 5.715 13.693 -19.864 2.12 3.502 -0.593 12.484	-11.38176752667 21.6903237362 0.3634528855299 8.560234693044 15.3723246463 -13.17711164411 1.935528036803 -6.645212752896 -4.313174588543 -6.050535949918 -2.498561811323 13.73660988472 6.169506665853 0.1633416664541 2.238700069237 -9.280069396292 -20.79848530843 20.08077192553 28.64630991943 -30.33063827222 -12.67930847015 14.42197313239 -14.08450642106 16.65625378424 21.92137087695 -23.88359219475 -20.47763560647 21.60865290297 25.09115380032 -32.60239558347
dwt	rbio3.1	constant	-3.507	-4.959646963242 -4.959646963242	0 0
idwt	rbio3.1	constant	-20.019 -14.264	4.806 -0.873	-13.79583007764 -8.438081996594
dwt	rbio3.1	constant	8.335 -8.372	8.834061794059 -8.886387695867	-5.906816496642 -5.906816496642
idwt	rbio3.1	constant	-9.468 -1.846	-7.098 21.612	-9.333455958272 -8.817268008006
dwt	rbio3.1	constant	3.65 0.993 5.509 4.06 7.781	4.692183823259 4.811154539193 8.629000827515 11.00399572883	-0.9393913588063 4.934898225901 4.749989802621 0
idwt	rbio3.1	constant	13.001 -3.237 5.721 5.338	-11.923 9.897 -20.37 10.793	10.36052855795 -11.17087292919 -3.808300346775 16.26575406433 -4.714104133475 1.516213715559
dwt	rbio3.1	constant	9.605 -5.339 -9.136 -5.779 12.595 -2.357 12.365 2.169 -9.911 5.896 11.686 -3.433 7.818	10.94177033208 -7.000180357052 1.583035306381 7.917474628946 -0.8776962921478 6.965355348078 5.773350091693 11.05632163063	-5.283501869026 -9.466392033135 21.88530843111 11.92889139862 -15.09991175885 8.431541258868 10.56594307788 4.440892098501e-16
idwt	rbio3.1	constant	3.029 -5.754 17.633 -5.179 3.326 -0.937 4.705 -8.206	-15.975 13.808 -9.646 8.122 -9.551 3.26 -4.856 13.954	-0.7840046436406 -11.67274196713 -6.719635741616 23.41159841831 16.85389012958 -14.32951892075 -4.050130865941 8.988211072358 -0.6298553653419 -2.210239021294 -1.786858836058 7.320676505624 7.78312434052 -16.90904445851
dwt	rbio3.1	constant	15.206 -14.043 -0.399 6.469 -12.797 15.686 -11.486 11.569 -2.677 15.645 3.869 2.463 2.145 9.848 -0.44 15.368 -2.94 -2.366 -1.2 2.131 18.712 8.446 -7.586 -22.527 6.186 -15.911 -13.478 -9.235 -12.623 15.309	16.33398986871 -3.827392229867 -0.6535434425117 2.010304578913 5.450909399472 10.31103108326 4.868606965165 8.085235712782 6.094906900437 -2.034169432778 12.33459391432 -0.2183192186913 -12.81984594291 -16.12486303818 -11.26827688829 16.71246877334	-10.34108312146 11.38265141015 -14.74777258182 -20.20557627241 -5.517907766989 -10.67306975523 1.776605787731 -6.237035363456 -20.09951025523 3.029599003994 20.99718231394 -31.58469214865 27.51140353562 -2.871560638399 6.584224793019 9.875453306051
idwt	rbio3.1	constant	8.651 -24.12 -7.624 -2.059 -14.701 16.722 4.663 -8.07 -16.369 0.627 6.53 -7.453 -16.597 9.532 7.195 3.963	4.897 21.152 0.341 -14.627 -2.866 -0.93 0.612 -8.169 13.486 -3.389 -20.506 15.211 -0.527 -8.613 18.716 2.954	24.03968601669 -40.72493117896 -11.60980946361 -3.478788586743 -9.763376881233 8.208449069404 -5.250091073615 -10.75916000584 -23.18921333562 23.93379677621 15.70272028981 -1.12642110243 6.679507431783 -5.984067912486 -4.720468094506 -20.21671320421 -11.03068900981 5.865627526638 -7.065941287702 18.17847790744 1.375145912713 -14.65567192357 5.936514981452 -17.37820980783 -22.77590942202 20.63903272927 6.307215711489 -4.141701194105 16.67817409446 -3.215568087446
dwt	rbio3.1	symmetric	-12.922	-18.27446765299 -18.27446765299	0 0
idwt	rbio3.1	symmetric	3.181 0.662	-5.262 -3.887	-0.3378202647119 2.569095712746
dwt	rbio3.1	symmetric	9.045 -10.267	5.963738592527 -7.691907565747	-4.440892098501e-16 0
idwt	rbio3.1	symmetric	-5.436 -13.392	-9.759 -7.468	-7.526621355645 -6.596775938385
dwt	rbio3.1	symmetric	2.027 13.15 4.706 4.225 8.169	6.799185254499 10.57478191264 8.848911036464 8.848911036464	0 -8.179104137985 5.407599109124 -5.407599109124
idwt	rbio3.1	symmetric	-8.82 3.231 3.48 8.086	4.068 -4.386 -5.375 3.617	-9.115313516276 8.1522340803 -1.079575278177 6.174633190016 -1.378858223314 6.378103166303
dwt	rbio3.1	symmetric	1.606 15.017 -6.807 -18.53 2.581 -2.747 8.055 2.155 -1.416 11.966 -11.106 -16.158 0.082	7.012731502418 1.362241213956 -10.14715908672 3.652206524829 3.931160150007 -2.650589769278 -10.47437274972 -10.47437274972	0 -30.26699866191 23.82702365225 11.30663743117 -2.404870162815 -29.68363556743 21.18067652366 -21.18067652366
idwt	rbio3.1	symmetric	4.037 12.78 -7.731 -3.878 -23.786 -4.623 14.293 -5.545	-3.486 -20.161 6.72 -8.498 12.511 -8.321 6.262 -1.192	-5.649252851595 23.43617037895 6.78451278879 -12.71819934312 -4.76731391876 1.938886794014 2.001288967453 -28.99049414517 -18.43038469824 5.707412384347 -13.26267156463 14.94452504368 20.23067856314 -11.40952146784
dwt	rbio3.1	symmetric	-0.929 7.991 5.94 -14.685 -1.997 9.867 -16.418 -20.745 2.557 18.346 17.959 -1.029 1.023 -19.462 14.668 2.052 3.241 -7.899 2.68 21.975 -9.382 -8.578 3.667 -2.69 -14.028 -18.894 11.767 -2.084 1.836 -4.432	1.839891844647 4.627837106171 -6.052657270262 -7.494447997101 -9.304818133634 19.52374855865 -0.2688773535462 -1.998814093719 4.003638595078 1.689808430341 5.635817822752 -4.738499317426 -11.55783711519 -6.627888636757 1.1651351987 -4.051721856199	0 -7.038894453321 14.8460604244 -34.50787158208 37.0064333934 -1.678317945146 -11.0538467569 36.56413810177 -6.717514421272 17.84419317663 -37.2394250778 15.35376309329 -20.00228307281 36.74374322419 -1.569423500844 4.440892098501e-16
idwt	rbio3.1	symmetric	-25.151 -14.852 -3.848 13.704 4.929 -24.291 4.608 9.992 -2.831 1.005 -2.582 -3.376 -1.453 11.969 -6.254 -4.831	7.756 -17.254 2.688 7.652 14.655 1.575 -8.111 -20.989 7.75 17.459 12.042 -3.25 -10.536 -3.574 11.998 -3.426	-20.36255397783 0.9185317087613 -23.06759096926 2.794132445859 -6.148293462417 11.36249886689 19.44137061864 -8.741784359114 21.86657010141 -30.93309324979 -27.99223614683 17.49877151402 -6.657056791481 21.53387636086 1.837947300999 -6.935126533182 3.838352384976 -8.562179236693 13.36661626146 -12.56652493855 4.26668231768 -3.073086071037 -6.653167704184 5.814539061697 -11.99217745553 16.96667366118 15.131731564 -16.59614970784 0.831911128066 -3.216982301008
dwt	rbio3.1	periodic	7.251	10.25446254077 10.25446254077	0 0
idwt	rbio3.1	periodic	9.673 -7.761	-6.416 -1.623	9.314187298485 -9.656780533969
dwt	rbio3.1	periodic	1.83 1.779	2.551948373302 2.551948373302	0.03606244584051 0.03606244584051
idwt	rbio3.1	periodic	3.616 -8.779	-3.107 5.983	6.349111788274 -13.21370442003
dwt	rbio3.1	periodic	-8.493 4.237 -9.746 -5.383 8.153	-0.3828983220125 -5.374541867104 -1.7552158076 -2.538690121155	-14.25456560194 -13.73166013725 14.80009848363 7.173951848528
idwt	rbio3.1	periodic	-0.887 8.419 -4.537 -3.322	-11.427 4.651 -18.957 -2.78	-9.155265049413 8.796761911351 9.649179136072 1.442497833621 -14.18261748695 2.906032093981
dwt	rbio3.1	periodic	8.672 -7.896 -4.422 10.374 14.388 3.795 2.921 -19.041 -4.059 6.158 -15.092 -11.186 -22.755	-10.84189149924 -3.165717059372 13.02119459885 2.739154893621 -10.64566936746 -7.432929707138 -19.13483982899 -4.392724101426	34.49655787358 4.286481307553 7.162638140029 -12.74595328428 17.03526301896 -25.05880366508 -3.868934753262 -11.0913234163
idwt	rbio3.1	periodic	1.379 -0.257 -3.085 18.788 9.518 4.192 9.153 -0.941	-6.731 27.079 16.035 -4.395 -3.008 6.719 4.892 9.807	2.770797922079 -13.93106424955 18.01354525073 -16.47205246774 -2.187788380991 20.51458193578 13.70001710879 5.824968886719 8.205797418975 -1.950377279208 5.638292696486 4.443989343062 14.3689401238 -10.29989415146
dwt	rbio3.1	periodic	1.817 15.5 5.388 17.612 2.314 0.321 -6.16 -5.999 -13.782 6.991 2.929 6.069 -8.754 6.627 -5.971 0.979 -1.75 -8.873 2.185 -3.098 2.602 9.745 -0.234 -7.727 -8.364 -2.467 -6.242 2.799 -10.431 2.987	3.443786801074 14.51212924699 11.57657544489 -3.748019493679 -10.3435579952 3.897395801205 0.2653418196403 -1.026542269588 -3.032957761204 -4.40386103323 1.845902252287 4.137988883504 -9.011015266051 -5.602407027341 -4.622887358702 3.443786801074	7.927020570492 -5.141019852617 -18.01743433802 -9.813227909307 -3.60553747727 2.709986738897 -14.41472528788 -9.921061693438 -3.920553548289 11.25219020902 8.71862661203 -14.23618082563 -1.465125250619 -0.05727564927611 -10.76958983086 7.927020570492
idwt	rbio3.1	periodic	-14.672 1.188 -12.016 23.631 -11.8 -3.644 -14.054 11.992 2.089 6.016 11.928 -13.838 -8.281 15.409 -2.005 -2.926	0.584 8.056 -19.134 -5.18 -5.364 4.226 12.597 -2.519 17.767 8.987 -0.692 -23.252 8.005 -1.123 -6.542 2.634	-14.24820164091 2.071822868877 6.398255709566 -4.441691246023 -32.16275194227 35.44231319341 25.54105048985 -17.11021633776 -13.32507373807 -0.9860604063646 5.571824659055 -21.04579590515 -12.91106271769 16.79732158709 13.78575380601 -11.0011673017 11.09980869768 -2.26450946675 6.807493759178 9.302873589986 13.06662620955 -6.441035669828 -22.66577754085 -4.02573568199 -10.18445896943 18.45195145506 15.30055330801 -3.90658818936 -4.095916030023 -2.635033420092
dwt	rbio3.1	smooth	8.156	11.53432581471 11.53432581471	8.881784197001e-16 8.881784197001e-16
idwt	rbio3.1	smooth	4.832 -0.485	2.46 -0.813	6.457475902491 -2.226502477261
dwt	rbio3.1	smooth	-3.995 14.354	-18.62448550967 33.2743238023	38.92410698398 38.92410698398
idwt	rbio3.1	smooth	8.223 2.193	3.877 4.224	10.7492605109 -3.506719304599
dwt	rbio3.1	smooth	0.561 0.318 3.894 -3.23 -12.991	0.9652007563196 1.761933322022 -11.93613924312 -39.07825626227	-0.515480843485 2.452599870546 -19.77388758249 -20.70620787349
idwt	rbio3.1	smooth	-12.325 -11.108 3.788 -6.094	-0.091 -19.047 -4.712 -8.005	-12.56069130761 2.693016176149 -24.05524236588 13.81103287344 2.258322282415 -2.724659204607
dwt	rbio3.1	smooth	-7.895 11.078 -6.377 14.227 3.571 -1.09 -6.348 -14.388 11.84 4.564 1.924 -3.768 -9.665	-24.58115303439 3.612431768387 8.118823284889 -5.856788691873 -1.666650683257 4.867723081688 -9.534804614215 -26.17780014631	40.24781087836 -10.69251519171 -9.433158014419 -11.92641652488 31.67696958359 -8.318404173879 -12.4369476209 -12.50942606597
idwt	rbio3.1	smooth	-11.663 -4.722 0.686 6.17 -0.93 -1.132 8.558 -18.581	0.549 -15.955 -18.812 -11.462 -11.864 9.17 -9.699 14.732	-13.23032142939 7.479421978001 -17.03791466939 15.19413373744 -13.45659559937 15.70590227032 -1.302844244336 5.150212240772 -5.256985364731 -3.637710835814 -1.077807511224 12.99998139542 13.10710807277 -28.83210222619
dwt	rbio3.1	smooth	7.5 -10.106 12.282 -23.987 9.592 -17.623 -10.911 14.471 15.1 9.346 16.304 -16.712 -4.25 5.663 -2.231 -3.634 -5.339 -6.673 13.147 -24.585 12.074 17.585 -1.4 2.31 -19.27 -10.607 9.427 -13.227 24.791 -11.719	23.05592370737 -1.760519108459 -8.578265915965 -10.87866105186 15.40573544171 13.31800267026 -7.233525594843 0.4263853890555 -6.332671555611 -1.856508854005 -1.202258304712 11.12614842528 -11.11695603712 -6.370501768405 5.727564927611 -42.38963731857	-37.34796596871 12.6137243162 25.0428937625 8.844138065691 7.829086281297 -3.867166986309 9.455785431417 -8.155062507424 -3.3789097539 14.21779604932 40.45181118473 -23.58872866699 -26.1442125742 23.38578902079 32.84793841324 -77.44940574336
idwt	rbio3.1	smooth	5.908 11.302 -6.761 0.258 11.054 0.545 9.175 14.477 -4.983 -10.198 -6.191 6.689 -12.102 2.391 -9.388 -5.06	-0.158 15.594 -0.952 1.312 11.367 -5.222 10.35 -5.778 -3.511 1.852 -5.464 -6.887 -0.704 -1.726 -4.9 8.522	4.943383507275 1.65675118832 22.4796316807 -13.41876538658 -7.535283413714 2.136523139355 -0.9293150871744 5.373127653541 16.63698512445 -2.570156372918 -3.60553747727 4.973081992085 9.080665283998 13.34593338811 13.43202363872 -7.520257394614 -3.214330650579 -9.416364228366 -8.61149993468 -0.3906764966056 -13.04665044298 13.90189609482 7.596624926982 -13.61021454758 -14.35992451234 7.85454212542 4.073642166416 -7.899089852635 -9.26062395981 -5.701048423317
dwt	rbio3.1	periodization	-14.267	-20.17658489438	8.881784197001e-16
idwt	rbio3.1	periodization	8.126	-2.089	7.223095769821 4.268803638023
dwt	rbio3.1	periodization	-11.392 1.366	-7.089452588176	9.021268314378
idwt	rbio3.1	periodization	-4.771	-12.497	5.463106991447 -12.21031989753
dwt	rbio3.1	periodization	15.199 13.39 -4.012 16.658 4.456	15.24009567822 9.861311170428 10.35787690752	-4.912624362294 18.76519975913 -0.5158343968756
idwt	rbio3.1	periodization	-14.154 9.988 -4.984	24.557 9.632 17.056	-29.28889320683 -3.817846288321 6.148823792503 20.47922659672 -19.56564463543 13.10427964564
dwt	rbio3.1	periodization	-0.653 20.685 -12.044 5.12 -6.794 1.98 8.167 -1.721 9.832 -3.221 12.229 -12.153 15.806	11.28860620825 -1.216400440336 -0.2041770830676 5.50659405849 5.363581711995 2.265039796836 14.50099231518	12.78590481742 8.489877568316 10.38350952833 -7.71170655562 -8.912727423466 -19.13395594552 4.065863991823
idwt	rbio3.1	periodization	-5.193 13.436 -3.782 20.801 -0.847 2.134 8.562	0.891 -3.889 9.941 -9.413 2.445 10.451 -13.949	-6.541798386147 -10.47331208954 17.9919784939 15.28305241518 -13.34628694151 -7.757668496398 26.63459112695 17.80247387654 -7.885301270402 1.491288201522 -3.411790219225 2.312946281261 13.87697058079 3.677308815561
dwt	rbio3.1	periodization	9.498 1.299 4.831 10.107 -0.671 -15.37 5.717 -3.991 -19.955 13.836 18.592 3.489 -10.449 -2.668 4.922 8.763 15.784 -8.454 4.196 -25.745 -6.48 -1.299 0.821 -1.152 -15.704 0.37 2.963 15.686 -6.352 -22.4	2.620184177687 8.03308658767 -5.709710481386 -5.329287033108 -0.6639732675342 12.3089612935 -5.469470952478 9.576170360914 6.178168723922 -14.0680661884 -8.531420091711 -3.181273408558 -7.811938941854 8.832647580496 -10.79610633516	0.9312596308227 4.899542886842 -17.1427432497 -11.91793124351 43.82506408438 -24.60519466495 8.759638805339 10.59776288303 -27.32295957844 -31.05931181023 14.88777972449 -7.185619110418 18.50392380348 11.11819347399 -19.20926281771
idwt	rbio3.1	periodization	-7.742 8.701 -3.207 1.886 4.192 7.832 8.127 14.39 -1.13 -9.851 2.03 -7.892 -4.803 -9.673 -9.603	-12.674 7.756 11.478 13.27 5.562 -12.257 -2.945 -8.302 -4.032 8.186 4.216 0.921 5.916 0.679 -0.247	1.948609512255 -16.63822256132 10.09324219466 16.50493293307 -13.93601399702 4.364616606874 -5.932272340765 8.539021489609 -1.516036938864 2.460201268443 12.34201853553 -1.587101170373 9.579529118125 0.5029296981189 17.31297920727 10.54685119479 -2.680288254088 1.593111578013 -13.67756646849 -6.079704104642 1.953028929637 7.342066485755 -10.32216801507 -5.138368202187 -5.604351570989 1.583035306381 -9.967553964301 -6.548162347178 -6.754637527284 -9.819768647033
dwt	rbio3.1	reflect	-4.704 6.597	1.338553136786 1.338553136786	-7.991013734189 -7.991013734189
idwt	rbio3.1	reflect	-1.87 6.831	-11.534 2.846	-10.01227846821 8.436137452946
dwt	rbio3.1	reflect	-14.26 -16.363 19.572 -8.701 16.842	-15.673021805 -2.357140455085 6.2391566838 5.849894400756	-10.47437274972 40.08022657122 17.09642775553 18.24830470208
idwt	rbio3.1	reflect	2.237 -0.952 -9.562 -10.826	-8.823 15.208 -7.716 -3.696	0.7185972663808 -8.306206581903 9.072180002623 -8.401842774059 -11.05985716454 -4.777920520478
dwt	rbio3.1	reflect	-7.747 -15.766 9.334 5.386 -5.79 3.278 -2.811 5.33 2.549 6.333 -14.163 3.166 -7.412	-13.60667901368 -3.828452890039 2.015254326382 0.1663468702741 4.801078267561 -3.142205758898 -4.195794862866 -6.022782008756	-0.3687561863888 31.26578699033 -13.99505741324 -2.52684608257 0.2831962658652 -21.5211484388 -5.092936591496 -13.52058876307
idwt	rbio3.1	reflect	21.018 8.735 -4.413 -8.132 4.123 -9.085 -10.132 -9.314	5.87 -0.863 -5.326 -4.95 4.731 1.879 -0.373 32.305	22.16514593977 1.253877099739 9.425910169912 -4.791885879406 -5.505179844928 -3.49841079992 -11.87179252604 5.614251065926 10.4262894886 -12.92661906687 -5.123342183087 -7.668926595359 -1.940654560966 -23.36316160379
dwt	rbio3.1	reflect	-9.955 5.419 8.222 -10.342 -3.231 9.651 4.416 2.577 -12.487 7.12 -7.228 4.328 0.431 14.521 -5.495 -8.979 -0.267 -9.421 -1.239 -11.378 -18.808 8.796 4.608 -0.369 -9.879 5.291 -20.899 -7.464 16.383 10.792	0.005833630944789 3.646196117188 -4.038640380747 7.344541359489 -3.216275194227 -1.499596706201 3.813073317548 3.275672163847 -7.540233161183 -7.711883332316 -14.67264248632 3.718497785565 -3.684910213458 -11.3432302071 2.943331976689 15.98839142941	-17.29759963478 2.836205299339 8.047582276684 -3.499117906702 -15.02177645953 -9.273351881871 3.556040002587 -24.55711140383 7.852420805077 4.749989802621 -4.332796801721 2.077126169735 -9.845401267851 -26.92485846063 36.49802361772 -2.501036685057
idwt	rbio3.1	reflect	6.023 3.684 15.565 3.484 -1.413 14.817 26.316 -8.286 0.685 -12.463 -7.255 -2.536 1.222 -20.419 2.798 6.969	6.244 10.065 8.423 -10.562 6.587 2.076 -15.689 3.936 -0.155 1.594 -1.699 5.914 -14.763 8.037 -3.303 -12.645	10.17650401814 -4.663545998621 5.231175967218 8.960457131196 17.87725041865 2.304637776582 -0.2420072958611 -4.356661655586 -2.877040715953 13.94997935594 4.739206424208 30.62709279023 23.21732083017 -17.40667085577 -6.970835425632 3.04250370275 5.332469013623 -14.27913756259 -10.10897532054 -2.669504875675 -6.654051587661 -2.960832869523 -2.59525866365 8.976543810468 2.106824654545 -23.74217083851 -18.96849295872 10.51785981676 -3.483208004125 13.6924157109
dwt	rbio3.1	antisymmetric	-3.451	-1.110223024625e-16 0	-4.88045100375 -4.88045100375
idwt	rbio3.1	antisymmetric	2.042 2.878	2.217 6.542	3.480556353695 -1.530709404574
dwt	rbio3.1	antisymmetric	0.861 -3.485	0 5.551115123126e-17	-0.6378103166303 6.783982458704
idwt	rbio3.1	antisymmetric	9.705 12.726	-9.846 -8.034	-0.8474674772521 16.06794094229
dwt	rbio3.1	antisymmetric	-5.542 -7.396 -0.559 14.097 -1.418	-2.22044604925e-16 -2.706451204992 6.875906340258 -6.875906340258	-16.98611909766 14.19516863232 -15.75716751196 -15.75716751196
idwt	rbio3.1	antisymmetric	-6.964 14.899 -7.612 -12.857	-9.091 9.407 31.189 5.644	-15.81232184089 14.88318353041 28.99632777612 -31.54474061551 14.01008343234 -19.45233077375
dwt	rbio3.1	antisymmetric	4.405 15.228 -0.046 3.343 4.422 3.974 0.934 8.571 16.098 8.291 -2.695 -0.662 8.68	4.440892098501e-16 9.421137199139 4.81239197606 4.899719663537 14.71347790293 5.696452229239 2.241351719666 -2.241351719666	20.11223817729 -16.57599716458 2.565736955535 -1.757513904639 10.58468140758 -17.57796747352 7.792670282066 7.792670282066
idwt	rbio3.1	antisymmetric	-3.352 8.765 -1.236 -5.289 -3.946 -8.228 -13.045 17.911	-13.153 -2.998 -18.242 -9.281 -18.103 10.51 -11.955 -14.853	-14.15963651657 14.39687084165 4.918988323324 5.794386518433 -10.75597802532 2.973914344975 -12.33689201136 8.925808898918 -9.018970217339 -9.705570901871 -0.6546041026834 -6.44510153382 -29.13456715184 33.59994647503
dwt	rbio3.1	antisymmetric	7.693 -0.696 -5.263 -18.408 9.174 -4.947 8.875 -0.493 -5.562 -6.56 -5.324 5.492 6.103 7.588 -14.24 -5.16 -19.264 -13.543 5.355 -1.93 -3.021 -2.562 -4.225 -13.629 -7.344 -2.767 -8.93 11.534 -18.562 -8.912	4.163336342344e-17 -5.054399271921 -6.701958072086 3.617735069246 -2.801910620452 -6.314817109386 6.549399784045 -3.361055307675 -17.8641689432 -8.088948023384 -2.131926945277 -6.542682269624 -12.35863554488 -5.462576661361 -6.881209641117 -4.440892098501e-16	15.8271710833 -14.07213205239 29.36685172946 11.24264426748 -10.83358299456 5.219155151938 5.213144744298 -27.13416206786 -14.71312434954 26.17285039884 -3.956262440739 -5.514372233083 7.181730023121 0.1375322689408 -31.91526456885 32.03052297419
idwt	rbio3.1	antisymmetric	27.288 1.062 11.482 -4.423 -1.422 -24.029 1.516 -7.807 -6.795 -8.667 12.908 -12.432 -4.411 -8.083 2.336 3.889	20.985 -6.538 -0.11 -9.503 -1.043 -17.064 6.524 1.824 -0.136 7.445 -6.174 0.054 8.566 5.251 12.837 6.326	38.54103188527 -8.763704669331 -6.419822466393 13.01712873486 12.00402149412 -3.69162772788 -9.412651917765 2.28855109731 3.41762385017 -15.74991966745 -33.91885163335 9.66013929118 8.150466313347 -10.937174138 -4.934898225901 -4.697310347422 -2.89896102617 -10.71461227862 -10.8995207019 18.71340418741 14.82166524045 -16.68701292922 -10.08369625311 -4.835549723144 3.65026198118 -11.31282461551 -4.345171170391 -2.400627522128 9.028869712276 -2.325143873237
dwt	rbio3.1	antireflect	9.718 -6.681	25.33917150382 -21.04420491489	-34.78753231403 -34.78753231403
idwt	rbio3.1	antireflect	3.643 -9.659	-6.706 -4.22	2.976565995405 -8.109454120038
dwt	rbio3.1	antireflect	-2.499 0.198 -11.818 -20.358 3.939	-2.840271163331 -10.20302052244 -5.805169896846 27.47375009953	0.5193699307815 -19.05900262671 39.93208770056 -7.73539463279
idwt	rbio3.1	antireflect	-1.19 1.622 -3.483 -10.534	-4.306 6.109 6.016 -10.071	-3.039321722235 -0.3374667113213 7.255092351669 -8.538137606132 1.440199736582 -5.664102094
dwt	rbio3.1	antireflect	7.283 -1.667 -0.568 15.829 16.849 1.232 18.146 -17.526 -0.268 4.622 8.693 8.568 -1.512	14.85189405535 2.900375239732 17.44750627239 10.15705858166 -5.411841749811 8.528591664586 3.229533446374 -13.98038494753	-15.43295905279 4.187132804796 1.718269478283 5.78660834384 13.52341719019 7.441945318598 -17.86328505973 -2.301279019372
idwt	rbio3.1	antireflect	9.98 7.049 -1.248 -3.285 12.025 -17.082 -8.825 -6.562	7.108 1.143 1.634 -0.244 14.127 1.431 13.745 0.286	12.0648326773 2.085434674414 8.812848590623 -4.884516867741 0.6611448404094 -3.202486611994 -5.367824352682 6.467021844037 26.5387781581 -25.62590330359 -11.8093903526 -10.86328147937 0.2996364985278 -6.42141345665
dwt	rbio3.1	antireflect	7.939 -13.293 8.175 0.766 14.449 3.537 -23.114 -2.852 -5.457 -11.69 8.419 0.896 13.319 3.258 -9.981 -3.244 -4.99 4.457 6.78 14.177 10.153 17.709 5.427 -7.163 -6.375 -5.181 -7.364 0.976 17.65 3.447	18.69236776067 -1.175388247027 10.13938091213 -8.332192756112 -10.55904878676 -2.540988218194 9.602863641904 -1.784383962324 -5.343252392036 7.583366674835 17.23201548082 12.79827918609 -7.136121635735 -7.607408305395 9.185493864309 0.2900905569818	-29.94314375613 20.23421409704 12.87323250489 -34.38448144876 1.275974186651 23.57494008476 11.35189226517 -19.89798482259 3.252691193458 9.240471416546 -0.4041115254481 -19.14915874131 -2.914694152051 0.2835498192558 21.50771340996 -19.21244479823
idwt	rbio3.1	antireflect	-15.684 -3.953 2.92 13.638 0.271 -3.25 20.052 -7.14 4.171 -6.22 9.895 5.514 0.156 4.389 4.937 -0.16	16.644 -4.33 15.742 -6.844 -5.366 -0.305 -1.245 11.29 -8.09 -9.434 1.044 2.458 -20.688 -10.371 -9.857 1.858	-7.176426722262 0.7063996744054 -4.738676094122 -3.088288866832 5.413963070155 14.27966789267 9.79130759909 -0.4787112908633 -1.46318070697 -2.432624103977 -10.9184358083 23.13158413296 25.12827690633 -20.42990589874 -4.490481613925 9.24294629028 0.6650339277059 -1.6387199654 -14.91429622879 13.80838122301 9.533920730738 0.8619631662664 3.439720937082 8.752921290918 -14.19110276833 13.75729275807 -4.332796801721 10.7455482003 0.3940352538162 -1.158064130888
idwt	rbio3.1	symmetric	-6.801 12.474 -3.275 24.134 -16.458 7.844 7.131 -14.894 3.784 3.226 6.264 6.652 -1.402 10.398 7.393 2.003 -24.684 4.818 -1.687 2.421 -22.399 -3.503 -10.454 0.801 1.439 -19.783 -10.781 -3.894 21.802 -12.622 -12.656 -2.931 -9.128 2.412 6.383 -6.4 -13.544 -0.35 17.347 -8.888	-	-11.62377482254 15.63519159221 14.38856233697 -7.883887056839 -12.00631959116 26.75585993993 31.41675428812 -25.98900263573 -20.22961790297 14.13860008983 5.79862915912 4.790294889148 12.82939188446 -18.31866182681 -17.13531862849 9.279362289511 2.872974851961 2.083843684157 1.207031275485 5.503412077975 4.292138161802 4.840853024003 7.551193316291 -3.838882715062 -5.163293716224 11.52442631978 8.414924249511 4.165212494579 7.13329320861 -0.4893178925811 10.85161421748 -26.88950312157 -27.88475591609 13.83737260104 5.706705277566 -3.492753945671 -2.645286468419 3.16430284581 10.48710067178 -24.61367994632 -22.51922966045 4.203749814154 -0.01944543648263 -9.849643908538 -11.37133770165 4.545635942858 0.3408254685319 1.243093721326 8.520636713298 -21.49180350738 -17.17138107433 -4.440630585852 -10.05824040899 -0.3185516049245 -11.83838173063 24.50124996811 27.58706396121 -21.09582370992 -8.913080976856 -8.961164237977 -12.38745014622 1.365776747862 0.1184403858487 -8.645441060177 -10.53447682612 5.785547683668 0.3015810421761 5.91742309836 9.032935576268 -9.044956391548 -1.999697977196 -12.10283966679 -14.24183767988 4.417296062072 -6.504321726744 18.52301568657 21.54165453546 -15.5602382734
idwt	rbio3.1	periodization	-	-6.801 12.474 -3.275 24.134 -16.458 7.844 7.131 -14.894 3.784 3.226 6.264 6.652 -1.402 10.398 7.393 2.003 -24.684 4.818 -1.687 2.421 -22.399 -3.503 -10.454 0.801 1.439 -19.783 -10.781 -3.894 21.802 -12.622 -12.656 -2.931 -9.128 2.412 6.383 -6.4 -13.544 -0.35 17.347 -8.888	5.177966181934 -1.401662417007 -5.413079186678 6.036393814294 -0.4682814658408 2.529497733 -12.22004261577 9.889595441675 4.461843789287 -7.341536155669 -1.250518342528 5.420503807881 -5.168420240388 1.148871742733 6.638141685084 -7.229813284242 0.6261430547407 2.577050664034 -2.379767872083 2.818174076419 -3.892269277041 4.497906235128 -4.635084950678 3.279914804534 -0.4323957966956 1.094601297277 -5.266531306277 6.821282341411 -5.758854402679 4.274814045663 -2.369161270366 -3.301304784665 12.73658411943 -12.23895772217 1.808425592885 2.256908068852 0.04295673695708 -0.4666904755831 -0.985706852974 -2.67569206001 11.45088721453 -12.49811235747 5.817367488822 -3.705769863503 6.163319481517 -5.402472584961 1.423229173833 0.6791760633297 -0.9047431265282 -2.734028369458 10.23713842463 -12.39734964115 9.214662019032 -6.405857107464 3.970934906448 1.788980156402 -10.87388808109 9.330981084538 2.839740833245 -8.931112199777 8.943133015057 -7.229990060937 3.791683337418 -3.168015156411 5.358985517918 -4.414467634948 0.3344615075012 2.407521813245 -3.811482327291 2.253726088337 2.265746903617 -5.788376110793 8.314161533191 -7.244662526647 2.579879091159 2.880929803249 -9.137764156578 7.628444732136 1.647028470079 -5.915832108102
dwt	dmey	zero	13.4	-1.353399942302e-11 -1.490006236478e-07 8.129747493411e-07 1.098891207152e-06 -7.378496357438e-06 -1.995995950106e-05 4.295292163882e-05 0.0008782769946971 -0.03624260647023 0.08101390890413 -0.1482240516597 0.23347401699 -0.3262731951414 0.410778232275 -0.4701732457939 9.977446937072 -0.4701732457939 0.410778232275 -0.3262731951414 0.23347401699 -0.1482240516597 0.08101390890413 -0.03624260647023 0.0008782769946971 4.295292163882e-05 -1.995995950106e-05 -7.378496357438e-06 1.098891207152e-06 8.129747493411e-07 -1.490006236478e-07 -1.353399942302e-11	1.141607591331e-07 -1.447041818309e-07 -1.456113215923e-06 1.578922602687e-06 1.515264900401e-05 9.872547667111e-06 -0.000218590176443 -0.008055413140312 0.02951395695221 -0.08559542546786 0.2046182027545 -0.4305526394688 0.8541029259255 -1.780125685845 5.957546236952 5.957546236952 -1.780125685845 0.8541029259255 -0.4305526394688 0.2046182027545 -0.08559542546786 0.02951395695221 -0.008055413140312 -0.000218590176443 9.872547667111e-06 1.515264900401e-05 1.578922602687e-06 -1.456113215923e-06 -1.447041818309e-07 1.141607591331e-07 0
idwt	dmey	zero	12.048 3.53 0.993 -1.918 15.277 -5.156 -6.715 -4.279 -1.332 -18.081 24.175 30.183 17.511 -14.928 7.792 -2.036 -8.362 -1.989 7.268 -6.072 1.289 -13.959 9.142 -1.625 -6.616 -7.799 -12.299 19.024 -3.433 14.503 17.265	-0.99 -9.227 9.129 -7.157 -0.522 -4.491 -2.17 -5.216 -5.725 -2.336 8.376 3.3 -1.649 11.439 3.502 12.463 3.743 5.815 -7.809 -1.451 12.861 -10.427 -9.965 -5.88 4.647 -0.523 6.943 -10.869 9.127 -11.079 -5.464	2.808959135829 -15.39863702137
dwt	dmey	zero	-8.945 5.846	9.034449614841e-12 1.492682370464e-07 -6.058208790925e-07 -1.368807440915e-06 5.614256078552e-06 1.993464356824e-05 -2.436559480577e-05 -0.0006816467081381 0.02067896788492 -0.04120379274663 0.0616024839411 -0.06658410960242 0.02996291046309 0.09840853860153 -0.462754856405 -4.061227429171 2.912948879466 -1.05082283934 0.590417868321 -0.3436892397246 0.1882135936865 -0.09142240839049 0.03706930650886 -0.004100606935509 -0.0001240367205631 1.763110085067e-05 1.153604746229e-05 -4.471644124364e-08 -1.177947536801e-06 3.633357698102e-08 4.981379548633e-08	-7.620066199139e-08 1.615997427106e-07 6.173345023716e-07 -1.533401543138e-06 -6.89595191308e-06 2.117610773201e-06 0.0001271780857002 0.004994124121574 -0.003890154291982 0.02179431114601 -0.07192477743558 0.185552556472 -0.4278028040005 1.009090650299 -3.7717625593 -8.329731782362 1.393422168269 -0.7493552401704 0.4297527208094 -0.2384476811166 0.1218036482696 -0.0550454967456 0.02118880208694 -0.0002372476255758 -2.532930737185e-05 -1.407053887884e-06 2.16501694213e-06 4.925981133894e-07 -2.580799610575e-07 -1.120226452242e-08 5.90445974828e-12
idwt	dmey	zero	5.212 -6.387 -15.325 4.727 6.555 -10.837 -7.773 -4.434 -19.211 1.258 6.84 -3.432 19.858 -4.078 2.972 -2.821 -14.254 2.299 11.072 12.379 7.356 -18.358 0.879 -17.881 1.763 10.727 -20.432 -1.87 5.863 -13.246 -3.673	-7.139 12.519 9.309 6.731 -3.876 -20.163 -3.253 -3.796 -14.934 4.754 4.215 15.177 3.821 -5.044 -10.104 4.757 -11.864 10.428 -5.364 -4.391 -3.517 7.983 -3.547 -1.166 -1.897 6.7 9.401 4.255 12.12 5.729 -18.376	-2.128277140633 -13.54344457944
dwt	dmey	zero	-9.197 -8.975 4.712 -12.744 -19.15	9.28896960399e-12 2.579866793014e-08 -6.220078518424e-07 8.574867713234e-07 4.616075849416e-06 -2.116142416534e-06 -4.697780734744e-05 -0.0004221533614116 0.03072553661188 -0.08170960185921 0.211275606862 -0.3837857379665 0.6116350967451 -0.8929078392454 1.313421074737 -9.897574231248 -5.153001175698 -19.17968908915 2.161230391297 -1.385935875119 0.9225367407312 -0.5786551872612 0.3268277401688 -0.1517983257602 0.05988129469979 -0.001025069510513 -8.28769044652e-05 9.707690888859e-06 9.846722261762e-06 2.994594024834e-07 -1.153053405693e-06 1.043607056909e-07 1.934149917543e-11	-7.836253502923e-08 3.965050617961e-08 1.188166644196e-06 1.202706881726e-07 -1.166061169889e-05 -2.409008214405e-05 0.0001416308072204 0.006066903471119 -0.04621608940131 0.1004310530136 -0.2349448611749 0.5051916404789 -1.026514648025 2.102249328455 -5.859733066665 6.785485852764 3.976831511094 -9.898156752895 3.311969280733 -1.666366042969 0.8687721756799 -0.429482953103 0.1910053477257 -0.07874121263644 0.01229243517887 0.0003329413289137 -3.378903623767e-05 -2.638137916948e-05 -1.079553062336e-06 2.625078737817e-06 1.05225758484e-07 -1.631605234841e-07 0
idwt	dmey	zero	24.772 9.453 6.181 3.534 15.387 15.391 15.509 4.221 29.018 -1.914 6.001 3.493 0.647 3.403 3.378 -5.407 8.558 6.739 -4.108 -3.745 18.365 9.09 -2.772 0.653 -14.315 -4.941 4.798 -9.613 -18.786 6.141 -6.085 6.393 -4.69	-3.238 -3.249 -1.491 16.943 2.272 4.373 -3.436 21.707 -12.31 0.931 -13.007 12.966 -2.856 13.348 -18.605 8.106 12.791 10.616 1.551 5.695 -15.807 -6.185 17.388 -2.274 -1.09 2.783 11.572 4.283 -5.038 9.203 2.127 -3.176 -1.031	-12.5436409817 -7.284673926139 17.86569989796 0.0005119600494616 12.35456298529 -7.796816978046
dwt	dmey	zero	-3.554 -2.014 -6.479 -9.502 2.676 -7.552 -22.451 4.523 -2.395 -2.257 -8.147 -11.338 12.209	3.58953984697e-12 2.236687569645e-08 -2.027831900449e-07 -4.57141452881e-07 2.752941680486e-06 5.100934999156e-06 -1.879291515516e-05 -0.0002279442920951 0.01059739879943 -0.002451906500388 -0.01218173947071 0.09706267980633 -0.2063436823082 0.3866998744909 -0.6229634288566 -1.889876350602 -9.629290617602 -4.458638884583 -18.02123945331 2.818417008594 -14.08936150859 5.604292979394 0.08780510196417 0.2601537196513 -0.2660842791467 0.2051846226582 -0.1144309451482 0.07191279317231 -0.02668522593445 0.0009784656663024 4.15161093471e-05 -2.88659273578e-05 -8.490346450827e-06 1.828550440655e-06 9.345182380394e-07 -2.323427641547e-07 -1.23310894743e-11	-3.028019368909e-08 -3.922274270785e-08 4.954838780164e-07 7.227818258262e-07 -4.67229233826e-06 -1.514572319955e-05 4.181835130398e-05 0.002373809490206 -0.008791930225307 -0.005872894640138 0.02099135365149 -0.06164261243495 0.1656196272163 -0.3846569898053 0.2164264685919 -4.950799896742 8.802742014201 -3.447782238027 -12.962264929 -1.525183225388 8.71454545502 6.973607012003 -2.254020190281 0.990025068411 -0.4269063479337 0.1476270932147 -0.03197599184541 0.00126503044011 -0.006478795769121 -0.0001741235583943 -1.629385915282e-05 6.955014017052e-06 3.275485363169e-06 -5.963374468068e-07 -3.273254237154e-07 1.040026313261e-07 0
idwt	dmey	zero	26.272 -1.767 13.041 -0.595 -15.73 13.308 6.615 -7.658 0.531 10 0.512 6.736 8.53 -12.121 1.253 8.716 10.154 -0.038 13.827 -7.906 -6.937 12.308 5.514 11.162 2.315 2.644 -2.967 0.164 -1.343 8.329 -15.501 -18.386 16.895 5.087 4.326 2.766 -0.239	-1.999 -1.204 -13.025 -15.277 7.794 10.611 0.379 -2.31 8.056 8.938 -14.302 -15.988 6.146 -15.363 -8.299 3.751 -2.773 -13.015 -13.687 11.214 -3.191 -5.558 8.212 -29.245 -6.976 -14.393 6.186 -9.148 -8.154 -13.317 -1.109 -14.223 -10.367 -10.019 21.816 -6.972 -16.601	6.163401353958 5.679263273184 8.743932139286 3.953990601051 -5.712875163997 14.4150297386 -2.177764677769 14.50631450448 -6.20331764978 -18.05186683125 2.040398325569 6.107018458198 0.02630937038579 11.24525961036
dwt	dmey	zero	-2.808 12.123 1.021 2.805 -4.55 -1.552 -8.864 -4.677 -17.484 -2.56 -5.021 4.73 0.87 -1.805 -6.223 -0.178 -0.912 -4.24 12.551 -13.811 10.9 18.599 5.027 2.184 -1.366 -7.895 -4.671 6.696 4.903 6.437	2.836079879092e-12 1.345037922358e-07 -2.88726046281e-07 -1.478589532274e-06 2.55300454497e-06 1.714044870057e-05 2.748730339205e-06 -0.0003686485950204 0.0003288636590393 0.004998552192993 -0.02133873066636 0.1017256574957 -0.2157417549973 0.4960372539869 -1.178978218898 2.71811671151 7.754331687833 -4.342214458488 -7.640922752431 -16.56524516857 -1.677782906337 2.223427777079 -6.627859424518 0.6776251689691 -1.40070300201 9.676332432515 15.46956928723 -6.99245515776 -3.6444145086 9.958848658746 1.524958359329 -0.07147282792794 -0.07395021165356 0.05570368377711 -0.04193336376357 0.02051766761204 -0.003281324968419 -0.003671127198006 -8.628972666737e-05 6.168708327974e-06 5.839099822366e-06 2.685882585195e-07 -4.896435499454e-07 -6.697964296451e-08 5.483480965227e-08	-2.391039843065e-08 1.738253732094e-07 -4.489683324695e-07 -1.649805055675e-06 3.873684747306e-06 1.964373828511e-05 7.385745955799e-06 0.0008478680677382 0.0258500145958 -0.04254351537896 0.05945210343893 -0.05737292237156 -0.009967685938074 0.2495119520378 -1.297172781097 -9.175612256363 -2.67671660367 -3.443448968889 -6.656769538627 -7.863921720667 -2.579424581954 -0.9692253405129 -3.741650260433 7.312276532716 19.96825850716 -8.45728612194 0.8099219977029 1.50146659205 -4.023262137796 -2.074595356437 -0.8016571383525 0.4040079391369 -0.2250775370348 0.1128752520608 -0.03170391212339 -0.006628558737696 0.01414459981699 -0.0005403588493618 -1.885535469107e-05 1.917792697177e-05 4.641479452073e-06 -1.515889958864e-06 -4.088243765609e-07 1.133535701575e-07 6.501369722832e-12
idwt	dmey	zero	14.05 3.887 1.283 -13.103 21.864 10.055 -10.096 -5.778 -8.567 -0.63 6.651 4.366 -5.298 -12.614 5.849 -3.608 -11.614 -7.353 2.941 16.398 -3.244 3.19 -1.183 0.815 10.336 -10.433 5.292 -3.002 8.737 8.732 -1.543 -7.486 -0.045 1.2 16.48 3.2 1.655 14.074 -11.715 3.466 -5.987 18.9 2.251 -2.167 1.848	2.183 -5.261 3.183 -18.212 -4.546 -23.017 -6.21 -6.417 17.878 -5.763 13.63 2.697 10.418 6.207 5.878 -5.817 11.342 5.631 2.176 3.289 -4.153 -27.436 10.847 -5.72 -16.285 4.068 5.467 7.831 -7.778 1.795 -16.24 2.372 4.362 8.103 3.982 4.034 -3.978 9.826 6.937 5.062 -3.313 12.537 -7.289 6.054 -12.958	-3.812947877594 -2.427130058176 -7.193918906249 -15.48732400259 3.282179544623 -6.454433785097 3.460938865588 7.127769805186 13.17680277284 3.713706425715 0.8082335347929 -0.3609809095219 -13.12192820124 23.61780081999 -7.80237093872 -11.99238395197 8.170641181639 12.04624214719 -5.388179193056 9.939073146098 -11.28684435426 -5.96144939108 8.148465677976 -0.8598592037273 3.436227528207 -6.654558403871 5.62455977102 15.33209368215 3.990217949261 0.05996521944884
dwt	dmey	constant	1.232	1.742311108844 1.742311108844 1.742311108844 1.742311108844 1.742311108844 1.742311108844 1.742311108844 1.742311108844 1.742311108844 1.742311108844 1.742311108844 1.742311108844 1.742311108844 1.742311108844 1.742311108844 1.742311108844 1.742311108844 1.742311108844 1.742311108844 1.742311108844 1.742311108844 1.742311108844 1.742311108844 1.742311108844 1.742311108844 1.742311108844 1.742311108844 1.742311108844 1.742311108844 1.742311108844 1.742311108844	0.001339846704807 0.001339846704807 0.001339846704807 0.001339846704807 0.001339846704807 0.001339846704807 0.001339846704807 0.001339846704807 0.001339846704807 0.001339846704807 0.001339846704807 0.001339846704807 0.001339846704807 0.001339846704807 0.001339846704807 0.001339846704807 0.001339846704807 0.001339846704807 0.001339846704807 0.001339846704807 0.001339846704807 0.001339846704807 0.001339846704807 0.001339846704807 0.001339846704807 0.001339846704807 0.001339846704807 0.001339846704807 0.001339846704807 0.001339846704807 0.001339846704807
idwt	dmey	constant	5.275 5.781 -5.686 -4.883 9.333 5.046 5.187 -21.38 -1.81 9.309 -7.732 -11.935 -2.305 14.275 8.158 4.347 4.172 7.505 -20.923 -2.608 11.531 -5.986 -12.83 -5.028 -19.696 -8.716 -4.923 -6.431 -13.063 -8.06 1.093	-4.126 15.941 2.61 -4.33 2.268 -5.774 -16.228 -0.932 5.783 7.837 9.905 -1.69 3.349 -10.96 18.061 -1.167 -0.204 -5.68 -9.026 6.629 4.135 -4.553 -4.694 2.172 -6.265 -10.052 26.62 2.231 1.936 -2.151 10.49	13.17190448089 3.439024227788
dwt	dmey	constant	-13.607 9.163	-19.24320394321 -19.24320374925 -19.24320424832 -19.24320534118 -19.24320079089 -19.24318758064 -19.24320472171 -19.24350317397 -19.25569894935 -19.26713263215 -19.27491779126 -19.17908981959 -19.5139764042 -18.61705976465 -20.94392853464 -11.61948950414 15.45810710575 11.63427824952 13.7836322773 12.49759315386 13.24202299293 12.84470437396 13.03251926244 12.95724568732 12.95836666261 12.95845642649 12.95844825765 12.9584384027 12.95843779569 12.95843893125 12.95843887205	-0.01479812831491 -0.01479768113695 -0.01479930847645 -0.01480365007725 -0.01478842914966 -0.01472876391864 -0.01478497586754 -0.01664883150089 0.03124836194106 -0.05626312357725 0.0501588031681 0.001125453157562 -0.1760717817182 0.5772493581641 -1.648692213476 -8.479523477785 2.442802837298 -1.280098820583 0.7256597075286 -0.4026900661704 0.1968784512185 -0.08623308188971 0.02550400386617 0.01032339756959 0.009878969484267 0.009929662483387 0.009967948616214 0.009968764311354 0.009964908555163 0.009964915855907 0.009965109867001
idwt	dmey	constant	-0.875 -7.981 11.959 15.807 -9.24 -1.598 -11.069 -11.271 -2.332 11.169 -3.261 -10.523 -11.364 -16.023 5.313 4.144 -21.209 -16.84 4.743 -2.889 8.599 -9.827 -2.61 -0.29 20.212 -1.545 0.586 -6.262 -3.03 -3.996 -13.76	3.082 11.141 -10.716 -7.248 -11.711 -5.182 4.98 -10.358 -15.243 -11.335 -0.246 1.57 -8.547 6.318 -3.479 -7.722 -11.914 -10.691 -5.003 20.953 12.259 3.159 -4.695 5.824 9.814 1.452 -0.221 -8.576 -7.152 5.141 7.821	-2.534704046117 -1.492282906232
dwt	dmey	constant	24.575 -5.453 7.257 13.945 -4.008	34.75429829532 34.75429803951 34.75429872162 34.75430069677 34.75429314092 34.75427203402 34.75430172933 34.75474682547 34.77129731995 34.73989254491 34.91098688017 34.41246470988 35.61104337736 33.02506882795 38.57080198502 21.7616420744 6.921116365213 3.772518524281 -8.835769842763 -4.173224912917 -6.426783181934 -5.366632868903 -5.810915756149 -5.656727537402 -5.678107849831 -5.668447811177 -5.668184926454 -5.66815344085 -5.668163410644 -5.668169284152 -5.668168289463 -5.668167805053 -5.668167957991	0.02672624410168 0.02672576268644 0.02672789119711 0.0267309807101 0.02671312823914 0.02665964306479 0.02674940725201 0.02890281696067 -0.04293245224287 0.1608816497195 -0.2512956852755 0.4025181263228 -0.4807684653513 0.4829834926761 -0.01981306551961 17.36662193238 -11.46818719318 0.7927704568275 -0.7702792861013 0.6140004135504 -0.3957597378577 0.2517635727327 -0.1115019071225 0.03707112333718 -0.005606545847211 -0.004365755249817 -0.004323730788396 -0.0043521079487 -0.004361207950596 -0.004359835322139 -0.004358556344531 -0.004358851924129 -0.004358851942261
idwt	dmey	constant	5.004 -0.71 -2.731 4.28 -2.234 10.917 -1.537 5.115 6.198 1.041 -0.17 -10.208 -0.956 25.488 -2.273 -1.727 13.434 -0.625 11.172 13.166 -24.654 5.693 20.832 11.294 1.394 -6.037 -14.729 6.433 4.111 -9.434 4.476 26.56 -13.33	-22.746 10.9 -0.895 -11.325 -21.459 7.995 13.382 1.163 11.513 7.058 6.217 8.287 -2.424 9.991 -8.629 -4.16 14.847 -4.607 10.226 14.839 -20.256 13.323 -13.028 20.774 -2.093 -4.064 5.947 -12.928 20.49 -9.04 1.611 -5.262 -12.045	-10.43067982142 9.657665575822 16.17201036619 -4.921687463454 4.729377637178 2.527333709597
dwt	dmey	constant	-19.665 5.164 8.061 3.546 6.795 -9.841 2.032 11.962 8.788 -2.726 -6.248 -24.898 -9.573	-27.81050970407 -27.81050949257 -27.81051008277 -27.81051118118 -27.81050549958 -27.81049225439 -27.81052018362 -27.81084394525 -27.82391307694 -27.84313018307 -27.82685263804 -27.78079284337 -28.01151745763 -27.30308727292 -29.26465034382 -20.24537560972 13.43074313432 -0.6580743758987 1.657625183701 14.529930123 -18.16026897498 -19.57047846314 -11.9979127356 -14.22316066094 -13.20573673998 -13.72464947931 -13.46697613283 -13.58425796182 -13.52889853503 -13.53800930377 -13.53828074466 -13.53828498377 -13.53826795964 -13.53826466023 -13.53826624576 -13.53826656316 -13.5382664326	-0.02138643297007 -0.02138592067636 -0.02138775524426 -0.0213928818189 -0.02137450931216 -0.02130728476521 -0.02137996308921 -0.02346349910077 0.02722092299568 -0.06460076476546 0.005057214953018 0.1126692209786 -0.4285959903045 0.9340230467719 -2.257036390128 -8.175918285673 6.219754686886 7.665252017967 -3.24003435104 3.573749155774 10.51334981455 0.2774013213573 -0.05118061636217 -0.1034899161564 0.1493954849552 -0.1511260510577 0.09550669144026 -0.0546398727785 -0.009426206789231 -0.01031790563539 -0.01042702563883 -0.01042289915749 -0.01041038032491 -0.01040987396962 -0.01041114248144 -0.01041100042548 -0.01041100041
idwt	dmey	constant	3.564 -6.211 -0.769 5.427 2.995 10.728 -10.736 10.17 3.175 -5.737 2.919 -5.152 -1.41 -10.763 -0.831 -6.958 -7.385 -5.412 -10.972 0.15 -3.584 1.295 12.065 8.045 -17.015 -4.627 7.036 -1.3 -5.919 -17.427 2.764 -18.178 0.687 4.401 -4.647 -10.82 -4.253	8.913 -15.58 -18.717 -9.037 9.678 12.828 -7.813 -0.423 3.979 6.914 -2.369 5.693 -0.885 -1.361 18.449 -9.865 -6.138 -1.831 4.84 2.256 -12.964 4.411 -1.449 6.05 -0.437 -3.252 9.632 -6.739 8.127 -8.159 4.528 2.247 -13.538 4.687 -0.615 -14.117 15.898	-0.8760709422731 0.5560726234066 -14.39180949625 0.980710162205 -4.779152723139 -5.553479281992 -8.439175193032 -7.261759403717 6.23108567967 -2.087308893697 -9.404983504981 7.378194726085 -1.86804551947 1.19898506209
dwt	dmey	constant	5.445 11.73 1.327 -11.06 11.938 5.164 -2.676 -5.566 3.556 -24.277 10.256 11.412 -15.227 10.022 -9.037 -0.322 5.976 -1.253 -4.012 0.066 7.43 -8.866 4.715 -4.74 -6.753 0.31 2.713 18.717 -1.619 2.457	7.700392847122 7.70039290067 7.700392684421 7.700392017973 7.700395436956 7.700400233889 7.700382073714 7.700261717641 7.696630296485 7.735655795861 7.581234533954 8.014990118541 7.054437584998 8.90561890958 5.533795757545 12.91414798777 0.2263179028672 3.792469313189 3.402042668402 -13.17983616794 1.719321491361 1.159085165573 -4.466689772984 3.094373770027 -2.280847277564 1.540954925287 -1.570597203941 -8.123796386028 10.46540613174 7.698664890578 1.554778815794 4.270704286585 3.14743113884 3.592382602295 3.442347289198 3.485997207064 3.475970362349 3.474192818852 3.474724834658 3.474746997319 3.474726534722 3.474720701405 3.474722278743 3.4747229066 3.474722722755	0.005921643924914 0.005921678704502 0.005921178868733 0.005922434904331 0.005925233574788 0.005919330426447 0.005882859122803 0.005620387056566 0.02633407176793 -0.08954201341668 0.2207954495576 -0.4335212140511 0.7057948349268 -1.069778267919 1.690770357521 -7.948265196721 13.72702850032 0.7953161566022 0.7669350549758 25.87130990347 -9.954005768636 -19.36390619049 1.433625727335 2.000338222461 -1.144505238477 14.43616978689 -0.2371105430976 -0.9086946746047 -12.82410744421 -1.724585648383 0.2969213578232 0.01031313110009 -0.09554477580648 0.0911881491555 -0.06883929688748 0.0378211465246 0.004039700842301 0.002669921612454 0.002692216144649 0.002677960589919 0.002670408033949 0.002671431963756 0.002672307641297 0.002672045935351 0.002672080644246
idwt	dmey	constant	-5.728 -3.343 3.684 3.728 -12.666 23.332 7.918 3.486 -4.933 20.157 10.406 -1.323 -3.905 -8.021 6.195 -0.623 -8.417 1.032 10.262 -11.021 -3.148 14.666 -8.99 -7.373 -11.359 0.025 7.863 14.207 8.604 -0.116 -6.908 13.698 15.746 -0.477 7.438 9.968 3.451 10.17 -2.026 1.76 -17.502 19.75 2.526 -4.151 5.332	3.312 4.688 -6.32 6.023 -1.102 5.91 11.954 -3.673 -13.474 -5.701 2.764 -8.21 1.256 8.409 10.14 11.002 -16.717 -0.424 -7.653 0.047 -9.725 7.057 11.252 1.376 -17.078 -6.576 -14.261 -4.796 -6.015 -6.435 -17.481 -16.069 2.809 3.571 13.49 -15.984 -11.304 -14.29 1.358 3.277 1.142 8.564 -3.29 -8.24 -0.5	10.38611182992 -13.3250957217 -9.753008448088 8.707606867828 -6.76117629876 5.474871309938 5.711785288874 7.471087469898 -10.8220580431 -11.15921616855 -5.714489127955 16.24143373106 8.025457848602 -3.816729363234 1.566522674741 -14.45942233764 1.621775676925 -8.121489718533 -16.35419261673 7.580970279056 -7.944751789809 7.356045533444 -1.823574027472 19.12909783888 2.613034328664 11.60716319102 3.199029881995 8.118921800802 -4.494153141162 0.128699589732
dwt	dmey	symmetric	1.809	2.558312334333 2.558312334333 2.558312334333 2.558312334333 2.558312334333 2.558312334333 2.558312334333 2.558312334333 2.558312334333 2.558312334333 2.558312334333 2.558312334333 2.558312334333 2.558312334333 2.558312334333 2.558312334333 2.558312334333 2.558312334333 2.558312334333 2.558312334333 2.558312334333 2.558312334333 2.558312334333 2.558312334333 2.558312334333 2.558312334333 2.558312334333 2.558312334333 2.558312334333 2.558312334333 2.558312334333	0.001967356078731 0.001967356078731 0.001967356078731 0.001967356078731 0.001967356078731 0.001967356078731 0.001967356078731 0.001967356078731 0.001967356078731 0.001967356078731 0.001967356078731 0.001967356078731 0.001967356078731 0.001967356078731 0.001967356078731 0.00196735607873 0.00196735607873 0.00196735607873 0.00196735607873 0.001967356078731 0.00196735607873 0.00196735607873 0.00196735607873 0.00196735607873 0.00196735607873 0.001967356078731 0.00196735607873 0.00196735607873 0.00196735607873 0.001967356078731 0.001967356078731
idwt	dmey	symmetric	-3.496 -6.511 1.298 1.895 -1.712 9.857 0.815 0.3 3.068 20.65 -22.735 3.537 16.335 14.918 5.123 -3.052 -8.787 -1.484 1.314 -21.846 -4.349 -1.537 13.486 -15.979 5.42 -24.296 16.513 3.439 -13.276 2.356 -0.885	-6.479 1.374 -2.776 -20.638 -2.955 -34.478 4.552 0.427 -16.249 4.704 6.821 2.28 11.493 7.339 8.789 4.735 6.06 15.659 -8.921 -1.454 -0.757 -1.024 5.619 2.114 1.103 3.552 0.042 0.042 0.307 9.908 16.134	4.080178599541 -7.955287422066
dwt	dmey	symmetric	4.094 16.925	21.27408454135 8.451270326168 21.27408454135 8.451270326168 21.27408454135 8.451270326168 21.27408454135 8.451270326168 21.27408454135 8.451270326168 21.27408454135 8.451270326168 21.27408454135 8.451270326168 21.27408454135 8.451270326168 21.27408454135 8.451270326168 21.27408454135 8.451270326168 21.27408454135 8.451270326168 21.27408454135 8.451270326168 21.27408454135 8.451270326168 21.27408454135 8.451270326168 21.27408454135 8.451270326168 21.27408454135	6.422836587254 -6.399977627929 6.422836587254 -6.399977627929 6.422836587254 -6.399977627929 6.422836587254 -6.399977627929 6.422836587254 -6.399977627929 6.422836587254 -6.399977627929 6.422836587254 -6.399977627929 6.422836587254 -6.399977627929 6.422836587254 -6.399977627929 6.422836587254 -6.399977627929 6.422836587254 -6.399977627929 6.422836587254 -6.399977627929 6.422836587254 -6.399977627929 6.422836587254 -6.399977627929 6.422836587254 -6.399977627929 6.422836587254
idwt	dmey	symmetric	-2.711 -0.645 -3.935 -8.033 -9.707 4.678 13.746 20.302 -5.572 -0.097 -5.215 -3.454 10.589 -6.847 -1.619 -8.365 0.925 10.255 1.077 15.254 4.898 15.117 9.048 -9.495 3.43 -9.872 -3.015 -2.976 3.785 1.087 11.448	4.438 12.408 12.262 7.039 7.79 9.186 -13.146 -7.568 13.469 -7.886 -8.794 10.482 -1.01 1.36 -0.866 -12.725 9.914 -5.078 -0.052 -14.845 10.12 1.059 9.772 0.024 9.834 -12.985 -5.09 1.896 17.264 -16.529 -13.101	-14.70007248275 4.409793954918
dwt	dmey	symmetric	-4.869 6.256 -32.66 9.855 5.211	1.843709501786 -20.41428105524 14.55026883157 -5.6201741458 -13.27968233769 1.843709501786 -20.41428105524 14.55026883157 -5.6201741458 -13.27968233769 1.843709501786 -20.41428105524 14.55026883157 -5.6201741458 -13.27968233769 1.843709501786 -20.41428105524 14.55026883157 -5.6201741458 -13.27968233769 1.843709501786 -20.41428105524 14.55026883157 -5.6201741458 -13.27968233769 1.843709501786 -20.41428105524 14.55026883157 -5.6201741458 -13.27968233769 1.843709501786 -20.41428105524 14.55026883157	-22.00193499853 -19.3181949499 6.480830987292 26.66655680232 8.155116431914 -22.00193499853 -19.3181949499 6.480830987292 26.66655680232 8.155116431914 -22.00193499853 -19.3181949499 6.480830987292 26.66655680232 8.155116431914 -22.00193499853 -19.3181949499 6.480830987292 26.66655680232 8.155116431914 -22.00193499853 -19.3181949499 6.480830987292 26.66655680232 8.155116431914 -22.00193499853 -19.3181949499 6.480830987292 26.66655680232 8.155116431914 -22.00193499853 -19.3181949499 6.480830987292
idwt	dmey	symmetric	-8.765 -11.27 -19.069 -9.674 13.304 11.919 -14.57 -11.237 0.295 19.45 17.305 -13.015 -0.27 3.678 15.289 18.132 -2.244 -13.086 2.38 10.801 -15.757 24.498 0.231 -8.82 -2.317 1.196 -4.944 16.179 -3.205 9.335 -11.226 1.669 -3.152	-4.087 -1.277 2.286 13.576 6.052 7.017 5.924 -4.607 9.096 18.683 3.277 -14.27 -7.132 -6.916 13.785 13.455 -13.798 1.542 1.415 -22.953 -7.715 2.208 -2.521 22.195 -19.257 0.256 -19.256 16.404 -7.99 1.669 -15.293 -3.505 6.474	27.48793129314 -3.342364086433 -3.91411485269 2.809198204966 -15.98015609716 -8.211709284683
dwt	dmey	symmetric	-4.415 -3.819 -3.603 11.207 0.932 21.88 -6.431 3.967 -0.423 -19.6 8.401 -1.302 -2.531	7.923993216039 -6.284578743581 -6.362811783583 -1.168051728514 13.93626866112 8.143756623298 -9.901022991142 -1.632485587977 -2.670304068603 0.9887019807427 -9.159541293438 -1.433881287814 13.64874941984 7.923993216039 -6.284578743581 -6.362811783583 -1.168051728514 13.93626866112 8.143756623298 -9.901022991142 -1.632485587977 -2.670304068603 0.9887019807427 -9.159541293438 -1.433881287814 13.64874941984 7.923993216039 -6.284578743581 -6.362811783583 -1.168051728514 13.93626866112 8.143756623298 -9.901022991142 -1.632485587977 -2.670304068603 0.9887019807427 -9.159541293438	4.222478813521 -0.6450101245928 -0.1726625039225 -8.837758418183 -16.24726875463 -8.28865857066 19.9110561398 1.48488485555 2.131730105959 -14.46331552114 -8.65454180339 16.9450912588 12.61861069701 4.222478813521 -0.6450101245928 -0.1726625039225 -8.837758418183 -16.24726875463 -8.28865857066 19.9110561398 1.48488485555 2.131730105959 -14.46331552114 -8.65454180339 16.9450912588 12.61861069701 4.222478813521 -0.6450101245928 -0.1726625039225 -8.837758418183 -16.24726875463 -8.28865857066 19.9110561398 1.48488485555 2.131730105959 -14.46331552114 -8.65454180339
idwt	dmey	symmetric	-6.805 4.306 -6.221 8.23 3.729 1.605 18.849 6.105 -1.192 -17.991 1.926 -7.102 -30.935 22.834 -5.408 -6.959 10.137 -13.784 -8.183 11.746 9.82 2.181 5.855 0.374 15.91 -12.449 -5.865 -13.104 -5.619 3.221 -9.868 24.251 4.91 -9.641 -8.651 -7.145 2.038	9.412 -9.969 12.479 -19.772 -10.834 -11.774 6.34 -3.762 -0.322 6.949 -5.009 5.387 -11.386 -7.395 -5.207 4.836 -1.79 0.664 -10.935 -5.062 6.336 -10.832 -3.341 8.958 -3.273 5.259 -3.27 -4.673 -14.208 21.347 12.06 0.589 19.748 17.984 11.058 5.755 5.44	-3.983376529372 1.340297160134 8.400191136637 1.159131533669 -10.32710851797 -12.58971358418 -8.153275898174 10.50588235733 -0.9102888226456 13.2907816664 10.71694083817 -1.95610214726 -0.2276449260462 11.82801072392
dwt	dmey	symmetric	-3.297 -19.006 9.402 -13.134 -2.597 6.96 -2.463 -2.862 24.954 -7.198 14.832 -4.11 3.003 -3.371 -5.794 -13.283 14.284 -7.062 -3.701 7.288 -0.849 -2.027 9.162 -3.933 0.994 2.703 21.08 14.911 -3.859 -22.15	-32.41148453231 22.88992909708 8.82412773212 -0.3678451840626 4.135455134415 -0.4109641227295 1.253759479845 -5.756334276565 -5.861138707422 3.261628959456 11.52947404676 7.12271625894 -0.7412656814971 -5.25833895394 -9.497103075466 -11.14866560487 -7.743651369041 -2.146086178881 0.9796312073985 13.24805146866 5.558761281631 1.189704303208 -10.46922726971 0.8874758384298 -1.016224607033 2.03790770243 3.884944515166 -2.035680796754 24.78776795818 -4.173350830261 -32.41148453231 22.88992909708 8.82412773212 -0.3678451840626 4.135455134415 -0.4109641227295 1.253759479845 -5.756334276565 -5.861138707422 3.261628959456 11.52947404676 7.12271625894 -0.7412656814971 -5.25833895394 -9.497103075466	0.8117888468854 -4.911041059619 -3.373338416165 -9.034196546076 2.881127169568 5.004029651224 -20.4984728226 -0.8072257119858 -4.781697185357 -13.73210384803 -23.52273999472 5.546218334138 0.859534885632 -20.80968236479 -6.366545482351 16.98915813167 13.94433638209 -11.25608639001 11.88122144685 21.1246517014 9.515277244355 -1.259606709467 12.85529697755 11.80360334925 -11.66993174307 8.268961749254 3.790789403166 6.362706004478 0.6150195416194 -0.2213984708643 0.8117888468854 -4.911041059619 -3.373338416165 -9.034196546076 2.881127169568 5.004029651224 -20.4984728226 -0.8072257119858 -4.781697185357 -13.73210384803 -23.52273999472 5.546218334138 0.859534885632 -20.80968236479 -6.366545482351
idwt	dmey	symmetric	2.72 2.782 11.262 -1.402 15.068 -3.389 -2.775 1.613 10.591 11.695 -10.61 13.42 10.615 -2.182 -3.416 3.237 10.752 -9.851 -6.337 -1.974 -13.079 2.558 -12.215 13.089 3.797 8.19 10.65 -5.595 -1.169 0.901 15.75 -8.374 -29.364 9.053 -2.087 -12.073 -6.687 -2.336 -18.963 4.576 1.437 8.017 9.048 7.157 -0.381	-1.612 -0.845 8.017 -12.026 9.205 5.825 -9.226 -17.202 0.308 -6.56 21.183 1.761 -0.442 -8.384 -11.8 -16.149 9.093 0.729 -19.436 6.32 -6.358 4.107 8.255 5.905 -6.112 -0.109 1.487 7.345 -3.601 -3.986 -7.007 16.829 -3.049 1.074 -6.895 -18.77 13.948 2.285 -18.893 -14.873 1.568 -4.04 3.673 -25.527 -7.241	-9.183502445709 18.94439319545 3.756574367056 -5.251722439681 2.432571668617 -10.18594258254 -16.49125697175 15.07157381685 -4.706576835871 -13.57337868393 -8.386902575214 3.447057397594 -0.4709296496811 -8.122616780402 -3.693898744605 -6.0895801158 16.01231436076 4.452351220199 1.287854579356 5.853556119835 3.283708985924 9.359549903364 7.793959180279 0.3179395475089 0.1333747684525 -9.22271320742 0.5469131769951 2.996156076016 -1.728321365805 7.771900351604
dwt	dmey	periodic	4.379	6.192841189632 6.192841189632 6.192841189632 6.192841189632 6.192841189632 6.192841189632 6.192841189632 6.192841189632 6.192841189632 6.192841189632 6.192841189632 6.192841189632 6.192841189632 6.192841189632 6.192841189632 6.192841189632 6.192841189632 6.192841189632 6.192841189632 6.192841189632 6.192841189632 6.192841189632 6.192841189632 6.192841189632 6.192841189632 6.192841189632 6.192841189632 6.192841189632 6.192841189632 6.192841189632 6.192841189632	0.004762328506777 0.004762328506777 0.004762328506777 0.004762328506777 0.004762328506777 0.004762328506777 0.004762328506777 0.004762328506777 0.004762328506777 0.004762328506777 0.004762328506777 0.004762328506777 0.004762328506777 0.004762328506777 0.004762328506777 0.004762328506777 0.004762328506777 0.004762328506777 0.004762328506777 0.004762328506777 0.004762328506777 0.004762328506777 0.004762328506777 0.004762328506777 0.004762328506777 0.004762328506777 0.004762328506777 0.004762328506777 0.004762328506777 0.004762328506777 0.004762328506777
idwt	dmey	periodic	7.431 -1.149 9.714 2.105 2.193 2.137 1.939 -21.717 3.121 6.917 -5.293 -0.428 -3.933 18.237 -5.112 5.753 -4.849 3.596 10.892 -0.94 5.719 -2.508 7.478 -6.33 12.133 -7.138 5.49 6.766 -30.057 -1.543 -6.685	-7.846 7.988 -17.545 -9.351 18.793 -3.899 11.799 3.428 -5.277 4.351 -1.72 5.745 -14.294 -16.338 5.963 8.836 9.056 10.06 -1.679 -4.16 13.739 11.858 -11.82 15.019 -8.183 -12.804 8.553 -15.132 -2.86 0.329 -9.429	12.06076674705 -3.507825011813
dwt	dmey	periodic	8.998 -11.334	-1.662857351242 -1.662857351242 -1.662857351242 -1.662857351242 -1.662857351242 -1.662857351242 -1.662857351242 -1.662857351242 -1.662857351242 -1.662857351242 -1.662857351242 -1.662857351242 -1.662857351242 -1.662857351242 -1.662857351242 -1.662857351242 -1.662857351242 -1.662857351242 -1.662857351242 -1.662857351242 -1.662857351242 -1.662857351242 -1.662857351242 -1.662857351242 -1.662857351242 -1.662857351242 -1.662857351242 -1.662857351242 -1.662857351242 -1.662857351242 -1.662857351242	14.37562483081 14.37562483081 14.37562483081 14.37562483081 14.37562483081 14.37562483081 14.37562483081 14.37562483081 14.37562483081 14.37562483081 14.37562483081 14.37562483081 14.37562483081 14.37562483081 14.37562483081 14.37562483081 14.37562483081 14.37562483081 14.37562483081 14.37562483081 14.37562483081 14.37562483081 14.37562483081 14.37562483081 14.37562483081 14.37562483081 14.37562483081 14.37562483081 14.37562483081 14.37562483081 14.37562483081
idwt	dmey	periodic	-4.216 -5.229 7.854 -26.715 -5.701 -10.262 2.363 -9.008 1.728 -1.804 -13.999 9.948 0.484 7.949 7.512 -0.498 5.413 5.488 11.518 6.539 -13.591 2.942 -4.168 -3.833 13.837 18.503 -6.131 -7.912 11.404 -2.066 3.449	9.293 -8.803 -7.837 9.512 5.248 6.339 -12.428 -6.919 -17.757 21.411 9.056 1.062 -0.158 1.331 7.392 1.515 5.88 -5.385 11.172 11.384 -9.952 11.033 3.59 23.481 -1.033 15.641 -1.038 -1.034 1.006 30.428 9.068	2.382110695566 0.7442199859804
dwt	dmey	periodic	14.315 -0.822 9.37 -3.078 0.159	10.74919852881 3.645441936835 3.781065273508 10.63889718198 -0.6095276331579 10.74919852881 3.645441936835 3.781065273508 10.63889718198 -0.6095276331579 10.74919852881 3.645441936835 3.781065273508 10.63889718198 -0.6095276331579 10.74919852881 3.645441936835 3.781065273508 10.63889718198 -0.6095276331579 10.74919852881 3.645441936835 3.781065273508 10.63889718198 -0.6095276331579 10.74919852881 3.645441936835 3.781065273508 10.63889718198 -0.6095276331579 10.74919852881 3.645441936835 3.781065273508	11.58508572552 4.081501552126 -9.78378597244 -9.528595709969 3.667484260834 11.58508572552 4.081501552126 -9.78378597244 -9.528595709969 3.667484260834 11.58508572552 4.081501552126 -9.78378597244 -9.528595709969 3.667484260834 11.58508572552 4.081501552126 -9.78378597244 -9.528595709969 3.667484260834 11.58508572552 4.081501552126 -9.78378597244 -9.528595709969 3.667484260834 11.58508572552 4.081501552126 -9.78378597244 -9.528595709969 3.667484260834 11.58508572552 4.081501552126 -9.78378597244
idwt	dmey	periodic	-8.217 -4.262 9.1 -6.964 5.049 5.314 -6.372 4.173 -8.043 -7.092 -13.756 -4.823 5.315 0.866 9.139 -12.229 1.052 8.54 1.424 9.698 8.557 8.062 -7.428 3.282 -8.894 1.218 3.845 11.353 -1.783 -13.866 26.526 4.024 -17.082	-7.608 -16.858 15.847 -1.18 7.597 -4.289 3.959 17.434 4.574 5.16 -6.322 1.142 -2.065 8.295 10.138 11.005 -8.017 5.899 -10.771 -7.588 -9.302 -0.971 -0.849 -2.325 -5.575 3.868 24.15 -9.236 -3.902 -5.424 -1.884 8.519 -0.183	0.5805841011024 -16.533981018 0.3466384057116 13.71707966857 5.148893725373 -3.284099783086
dwt	dmey	periodic	-1.129 4.248 -16.764 -1.947 2.536 -20.858 3.304 3.065 22.251 10.11 4.77 -10.63 -6.85	21.10234373344 -12.56692766675 -0.9306605125884 -9.127180225599 -7.236004350822 -8.330519148714 27.01605658407 -0.3269587946166 -7.441978160653 -4.378431248285 -7.516406506775 -11.90085772153 10.47372215745 21.10234373344 -12.56692766675 -0.9306605125884 -9.127180225599 -7.236004350822 -8.330519148714 27.01605658407 -0.3269587946166 -7.441978160653 -4.378431248285 -7.516406506775 -11.90085772153 10.47372215745 21.10234373344 -12.56692766675 -0.9306605125884 -9.127180225599 -7.236004350822 -8.330519148714 27.01605658407 -0.3269587946166 -7.441978160653 -4.378431248285 -7.516406506775	-5.426562226953 1.029005925002 -9.628477306934 -5.088000120172 17.46191974962 6.891084697755 5.45772530688 4.390155887901 -1.605980609077 17.06336891577 -13.33785877479 -10.64370305519 -6.571263414074 -5.426562226953 1.029005925002 -9.628477306934 -5.088000120172 17.46191974962 6.891084697755 5.45772530688 4.390155887901 -1.605980609077 17.06336891577 -13.33785877479 -10.64370305519 -6.571263414074 -5.426562226953 1.029005925002 -9.628477306934 -5.088000120172 17.46191974962 6.891084697755 5.45772530688 4.390155887901 -1.605980609077 17.06336891577 -13.33785877479
idwt	dmey	periodic	-13.892 0.5 -11.498 -1.069 -13.236 8.502 7.327 4.242 -5.418 -10.61 -7.756 -10.17 -1.469 13.926 -4.928 -2.501 3.809 -11.017 -0.827 18.957 -9.02 1.705 9.123 -9.435 -7.318 3.02 23.659 1.864 5.016 6.844 -24.504 -5.171 17.806 3.227 9.971 -6.457 5.895	14.689 4.588 -20.196 -24.498 -11.474 -1.365 -5.769 -6.626 2.385 -6.57 5.951 -3.745 22.56 -5.472 4.865 -3.166 -3.768 10.986 2.369 0.867 -18.757 0.151 -7.521 4.626 -8.772 3.77 -3.235 15.662 -7.134 -2.572 8.364 -18.457 6.026 7.995 -2.901 6.815 21.507	3.041816808841 5.491515311103 -4.250775056018 0.6020626412696 -2.444203568986 -16.78573618213 3.31499411021 9.817314028079 16.71130068445 2.462435185693 -15.05958560868 7.685273864372 -5.609902338508 6.323872149046
dwt	dmey	periodic	13.071 2.548 -0.345 -12.489 14.502 -21.079 -6.595 -16.845 2.054 -1.684 1.907 1.028 7.485 -13.396 7.792 -11.405 -15.624 6.611 -12.203 -3.834 19.73 15.203 -4.629 -1.399 2.316 10.201 -22.452 -3.655 -5.185 -12.939	7.135867081761 -2.346250626823 -2.717176039581 -19.84800288188 -4.606986815307 2.348190470968 2.512853784716 -7.954595109704 -8.868810566181 -10.18395423809 19.70120862217 1.759801854778 3.40805811416 -10.11311778531 -13.61512476399 7.135867081761 -2.346250626823 -2.717176039581 -19.84800288188 -4.606986815307 2.348190470968 2.512853784716 -7.954595109704 -8.868810566181 -10.18395423809 19.70120862217 1.759801854778 3.40805811416 -10.11311778531 -13.61512476399 7.135867081761 -2.346250626823 -2.717176039581 -19.84800288188 -4.606986815307 2.348190470968 2.512853784716 -7.954595109704 -8.868810566181 -10.18395423809 19.70120862217 1.759801854778 3.40805811416 -10.11311778531 -13.61512476399	0.3539800295331 15.10446820734 18.60134103074 7.82913779224 4.217449340142 1.444330734939 16.4529131906 7.501062439308 -21.87429578785 10.79961275325 -6.036960499117 0.2164489487463 -13.11025097089 -12.91280905794 17.31247566665 0.3539800295331 15.10446820734 18.60134103074 7.82913779224 4.217449340142 1.444330734939 16.4529131906 7.501062439308 -21.87429578785 10.79961275325 -6.036960499117 0.2164489487463 -13.11025097089 -12.91280905794 17.31247566665 0.3539800295331 15.10446820734 18.60134103074 7.82913779224 4.217449340142 1.444330734939 16.4529131906 7.501062439308 -21.87429578785 10.79961275325 -6.036960499117 0.2164489487463 -13.11025097089 -12.91280905794 17.31247566665
idwt	dmey	periodic	-8.232 -6.925 10.443 -17.769 -4.548 5.683 -10.376 0.173 -3.938 4.99 -4.547 7.161 -6.801 17.312 9.767 -0.102 0.361 -14.073 17.082 -9.474 -0.413 -7.452 -5.676 7.333 -13.78 8.993 -4.956 -12.521 7.456 12.148 -0.228 -0.776 8.172 2.761 7.099 5.572 -12.544 9.337 -13.307 -2.734 10.609 0.563 -4.719 -5.598 7.999	7.895 -22.044 -0.367 -3.438 -8.143 1.772 8.748 -6.164 7.688 -5.91 7.313 -14.679 5.549 1.809 -10.384 15.538 -6.575 -0.828 -11.693 -6.919 -10.332 4.621 -12.478 0.411 -3.7 -5.952 8.804 7.077 -7.781 -1.671 6.486 6.102 11.865 -4.983 11.475 5.931 2.799 -3.936 16.008 7.504 -0.364 -7.857 -1.09 -0.707 -1.751	3.664481534078 -8.427276103898 5.564687041067 -3.139711173283 -15.44357007163 1.713213185663 9.857965078985 15.08148770081 -14.96155174728 -4.044717986067 -6.594749707522 9.783215249745 -6.526132947789 -13.74554094441 -6.266989299841 14.53558321913 -0.9785706106356 -5.005893373154 -8.617559310409 -0.09947783172862 1.151626727576 9.698988863333 -3.158186480208 -16.39757112874 -0.2996095703278 -6.975976384517 4.042645641342 14.60431119043 3.240638451001 6.000252542129
dwt	dmey	smooth	-7.314	-10.3435579952 -10.3435579952 -10.3435579952 -10.3435579952 -10.3435579952 -10.3435579952 -10.3435579952 -10.3435579952 -10.3435579952 -10.3435579952 -10.3435579952 -10.3435579952 -10.3435579952 -10.3435579952 -10.3435579952 -10.3435579952 -10.3435579952 -10.3435579952 -10.3435579952 -10.3435579952 -10.3435579952 -10.3435579952 -10.3435579952 -10.3435579952 -10.3435579952 -10.3435579952 -10.3435579952 -10.3435579952 -10.3435579952 -10.3435579952 -10.3435579952	-0.007954252271881 -0.007954252271881 -0.007954252271881 -0.007954252271881 -0.007954252271881 -0.007954252271881 -0.007954252271881 -0.007954252271881 -0.007954252271881 -0.007954252271881 -0.007954252271881 -0.007954252271881 -0.007954252271881 -0.007954252271881 -0.007954252271881 -0.007954252271881 -0.007954252271881 -0.007954252271881 -0.007954252271881 -0.007954252271881 -0.007954252271881 -0.007954252271881 -0.007954252271881 -0.007954252271881 -0.007954252271881 -0.007954252271881 -0.007954252271881 -0.007954252271881 -0.007954252271881 -0.007954252271881 -0.007954252271881
idwt	dmey	smooth	6.225 3.739 -0.802 19.489 -5.751 -18.718 6.773 -9.022 31.824 6.529 12.123 -10.033 5.771 4.18 -24.187 -3.416 -4.388 5.025 18.806 14.388 -6.947 -8.762 -5.739 2.949 0.642 -0.938 -5.268 -12.578 -18.487 9.056 5.946	-3.629 3.595 -5.796 -1.398 0.465 9.112 13.44 6.559 11.286 1.721 -5.429 4.168 0.699 4.291 -12.165 1.051 7.027 6.168 -6.571 -14.582 12.745 6.684 3.345 -4.348 19.365 4.318 -0.316 7.33 -2.069 9.336 19.284	-8.21719504226 -1.581985767695
dwt	dmey	smooth	-10.154 -4.744	-243.8867856855 -228.5849949406 -213.2832041957 -197.9814134509 -182.679622706 -167.3778319611 -152.0760412162 -136.7742504714 -121.4724597265 -106.1706689816 -90.86887823672 -75.56708749184 -60.26529674697 -44.96350600209 -29.66171525721 -14.35992451234 0.9418662325405 16.24365697742 31.54544772229 46.84723846717 62.14902921205 77.45081995692 92.7526107018 108.0544014467 123.3561921916 138.6579829364 153.9597736813 169.2615644262 184.5633551711 199.8651459159 215.1669366608	-0.1816666825956 -0.1698995224122 -0.1581323622287 -0.1463652020452 -0.1345980418618 -0.1228308816783 -0.1110637214949 -0.09929656131144 -0.08752940112799 -0.07576224094454 -0.0639950807611 -0.05222792057764 -0.04046076039419 -0.02869360021073 -0.01692644002729 -0.005159279843834 0.006607880339616 0.01837504052307 0.03014220070652 0.04190936088997 0.05367652107342 0.06544368125687 0.07721084144032 0.08897800162377 0.1007451618072 0.1125123219907 0.1242794821741 0.1360466423576 0.147813802541 0.1595809627245 0.1713481229079
idwt	dmey	smooth	9.953 -6.221 1.288 3.877 9.094 -10.875 5.403 9.571 -3.598 3.93 2.694 1.445 -1.385 13.363 -9.994 0.587 2.082 -0.018 -5.135 8.69 7.264 -21.741 8.925 -5.978 -1.021 -8.803 2.586 3.362 8.847 -13.145 -5.771	-7.331 3.481 -3.907 -10.965 4.455 2.044 -7.516 15.023 2.401 4.788 16.06 0.512 -22.641 -17.856 2.37 -8.935 2.91 9.95 -2.337 -8.377 -4.175 -5.965 22.312 15.363 1.959 -3.399 -5.569 7.153 -20.72 -3.671 2.528	-0.373387252431 9.907760311848
dwt	dmey	smooth	3.205 -11.152 -1.501 -11.868 3.364	613.6484779171 573.0407496871 532.4330214287 491.8252944836 451.2175664243 410.6098273942 370.002084766 329.3944466279 288.787940845 248.0998710282 207.5756632216 166.6643502703 126.4485971646 85.10839691052 45.49987179313 2.987043834824 -12.89525497757 2.918411257872 48.33587842786 90.20642630743 134.1347586533 176.7666744621 220.1811668177 263.1679241381 306.3369794034 349.4183014486 392.5008082466 435.5834242566 478.6660373915 521.7486393038 564.8312399385 607.9138419217 650.9964438858	0.4562852303372 0.4250578713601 0.3938306460187 0.3625995746506 0.3313658279635 0.3001704351074 0.2690654426565 0.2375615118099 0.1895528772843 0.2619332613166 0.1017098867385 0.4245261462899 -0.1843474332105 0.9588522838116 -1.398852932169 7.303980148244 7.782219953907 -1.526349290755 1.040751545383 -0.2283113842293 0.4647322530962 0.09448976913736 0.2825127436053 0.2008814824828 0.2519842498933 0.2854263531227 0.3184268258947 0.3515216714134 0.3846588558069 0.4177935016354 0.4509238865632 0.4840544233246 0.5171851782071
idwt	dmey	smooth	-12.035 -3.07 7.798 -10.732 7.456 -1.969 -5.646 -5.788 7.783 -4.495 14.778 -3.405 -4.833 -8.425 0.201 16.145 3.852 -16.001 7.878 -4.492 2.152 -8.214 -6.125 14.137 -11.723 -6.256 -2.729 -2.026 -11.165 13.559 2.418 -6.895 -3.532	9.717 -8.103 -7.049 1.804 1.07 9.692 -15.925 -4.985 -11.381 15.164 -15.335 7.846 -15.537 -0.199 2.018 12.507 2.429 -10.523 6.419 -0.356 8.542 3.213 -9.711 8.813 8.894 -6.178 15.972 5.51 -0.868 -17.888 14.255 -13.392 3.501	14.29254173947 1.733045866309 12.55161322134 -10.28005671724 -18.61821513689 5.157155803571
dwt	dmey	smooth	8.433 -1.395 -7.711 -12.583 -5.951 -4.694 1.857 3.493 -12.188 -10.939 3.483 -2.018 -1.867	428.8927897016 401.0950079196 373.2972261706 345.4994445068 317.7016630263 289.9038804189 262.1060937957 234.3083186539 206.5107063588 178.699379525 150.8683420531 123.0771579823 95.26797659871 67.3580825717 39.8363301238 11.30899686795 -11.34167209423 -12.93589757987 3.999925595253 -12.47924220992 -2.968442982373 -1.803819458687 -2.469972150004 -1.78969684815 -1.286557401322 -0.9962209398819 -0.4667602046229 -0.08861396094808 0.349786650053 0.7764341919979 1.203484212308 1.63058290059 2.057681411218 2.48477382521 2.91186558866 3.338958220757 3.7660507166	0.3191325619253 0.2977559467003 0.276379540261 0.2550023087477 0.2336214454856 0.2122493239061 0.1909273483408 0.1695643624327 0.1451539716901 0.1392633560111 0.1475768459023 0.101650509723 0.1109904668473 0.1564231314417 -0.1060282761381 0.9267058638631 1.274720542353 4.879231571821 -7.698252227463 4.155014568613 3.713546559821 -1.145846283091 0.4676649554259 -0.1615305628632 0.02309259948183 0.008017335695741 -0.005741614691194 -0.002599879842703 0.0003756370038157 0.0007467261024268 0.001089206253405 0.001420112938857 0.00174670699105 0.002074782680919 0.002403506923819 0.002731895229282 0.003060331678025
idwt	dmey	smooth	6.629 17.178 2.836 9.147 10.827 -10.226 4.172 -5.82 -0.136 0.206 12.228 -5.092 -12.195 24.346 33.069 15.9 -4.657 2.132 1.776 -8.479 -8.395 10.904 10.876 -5.986 -8.443 9.461 11.047 -10.586 -2.974 -9.617 -5.884 -9.583 3.779 -5.723 -0.329 10.81 6.807	-4.79 12.665 1.477 15.539 2.379 -2.461 1.833 4.606 9.55 7.214 10.457 -6.398 18.886 -2.798 6.85 -24.144 2.284 -16.457 -3.152 -6.65 14.416 -15.456 -9.989 13.653 0.069 -9.125 11.491 -13.713 -6.987 -2.762 -8.63 -5.699 4.68 7.843 -20.141 7.002 -4.541	4.416947485379 22.14719743721 -12.76740815882 -6.691664862257 -0.9623561744159 17.24501695407 -7.979887400051 -2.231136842658 -9.206653802445 -1.529189189224 -2.744370999444 -11.07058004855 10.74454989672 22.66753058071
dwt	dmey	smooth	4.807 7.861 7.908 -5.02 -2.498 11.642 -2.989 -13.307 -3.244 3.402 -10.945 -5.167 -3.615 -5.612 -17.965 -1.878 7.535 -1.901 -13.661 -10.035 6.175 -3.025 -3.404 4.91 -2.955 -1.283 -7.922 14.686 13.607 3.608	-122.7721219903 -114.1341055513 -105.4960892407 -96.85807250552 -88.22005555677 -79.58204210453 -70.94402996075 -62.30600306627 -53.66793883452 -45.01164611238 -36.39524888879 -27.64339381705 -19.33059164668 -9.833270884671 -3.137745749566 9.801892564841 3.952887580419 2.645628566129 -2.90178189272 -7.518213301992 -6.340804256192 -7.314802839593 -16.39053880182 6.4430791797 -15.71202060268 -0.4384313603631 -1.111952062857 -0.5608363254899 -2.276659090205 20.30597888355 -10.32236703629 -36.2770079311 -66.08122090461 -93.48784479677 -122.2726097422 -150.3288047858 -178.7236985655 -207.0083102459 -235.2897533188 -263.5712187624 -291.8526693386 -320.1341108373 -348.4155525454 -376.6969956175 -404.9784383618	-0.09109108778241 -0.08444843186688 -0.07780606966902 -0.07116166986702 -0.06451695948801 -0.05788827533804 -0.05128714289025 -0.04455503863135 -0.03467682324098 -0.07658338407568 0.06227800964714 -0.2405216151286 0.3120016831109 -0.5265121843228 0.6133883489611 -1.073586972209 7.278505091517 -13.38011983015 10.74719204 -11.11016692848 2.091413015654 -7.286662768426 -0.5636978055404 -0.3182903051663 2.294517022968 5.867762611392 -6.980457143395 -3.865630780144 -8.646282827878 3.958652621952 -2.064753826276 0.9490593153489 -0.6624101153171 0.1248674215761 -0.224801751103 -0.1220075055738 -0.1471554286078 -0.1702166366134 -0.191888004461 -0.2135592880226 -0.2353033082008 -0.2570591520556 -0.2788081967883 -0.300556326898 -0.3223049100081
idwt	dmey	smooth	1.044 8.642 4.745 -6.626 -7.4 -16.623 13.475 -5.31 -8.71 3.354 -3.427 -4.02 -5.556 17.034 -9.727 -5.666 1.125 3.45 5.32 -0.599 -8.102 -8.886 20.331 -6.036 -1.595 -18.261 9.56 1.44 5.325 1.925 9.156 -5.314 5.063 9.196 0.799 1.242 2.912 -8.885 -6.275 -7.477 1.357 11.085 -2.258 -10.82 -1.153	-13.152 0.352 23.804 -2.768 -8.846 4.573 -4.735 2.054 -13.284 12.167 12.659 -19.764 -8.973 -4.689 -1.075 18.346 -1.182 16.329 -0.285 5.964 -21.725 4.134 -19.886 25.481 13.552 -1.208 7.021 11.746 -0.77 4.227 -7.903 7.041 5.209 -5.737 1.849 -6.253 1.42 11.297 11.514 1.324 13.721 14.194 -12.521 -29.856 -3.889	6.605412805638 -13.97930307829 5.012441006327 3.465637287962 8.258512818148 -9.589330641735 9.764695633895 4.109367376771 2.645686123614 -8.540154140316 -12.66558434027 7.527223247163 -13.22535615697 1.863500568832 10.19376841337 22.31048434299 -7.783603871221 -23.46799806772 22.04890146464 -15.7890061871 -14.54722100511 -5.07960523527 9.918604211386 2.967379234806 8.262088644364 -8.348180206655 7.973573178192 4.010246358638 1.886437556407 0.8534089317404
dwt	dmey	periodization	-3.377	-4.775799200134	-0.003672615521212
idwt	dmey	periodization	2.321	18.613	14.81143244117 -11.50880041979
dwt	dmey	periodization	-14.751 -16.225	-21.90414116947	1.025431608323
idwt	dmey	periodization	0.307	-1.154	-0.5997138901081 1.032622435009
dwt	dmey	periodization	17.325 -23.407 7.523 -18.189 -5.703	2.823611223935 -12.96751568327 -9.800110042627	29.63100746892 9.621116544629 7.715569684452
idwt	dmey	periodization	16.402 -5.845 -6.03	2.084 22.556 -1.961	6.347777880809 4.947315165011 7.948014150561 -25.45087712825 4.95162555166 7.68295344933
dwt	dmey	periodization	-11.852 0.056 -3.119 7.5 10.143 -15.92 -8.26 6.074 4.444 -4.037 -14.335 4.779 -1.913	-13.17616128434 4.584776449876 2.406806475166 -11.14546898802 7.1027113306 -13.09591821177 3.286309173979	-9.543859496448 0.9758818904176 10.96845123842 -6.076448184896 0.769018545583 -11.65243157706 -0.6100353248031
idwt	dmey	periodization	-6.933 0.268 12.383 -3.229 -5.518 15.035 25.412	24.277 -1.809 11.863 5.461 5.768 -10.587 1.147	8.84136900132 -24.86082243442 7.846778325488 9.887029111946 10.28653452189 -5.494506675469 5.772682722958 -8.353035822823 -0.413725335587 -2.940565589764 10.15157412858 26.26425044814 9.513299298139 6.455463245777
dwt	dmey	periodization	1.53 10.646 -2.136 -1.341 -9.596 -3.422 17.94 -2.496 4.455 -4.908 -3.782 11.534 -9.468 12.031 -6.334 -14.559 -10.439 15.112 2.784 -9.41 -2.996 21.395 -4.471 6.921 -3.852 -1.568 4.06 5.907 -1.761 7.983	8.37233279528 2.920477887616 -10.71728542613 12.2128099017 -0.8481787417112 -1.855455950896 6.93109142284 -9.773115735127 -6.273643585343 5.173520730222 -1.678715229955 13.18722433777 -5.535725384393 5.70271310052 3.267095286605	-4.973566518463 -6.688992753525 5.795397037236 13.20311125956 1.367329076204 -12.0885843119 -15.2538726049 5.257781837435 -15.31643390167 9.778873595067 -20.16536521607 -7.142275749394 0.6876844094766 -2.022304039415 -7.499854392715
idwt	dmey	periodization	-7.735 1.367 -14.211 17.214 -0.291 22.27 -9.618 -24.408 0.474 -10.264 -8.458 -8.031 2.031 -1.702 -14.402	-2.022 2.736 -7.503 -2.48 15.275 2.883 -5.554 -5.027 -2.712 -21.084 8.346 9.635 11.983 -20.895 5.873	-1.968244414568 4.899751895145 0.6560534930975 -11.38974692732 -11.10505869988 8.31064814026 6.527818337747 8.408608129854 5.027648877374 -4.878407915258 24.78919684472 9.235518794919 -9.339807492753 -16.34433190649 -22.32510245333 -1.844574566738 0.7322246759874 -1.389642452525 -18.92943141091 8.321035362577 -10.75503085883 -13.19955652338 1.293167991345 -7.713326150204 12.530280134 -8.190599429076 -7.068790875586 10.60617586725 -16.92858666429 -16.84156407011
dwt	dmey	reflect	-10.823 22.98	8.614678160866 8.614678160866 8.614678160866 8.614678160866 8.614678160866 8.614678160866 8.614678160866 8.614678160866 8.614678160866 8.614678160866 8.614678160866 8.614678160866 8.614678160866 8.614678160866 8.614678160866 8.614678160866 8.614678160866 8.614678160866 8.614678160866 8.614678160866 8.614678160866 8.614678160866 8.614678160866 8.614678160866 8.614678160866 8.614678160866 8.614678160866 8.614678160866 8.614678160866 8.614678160866 8.614678160866	-23.89571992526 -23.89571992526 -23.89571992526 -23.89571992526 -23.89571992526 -23.89571992526 -23.89571992526 -23.89571992526 -23.89571992526 -23.89571992526 -23.89571992526 -23.89571992526 -23.89571992526 -23.89571992526 -23.89571992526 -23.89571992526 -23.89571992526 -23.89571992526 -23.89571992526 -23.89571992526 -23.89571992526 -23.89571992526 -23.89571992526 -23.89571992526 -23.89571992526 -23.89571992526 -23.89571992526 -23.89571992526 -23.89571992526 -23.89571992526 -23.89571992526
idwt	dmey	reflect	2.421 10.45 4.379 5.141 2.792 -3.25 7.702 4.36 -12.181 -0.87 2.982 0.871 -4.415 4.622 22.963 8.631 -4.864 12.051 -5.39 1.98 8.156 -2.034 8.573 1.739 -2.483 -4.47 -1.966 0.419 2.173 2.361 -6.657	18.296 6.193 5.037 4.278 3.089 -2.558 3.304 -13.207 8.641 -18.524 -15.978 -25.778 -0.752 -4.465 7.27 -4.144 8.283 -17.183 -14.214 4.026 4.261 -3.59 -9.662 -11.476 16.991 8.594 13.338 3.23 10.889 15.111 -1.657	7.41846329083 1.520012145066
dwt	dmey	reflect	0.127 -1.227 -2.3 -9.446 15.782	-6.902725856113 4.759915185349 -6.902725856113 1.930548988887 -6.902725856113 4.759915185349 -6.902725856113 1.930548988887 -6.902725856113 4.759915185349 -6.902725856113 1.930548988887 -6.902725856113 4.759915185349 -6.902725856113 1.930548988887 -6.902725856113 4.759915185349 -6.902725856113 1.930548988887 -6.902725856113 4.759915185349 -6.902725856113 1.930548988887 -6.902725856113 4.759915185349 -6.902725856113 1.930548988887 -6.902725856113 4.759915185349 -6.902725856113 1.930548988887 -6.902725856113	12.59017757447 12.59017757447 -1.047620509148 -1.047620509148 12.59017757447 12.59017757447 -1.047620509148 -1.047620509148 12.59017757447 12.59017757447 -1.047620509148 -1.047620509148 12.59017757447 12.59017757447 -1.047620509148 -1.047620509148 12.59017757447 12.59017757447 -1.047620509148 -1.047620509148 12.59017757447 12.59017757447 -1.047620509148 -1.047620509148 12.59017757447 12.59017757447 -1.047620509148 -1.047620509148 12.59017757447 12.59017757447 -1.047620509148 -1.047620509148 12.59017757447
idwt	dmey	reflect	-4.78 3.141 11.011 7.882 1.536 -8.697 15.465 -7.332 5.472 9.235 3.127 -12.09 19.104 -10.615 -23.033 1.6 9.741 -6.759 -2.058 6.179 -0.524 -4.327 7.134 16.765 11.306 -3.307 7.263 6.114 4.316 -5.88 4.894 2.197 6.231	-10.958 -1.147 8.375 -17.431 13.2 -23.561 19.384 -5.331 1.432 0.315 -14.749 -2.825 -9.326 10.415 3.062 4.206 2.057 -0.305 -10.508 -5.028 11.712 -8.582 4.327 -9.638 -2.937 9.284 -8.404 -8.504 -0.64 1.641 3.184 1.65 9.281	1.569449460127 3.64213386546 10.4444666692 -0.2061608345369 -4.606623043967 -5.116182685056
dwt	dmey	reflect	-1.145 17.663 -7.099 7.351 -1.403 -6.653 -14.457 -6.854 5.506 11.789 5.486 7.321 1.461	-18.6462320066 0.3449014463107 3.308342541322 13.95250770688 3.308342541322 0.3449014463107 -18.6462320066 7.060914183819 11.8400418839 4.876224760107 11.8400418839 7.060914183819 -18.6462320066 0.3449014463107 3.308342541322 13.95250770688 3.308342541322 0.3449014463107 -18.6462320066 7.060914183819 11.8400418839 4.876224760107 11.8400418839 7.060914183819 -18.6462320066 0.3449014463107 3.308342541322 13.95250770688 3.308342541322 0.3449014463107 -18.6462320066 7.060914183819 11.8400418839 4.876224760107 11.8400418839 7.060914183819 -18.6462320066	-1.710742266282 -7.277024224162 -15.66269941875 -15.66269941875 -7.277024224162 -1.710742266282 0.03644417909075 -1.71081003343 -3.664653328583 -3.664653328583 -1.71081003343 0.03644417909075 -1.710742266282 -7.277024224162 -15.66269941875 -15.66269941875 -7.277024224162 -1.710742266282 0.03644417909075 -1.71081003343 -3.664653328583 -3.664653328583 -1.71081003343 0.03644417909075 -1.710742266282 -7.277024224162 -15.66269941875 -15.66269941875 -7.277024224162 -1.710742266282 0.03644417909075 -1.71081003343 -3.664653328583 -3.664653328583 -1.71081003343 0.03644417909075 -1.710742266282
idwt	dmey	reflect	-0.438 12.326 2.012 -17.52 2.221 2.476 -7.621 0.402 -6.849 14.048 -10.744 -1.697 -1.76 14.285 7.229 4.786 2.642 -5.224 0.165 -7.701 10.304 5.482 1.783 -3.459 -7.026 -7.722 -7.037 -9.577 9.009 -13.827 -1.077 4.865 1.255 -0.444 1.866 -3.685 -7.434	-8.977 4.117 -4.459 11.684 -1.484 -10.105 -9.967 2.681 7.686 1.577 8.313 -13.444 -10.957 4.803 -1.954 -2.673 -19.733 -13.214 9.248 3.199 2.105 2.07 -7.018 5.256 -4.624 11.701 13.193 3.141 12.964 -1.039 7.363 -2.219 -2.455 -13.565 15.266 -19.616 -19.837	2.203375453402 6.185893095991 -4.988698691364 11.54072839756 -19.78070581409 8.445326597075 1.075515066276 -10.07860666225 0.1284724391166 -2.298572211162 7.866999176129 6.739165735544 6.896266589486 -0.3635875354916
dwt	dmey	reflect	-10.747 -24.079 -20.236 7.888 4.646 -7.371 -6.625 1.521 -5.799 -0.388 -19.048 6.733 -14.851 -15.442 14.815 -14.411 -5.66 6.8 -12.012 26.337 -9.625 15.805 -12.974 -4.948 -0.408 -11.998 -7.112 3.033 -1.963 11.321	5.242869749522 5.242869749522 -9.227405037851 -8.279176545176 -5.84015828753 10.66446729452 4.972358631533 -7.464332092301 -3.520351189149 -12.04339699957 -10.81683025754 -2.622533652412 -9.106667225027 5.521365552446 -17.79366280308 -30.7082643874 -17.79366280308 5.521365552446 -9.106667225027 -2.622533652412 -10.81683025754 -12.04339699957 -3.520351189149 -7.464332092301 4.972358631533 10.66446729452 -5.84015828753 -8.279176545176 -9.227405037851 5.242869749522 5.242869749522 -9.227405037851 -8.279176545176 -5.84015828753 10.66446729452 4.972358631533 -7.464332092301 -3.520351189149 -12.04339699957 -10.81683025754 -2.622533652412 -9.106667225027 5.521365552446 -17.79366280308 -30.7082643874	-7.105221493535 -7.291188534343 7.090546884185 -0.9353579667913 -20.60658470548 -24.84478371232 -14.15256099448 15.81693066881 14.38758359644 -22.87439563977 -5.022863777839 -8.399689038277 8.216409637193 -12.36419896753 5.62637494141 5.62637494141 -12.36419896753 8.216409637193 -8.399689038277 -5.022863777839 -22.87439563977 14.38758359644 15.81693066881 -14.15256099448 -24.84478371232 -20.60658470548 -0.9353579667913 7.090546884185 -7.291188534343 -7.105221493535 -7.291188534343 7.090546884185 -0.9353579667913 -20.60658470548 -24.84478371232 -14.15256099448 15.81693066881 14.38758359644 -22.87439563977 -5.022863777839 -8.399689038277 8.216409637193 -12.36419896753 5.62637494141 5.62637494141
idwt	dmey	reflect	-2.967 10.196 0.515 -5.665 1.535 -8.692 -4.948 -6.898 -16.595 -22.418 8.172 3.8 -0.39 -2.106 -3.682 11.648 12.606 -7.201 -7.014 -11.956 -2.788 8.975 -2.897 -1.145 8.978 5.922 -3.454 4.644 14.87 -13.234 -2.153 10.73 -3.672 7.826 5.188 2.614 14.002 9.223 -0.752 -3.691 -15.9 9.756 10.665 -0.74 18.414	-1.916 -3.91 0.207 20.061 -7.157 -14.098 0.195 3.511 -6.836 -7.463 4.157 19.261 -3.591 -6.43 14.88 7.863 -8.374 9.671 6.372 -1.279 -13.812 13.531 7.4 -16.325 -8.488 0.055 0.014 3.993 -4.61 3.065 12.117 4.968 -4.925 5.796 -7.691 4.654 -12.155 2.717 7.221 -4.96 -0.982 -0.579 -8.809 -15.277 -5.328	19.85427631702 5.792619391096 5.79134780174 7.640891966427 -5.118040999845 -13.6155769307 2.481954039675 -9.882359018434 -5.87536137425 -7.340183340385 -9.530522251268 14.78711471357 4.63679197284 -7.251690015549 10.57328763866 -8.387492531223 -6.19417859503 14.78117356421 -4.527619187382 12.65841072302 2.679330626097 0.4798112387014 -2.811075122261 -2.097001183537 5.29869676692 7.334314552547 10.61326746179 4.604624365675 -11.80714455538 -12.83765090046
dwt	dmey	antisymmetric	-4.446	0.00483519354673 0.00483519354673 0.00483519354673 0.00483519354673 0.00483519354673 0.00483519354673 0.00483519354673 0.00483519354673 0.00483519354673 0.00483519354673 0.00483519354673 0.00483519354673 0.00483519354673 0.00483519354673 0.00483519354673 0.004835193546731 0.00483519354673 0.00483519354673 0.00483519354673 0.00483519354673 0.00483519354673 0.00483519354673 0.00483519354673 0.00483519354673 0.00483519354673 0.00483519354673 0.00483519354673 0.00483519354673 0.00483519354673 0.00483519354673 0.00483519354673	-6.287593498311 -6.287593498311 -6.287593498311 -6.287593498311 -6.287593498311 -6.287593498311 -6.287593498311 -6.287593498311 -6.287593498311 -6.287593498311 -6.287593498311 -6.287593498311 -6.287593498311 -6.287593498311 -6.287593498311 -6.287593498311 -6.287593498311 -6.287593498311 -6.287593498311 -6.287593498311 -6.287593498311 -6.287593498311 -6.287593498311 -6.287593498311 -6.287593498311 -6.287593498311 -6.287593498311 -6.287593498311 -6.287593498311 -6.287593498311 -6.287593498311
idwt	dmey	antisymmetric	8.871 -4.118 3.089 2.951 16.629 14.041 -15.454 -6.231 -10.522 -14.533 10.679 20.064 8.517 -0.743 -13.197 4.754 2.034 15.008 -2.703 -6.172 10.547 9.542 -4.111 -16.467 -9.231 -14.418 -10.429 -7.963 -21.198 15.718 -1.552	-10.731 -3.812 8.197 -2.533 2.548 3.639 -7.599 -5.188 -1.654 24.276 -6.222 4.692 1.355 7.438 -5.588 -19.444 -1.49 -2.81 0.594 -2.886 -0.842 -14.001 -8.472 -5.255 4.57 -5.697 -14.536 -7.527 5.765 1.128 11.343	-8.254366931785 16.73251264249
dwt	dmey	antisymmetric	-2.982 9.757	-3.378411806088 3.39226595152 -3.378411806088 3.39226595152 -3.378411806088 3.39226595152 -3.378411806088 3.39226595152 -3.378411806088 3.39226595152 -3.378411806088 3.39226595152 -3.378411806088 3.39226595152 -3.378411806088 3.39226595152 -3.378411806088 3.39226595152 -3.378411806088 3.39226595152 -3.378411806088 3.39226595152 -3.378411806088 3.39226595152 -3.378411806088 3.39226595152 -3.378411806088 3.39226595152 -3.378411806088 3.39226595152 -3.378411806088	-5.622494406731 -12.39317216434 -5.622494406731 -12.39317216434 -5.622494406731 -12.39317216434 -5.622494406731 -12.39317216434 -5.622494406731 -12.39317216434 -5.622494406731 -12.39317216434 -5.622494406731 -12.39317216434 -5.622494406731 -12.39317216434 -5.622494406731 -12.39317216434 -5.622494406731 -12.39317216434 -5.622494406731 -12.39317216434 -5.622494406731 -12.39317216434 -5.622494406731 -12.39317216434 -5.622494406731 -12.39317216434 -5.622494406731 -12.39317216434 -5.622494406731
idwt	dmey	antisymmetric	-19.146 -7.281 4.225 -4.247 0.141 1.475 9.827 5.37 7.995 -17.384 -6.46 0.172 -6.966 11.605 -3.569 -6.771 -3.811 -2.377 -11.3 5.21 -2.888 -5.634 -12.457 11.685 -10.475 12.854 -0.293 -1.535 8.613 -20.142 1.053	-9.085 15.074 6.007 -4.75 -7.168 4.906 -5.646 -3.184 8.189 -8.373 -4.383 -13.853 -0.848 -3.709 -13.038 -2.163 8.196 -9.229 -2.944 7.831 -18.833 -15.881 -7.375 -7.612 -1.019 -0.058 19.075 -5.432 -11.25 -12.258 7.136	-11.22470545763 -2.137968711299
dwt	dmey	antisymmetric	-0.728 10.161 -3.706 -0.732 -24.737	7.124543142442 -1.817847447892 -9.156628636629 15.0999309379 -11.2080190325 7.124543142442 -1.817847447892 -9.156628636629 15.0999309379 -11.2080190325 7.124543142442 -1.817847447892 -9.156628636629 15.0999309379 -11.2080190325 7.124543142442 -1.817847447892 -9.156628636629 15.0999309379 -11.2080190325 7.124543142442 -1.817847447892 -9.156628636629 15.0999309379 -11.2080190325 7.124543142442 -1.817847447892 -9.156628636629 15.0999309379 -11.2080190325 7.124543142442 -1.817847447892 -9.156628636629	-3.682519721212 -13.26404533083 -26.59711641541 -3.014596571697 -8.030365468448 -3.682519721212 -13.26404533083 -26.59711641541 -3.014596571697 -8.030365468448 -3.682519721212 -13.26404533083 -26.59711641541 -3.014596571697 -8.030365468448 -3.682519721212 -13.26404533083 -26.59711641541 -3.014596571697 -8.030365468448 -3.682519721212 -13.26404533083 -26.59711641541 -3.014596571697 -8.030365468448 -3.682519721212 -13.26404533083 -26.59711641541 -3.014596571697 -8.030365468448 -3.682519721212 -13.26404533083 -26.59711641541
idwt	dmey	antisymmetric	15.622 -7.27 -4.616 -4.338 5.461 -4.625 5.029 -5.779 -4.543 5.927 -7.907 3.274 10.546 5.92 -5.22 5.408 -1.093 -8.619 -13.171 -2.538 -20.136 5.777 0.388 -14.229 -5.586 8.062 9.361 -1.471 5.262 16.938 -5.74 10.966 6.123	-3.968 0.035 12.019 -4.574 8.661 11.633 4.322 -4.26 -19.643 1.188 7.718 14.752 -0.495 -0.326 -14.013 6.261 13.984 4.351 3.67 0.712 2.308 -9.853 0.246 6.564 8.529 7.532 -7.319 -14.847 2.762 6.62 0.326 -3.898 -8.31	-0.93022789288 -2.048812893975 9.137438261851 -12.86481993852 0.5351551253573 -13.07741185706
dwt	dmey	antisymmetric	9.022 10.013 0.723 -10.816 17.966 -10.183 11.265 -4.984 1.44 -9.641 -3.199 -8.487 -12.808	3.965461827744 -12.57122581445 8.056027431728 1.95052785555 2.481478969695 3.596143069829 -3.3006975515 -11.14284596111 -6.904999994625 14.38860353261 5.093748615815 2.055495493789 -7.731346055566 3.965461827744 -12.57122581445 8.056027431728 1.95052785555 2.481478969695 3.596143069829 -3.3006975515 -11.14284596111 -6.904999994625 14.38860353261 5.093748615815 2.055495493789 -7.731346055566 3.965461827744 -12.57122581445 8.056027431728 1.95052785555 2.481478969695 3.596143069829 -3.3006975515 -11.14284596111 -6.904999994625 14.38860353261 5.093748615815	-2.751236569194 6.804624422524 -3.77765200887 13.42760308272 20.25025271128 6.620940964949 7.166076503879 -1.324557882367 -11.9306626936 6.825157689183 5.648159340649 11.4484119563 24.33427537632 -2.751236569194 6.804624422524 -3.77765200887 13.42760308272 20.25025271128 6.620940964949 7.166076503879 -1.324557882367 -11.9306626936 6.825157689183 5.648159340649 11.4484119563 24.33427537632 -2.751236569194 6.804624422524 -3.77765200887 13.42760308272 20.25025271128 6.620940964949 7.166076503879 -1.324557882367 -11.9306626936 6.825157689183 5.648159340649
idwt	dmey	antisymmetric	-5.309 -12.502 2.335 -0.89 6.875 3.866 4.366 16.2 6.895 20.354 -6.063 2.662 7.414 1.063 0.526 -5.305 -22.377 20.948 2.317 -2.979 0.747 2.416 18.055 0.359 -15.304 0.512 25.915 7.34 -14.03 -3.39 -3.023 -8.908 -5.475 -10.474 -5.476 0.713 6.132	4.093 8.627 -9.439 -13.275 -2.216 10.033 -11.452 2.058 -15.204 -2.739 -4.245 0.946 2.38 2.116 -3.004 -3.689 13.02 4.744 18.56 -16.459 6.115 2.376 -15.596 0.191 -10.789 4.863 -16.396 8.465 -13.852 9.447 -9.806 -5.998 20.212 -0.563 -0.384 16.175 7.012	-8.137750346609 -11.32380448676 -11.19858955536 -10.93094031944 20.45563117169 11.54096946936 11.50355203083 -19.18527966503 -0.3768427532293 13.96944210639 -8.552169565285 -5.945063329179 11.60161983467 6.775092709258
dwt	dmey	antisymmetric	-9.141 -9.355 -9.335 -9.547 4.21 -13.363 13.055 -4.187 -20.631 9.215 12.29 10.939 6.714 -0.274 -12.097 7.036 3.35 -3.156 -1.266 2.676 -6.904 13.134 0.425 -8.389 -0.353 -11.784 0.742 -5.078 10.352 -9.107	-1.73545193039 -0.3463913437669 9.198420198834 5.200824149275 -7.114775940881 2.772209705734 -0.7173465890015 -1.797307371517 6.518819892578 -21.73863581827 0.7182579270647 7.382275089178 -1.216092876186 10.00490545726 15.49015927446 -7.538235102734 -13.4466191221 -5.94737264943 2.647619777278 -13.55258781051 18.83810493801 6.761870711278 -5.998656771971 4.976337014916 -4.196539820356 3.621881468513 2.875334879378 -10.05232420093 -4.706010103904 3.072693146999 -1.73545193039 -0.3463913437669 9.198420198834 5.200824149275 -7.114775940881 2.772209705734 -0.7173465890015 -1.797307371517 6.518819892578 -21.73863581827 0.7182579270647 7.382275089178 -1.216092876186 10.00490545726 15.49015927446	11.77415864107 5.564326161991 9.759175666186 -2.440270310026 -13.30695708617 2.434856000685 -0.5402979270637 -10.4289474286 1.52582748441 0.1870437630832 -17.65858992274 18.02408622666 9.760498772722 2.240855546914 -7.147336928783 -0.7646375733693 2.270449382821 21.20737609126 -2.401977456496 -12.89271069231 5.398992133608 -5.405636814748 -8.708645642294 5.484343642823 -6.662283998199 -11.61508821075 6.940430078645 7.187150203369 7.845691859533 14.40146973709 11.77415864107 5.564326161991 9.759175666186 -2.440270310026 -13.30695708617 2.434856000685 -0.5402979270636 -10.4289474286 1.52582748441 0.1870437630832 -17.65858992274 18.02408622666 9.760498772722 2.240855546914 -7.147336928783
idwt	dmey	antisymmetric	11.779 8.515 -10.095 -4.134 -5.943 -3.664 -19.417 -14.029 -14.792 2.697 -7.474 -4.937 9.637 -7.628 -4.011 -6.544 -16.328 9.779 -4.862 -2.116 3.755 -19.097 9.022 -2.697 -3.154 6.043 9.092 10.409 -1.234 1.53 -8.131 0.712 -27.586 19.302 -4.699 -3.211 18.765 4.146 4.727 -16.542 0.049 7.223 -9.076 5.159 2.198	14.387 -2.101 -17.887 -1.951 10.3 10.795 -14.207 -19.015 -6.601 4.133 6.407 0.803 1.973 11.38 -17.053 -10.21 -13.327 0.714 -9.321 21.508 -11.106 -10.423 6.587 4.855 -3.519 2.462 9.172 2.404 -16.481 8.945 1.899 -2.886 15.651 12.899 5.978 -17.788 -5.048 -12.078 -12.939 -11.672 21.61 -7.322 -4.446 -2.969 0.46	-15.35209593408 -6.199559393036 -20.8221757069 9.343322426479 4.187036645227 2.853609130134 -8.582340997906 1.106184824906 3.382420923848 -11.23434674505 11.09676490232 0.584237282233 -27.91423656926 1.652200803066 7.820695893328 2.321663537395 2.812153412477 -9.812534514683 -2.072018355827 5.529223639935 3.046307704788 2.38630218623 10.23332044241 2.838670854601 15.30458924912 -0.3358638684678 -10.08965581409 13.60648716671 -1.368678361744 -11.49299574486
dwt	dmey	antireflect	-3.588 17.776	-911.471954658 -851.0454375649 -790.6189204718 -730.1924033787 -669.7658862856 -609.3393691926 -548.9128520995 -488.4863350064 -428.0598179133 -367.6333008203 -307.2067837272 -246.7802666341 -186.353749541 -125.9272324479 -65.50071535487 -5.074198261795 55.35231883128 115.7788359244 176.2053530174 236.6318701105 297.0583872036 357.4849042967 417.9114213897 478.3379384828 538.7644555759 599.190972669 659.6174897621 720.0440068551 780.4705239482 840.8970410413 901.3235581344	-0.6776927232307 -0.6312244034231 -0.5847560836154 -0.5382877638078 -0.4918194440002 -0.4453511241926 -0.398882804385 -0.3524144845773 -0.3059461647697 -0.2594778449621 -0.2130095251545 -0.1665412053468 -0.1200728855392 -0.0736045657316 -0.02713624592398 0.01933207388364 0.06580039369127 0.1122687134989 0.1587370333065 0.2052053531141 0.2516736729218 0.2981419927294 0.344610312537 0.3910786323446 0.4375469521523 0.4840152719599 0.5304835917675 0.5769519115751 0.6234202313827 0.6698885511903 0.716356870998
idwt	dmey	antireflect	-12.372 -2.101 -0.944 -12.703 -6.151 12.872 -10.478 -11.794 -16.695 1.053 5.626 -6.433 10.789 -1.966 11.091 -2.855 14.373 -0.572 -15.618 0.979 0.869 0.221 23.808 -3.026 -8.307 2.229 2.454 -21.564 -4.863 -4.627 14.818	10.097 4.407 -12.694 19.212 0.033 8.217 9.693 -7.377 16.553 -9.369 2.652 -1.311 -8.593 12.857 -7.558 17.392 -11.086 -4.509 -2.51 -3.259 -19.636 -1.656 2.485 10.041 0.04 2.513 -6.686 10.619 2.773 -14.366 1.023	0.4770224744697 -11.9513895441
dwt	dmey	antireflect	-2.879 9.415 2.855 -26.367 -1.513	-21.27837745405 -17.59423092948 -13.91008440492 -15.66241520328 -17.41474600164 -13.73059947708 -10.04645295252 -11.79878375088 -13.55111454924 -9.866968024677 -6.182821500113 -7.935152298475 -9.687483096838 -6.003336572274 -2.31919004771 -4.071520846072 -5.823851644435 -2.13970511987 1.544441404694 -0.2078893936688 -1.960220192031 1.723926332533 5.408072857097 3.655742058734 1.903411260372 5.587557784936 9.2717043095 7.519373511138 5.767042712775 9.451189237339 13.1353357619 11.38300496354 9.630674165179	25.16922428508 -25.19628440335 11.24619483245 -11.27028379715 25.17219543865 -25.19331324978 11.24916598602 -11.26731264358 25.17516659222 -25.19034209621 11.25213713959 -11.26434149001 25.17813774579 -25.18737094264 11.25510829316 -11.26137033644 25.18110889935 -25.18439978907 11.25807944673 -11.25839918287 25.18408005292 -25.1814286355 11.2610506003 -11.2554280293 25.18705120649 -25.17845748193 11.26402175387 -11.25245687574 25.19002236006 -25.17548632836 11.26699290744 -11.24948572217 25.19299351363
idwt	dmey	antireflect	-0.496 -15.934 -1.109 11.142 -4.279 3.299 0.007 -11.061 -0.71 -10.872 -9.169 -0.646 1.428 -3.38 4.76 5.301 11.383 -10.376 -14.836 -12.913 3.459 15.406 21.359 -5.39 5.051 -12.945 4.89 4.574 12.826 1.253 -3.78 16.131 -4.535	-10.226 -12.366 1.989 -2.482 4.81 12.146 16.479 -9.863 1.361 -3.254 -2.978 13.683 -9.252 -7.554 -11.152 -2.096 3.39 5.305 2.253 -8.494 4.089 -8.219 1.599 13.933 -11.369 8.104 5.875 1.397 -3.959 -1.45 8.165 13.621 5.05	-3.208703936489 8.587404541511 10.69609126151 -1.052591565877 -5.735176760979 -14.38778760557
dwt	dmey	antireflect	0.385 -4.384 -3.98 -3.696 14.651 -3.205 1.791 -1.41 -0.371 11.096 -7.727 0.478 -9.52	31.3487394144 19.92391327289 36.07977683061 28.56004289212 21.04030895364 37.19617251136 25.77134636984 32.25443518352 28.6097531512 14.55225755682 0.4947619624424 -3.149920069883 3.333168743794 -8.091657397717 8.064206159999 0.5444722215136 -6.975261716972 9.180601840744 -2.244224300767 4.238864512911 0.5941824805849 -13.46331311379 -27.52080870817 -31.16549074049 -24.68240192682 -36.10722806833 -19.95136451061 -27.4710984491 -34.99083238758 -18.83496882987 -30.25979497138 -23.7767061577 -27.42138819003 -41.4788837844 -55.53637937878 -59.18106141111 -52.69797259743	-9.398944716131 -7.972373619483 1.928495762956 -1.884570106781 8.016299275657 9.442870372306 0.3358476396535 -9.907961329506 -7.526724348268 7.549105878451 9.930342859689 -0.313466109471 -9.420488842123 -7.993917745475 1.906951636964 -1.906114232773 7.994755149665 9.421326246314 0.3143035136615 -9.929505455498 -7.54826847426 7.527561752459 9.908798733697 -0.335010235463 -9.442032968115 -8.015461871467 1.885407510972 -1.927658358765 7.973211023673 9.399782120322 0.2927593876694 -9.95104958149 -7.569812600252 7.506017626467 9.887254607704 -0.3565543614551 -9.463577094108
idwt	dmey	antireflect	1.53 18.736 -8.008 11.523 -6.852 4.351 -2.47 9.622 18.686 -3.823 -6.019 2.185 0.865 -4.648 17.056 -14.945 -4.811 1.604 -8.541 1.09 -16.321 9.092 14.877 6.977 19.809 4.844 12.913 -5.018 -2.025 -3.544 2.351 24.248 0.69 13.366 10.326 -0.61 -9.689	6.017 -15.351 -7.398 -16.588 13.204 -14.677 0.488 2.764 20.853 8.647 -5.401 3.121 -12.515 15.212 -6.623 0.28 14.958 4.687 -3.141 -14.91 2.25 -7.022 -8.733 19.603 -6.301 -18.281 -2.771 -14.623 -18.302 0.058 -3.925 23.121 -13.215 3.869 0.36 -21.47 0.783	-18.88986432938 -13.10798767979 5.706469009213 -6.800191274328 8.089602997638 -8.547179897162 -4.980892255792 1.205648641126 -6.912039925748 4.873500788727 -17.47974513396 -7.857715017239 8.695033983982 18.60492593567
dwt	dmey	antireflect	11.781 9.345 -0.984 2.613 11.134 4.094 3.937 7.086 22.779 -8.242 -10.43 4.488 4.605 19.6 8.199 -24.212 6.55 5.105 -0.139 2.646 -7.29 12.654 -13.609 -12.101 8.476 -2.279 9.981 -8.819 12.024 14.712	-1.866863606695 26.8984436607 29.09164183801 34.23757040314 42.60231067114 31.98914192662 29.16813610919 37.32753983141 33.15931254085 12.89835762815 48.88870204045 15.30976882888 26.50967833877 23.40024524089 30.27045769831 16.66084997832 3.051242258322 9.92145471574 6.812021617863 18.01193112776 -15.56700208382 20.42334232849 0.162387415783 -4.005839874771 4.15356384744 1.332558030011 -9.280610714503 -0.9158704465087 4.230058118624 6.423256295936 35.18856356333 37.38176174064 42.52769030577 50.89243057377 40.27926182926 37.45825601183 45.61765973404 41.44943244348 21.18847753078 57.17882194308 23.59988873151 34.7997982414 31.69036514353 38.56057760094 24.95096988095	0.009624710501251 -13.55162886212 -9.119611010391 -7.728904424754 20.45655711167 1.842485773041 2.931374235974 -23.56512976801 7.707074021214 8.476804983032 -10.47258583266 -7.249524212598 0.02260717505033 -3.92453202745 7.154975560861 -7.129350992632 3.95015659568 0.0030173931791 7.275148780827 10.49821040089 -8.451180414802 -7.681449452984 23.59075433624 -2.905749667745 -1.816861204812 -20.43093254344 7.754528992983 9.145235578621 13.57725343035 0.01599985772818 -13.54525371489 -9.113235863164 -7.722529277527 20.46293225889 1.848860920268 2.937749383201 -23.55875462079 7.713449168441 8.483180130259 -10.46621068543 -7.243149065371 0.02898232227726 -3.918156880223 7.161350708088 -7.122975845405
idwt	dmey	antireflect	-1.693 19.239 -0.348 -1.114 26.273 -7.453 4.133 -7.73 -6.784 5.97 5.893 2.446 -8.731 -6.858 0.994 -1.414 -2.818 -6.518 -2.58 11.488 -10.04 13.796 1.04 7.816 -13.388 15.954 2.465 -2.801 -2.778 -7.233 24.036 -20.841 -11.621 4.042 4.5 -4.624 0.277 -12.599 3.369 0.983 -10.092 8.497 -2.446 -11.895 18.84	-3.848 -9.73 17.311 2.98 18.281 -1.074 2.272 9.044 -11.4 19.048 -2.175 -3.138 -6.945 2.529 -4.512 -4.842 0.73 -1.043 11.259 -13.884 -12.03 -3.601 -30.744 -11.42 -11.517 1.934 0.019 -25.514 -2.971 11.17 -0.643 16.551 5.824 8.117 -5.71 -2.799 17.169 18.491 -4.889 9.924 3.417 12.282 11.391 5.074 4.73	-6.371472116389 1.399958963244 -2.233514346347 -2.948200961464 -5.682858445108 -5.502408566295 2.17954858961 -0.993189149449 10.91903339269 8.091618109022 -23.26776567948 9.934019060505 11.09351929984 8.413844463531 -15.35391461497 26.08956399852 -9.680209321865 4.458265579166 -16.83755884382 7.461572919231 6.416926939583 9.858898710975 6.582489439867 -4.26827219536 -13.11265832654 19.51677550854 -15.52651519742 -6.376157169428 1.731511755848 1.58757969794
idwt	dmey	symmetric	3.545 6.703 -6.58 1.801 11.719 -4.879 1.537 -0.622 30.12 11.578 -0.121 -1.442 -14.978 -5.584 -0.107 -6.023 20.195 -15.205 1.586 0.287 -26.171 4.202 0.323 -1.996 8.538 8.321 6.71 -4.081 2.225 1.906 -4.327 23.458 -5.39 -2.237 11.501 2.507 -7.414 -7.5 7.498 11.279	-	-5.217073850915 8.113569757627 15.1864299039 3.664955206506 -11.52576377852 -10.92092425309 1.595970099466 7.998812741589 0.04498188400338 -13.81018926577 -18.62629018528 -9.236136811667 3.25209822221 5.755871037202 -0.08267755044786 -3.699506085706 -1.169801630879 3.374735861564 5.868547560639 6.145660457293
idwt	dmey	periodization	-	3.545 6.703 -6.58 1.801 11.719 -4.879 1.537 -0.622 30.12 11.578 -0.121 -1.442 -14.978 -5.584 -0.107 -6.023 20.195 -15.205 1.586 0.287 -26.171 4.202 0.323 -1.996 8.538 8.321 6.71 -4.081 2.225 1.906 -4.327 23.458 -5.39 -2.237 11.501 2.507 -7.414 -7.5 7.498 11.279	4.16315635157 -2.365057961473 4.182660733332 -4.779227981905 0.7445206037096 4.538473550397 -5.100742568805 -0.907538839595 8.463510611328 -8.932163953153 1.14210770311 4.27552982625 -1.008073696139 -2.035217696769 -1.596280288246 1.408282317332 10.6154168358 -22.18414131684 19.3205567879 -7.458574311944 0.3685472989869 -0.5439731943833 1.168146995015 1.604499438972 -6.213322060947 9.966012393738 -10.10443824396 4.695400998167 1.891850422289 -0.8013888888363 -6.423257264874 5.217073850915 8.113569757627 -15.1864299039 3.664955206506 11.52576377852 -10.92092425309 -1.595970099466 7.998812741589 -0.04498188400338 -13.81018926577 18.62629018528 -9.236136811667 -3.25209822221 5.755871037202 0.08267755044786 -3.699506085706 1.169801630879 3.374735861564 -5.868547560639 6.145660457293 -6.008938487659 6.038196915221 -4.619074528293 0.9377016265245 2.659452501156 -2.794881316816 -1.185069318527 4.826510239023 -1.961112747271 -5.020092125131 3.824376760277 8.862888317111 -17.40565500744 9.459827779731 4.574048842941 -8.044210131039 0.9864730882122 5.952427384469 -7.710151652933 5.791001257746 -2.051073051575 -2.182688942827 5.423778189597 -6.651294370155 5.188335874123 -0.7422182517832 -5.185797755846 9.064104646302 -8.114181747699
