# GENERATED by tools/gen-vectors.py from PyWavelets 1.8.0 — do not edit.
# dwt2     wavelet mode x cA cH cV cD
# idwt2    wavelet mode cA cH cV cD y
# wavedec2 wavelet mode level x cA_n|cH_n|cV_n|cD_n|...|cD_1 waverec2(coeffs)
dwt2	haar	symmetric	-27.478 12.513 -5.873 -10.188 16.948 -12.938 13.098 3.885 3.939;-6.701 -2.963 -10.799 -13.97 -9.038 3.635 -3.502 2.64 16.853;12.509 2.26 6.893 1.72 -6.721 2.584 -13.675 1.996 2.175;-5.7 13.312 -20.29 3.684 8.753 -4.036 17.29 -10.952 11.43;-10.268 3.575 13.34 4.824 -10.443 -11.155 -5.345 -15.753 -17.177;-29.732 -9.232 -5.276 -2.741 -1.012 -22.436 -5.659 -4.094 7.226	-12.3145 -20.415 -0.6965 8.0605 20.792;11.1905 -3.9965 0.29 -2.6705 13.605;-22.8285 5.0735 -22.523 -15.4255 -9.951	-2.6505 4.354 4.7065 8.9225 -12.914;3.5785 12.6095 -4.427 -9.0085 -9.255;16.1355 13.0905 0.925 -5.6725 -24.403	-21.8645 3.743 8.6065 1.5355 0;-4.3815 -9.4005 1.742 6.2855 0;-17.1715 2.9905 11.068 4.4215 0	-18.1265 0.572 21.2795 7.6775 0;14.6305 14.5735 -11.047 -21.9565 0;3.3285 5.5255 -10.356 5.9865 0
idwt2	haar	symmetric	-0.441 0.223 -0.28 -0.079 0.409;-1.04 -0.214 0.573 -0.852 -0.435;0.236 -0.009 0.092 0.517 -0.807	-0.557 0.206 -0.897 1.505 -1.167;0.212 0.949 -2.881 -2.619 1.413;-0.709 0.894 -1.287 -0.835 -0.972	-0.284 -0.272 0.586 -0.898 0.62;-1.354 0.61 0.736 -0.646 -2.439;0.442 0.118 -0.713 0.504 -0.091	-0.394 0.182 0.384 -0.559 -0.709;1.9 0.628 -0.439 -0.295 -1.127;0.918 -1.802 1.704 0.105 -0.257	-0.838 -0.16 0.1695 0.2595 -0.1035 -1.0735 -0.0155 1.4415 -0.4235 -0.3345;0.113 0.003 -0.2185 0.2355 0.4095 0.2075 -0.9615 -0.6225 1.4525 0.1235;-0.141 -0.687 0.9865 -0.2515 -1.0055 -1.3025 -2.206 -1.265 -1.294 2.272;-2.253 1.001 -0.5905 -0.5725 2.3145 1.1395 0.708 1.059 -1.58 -0.268;0.4435 -0.9165 -0.3995 1.2845 -0.102 -1.093 0.1455 -0.4635 -1.0635 -0.7155;0.2345 0.7105 0.5085 -1.4115 -0.519 1.898 0.8755 0.4765 0.1655 -0.0005000000000001
dwt2	haar	symmetric	10.745 -4.029 1.735 8.051;-10.883 -6.209 -5.205 -7.371;24.214 -0.084 -8.721 17.31;14.836 -19.98 6.743 -14.615;-11.099 -4.995 -5.621 10.302	-5.188 -1.395;9.493 0.3585;-16.094 4.681	11.904 11.181;14.637 8.2305;0 0	5.05 -2.075;29.557 -2.3365;-6.104 -15.923	9.724 -4.241;-5.259 -23.6945;0 0
idwt2	haar	symmetric	-0.986 1.008;-1.206 -1.286;-1.401 0.026	0.134 0.143;0.283 0.681;0.872 -0.293	-1.345 -0.351;0.738 -0.49;0.133 -1.704	-0.812 2.61;1.253 -1.137;-1.537 0.128	-1.5045 0.6525 1.705 -0.554;-0.8265 -0.2935 -1.048 1.913;0.534 -1.457 -1.116 0.511;-1.002 -0.487 -0.66 -1.307;-0.9665 0.4375 -0.9215 0.6545;-0.3015 -1.9715 -0.7565 1.0755
wavedec2	haar	symmetric	2	-3.755 22.88 -13.114 0.263 13.381 -3.496 -7.699 7.38 22.027 9.36 -0.444;-6.898 2.837 -4.024 2.186 7.156 17.193 -19.151 -17.355 -26.812 -6.974 12.677;-0.408 5.08 -4.415 1.71 -9.59 2.974 -8.287 -5.416 9.654 -12.897 1.066;1.537 25.4 -3.129 1.293 -2.83 -8.292 -9.484 -11.434 -5.518 1.865 10.101;-12.395 3.432 -13.934 -3.216 -14.114 0.962 10.559 2.452 22.272 2.089 -8.794;0.711 -14.946 -2.564 -8.976 7.752 3.558 1.493 3.088 -3.713 -2.806 -6.931;-12.313 4.466 -0.865 3.417 -2.379 2.728 -9.712 -9.438 -1.516 -3.865 0.792;-25.549 4.434 3.909 -15.829 16.028 5.905 -10.093 -6.053 8.512 -4.543 -6.84;-3.991 0.224 11.822 -13.028 15.118 -15.764 -1.735 -43.152 -6.635 12.986 10.382;-8.546 -5.309 -15.311 9.231 11.349 -17.912 10.684 0.858 6.356 9.322 -11.796;0.407 -5.935 -10.527 -20.104 -8.447 -12.777 -7.105 -4.151 11.343 15.53 2.878;-7.157 16.572 -28.802 1.322 3.106 -2.978 -6.552 -5.842 6.516 17.103 21.838;5.313 9.763 10.435 5.202 -8.706 -1.609 4.215 -0.29 -3.243 1.043 0.132;12.647 5.697 -2.846 13.03 -8.106 19.926 -3.215 -9.413 9.769 -9.745 -9.874	6.86075 -13.7375 9.37625;-22.5545 0.684 -6.779;-19.783 -21.325 29.78125;29.6205 -3.599 -10.83|-6.67325 12.442 1.65725;-3.3895 7.191 -0.025;7.329 1.048 -20.18075;0 0 0|16.47575 21.9855 -14.02375;-3.5255 9.536 14.994;12.9155 7.1725 6.47925;3.7995 5.104 8.654|-1.59925 13.544 0.59125;6.2715 -19.253 9.652;-18.0835 5.8955 5.94925;0 0 0|11.593 -5.5065 -7.232 18.0935 32.5865 -13.121;-11.1325 -0.4345 2.253 3.6075 0.205 -9.035;2.636 -2.805 -12.231 4.215 15.44 -1.863;6.634 7.236 -10.792 -1.502 -4.675 7.632;5.044 2.437 2.9585 -28.2145 -4.6635 22.178;-7.4715 -1.5755 -10.676 0.569 1.627 -18.96;-1.634 2.7265 -11.0675 8.2765 -1.112 10.006|-18.185 -9.7935 3.42 -8.4375 -3.5855 0;-14.6755 -5.2735 -3.551 -0.4605 7.584 0;-0.085 -2.153 -5.441 3.256 9.638 0;-23.381 7.728 2.508 -2.157 7.702 0;-3.726 0.154 30.0715 25.6215 -11.2935 0;-8.6935 -10.2735 5.207 -1.832 -7.387 0;1.25 -5.3215 -17.5645 5.3515 7.614 0|-8.45 -3.5835 13.457 -6.6415 16.2525 0;9.1875 -0.8515 -9.013 -2.4105 14.967 0;-15.742 -8.565 -9.635 4.851 10.545 0;6.602 -12.01 -7.615 1.883 -5.353 0;-0.489 24.696 0.8105 15.7955 -8.3275 0;15.0355 19.8505 -0.877 -1.122 3.2 0;-5.7 10.5545 10.4675 -0.8465 -11.9 0	-3.755 22.88 -13.114 0.263 13.381 -3.496 -7.699 7.38 22.027 9.36 -0.444 -0.444;-6.898 2.837 -4.024 2.186 7.156 17.193 -19.151 -17.355 -26.812 -6.974 12.677 12.677;-0.408 5.08 -4.415 1.71 -9.59 2.974 -8.287 -5.416 9.654 -12.897 1.066 1.066;1.537 25.4 -3.129 1.293 -2.83 -8.292 -9.484 -11.434 -5.518 1.865 10.101 10.101;-12.395 3.432 -13.934 -3.216 -14.114 0.962 10.559 2.452 22.272 2.089 -8.794 -8.794;0.711 -14.946 -2.564 -8.976 7.752 3.558 1.493 3.088 -3.713 -2.806 -6.931 -6.931;-12.313 4.466 -0.865 3.417 -2.379 2.728 -9.712 -9.438 -1.516 -3.865 0.792 0.792;-25.549 4.434 3.909 -15.829 16.028 5.905 -10.093 -6.053 8.512 -4.543 -6.84 -6.84;-3.991 0.224 11.822 -13.028 15.118 -15.764 -1.735 -43.152 -6.635 12.986 10.382 10.382;-8.546 -5.309 -15.311 9.231 11.349 -17.912 10.684 0.858 6.356 9.322 -11.796 -11.796;0.407 -5.935 -10.527 -20.104 -8.447 -12.777 -7.105 -4.151 11.343 15.53 2.878 2.878;-7.157 16.572 -28.802 1.322 3.106 -2.978 -6.552 -5.842 6.516 17.103 21.838 21.838;5.313 9.763 10.435 5.202 -8.706 -1.609 4.215 -0.29 -3.243 1.043 0.132 0.132;12.647 5.697 -2.846 13.03 -8.106 19.926 -3.215 -9.413 9.769 -9.745 -9.874 -9.874
dwt2	haar	periodization	-6.714 -8.295 -5.698 -17.78 -5.692 15.891 4.805 7.45 -4.065;0.168 11.822 9.813 2.683 0.536 4.863 -3.106 -0.634 6.393;5.268 1.537 24.938 8.401 -6.795 -0.861 1.194 11.244 4.368;-6.077 -13.927 -3.342 -0.535 -9.373 -8.364 -9.386 0.251 -4.314;-0.337 15.437 -9.283 -3.56 -5.968 5.289 15.3 -10.485 13.168;-16.334 -12.417 -0.4 -8.002 -5.411 4.739 0.858 -8.019 -6.789	-1.5095 -5.491 7.799 4.2575 2.328;-6.5995 14.731 -12.6965 1.6515 0.054;-6.8255 -10.6225 -0.6755 -1.173 6.379	-13.4995 -17.987 2.4 7.9975 -10.458;13.4045 18.608 5.0405 10.7865 8.682;21.9255 -2.2205 -0.0035 5.988 19.957	-5.0365 9.606 -12.955 -2.5585 0;5.7905 6.865 -3.4715 -9.8435 0;-9.8455 0.9395 -10.7035 17.331 0	6.6175 2.476 -8.628 -0.0865 0;-2.0595 9.672 -2.4625 -0.2065 0;-5.9285 -6.6625 -0.5535 8.454 0
idwt2	haar	periodization	0.301 1.913 -1.049 -0.091 -0.331;-1.128 0.105 0.522 2.057 -0.221;0.018 -0.59 -0.662 -1.204 0.675	0.122 -0.634 0.836 -1.458 -1.708;0.235 0.148 0.064 -0.889 -0.44;0.51 -1.821 1.252 0.734 -0.21	-0.03 1.12 -1.897 -0.653 0.223;0.194 0.369 0.192 3.138 0.249;0.244 -0.383 0.4 0.594 -2.324	-1.61 0.009 -0.895 1.193 -0.108;0.808 -0.18 0.12 0.346 -1.233;0.96 0.396 1.842 0.147 -1.308	-0.6085 1.0315 1.204 0.075 -1.5025 1.2895 -0.5045 -1.0445 -0.962 -1.077;0.8795 -0.7005 1.829 0.718 -1.4435 -0.4415 -0.2395 1.6065 0.854 0.523;0.0545 -0.9475 0.221 0.032 0.449 0.137 2.326 -1.158 -0.8225 0.1615;-0.9885 -0.3745 0.253 -0.296 0.265 0.193 2.869 0.077 0.8505 -0.6315;0.866 -0.338 -1.199 -1.212 1.416 -0.826 0.1355 -0.6055 -1.5835 2.0485;-0.604 0.112 0.226 1.005 -1.678 -0.236 -0.7455 -1.1925 -0.0655 0.9505
dwt2	haar	periodization	-3.628 12.935 -4.747 0.524;7.787 -27.42 11.27 -12.459;-10.779 2.747 17.598 4.962;-3.551 0.081 -11.509 7.651;6.902 10.808 7.494 -1.254	-5.163 -2.706;-5.751 9.351;17.71 6.24	14.47 -1.517;-2.281 13.209;0 0	9.322 9.229;-8.579 -3.262;-3.906 8.748	-25.885 -14.5;-4.947 15.898;0 0
idwt2	haar	periodization	1.105 -1.444;2.118 -0.845;0.521 -0.603	-1.058 0.395;0.827 -0.381;0.531 -1.644	-0.396 0.316;-0.131 -0.481;0.295 -1.758	-0.497 -1.658;-1.532 0.841;1.319 -0.23	-0.423 0.47 -1.1955 0.1465;1.132 1.031 0.0675 -1.9065;0.641 2.304 -0.433 -0.793;1.346 -0.055 -0.893 0.429;1.333 -0.281 -2.1175 -0.1295;-0.517 0.507 -0.2435 1.2845
wavedec2	haar	periodization	2	1.96 6.167 2.695 6.2 -1.294 9.239 -5.189 11.075 5.491 -10.476 -2.631;9.791 -12.602 10.466 12.126 -0.472 -0.546 7.62 -1.447 4.462 4.402 7.447;-14.392 -12.264 1.339 -3.68 4.022 9.584 -4.343 11.726 -5.701 -18.675 4.559;-9.542 11.314 -9.456 -9.763 8.913 0.601 -2.352 -11.099 0.585 -9.658 4.805;1.143 -2.755 -13.422 7.326 10.981 7.629 -11.329 -6.707 -9.126 14.526 4.518;-20.967 -10.143 4.613 1.254 2.325 7.407 -10.244 -1.971 3.101 4.544 7.715;-7.79 -1.086 15.308 3.718 -3.609 1.143 25.126 -5.561 -9.851 -1.61 -6.547;-12.446 4.39 9.938 4.812 -1.235 -8.182 12.992 -2.008 -0.235 3.408 -3.226;2.433 -0.753 10.013 10.424 -8.835 1.013 1.613 -2.029 3.203 -12.103 -3.511;9.464 -10.379 -25.5 -5.219 2.077 16.833 -0.346 -2.74 -4.174 -0.101 -2.79;-10.07 1.634 -2.521 2.407 9.42 -1.548 -6.188 -10.853 -7.155 6.961 5.002;8.719 -0.063 4.289 0.3 1.337 8.36 14.679 -3.016 -2.305 19.976 2.474;0.157 3.059 -0.095 29.057 -10.511 -12.332 9.584 -18.801 -4.691 -8.265 10.84;-2.556 -7.379 5.37 -0.358 -0.344 15.452 9.333 3.351 -13.311 5.795 11.598	-2.41025 9.0095 -0.3025;-4.02675 4.18925 2.41925;-1.2055 4.94425 1.663;13.6275 -2.134 12.202|20.81175 0.4835 7.058;-12.44875 -5.14375 16.33625;-3.553 -1.15125 -14.5515;0 0 0|-7.37375 6.014 -14.4825;-20.80025 4.04025 -0.04075;1.698 9.38425 0.488;-20.3465 -5.601 -32.674|-5.71175 -8.58 11.606;4.55375 25.25625 -5.66975;3.8255 -2.08925 -0.7745;0 0 0|5.469 -6.8485 4.4815 -0.1435 -6.9245 -10.078;-14.214 8.439 2.046 10.417 -7.6515 -0.246;14.749 -5.9815 4.439 -2.9105 -1.1225 -3.197;-0.41 2.138 3.4755 4.2905 -7.317 -3.321;1.2975 25.578 -13.366 1.335 -2.3125 -0.721;-8.546 -2.3515 -0.9125 -14.352 -8.9325 2.528;6.5755 11.975 -18.9755 -10.9505 -2.72 -0.758|9.093 -2.5825 -5.2295 -3.5985 8.0135 0;-11.492 2.663 1.375 -3.661 11.6085 0;-3.463 -8.6945 -0.865 -6.4475 -12.5475 0;-11.77 8.358 1.0975 22.8435 -5.942 0;11.5145 -10.346 -12.302 3.018 5.6165 0;-1.461 -0.4695 1.9725 11.18 -18.1985 0;0.9605 -11.712 -6.9875 17.1835 -7.766 0|-13.3 -0.9225 -5.3035 -12.6655 7.9535 0;9.364 2.356 -6.937 -12.408 1.3655 0;7.361 -12.0535 4.217 1.8255 -11.1045 0;5.066 3.232 -5.8495 7.8435 -2.299 0;-8.3285 9.935 2.454 0.624 9.6895 0;-10.243 -4.4585 8.9955 -6.515 4.0825 0;-3.8625 -17.44 8.8085 11.2015 11.34 0	1.96 6.167 2.695 6.2 -1.294 9.239 -5.189 11.075 5.491 -10.476 -2.631 -2.631;9.791 -12.602 10.466 12.126 -0.472 -0.546 7.62 -1.447 4.462 4.402 7.447 7.447;-14.392 -12.264 1.339 -3.68 4.022 9.584 -4.343 11.726 -5.701 -18.675 4.559 4.559;-9.542 11.314 -9.456 -9.763 8.913 0.601 -2.352 -11.099 0.585 -9.658 4.805 4.805;1.143 -2.755 -13.422 7.326 10.981 7.629 -11.329 -6.707 -9.126 14.526 4.518 4.518;-20.967 -10.143 4.613 1.254 2.325 7.407 -10.244 -1.971 3.101 4.544 7.715 7.715;-7.79 -1.086 15.308 3.718 -3.609 1.143 25.126 -5.561 -9.851 -1.61 -6.547 -6.547;-12.446 4.39 9.938 4.812 -1.235 -8.182 12.992 -2.008 -0.235 3.408 -3.226 -3.226;2.433 -0.753 10.013 10.424 -8.835 1.013 1.613 -2.029 3.203 -12.103 -3.511 -3.511;9.464 -10.379 -25.5 -5.219 2.077 16.833 -0.346 -2.74 -4.174 -0.101 -2.79 -2.79;-10.07 1.634 -2.521 2.407 9.42 -1.548 -6.188 -10.853 -7.155 6.961 5.002 5.002;8.719 -0.063 4.289 0.3 1.337 8.36 14.679 -3.016 -2.305 19.976 2.474 2.474;0.157 3.059 -0.095 29.057 -10.511 -12.332 9.584 -18.801 -4.691 -8.265 10.84 10.84;-2.556 -7.379 5.37 -0.358 -0.344 15.452 9.333 3.351 -13.311 5.795 11.598 11.598
dwt2	haar	smooth	-9.317 0.495 1.536 -5.926 -9.648 6.365 -26.728 22.122 -2.211;10.735 22.581 -7.008 -8.387 7.904 25.27 6.388 -20.594 -5.612;14.697 0.201 14.08 -0.739 -22.286 -10.492 3.928 -6.877 1.465;14.034 1.654 11.859 15.895 16.502 -3.022 -2.978 -2.44 -13.777;9.142 -4.612 -22.427 -6.316 16.181 -3.772 -10.322 -5.212 -5.793;-3.741 -3.379 10.287 10.87 -1.085 5.46 -10.459 -10.382 -9.899	12.247 -9.8925 14.9455 -9.406 -12.4985;15.293 20.5475 -9.649 -4.1835 -13.8095;-1.295 -3.793 8.392 -18.1875 -15.741	-21.069 5.5025 -18.2285 4.8 -16.2565;-0.395 -7.2065 -23.129 1.2345 25.0815;5.825 -24.95 4.017 2.6535 3.574	-10.829 4.4205 -16.6895 -10.934 4.6755;13.438 5.3915 3.865 5.1335 1.4975;6.696 -8.347 6.704 -2.5935 0.049	1.017 3.0415 0.6765 -37.916 19.6575;1.058 9.4275 -15.659 5.6715 -9.8395;7.058 -7.764 13.249 -2.5165 0.532
idwt2	haar	smooth	-1.13 0.194 -0.273 -0.117 -0.742;0.4 0.31 -0.366 0.997 -1.504;-0.126 -1.136 0.542 -0.595 0.838	1.604 1.147 -0.608 -0.057 0.862;1.06 -0.925 -2.283 -0.007 0.054;-1.377 0.36 -0.46 0.268 0.446	-0.141 -0.053 0.293 -0.262 -0.462;-1.028 -1.462 0.101 0.684 -0.376;1.681 0.432 0.068 -0.055 0.888	0.854 0.364 0.529 -1.998 -0.55;0.762 0.037 1.126 0.23 0.752;-0.748 -1.569 1.008 1.209 1.612	0.5935 -0.1195 0.826 0.515 -0.0295 -0.8515 -1.217 1.043 -0.446 0.566;-1.8645 -0.8695 -0.685 -0.268 0.0495 0.2855 0.838 -0.898 -0.758 -0.846;0.597 0.863 -1.02 0.405 -0.711 -1.938 0.952 0.038 -0.537 -0.913;-1.225 0.565 -0.132 1.367 0.446 1.471 0.729 0.275 -1.343 -0.215;-0.285 -1.218 -0.9565 0.1805 0.579 -0.497 0.4135 -0.7405 1.892 -0.608;1.84 -0.589 0.2525 -1.7485 0.031 0.971 -1.0635 0.2005 -0.166 0.558
dwt2	haar	smooth	11.725 -7.221 5.355 -3.931;-3.993 16.653 21.525 3.437;8.349 -19.51 -0.286 0.168;-7.995 -17.179 11.045 12.65;-1.444 -2.159 -5.093 4.668	8.582 13.193;-18.1675 11.7885;7.1825 -12.485	-4.078 -11.769;7.0065 -11.9065;-10.7855 12.06	-0.85 13.687;18.5215 -1.0295;-3.5195 -13.839	19.796 -4.401;9.3375 0.5755;4.2345 4.078
idwt2	haar	smooth	-0.391 -1.167;0.104 1.234;-0.966 0.114	-1.825 -0.812;1.346 -1.146;-0.541 0.149	-0.361 -1.356;1.15 -0.793;-0.558 -0.782	1.091 0.114;1.949 1.121;0.594 0.332	-0.743 -1.473 -1.6105 -0.3685;-0.009 1.443 -0.9125 0.5575;2.2745 -0.8245 0.208 -0.12;-1.0205 -0.2215 0.233 2.147;-0.7355 -0.7715 -0.0935 0.3565;-0.7885 0.3635 -0.5745 0.5395
wavedec2	haar	smooth	2	-5.572 -6.982 13.07 -30.493 9.625 9.382 -7.405 -6.156 -4.234 7.511 23.229;8.754 8.863 -4.12 0.485 -14.224 -8.423 5.88 10.27 5.003 -9.055 -3.214;-1.287 -12.431 7.862 4.375 -5.555 3.622 2.21 -23.738 19.708 -16.481 3.403;24.577 7.541 1.667 -5.282 -2.268 -6.492 -9.779 -11.845 -0.192 -3.857 12.335;-0.134 5.048 2.365 -0.414 4.143 13.469 -9.164 -5.354 -2.975 -24.824 18.339;-0.876 4.079 -6.561 -8.987 -10.767 9.387 -10.94 3.127 7.007 2.62 -0.251;-1.776 -7.135 -13.981 0.079 -6.748 12.565 16.213 3.259 -8.655 6.331 -12.906;13.412 -11.706 11.979 -2.766 3.868 -5.88 8.303 -11.643 5.35 -15.266 -0.314;-14.304 -1.218 -12.889 -1.154 -5.663 -2.29 0.685 1.802 -6.323 8.967 -3.654;-9.693 -5.958 -13.453 -6.304 11.016 7.062 -14.928 -9.226 -5.313 -3.249 -2.77;21.429 -3.19 -14.063 -16.559 -4.82 2.878 -11.779 9.692 0.861 -13.815 -1.508;9.312 5.926 8.836 24.16 -10.97 -1.286 -2.671 -4.358 16.381 4.905 -8.929;-1.612 -7.167 -19.658 4.583 2.672 -7.561 -10.627 -10.547 -7.671 -7.611 4.317;5.843 -15.447 -7.739 7.819 1.459 -4.206 -7.347 -0.764 -12.463 -7.25 6.558	2.75675 -13.724 31.886;-4.3435 3.4595 3.83275;-7.2805 -8.714 -11.24425;-33.99625 -21.86225 12.8855|-10.75425 13.1985 -1.479;1.6035 -6.509 25.31525;-25.206 2.943 -4.20975;17.30725 3.40175 -6.64|8.97475 6.5575 -32.6845;4.7995 6.559 -19.03875;8.4325 6.6775 12.45125;-10.31675 17.50725 -69.544|4.08575 -9.672 1.5025;6.0575 12.7225 -28.28125;-7.119 9.2185 -2.91525;8.62275 -6.68275 28.3035|-15.0855 -6.894 20.827 -14.8555 3.6645 31.3815;-22.918 7.926 3.4135 0.048 3.638 -7.086;0.8555 8.7495 9.496 -3.3525 -18.713 41.607;-5.3085 -11.5575 3.9145 11.406 3.796 -29.6865;0.0645 2.857 -13.0155 13.3205 5.603 -7.434;1.5005 -31.809 5.157 2.471 -17.12 20.4915;0.4125 -7.5775 -1.071 -6.5315 2.2155 -3.181|0.6505 19.479 -2.779 -2.8195 1.1565 -10.7795;14.09 5.218 -2.4765 14.007 19.927 -18.038;-5.0685 2.6025 -14.74 -8.9385 13.118 -20.146;15.2385 0.3425 -4.7825 16.45 2.815 2.1425;-8.4105 -9.442 0.2905 -3.4095 -8.677 6.071;14.0025 -6.414 -8.691 -9.892 13.076 0.7635;13.4225 -19.8995 7.949 -3.3315 -2.6365 -12.868|0.7595 24.084 3.022 1.5705 -12.9015 -4.9385;-2.946 -1.731 -6.7005 11.941 16.262 -1.846;-0.1135 0.1765 5.414 5.1285 8.731 -23.017;-9.8795 -14.4025 -14.5305 -3.496 -17.801 17.0945;-4.6755 -2.293 -3.6635 2.2925 -6.613 6.55;10.6165 8.91 0.993 -11.579 1.6 -13.0705;-7.8675 -4.3415 2.284 3.2515 2.5765 0.94	-5.572 -6.982 13.07 -30.493 9.625 9.382 -7.405 -6.156 -4.234 7.511 23.229 38.947;8.754 8.863 -4.12 0.485 -14.224 -8.423 5.88 10.27 5.003 -9.055 -3.214 2.627;-1.287 -12.431 7.862 4.375 -5.555 3.622 2.21 -23.738 19.708 -16.481 3.403 23.287;24.577 7.541 1.667 -5.282 -2.268 -6.492 -9.779 -11.845 -0.192 -3.857 12.335 28.527;-0.134 5.048 2.365 -0.414 4.143 13.469 -9.164 -5.354 -2.975 -24.824 18.339 61.502;-0.876 4.079 -6.561 -8.987 -10.767 9.387 -10.94 3.127 7.007 2.62 -0.251 -3.122;-1.776 -7.135 -13.981 0.079 -6.748 12.565 16.213 3.259 -8.655 6.331 -12.906 -32.143;13.412 -11.706 11.979 -2.766 3.868 -5.88 8.303 -11.643 5.35 -15.266 -0.314 14.638;-14.304 -1.218 -12.889 -1.154 -5.663 -2.29 0.685 1.802 -6.323 8.967 -3.654 -16.275;-9.693 -5.958 -13.453 -6.304 11.016 7.062 -14.928 -9.226 -5.313 -3.249 -2.77 -2.291;21.429 -3.19 -14.063 -16.559 -4.82 2.878 -11.779 9.692 0.861 -13.815 -1.508 10.799;9.312 5.926 8.836 24.16 -10.97 -1.286 -2.671 -4.358 16.381 4.905 -8.929 -22.763;-1.612 -7.167 -19.658 4.583 2.672 -7.561 -10.627 -10.547 -7.671 -7.611 4.317 16.245;5.843 -15.447 -7.739 7.819 1.459 -4.206 -7.347 -0.764 -12.463 -7.25 6.558 20.366
dwt2	db2	symmetric	-0.169 12.001 -13.053 -11.732 -3.064 -5.056 -12.519 8.585 -3.047;-5.375 -4.73 2.545 13.954 -18.836 -6.132 3.833 3.17 -9.063;-8.841 10.901 10.005 -8.014 -3.846 -7.723 -27.415 -11.873 5.171;1.765 19.046 -4.104 -12.437 -1.682 -1.54 -17.576 1.169 -0.465;10.45 -14.485 7.006 -2.558 -6.294 -15.5 -10.175 2.024 2.197;10.162 15.924 -3.498 13.222 5.516 -18.695 5.556 -19.406 -4.561	1.703375 6.315064598605 -13.78093308043 -15.08134315064 2.186462123528 -4.657087123528;-6.556967412553 -2.824848937367 1.361637651864 -18.27051879143 -0.6490257750965 -8.574735080526;3.744514758892 15.34879917146 -12.62087724902 -14.38675358851 -16.14035792104 7.813354640645;19.511875 14.86046618373 14.46705976434 -16.33498443075 -15.89556162722 -10.10856337278	7.003763946756 10.00486500974 -15.69146855914 2.542221003168 -1.713266175192 6.900108824808;-7.649753624808 -1.000510656963 4.583480384604 -3.488936600441 -16.25206982687 8.214366352885;-4.150968417922 -16.89096494041 -1.712637157928 -8.003505820593 8.861204391364 7.831793544994;6.396680138703 12.7998340678 6.851092583099 5.71366487514 -6.717278287184 -9.648653287184	-8.044293469403 -9.41073357867 -1.293759551211 -11.94268832563 -3.024734309789 16.58864069021;-5.270036735964 -3.512209479297 -11.68420770186 -3.183695589865 -2.794580341396 9.344333124413;-10.81192957205 7.526767645613 1.693692506471 -22.96028140765 5.534023728061 12.3174651445;1.656057078387 -11.8787369507 12.47491503904 16.71936018334 2.720370689121 -16.29250431088	-4.321875 -3.102556132892 12.52286699845 -11.37554338806 1.855085946397 6.307539053603;-3.949150696184 11.74598902163 2.665509117149 -4.957229624156 6.998169732089 -6.161947365526;18.4137937742 13.39231463336 -4.523921856821 -7.567217153129 -1.057291109713 10.88435186913;-11.511375 -14.19886102789 5.661169720583 13.89898434973 0.2316899348355 -14.16706493484
idwt2	db2	symmetric	-0.249 -0.453 -0.891 0.043 -1.109 -0.838;0.017 1.264 1.438 -1.189 -1.192 0.161;-0.985 1.006 0.562 0.55 -0.632 -0.315;0.866 0.169 -2.193 -1.723 0.203 0.953	-1.565 0.995 -1.297 -0.471 -0.902 0.994;-0.098 1.174 -0.85 -0.203 -0.084 -2.11;-0.735 0.778 0.689 0.052 -0.038 -2.034;-0.779 -0.334 0.127 1.233 -1.111 0.274	1.286 0.484 0.813 -0.299 0.172 -0.709;0.677 2.546 1.072 -0.658 1.139 -0.44;-0.531 0.363 0.547 -0.334 -0.285 -0.943;0.095 1.17 0.259 -1.354 0.402 -0.755	-1.168 0.153 -0.921 -1.329 -1.127 -0.937;-0.007 0.551 1.61 -0.522 2.536 -0.674;-0.863 -0.572 0.908 -1.131 -0.51 0.426;-1.384 1.582 0.221 0.781 0.487 0.318	-0.2092831714755 1.03051510043 1.237522649207 -1.166723312059 -0.6062202291097 -0.262816877841 -2.073307429889 -0.3478714222252 -0.3036824608789 1.603710223137;0.9303036687271 -0.6806674451143 2.565412086696 0.6386548634143 0.8277317224361 -1.362839624109 -0.2663460861731 -0.5623073497611 0.7403800035942 -0.2620461616751;0.5295024910619 1.152444689416 1.117406981504 -1.393555187071 1.395875747606 -0.8247502341866 -1.147232752152 -0.7378624306959 1.155692250814 -2.121185744148;-0.4273066422189 0.2248992476786 0.1953834859684 0.6875325671926 -0.1349725983187 0.7659967890001 0.4539495868742 -0.177775325317 -0.6846164570344 1.873216689738;-0.0979337326399 1.184163514176 -0.1132790802812 -0.6433762593651 0.5664140569248 -0.7163460213173 -1.590999865751 1.102222276145 -0.9022323961121 -0.9038422308262;0.791415333223 -1.035085665503 -0.402331340122 -2.195557625673 -1.577843536453 -0.8976054676082 -0.8228091580726 0.9013799065329 1.494480577065 1.334023011445
dwt2	db2	symmetric	1.009 10.008 7.824 1.382;-0.993 -20.536 0.387 -19.514;12.032 12.715 12.982 -6.183;-2.718 -23.086 14.685 2.056;0.201 16.142 -1.034 -9.702	1.94875 5.747302874859 -2.780625;0.5685776748053 -0.7515652958574 -16.5508684495;-0.3438448003556 -3.601261061696 4.207259457797;3.102719800356 12.74265845812 -12.1532594578	7.91330712708 15.60341028491 15.1825078601;21.03743388625 27.38383659318 -1.146240326046;2.335537550206 6.506492882409 -5.165326104002;-19.66708744979 -29.62741713975 10.885423896	-1.613838339952 8.835553984258 -8.492894628563;5.641757520219 13.74399777245 -13.72948946854;9.306922134394 18.64349514415 -12.64028926709;-10.03070286561 2.78112198855 -7.21853926709	-10.70325 -6.721491374356 5.047125;-8.343094685471 -3.925549188072 -2.840277091904;-6.192904193386 -4.928586589973 1.375538901206;14.08702919339 9.447173117847 1.075461098794
idwt2	db2	symmetric	-0.706 -1.182 -2.498;0.624 -0.189 -0.413;0.032 0.572 0.063;-0.274 -1.344 -0.301	0.524 -0.234 0.811;0.059 0.773 -1.039;-1.007 -0.89 -0.211;-1.178 0.018 0.322	-1.088 0.008 -0.977;0.251 0.908 -0.62;-0.137 -2.641 1.141;0.056 -0.898 0.473	0.05 -0.589 -0.728;2.388 -1.49 0.427;0.611 -0.465 0.783;-0.999 -1.036 -1.127	-0.530559968874 -0.4628589313887 0.1502207053417 0.3263874028497;-0.3065141231744 -0.3074829033337 1.067411863245 -0.7774248427091;2.444800308206 0.3739324253521 -2.188884836197 0.05587040324474;-0.8168284574935 1.287818269794 -0.9514793746975 1.085016165673;-0.09660515949134 -0.9754725966579 -1.690429174288 0.2021950933781;-0.2688449977996 -0.7205483982959 -0.2605578970468 -0.1429365058113
wavedec2	db2	symmetric	2	6.998 -17.587 -5.311 -3.154 6.159 -1.718 -2.22 -7.966 3.255 -18.475 -10.147;-2.671 1.023 -19.12 -14.829 -6.406 10.545 7.129 -10.144 13.17 -0.782 -1.045;5.941 -9.974 -1.649 1.386 -25.072 -9.839 -13.287 21.117 -14.607 -6.037 -12.078;6.416 -8.753 17.227 -0.869 8.534 0.777 9.426 13.476 4.733 6.061 23.106;-12.743 -8.422 -3.159 -6.734 -5.265 -28.043 1.946 19.136 -16.489 1.922 16.68;-13.576 3.796 13.794 0.797 1.474 12.312 3.335 -8.723 1.817 -11.5 -5.238;-2.729 10.483 -1.909 25.009 -7.006 -2.55 2.658 -24.237 -10.583 17.381 -3.895;-1.438 12.607 -11.427 -1.792 10.672 21.323 13 -12.073 -13.49 4.154 -10.597;7.024 4.116 -11.064 4.521 4.246 8.222 12.698 5.092 5.899 8.599 -20.425;-4.531 -0.238 -16.355 -6.188 4.691 -5.913 14.765 4.303 -1.884 -14.112 9.538;-11.548 3.487 -14.304 9.367 5.527 0.122 5.724 1.547 -6.277 -8.358 11.957;-7.543 -11.747 -3.227 -3.126 -20.082 -18.307 4.626 -21.858 -10.763 -2.289 -11.904;0.353 9.468 -13.354 -6.989 2.219 3.65 0.62 1.578 -6.55 -6.494 20.463;-15.991 0.709 9.459 5.384 -3.168 -2.116 0.005 14.216 5.108 9.012 -12.402	-6.428254021538 -20.80146755838 -4.817649712937 -20.40193019631 -39.92015357927;-3.128218992359 -17.71579305557 -10.61934679294 -11.61675229109 -29.36804942031;-16.43602373568 -8.009270757518 -1.326878732073 -0.3080189074913 15.79635657018;1.582724082645 -3.039929556697 11.68060362629 -5.825721887012 -9.676170023888;-26.22564849354 -16.12437015922 -5.110460571288 5.67760648071 -8.55172549583|0.1980748447888 -0.3555746906191 5.650879582404 -4.170168763569 -1.898806034038;12.97140750028 10.3391547561 -2.951201298071 18.98596929938 33.09707811441;13.47817575496 12.53406918599 12.36475710854 -6.994551608549 -19.39230709649;-6.653142532587 -9.2448468717 -19.18020096849 -20.90642567694 9.10233100187;-0.609506480628 4.382829433018 11.21203360626 18.32038605217 -6.721421843054|11.01965638843 -17.17310047013 3.47290212417 -5.1796246888 -0.7001360165476;10.53070001003 -19.59125761085 7.428192177211 -4.66432290944 -1.283105372185;-4.534371226305 16.44301723859 4.906160129186 4.960765533749 -8.992203024969;0.6720702871098 -15.027828116 2.966549640933 -0.635796930485 -5.514559217752;-8.022284692829 11.14952636458 7.695599979145 -3.824506893275 0.1639193709194|2.278331623021 5.47366493071 -0.1400615707729 0.8150608879887 -2.875492583928;5.715103079563 9.089867305665 14.29782352349 4.620495802136 -11.69182950796;-1.611330376493 -8.855992166157 -30.44181335444 -5.180576915752 25.88707475184;3.983112910473 3.509345883004 -6.030411424538 8.352269062693 -4.33789634183;-4.821103646627 2.676685678866 5.573201957106 -7.03121563403 4.474900928299|2.251016530787 -5.703302209042 12.76115532968 -4.021538818972 -1.608109327047 -12.52383214837 -8.997332148373;0.9273663323049 -2.722399673882 -1.930780295045 -26.4782080517 0.5901123067372 -15.02869715236 -24.91339676691;-8.681737210121 -9.879974865929 -8.462088356115 -27.46230496273 7.965771874258 0.04211833461982 20.24456986649;4.324168319111 1.309923423858 18.50812305157 -14.01831954852 -17.01985243789 12.22023340148 4.565216830185;9.048874947095 3.514705545038 3.265090831785 3.338030604378 7.71825868795 12.22036030762 -23.72115919034;-3.401338681935 1.427218311786 7.584387761766 11.98293161532 7.80490303983 -1.858801247948 20.64159952472;15.33359229192 11.78330200495 -13.30051221436 10.11912120331 -1.315828446313 -6.836190959124 30.74382991131;-12.51211852753 -7.169890475509 12.80272443385 -5.632846762726 6.663417989849 9.484399288633 -25.35085071137|15.16865145364 -2.957533901259 6.178276886601 4.971981626591 19.05688497454 -0.5308728132885 -16.60387281329;6.361195410124 -9.430673418876 -4.599974098068 4.996929929308 14.94190352502 -2.556472242279 -9.94621481491;13.26095396593 12.44012230319 -0.582785438641 -8.248959642311 -14.06279716494 6.329049800984 0.468250667033;-10.87737317674 10.04485797139 -2.549528723471 5.166059799869 -3.248862919205 3.58556398934 -2.522117964198;-10.36281868239 -18.72274518222 -5.728356065693 16.13326467743 -16.88869113222 -7.436855741859 26.08523551657;-3.735930542665 -18.66782115032 10.45432978204 9.986398510807 0.9600638738044 2.731193820401 -9.153744401197;-2.220808557882 -8.763511454923 -2.351795469405 19.7386174842 -4.320442406533 4.464718787573 -1.04098698833;-12.82042357127 4.138387893909 -3.107358424167 -6.816806856151 -4.446496696921 -4.122201631033 6.670048368967|10.604625 5.409035716984 7.366537769447 -4.745787506376 0.5956350431602 1.243624259807 -4.160374259807;2.225083953808 -6.257416938218 -15.84615226533 -15.61260595036 -13.38612458862 -3.443988520285 11.07837085424;-0.4189522179379 -5.858364732173 13.52641804806 -0.4674841474265 -17.95274855227 4.864422781172 7.643906460225;0.1127785082037 -10.87608577905 -8.535279900602 6.970997119477 -3.680694142575 -2.942739860668 12.41816805637;5.73413817934 -1.67723832118 -3.788720753709 -4.838751819817 1.505617082788 -10.40340097829 10.7651062441;-8.586362948208 -10.39529875843 4.608558195644 -10.65544057055 -0.4588299634411 6.658343681763 -8.766125102369;0.8842694047858 -10.32346161221 5.768939122818 -3.404102521785 0.3590131156998 11.01272181065 -13.13688025925;-2.844375 10.52428882805 -4.56039918736 -2.834427167317 -0.2999762776919 -10.16768692083 11.61068692083	6.998 -17.587 -5.311 -3.154 6.159 -1.718 -2.22 -7.966 3.255 -18.475 -10.147 -10.147;-2.671 1.023 -19.12 -14.829 -6.406 10.545 7.129 -10.144 13.17 -0.782 -1.045 -1.045;5.941 -9.974 -1.649 1.386 -25.072 -9.839 -13.287 21.117 -14.607 -6.037 -12.078 -12.078;6.416 -8.753 17.227 -0.869 8.534 0.777 9.426 13.476 4.733 6.061 23.106 23.106;-12.743 -8.422 -3.159 -6.734 -5.265 -28.043 1.946 19.136 -16.489 1.922 16.68 16.68;-13.576 3.796 13.794 0.797 1.474 12.312 3.335 -8.723 1.817 -11.5 -5.238 -5.238;-2.729 10.483 -1.909 25.009 -7.006 -2.55 2.658 -24.237 -10.583 17.381 -3.895 -3.895;-1.438 12.607 -11.427 -1.792 10.672 21.323 13 -12.073 -13.49 4.154 -10.597 -10.597;7.024 4.116 -11.064 4.521 4.246 8.222 12.698 5.092 5.899 8.599 -20.425 -20.425;-4.531 -0.238 -16.355 -6.188 4.691 -5.913 14.765 4.303 -1.884 -14.112 9.538 9.538;-11.548 3.487 -14.304 9.367 5.527 0.122 5.724 1.547 -6.277 -8.358 11.957 11.957;-7.543 -11.747 -3.227 -3.126 -20.082 -18.307 4.626 -21.858 -10.763 -2.289 -11.904 -11.904;0.353 9.468 -13.354 -6.989 2.219 3.65 0.62 1.578 -6.55 -6.494 20.463 20.463;-15.991 0.709 9.459 5.384 -3.168 -2.116 0.005000000000003 14.216 5.108 9.012 -12.402 -12.402
dwt2	db2	periodization	-1.728 -14.734 -14.796 -10.357 13.047 9.591 3.978 10.25 -3.998;7.193 0.684 10.454 6.676 -9.933 1.365 -4.626 -20.724 -9.213;-20.17 0.822 -0.932 14.45 0.925 -14.599 -10.097 -4.249 -19.27;-3.153 6.439 4.78 3.892 -13.473 -12.595 7.163 6.366 7.326;-17.398 1.578 12.445 4.991 4.31 -7.808 -6.497 3.326 -7.201;2.373 -1.371 9.025 -1.921 -10.046 -5.499 6.029 -1.254 -21.108	-5.231718055239 -13.61073868585 -0.8515395629307 11.66218411003 -12.54233741848;-18.58379195061 8.676899452536 -0.7842657687981 -13.83118261073 -23.62214278971;-16.85593129481 19.29188388406 -5.594191043464 -6.42024439666 -3.070883869351	15.12532812337 12.86123307388 -6.515293988694 -1.875076771925 -4.917748219802;16.5107791323 0.3198439337728 -14.21485107936 7.950838039249 18.37534626668;-1.700276774267 13.95140260853 -12.57855594165 0.480620326438 -20.55158872852	-7.324996528361 -7.2110995743 3.639038586891 7.134168492979 -10.42418391392;5.072221616971 15.54102426992 -7.510910180878 1.753999026837 -3.668566885255;1.300085100839 4.616457776232 -11.43923327586 8.997965028842 2.747030459068	-6.647578811872 2.9812507963 8.145950600102 -17.8210587136 -2.194070097915;1.110952791231 3.34706551145 -5.688272664034 -3.363187883708 3.787839312226;-1.099662705481 5.060469031279 -3.766531097543 0.8811031210854 -11.68526918952
idwt2	db2	periodization	-0.442 0.654 0.393 0.593 -0.725;0.805 2.236 0.941 0.302 -0.182;0.499 0.715 -1.4 1.592 0.975	-0.53 -0.173 0.211 -0.448 -0.58;-1.983 0.538 -0.739 -1.414 1.306;2.025 -0.633 0.054 0.97 -1.824	1.13 0.925 -0.99 0.638 -0.268;2.323 0.421 -0.522 -0.026 1.374;-0.843 -0.227 2.087 -0.518 2.503	-0.816 1.243 -1.175 0.042 0.01;0.301 -0.749 0.022 -0.94 1.499;-0.39 -1.188 0.648 1.31 0.053	-1.159448049937 1.146392660885 -0.098886878695 1.457225607337 -0.01138579364292 -0.8946494496598 0.4418643050791 0.1568401899887 0.391952008543 -1.228615661505;-0.1451371162031 0.8584640198262 0.170831316991 2.103650121675 0.1303939681729 -1.033659344514 0.6079772752021 -0.2311958934443 -1.000353287985 0.111967841307;0.3230348963374 2.967680083811 0.2968821448144 0.5782200440616 0.4825830327784 0.7231758447565 0.3477472036976 0.08755319249513 -0.3817884571791 1.105779303733;-2.909949102784 0.7406533219398 1.255729755529 -0.7327620282162 -1.039829095643 0.3750929276331 -0.3806036332892 -0.6278094785854 1.497942842701 1.928260998501;0.2720816453624 -0.6642084119491 0.4816314480074 -0.3086910021838 -1.374590900407 2.058014852187 0.8533279812615 0.3139405428849 0.1544954139799 1.657842203158;1.334400123336 0.5693941052983 -0.1365558838776 -0.781423461491 0.1284302502657 1.112785707139 0.6613891863695 0.5861740736326 -2.245166598786 0.8269070892999
dwt2	db2	periodization	14.638 10.813 -14.572 2.727;-3.269 -9.792 -11.896 -4.036;15.81 8.296 -7.312 -14.345;-0.353 -5.08 -16.586 0.538;10.902 -9.333 8.488 -5.574	14.13845303571 -9.37875007393;4.835145196103 -17.10266482223;1.590525009341 -6.809208344988	-13.28739569425 -7.265184552516;-2.099602689129 -9.872625520388;-6.77460520863 6.034913664913	2.427977932716 -4.627615782468;9.381519452589 -12.42632926287;-14.24566881726 -8.476383522711	-6.265077194807 13.02666396428;7.921525293112 13.30728537954;-14.84631945268 -5.740577989446
idwt2	db2	periodization	0.334 0.721;0.211 0.391;0.907 -0.472	0.881 -0.476;0.406 1.455;0.201 0.81	0.889 -1.963;-0.037 -0.193;-0.196 -0.631	-0.222 0.85;-0.549 -0.581;0.056 -0.255	0.4487028656064 1.026633633829 0.3172545397581 -1.443028861367;0.613794803588 0.102121173982 -0.3978299527059 0.5660427272237;-0.2665944352415 0.07531971420743 0.1660121100052 -0.3221756489732;1.057058996155 0.2758243047647 1.164261545786 0.007352828685793;0.6410026343852 -0.4327854204922 -1.183877714513 -0.211463417204;0.8022541820577 1.136393012388 0.8609604251184 -0.8192340470437
wavedec2	db2	periodization	2	-1.459 -1.505 4.531 10.363 12.153 -0.901 0.289 -5.705 10.043 -2.118 -1.514;-5.983 -3.842 17.944 8.178 -12.216 -6.797 9.213 2.565 5.042 23.593 10.307;-0.353 -4.534 -11.437 -31.796 25.614 -3.77 -1.015 0.077 15.275 -11.379 -3.196;5.267 -3.424 28.319 4.68 -5.012 20.753 1.266 11.314 0.201 21.1 -0.788;17.47 -19.504 0.406 7.617 -4.064 0.374 -0.004 7.332 -0.562 -4.679 16.938;6.544 -3.187 -6.286 -10.366 4.386 -19.645 -13.012 10.847 -2.297 -4.128 -5.982;-18.517 1.118 10.497 9.181 -0.513 23.227 -12.787 -5.162 -2.637 3.234 2.709;-4.486 -16.058 -3.598 -0.632 3.732 1.447 -6.059 -14.442 -12.652 12.038 6.017;-4.819 -7.469 -6.133 8.181 -11.515 -0.184 -2.707 -7.666 6.036 -12.148 14.686;-6.858 -1.497 -1.906 -4.214 -14.883 6.532 -11.657 8.195 -13.358 -16.394 1.785;2.791 7.934 0.952 -15.659 16.426 10.827 -0.1 4.76 6.189 5.956 5.886;1.789 -3.013 2.549 -0.489 -10.723 -6.524 0.592 4.581 -3.412 -9.651 -1.98;1.304 8.585 -21.063 3.892 13.3 -8.416 8.653 -10.801 10.161 -11.329 0.838;13.6 7.53 11.752 -6.837 -1.405 0.352 9.3 8.428 -0.362 20.368 0.514	5.005546679908 8.281105433577 11.28527296341;13.72862160897 1.758731021883 13.98090046885;-1.622029681465 -4.723155627218 -12.96236586433;3.269883292428 -6.30711525356 -1.332404021918|-15.55759367382 -5.499798220891 6.707114320048;-13.82722697364 11.38448007147 -3.219756590595;3.197521029376 2.630017914114 6.290781226695;-3.547588439935 -8.704462221358 -6.372532852477|2.254379392431 -4.345588319705 -0.9363536397911;-3.472891277372 -4.755544226178 1.386333024239;-3.926264002263 -1.451985554285 19.78426391429;-9.72851406998 4.108544457433 -8.565576650422|-1.785053943284 -4.791256733244 2.189245593772;5.102149572827 -6.964912861524 1.245044811146;5.998079507464 1.413825730019 0.4445152577077;-9.113203958624 3.299603946394 -6.868124638513|-2.902818810437 22.15837333323 -12.72501838779 5.213760149296 0.4425509563194 23.02479580928;-8.488785569123 25.99152515842 1.924248200763 10.93054018779 5.223835644923 -0.2462817220801;5.564616591728 -15.1688717175 -9.053630690437 -16.80058175559 3.421052196646 -15.11907236143;-1.303384773447 -8.224691649852 3.967481078415 -0.3004979401237 -10.94016085954 5.354458832845;-7.425850387978 2.056390690656 -13.09612522876 -3.288818732415 -10.43296520769 -12.49667002084;-4.246162805418 8.951239125784 -14.25942396418 -1.54237098152 -2.803955258836 -4.853124936805;9.935449071794 11.25131867906 -12.74834404157 9.887734595545 4.510304864897 10.36093263596|-6.598629119633 4.178730653427 -6.93547911738 -5.022375921919 9.942076340175 -2.831347400875;-4.896358187104 -26.80829566353 -3.833194306924 -5.619845906433 2.252604068241 1.087434814816;-27.46013627474 6.502487160537 3.170638114484 12.32597820166 -3.495492210394 -3.382760429745;-2.474856223844 -1.573014735316 16.20490273414 4.940510568531 6.460065406975 4.774890685674;-9.375140676155 16.44506603228 6.264241701956 -6.164793080713 -11.8549563223 14.12922861502;1.410152800662 -15.59102231043 14.63287842117 10.25958627509 -6.155767380436 4.034884515239;12.11999428012 0.391401439698 -13.91276660925 -7.003756081233 -8.488749851694 -1.270015019857|-10.02792018397 25.68407394861 -3.50199079697 3.438504389792 15.16255932287 6.433513588285;-2.776975364847 1.996080233925 16.38364762121 3.951244673787 20.89603683392 -6.767897651638;7.241726499928 -12.59393961764 -22.32650485318 12.36963819959 -1.740882286477 -10.00395194567;-7.493423459059 -6.715457390863 -2.694963476307 -1.125020812456 18.02884504483 -4.10387180881;0.9063162702366 10.963288586 7.891628143593 15.36679833919 -8.228863789109 1.29677831165;-12.64687077411 8.062337151196 0.7527766735589 10.45954468583 0.9932228775516 -2.52167250449;-3.967792489716 -8.883783734924 3.607154143921 11.39887807509 17.7445727385 -7.656383412809	-1.459 -1.505 4.531 10.363 12.153 -0.901 0.289 -5.705 10.043 -2.118 -1.514 -1.514;-5.983 -3.842 17.944 8.178 -12.216 -6.797 9.213 2.565 5.042 23.593 10.307 10.307;-0.353 -4.534 -11.437 -31.796 25.614 -3.77 -1.015 0.077 15.275 -11.379 -3.196 -3.196;5.267 -3.424 28.319 4.68 -5.012 20.753 1.266 11.314 0.201 21.1 -0.788 -0.788;17.47 -19.504 0.406 7.617 -4.064 0.374 -0.004000000000001 7.332 -0.562 -4.679 16.938 16.938;6.544 -3.187 -6.286 -10.366 4.386 -19.645 -13.012 10.847 -2.297 -4.128 -5.982 -5.982;-18.517 1.118 10.497 9.181 -0.513 23.227 -12.787 -5.162 -2.637 3.234 2.709 2.709;-4.486 -16.058 -3.598 -0.632 3.732 1.447 -6.059 -14.442 -12.652 12.038 6.017 6.017;-4.819 -7.469 -6.133 8.181 -11.515 -0.184 -2.707 -7.666 6.036 -12.148 14.686 14.686;-6.858 -1.497 -1.906 -4.214 -14.883 6.532 -11.657 8.195 -13.358 -16.394 1.785 1.785;2.791 7.934 0.952 -15.659 16.426 10.827 -0.1 4.76 6.189 5.956 5.886 5.886;1.789 -3.013 2.549 -0.489 -10.723 -6.524 0.592 4.581 -3.412 -9.651 -1.98 -1.98;1.304 8.585 -21.063 3.892 13.3 -8.416 8.653 -10.801 10.161 -11.329 0.838 0.838;13.6 7.53 11.752 -6.837 -1.405 0.352 9.3 8.428 -0.362 20.368 0.514 0.514
dwt2	db2	smooth	-4.886 -5.312 19.535 -7.53 -2.796 0.59 8.402 -3.804 20.247;5.894 -10.1 10.277 2.567 -0.491 15.159 -5.189 -7.389 18.982;-1.174 12.053 13.813 -5.271 -28.757 6.218 0.678 8.486 11.27;-2.03 -0.863 5.96 -11.176 7.172 2.553 3.346 -10.652 8.564;-3.706 0.789 3.256 4.2 -6.78 6.898 -11.629 -7.019 -15.724;-4.671 -7.434 12.089 14.743 -12.782 6.62 -4.273 7.024 33.355	-96.1602210338 2.161803280927 -1.594727679165 -18.55786117785 18.83497533155 70.42713242518;24.44331421158 -0.8977426172325 4.943986074595 7.810404602775 -5.787383542846 66.81260360108;-20.38727804226 8.105139861706 -8.024167692913 2.314558412898 -6.692962013626 17.5532461472;-8.344914589383 -7.367657433595 14.33908017482 -1.83059492375 -2.938788438521 47.90778441326	2.12938731287e-15 2.765528406092e-16 1.212216805973e-15 -3.188997385603e-16 3.217179277279e-16 9.953987325151e-17;-28.29491154759 11.60042755844 -3.109055448155 -14.73002841479 13.4862437667 -16.56214387775;-6.365424077725 0.9539935338438 -2.932569907559 1.39013750943 -10.67697586753 -68.27591870647;-2.916496599868e-15 8.042948193197e-16 -2.956387825772e-18 5.080146545375e-17 6.104269329599e-17 2.680429936433e-15	-1.7763568394e-15 55.83480298829 7.02683296383 38.36589682832 -8.556991532506 4.440892098501e-15;-8.881784197001e-16 19.12545403443 -16.77685291821 -0.1459471429642 -4.657007039449 1.376676550535e-14;-1.7763568394e-15 14.18852658877 -7.819430697169 4.117541627225 -2.643529647376 -4.107825191113e-15;4.440892098501e-16 5.235349360042 -22.18419985825 -9.720486311778 -0.8523900461902 -3.996802888651e-15	0 1.288658371251e-15 -3.935546434989e-16 9.392372860427e-16 -1.436734315422e-16 -3.08148791102e-33;-8.881784197001e-16 -0.3793397418699 -23.67304026083 -4.375192634077 4.055669023331 8.049116928532e-16;0 -5.631397451763 2.51161018245 -3.867188904794 3.260296925324 -1.7763568394e-15;0 -7.629794501966e-16 1.168599012096e-15 -8.407289416192e-16 2.873468630843e-17 0
idwt2	db2	smooth	-0.903 0.495 0.191 0.014 0.821 -0.075;0.222 1.243 0.127 -1.373 1.126 0.861;0.196 0.958 0.367 -0.797 0.755 -0.174;-0.497 0.146 1.595 0.597 -0.607 0.795	0.722 0.009 -0.619 1.469 1.861 -0.234;-0.509 0.178 -1.439 -2.158 0.204 1.813;2.03 2.655 -4.189 0.575 0.794 -1.886;-0.123 -0.458 0.184 -0.286 1.195 -0.223	-0.769 -1.053 -0.426 0.063 -0.355 -1.494;-1.622 2.414 -0.85 -1.171 0.491 -0.183;-0.069 -0.388 -0.562 -1.052 -0.315 0.713;-1.711 -0.605 0.532 -1.208 0.753 -1.27	-1.034 -1.596 -0.974 1.524 0.476 -0.402;1.809 -1.335 0.732 0.089 1.43 0.173;2.056 0.104 0.74 0.13 -1.482 1.74;-0.932 -1.012 -0.695 1.672 0.817 -1.072	-1.223949035051 1.552150957268 0.03482376987488 0.1492568457719 -0.917573786808 1.262977820827 1.828278964626 1.352348811422 0.9022987960604 -0.3222185471884;-0.9255338496887 0.6092811165815 3.291874042554 -1.011976014176 -0.573813713103 -0.6824505810629 -1.807517602227 0.9501843538559 0.08272122949643 0.3807245606887;0.9538248289195 0.2910376294447 -0.7543170195035 -0.08934978414017 -1.206563990675 -1.959336534962 -1.01631703356 0.9484602231372 2.153524489724 0.7753459874511;-1.023193385449 0.5501591763994 1.021206085681 1.81974653622 0.004169402947055 0.710133900666 -0.3847806634805 0.6605310178595 -0.8883016324268 -0.3226749397704;2.435527480149 1.503425516385 -0.9606235894529 -2.680415135779 0.5260372610092 0.673389392888 -0.3121985633565 0.9248632059704 -1.522935794948 -0.8043735324558;-2.692609574075 0.3203048541619 1.0392857088 2.95117982937 1.354723546245 0.04373782226251 -1.772970854863 -0.737758749484 1.74805911015 1.353721095248
dwt2	db2	smooth	0.005 -4.211 -10.483 0.416;-13.02 -18.091 -9.893 18.327;-4.289 9.725 8.746 6.347;24.977 -8.229 -11.317 14.767;-11.911 3.817 -14.09 2.113	43.92238453282 30.42783299835 -38.75938376606;-23.57137072242 -23.09957062981 8.355850063937;81.71544368701 4.393095439275 12.25214200426;-198.3199791294 -14.50041609942 -19.09426025689	8.57914473941e-16 -3.063190557456e-16 -9.112577312458e-16;-74.88569737469 12.26854175694 3.101102482372;36.14552228098 0.03258734786928 1.28690897507;-9.62788672923e-15 -3.800566938047e-15 9.486096330667e-17	-1.7763568394e-15 -4.860467776006 8.881784197001e-16;0 -10.48587423003 -6.661338147751e-16;0 -15.68508734787 4.773959005888e-15;-7.105427357601e-15 -11.88318018787 0	0 3.427531780452e-16 -7.395570986447e-32;0 14.47465189191 -1.33226762955e-15;0 -3.426501305301 -1.665334536938e-16;-3.944304526105e-31 -1.690805780911e-15 -5.423418723394e-31
idwt2	db2	smooth	0.906 -0.754 2.158;0.5 0.108 1.504;1.115 -0.045 0.878;-0.746 -0.176 0.344	-0.483 -0.867 -1.17;-1.135 -0.625 -0.302;-1.238 -0.009 1.063;-1.468 0.174 -0.416	1.121 -0.958 1.771;1.784 -1.747 -0.068;-0.537 0.88 -0.723;-0.468 2.118 -1.324	-0.019 -0.871 1.282;1.033 -0.949 0.847;0.433 0.853 -0.719;0.202 -1.216 0.154	0.6955468398883 -0.7532294147616 -1.60391144401 0.8310894791251;1.56954400972 0.1371108367615 0.4984927163995 1.836988303032;0.624391325929 -0.6793171413566 -0.7222303536139 0.7000897628952;-0.7250585583269 0.3325590378803 1.410208525943 -0.06294278736431;-0.5539558514941 -0.4446768682742 2.536046970816 0.4176945014911;-0.7281435224857 -0.2297756012285 1.202685295585 -0.759179151157
wavedec2	db2	smooth	2	-8.879 6.037 10.148 -2.021 -10.496 15.523 -3.522 3.927 1.633 12.219 4.35;-5.204 10.234 -2.993 5.54 5.631 -1.808 12.526 -1.253 9.639 -1.733 -16.559;15.756 -18.53 5.113 7.453 2.782 -13.847 5.277 -11.769 0.359 9.295 -11.202;9.676 -1.969 4.473 36.988 17.165 -1.917 4.496 -13.663 2.954 6.488 7.281;6.531 12.444 -14.859 -7.967 1.504 14.567 -15.482 -7.635 -4.534 -13.306 7.495;8.744 19.867 -13.263 5.182 8.227 0.495 -2.023 2.505 -7.036 17.624 -5.478;11.049 9.022 -9.043 -10.218 6.519 -6.357 -11.152 -11.036 13.158 -2.63 -15.729;-8.887 -9.857 -13.267 -2.01 -11.244 -8.029 -7.747 -10.724 2.222 3.137 -4.204;-6.308 6.609 -9.702 5.338 11.313 -0.658 3.613 18.125 -3.123 16.002 2.751;14.129 -4.839 3.144 -11.818 9.385 5.845 -8.952 6.362 -0.721 -2.103 2.77;2.338 3.58 -7.182 -11.341 -0.902 4.138 -2.92 -6.926 6.182 1.239 1.895;8.417 4.184 4.404 -3.257 -8.404 3.869 -3.581 4.03 5.294 0.542 -5.764;4.221 -9.855 -15.38 3.077 -2.731 1.52 -0.586 -8.756 1.252 -4.972 -2.181;7.591 0.968 -1.669 -12.184 -11.252 0.329 6.849 11.062 -3.855 -1.021 9.244	-512.1765629206 -89.93551081589 -13.27672761107 56.43645051781 617.936585334;-151.8919662159 -22.38249968695 5.901432589243 23.2811873743 -19.07279755152;56.09351097743 27.04462727215 3.716700943343 -0.7197545802241 -51.23954024528;54.66347288977 6.043232989135 -6.321561846383 9.011217145348 -44.20550588131;145.992362625 21.0718689037 -10.12544111724 -0.3854582294149 27.26583683836|-1.204847062318e-14 -2.274211956789e-15 -4.289572369705e-16 2.144786184852e-15 -3.185275944048e-15;298.4415484658 32.53430234511 13.52143846965 -7.958818573191 27.5336130751;-90.9551962608 -27.5131363216 -20.85448006793 -0.6173097900076 -59.53880549622;-27.31599189209 2.730714412066 1.592973660664 1.133247451724 -44.28309146049;3.599939898302e-15 8.817771709806e-16 6.008952135181e-17 4.193230197644e-17 3.26227030396e-15|-7.105427357601e-15 -37.01533869601 -95.44935646839 -7.370751514666 -2.13162820728e-14;-3.552713678801e-15 3.593553891022 -18.20566135841 6.941935443056 2.886579864025e-15;-1.7763568394e-15 -4.490992525565 -21.88220698618 6.945776479315 -4.440892098501e-15;0 -13.06103586614 -6.257884614101 4.996885714899 -4.440892098501e-16;0 -20.07884455244 7.961153692211 -2.589275386984 -1.998401444325e-15|-1.972152263053e-31 -1.902774676655e-15 -4.113038136542e-15 1.264326197571e-15 9.860761315263e-32;0 22.1510573401 -7.808981221785 -1.513087905512 -2.6645352591e-15;0 8.474264078336 -4.924811487534 5.303213136859 -9.325873406851e-15;-4.440892098501e-16 1.023223990292 -7.804647797062 4.027986456279 -5.329070518201e-15;0 -7.688576761836e-16 1.929052704997e-15 -5.675100545915e-16 2.958228394579e-31|-5.637486773912e-15 -1.326400419695e-16 1.99079746503e-16 -2.667162865244e-17 -5.515954181953e-16 9.343560392192e-16 1.256073966947e-15;70.26125307939 -7.554328305866 -9.564262226876 -12.66482938683 -4.188777352098 1.979791097437 -25.59590047792;-16.98831517976 2.284017496417 -22.50903566375 5.835285853339 -6.479837304039 -22.37532480247 40.17336690901;23.83935978999 12.24076196413 -2.21445286273 1.165057509572 -1.064265587842 0.4786028708556 -19.78777166783;-55.81612920451 -0.8979283725611 8.919468598433 2.861813881218 15.5841118813 11.26733891114 -3.479498717949;-17.24798487433 -2.076514610142 -8.751535571229 1.855443331774 -8.411218326168 0.6216850394828 8.577914937771;11.75816910135 -13.67686600061 4.253698597223 3.298140897175 -11.14855156425 -3.186043176558 -8.574086747114;7.230677540569e-15 5.541742402653e-16 -3.318763693077e-15 -3.519813921689e-16 -6.01812019906e-16 -3.650322162865e-17 1.738374461222e-15|-2.6645352591e-15 44.12370221073 -66.47881484418 -44.08822873809 -31.20040924114 7.127749413421 3.552713678801e-15;0 1.342844083413 -3.652996708101 7.407188106389 3.192732828633 2.335184849452 -2.6645352591e-15;-1.7763568394e-15 -11.39910498396 7.19869858106 11.04538661097 3.767077314999 0.4786178043864 5.551115123126e-17;1.33226762955e-15 -22.43355914025 8.143085285887 -10.57476074649 -6.08388159996 3.105815805955 1.887379141863e-15;2.22044604925e-16 -12.12746104589 4.241432508357 0.09727099086158 7.605934084468 1.769536722353 1.33226762955e-15;8.881784197001e-16 0.08183171475545 12.12575273764 -13.718754985 -6.085453003948 1.157945263154 2.22044604925e-16;0 -1.357781174794 -6.490796408258 -3.293528513186 8.277372026063 -0.3187586660343 -1.221245327088e-15;1.7763568394e-15 -3.619511580098 -6.828598270985 3.52800312589 -2.626537601896 -1.466075267964 3.552713678801e-15|0 3.554079212976e-17 7.429757287072e-16 -1.815368821133e-15 -1.128756875777e-16 8.620405892529e-17 2.465190328816e-32;1.7763568394e-15 9.873269245745 3.649506304684 5.093904259902 -3.799438489652 2.605652630886 3.10862446895e-15;-4.440892098501e-16 2.030772542626 -7.509351003767 -12.25619279312 12.29023675447 -6.75891185251 -1.199040866595e-14;-4.440892098501e-16 4.061585938538 10.30223825677 -1.24185181015 14.20811408406 -1.697240281 1.554312234475e-15;8.881784197001e-16 -10.86552265042 3.922973454166 0.4286426134073 -15.4460217855 3.701298086857 2.22044604925e-16;4.440892098501e-16 -3.160296226976 1.918417146843 6.202109407621 5.532077358385 -1.06399499519 1.054711873394e-15;0 -12.715316105 3.627938911763 3.330088105766 5.857920224484 -0.4627752757335 -5.551115123126e-16;0 8.654757112739e-16 1.031901954144e-15 -1.249475159113e-15 6.494683146561e-16 -1.975509683705e-16 9.860761315263e-32	-8.879 6.037 10.148 -2.021 -10.496 15.523 -3.522 3.927 1.633 12.219 4.35 -3.519;-5.204 10.234 -2.993 5.54 5.631 -1.808 12.526 -1.253 9.639 -1.733 -16.559 -31.385;15.756 -18.53 5.113 7.453 2.782 -13.847 5.277 -11.769 0.359 9.295 -11.202 -31.699;9.676 -1.969 4.473 36.988 17.165 -1.917 4.496 -13.663 2.954 6.488 7.281 8.074;6.531 12.444 -14.859 -7.967 1.504 14.567 -15.482 -7.635 -4.534 -13.306 7.495 28.296;8.744 19.867 -13.263 5.182 8.227 0.495 -2.023 2.505 -7.036 17.624 -5.478 -28.58;11.049 9.022 -9.043 -10.218 6.519 -6.357 -11.152 -11.036 13.158 -2.63 -15.729 -28.828;-8.887 -9.857 -13.267 -2.01 -11.244 -8.029 -7.747 -10.724 2.222 3.137 -4.204 -11.545;-6.308 6.609 -9.702 5.338 11.313 -0.658 3.613 18.125 -3.123 16.002 2.751 -10.5;14.129 -4.839 3.144 -11.818 9.385 5.845 -8.952 6.362 -0.721 -2.103 2.77 7.643;2.338 3.58 -7.182 -11.341 -0.902 4.138 -2.92 -6.926 6.182 1.239 1.895 2.551;8.417 4.184 4.404 -3.257 -8.404 3.869 -3.581 4.03 5.294 0.542 -5.764 -12.07;4.221 -9.855 -15.38 3.077 -2.731 1.52 -0.586 -8.756 1.252 -4.972 -2.181 0.61;7.591 0.968 -1.669 -12.184 -11.252 0.329 6.849 11.062 -3.855 -1.021 9.244 19.509
dwt2	bior2.2	symmetric	14.452 2.469 -19.724 -6.16 19.368 12.712 12.404 17.614 -8.054;-3.386 9.058 4.673 -4.879 3.975 -19.075 15.216 1.881 14.287;16.955 16.801 -3.022 -3.36 -20.221 -5.8 3.495 4.997 -4.174;6.303 2.028 -5.093 7.428 -6.274 -12.435 -6.075 1.454 -21.605;-13.501 -2.908 11.452 3.711 4.284 2.576 2.014 -18.025 -1.855;6.043 1.08 14.29 -6.011 4.863 -5.985 -17.902 -4.655 2.232	19.26240625 7.967875 2.84384375 -11.5874375 14.80278125 20.25234375 20.3124375;-2.5645625 28.8845625 -39.14303125 37.163375 30.78071875 -10.65390625 28.5715625;26.19775 30.84440625 6.26159375 -36.34475 5.50815625 -7.06059375 11.10571875;-4.27453125 -23.10771875 15.838 7.02528125 -11.5021875 -14.90321875 -24.08203125;11.38434375 3.16121875 19.0933125 4.1151875 -33.6564375 11.85175 -16.87790625	4.3255625 -10.032 12.2095625 -11.2861875 -5.31975 10.0114375 -2.165375;-1.2074375 21.167375 -13.6965 5.2754375 5.6393125 -18.314625 -0.11475;6.3504375 -5.1246875 7.1813125 -2.6454375 5.223875 16.4908125 -2.7976875;-3.679375 -9.843875 0.9101875 1.000875 7.159 -4.123875 -3.31475;4.4676875 21.0884375 -6.6108125 -4.83225 -7.739625 -4.028125 9.3120625	4.1655 -9.22975 7.2235625 20.4763125 8.300625 -3.3428125 -18.5620625;-5.204125 -4.9275 8.1650625 7.0781875 -13.163125 11.4854375 0.2694375;1.05025 -9.4325625 -8.440625 6.342125 -4.9414375 4.177125 -7.8570625;3.1374375 3.422 2.821 2.2484375 10.0244375 -4.185 -5.0979375;-1.55225 9.4998125 17.7460625 -1.2454375 0.9948125 -5.8953125 11.291625	3.053375 -0.827375 0.80525 6.374125 7.077375 -4.75925 -6.643;-4.628125 0.472375 -5.171375 -14.1825 -11.629125 7.456375 11.622125;2.373625 -1.27625 5.529625 -3.62775 10.839 -6.639625 -3.701;1.9445 -1.80075 -2.857625 0.276875 5.321125 -1.160375 -5.580125;-3.803 0.974125 -1.4595 1.145 -13.67075 6.064 8.160875
idwt2	bior2.2	symmetric	-0.572 -0.597 1.274 0.173 1.36 -0.807 0.28;-0.474 -1.128 -0.006 -0.067 0.584 -0.455 -1.061;-0.431 0.214 2.627 0.235 -0.184 -0.831 0.998;-1.213 -0.436 -2.813 0.042 3.146 -0.319 0.491;-0.344 0.455 -1.425 0.059 1.288 1.767 0.097	0.744 1.113 1.04 0.758 0.181 1.422 1.154;1.883 -2.79 1.41 -0.584 1.131 -0.729 -1.346;-0.514 1.02 0.602 -0.289 0.201 0.128 -0.55;-0.306 -0.11 -1.424 0.265 -0.638 0.096 0.72;-0.889 0.473 1.349 0.591 0.894 -0.715 -0.579	-1.383 -1.164 -0.285 0.7 -3.663 0.918 0.684;0.298 0.766 0.029 0.184 -0.262 -1.424 0.078;0.767 -0.731 0.081 -0.737 -1.723 0.488 -0.927;-0.453 0.254 1.469 -0.011 -0.393 -0.981 0.951;-1.024 -0.182 0.084 -0.829 -1.714 -0.031 -0.205	0.814 -0.26 1.294 -0.867 1.147 -0.265 0.399;0.756 0.762 -0.255 2.575 0.011 -1.287 -0.287;0.291 1.693 -1.237 0.063 1.144 0.493 -0.426;-0.285 -0.929 0.217 -1.179 -1.36 -1.106 0.066;0.64 -0.087 0.249 0.859 0.295 1.239 2.338	-0.45825 -0.7456875 1.000875 0.15525 0.406625 -0.3553125 0.95875 -0.100125 -0.525 1.39;1.8575 1.5580625 -0.275875 -0.80640625 -0.4334375 3.176 -1.8945625 -0.166125 0.6898125 -0.450125;0.11125 0.4463125 1.774375 1.4914375 -0.1215 -0.5926875 0.100125 0.780875 -0.829375 -0.64225;-1.928375 1.58084375 -0.5494375 -2.45996875 0.8715 0.47709375 -0.1563125 2.21484375 -1.6365 0.9956875;0.056 -1.214625 -1.21325 -1.509375 0.1125 1.223375 1.19625 0.8238125 -0.550625 1.091625;0.7120625 -1.09440625 0.761125 0.3315625 0.31 -0.19640625 2.4551875 0.3561875 0.9496875 -1.08596875
dwt2	bior2.2	symmetric	0.881 3.739 -2.467 1.978;-22.263 -2.46 9.753 12.201;16.399 -0.488 0.541 -23.295;-4.355 -14.962 -1.728 1.263;-14.501 -14.873 -0.865 -16.56	0.39490625 -25.63275 15.06159375 8.5795;1.9893125 -6.7015 2.3646875 11.628;1.3270625 13.1549375 -2.3295625 -23.0254375;-26.4989375 -38.07390625 -9.1628125 -23.09709375;-18.01784375 1.00571875 -12.74840625 -14.34146875	-2.8825625 -12.7231875 5.8930625 6.2626875;7.1054375 32.7531875 -13.7359375 -24.7096875;9.1644375 6.0184375 -0.3169375 -21.9049375;-0.6210625 5.121375 0.1450625 8.863125;-12.76625 -31.1698125 8.01475 31.4888125	6.1568125 -2.6633125 1.970625 -5.464125;3.722125 -6.126125 -3.86525 6.26925;-5.3385 8.417625 7.5555 -10.634625;0.2065 7.5603125 6.1708125 -13.937625;-7.3494375 12.553 2.9918125 -8.195375	2.118125 0.18425 0.249625 -2.552;-6.704375 3.004 3.035875 0.6645;0.494375 -1.92325 5.689125 -4.26025;-1.279375 1.182625 -2.33575 2.4325;5.37125 -2.447625 -6.638875 3.71525
idwt2	bior2.2	symmetric	-0.565 -0.561 1.361 -0.074;-1.174 -1.226 -0.029 -1.241;0.324 0.748 1.017 -0.364;-0.381 0.118 0.097 0.347;-0.738 -0.614 0.368 -1.468	0.387 -0.275 -0.496 0.166;-1.311 0.494 -0.73 0.246;0.082 2.424 -0.358 0.926;-0.226 -1.718 0.016 -0.884;-2.398 -0.794 -1.062 -0.834	0.115 -0.482 -1.219 1.376;0.915 1.208 0.421 0.059;0.037 0.682 0.183 -2.243;2.952 -1.426 1.352 -0.444;0.152 0.896 0.559 0.302	-1.869 -0.325 -0.314 2.164;-0.42 -1.334 0.674 0.152;-0.413 0.642 -0.42 1.541;-0.842 0.013 1.525 -0.661;-0.03 -2.355 0.258 1.546	-0.521 -0.6770625 -0.076125 -0.6705625;0.6688125 -2.080375 1.2209375 1.1175625;1.092625 0.4093125 0.398 -0.1913125;-1.7211875 1.06878125 0.52825 -2.30175;0.542 1.45175 0.1645 -1.4926875;1.866125 1.34853125 -0.5945625 1.3123125
wavedec2	bior2.2	symmetric	2	4.443 3.376 10.683 -0.405 -1.575 4.491 4.457 -10.088 11.357 1.639 -20.422;-18.549 -9.972 -5.339 -11.12 -2.02 -3.981 -6.552 -9.506 -8.006 4.613 -1.034;-3.926 14.52 4.04 -8.432 -1.586 3.182 7.551 5.706 -13.435 0.824 -5.318;-6.622 -1.683 4.08 -10.28 -1.577 -10.859 9.333 -18.038 4.363 4.208 -7.211;-30.426 -10.476 -2.244 6.579 -2.912 -6.624 -14.547 8.217 -0.161 13.771 -1.291;3.982 -5.2 18.686 -8.143 -8.87 5.184 9.15 8.803 4.936 7.205 -12.286;-4.695 11.344 -7.69 6.138 10.348 0.79 -4.04 -13.783 -2.563 7.228 -5.457;1.504 1.386 -6.271 6.381 2.176 -4.161 -16.513 3.406 -2.805 5.446 -16.566;-18.515 -1.064 -1.259 12.264 3.434 1.216 -4.056 -16.502 -4.902 7.085 5.011;-9.005 0.848 11.595 3.74 -5.151 -1.72 -13.426 -4.911 -7.76 -8.883 8.468;-1.82 0.506 5.001 -5.303 1.74 -14.112 -5.034 0.036 0.807 -14.941 7.534;-9.52 -3.23 6.002 3.7 20.87 12.29 -17.961 -3.181 -1.054 -3.741 -21.644;0.139 14.685 1.619 4.778 8.376 -15.414 8.194 -6.452 0.248 -3.483 -10.848;3.905 5.54 -29.388 -8.148 -17.035 -8.618 4.031 19.015 -6.471 7.117 19.15	12.16774316406 19.16905664062 9.494272460937 8.105596679687 -46.14890722656 -5.112783203125;-41.30675097656 -21.74392089844 -17.8768359375 -13.64441113281 -15.07566601563 4.452888671875;-16.64022753906 7.495749023437 -6.779637695313 3.8371875 -21.64161621094 1.39366796875;-15.20574609375 -3.65455078125 6.949833984375 -5.698373046875 -14.6705390625 24.8453203125;-22.67493457031 -7.208834960937 23.4775703125 -36.28186816406 -10.28596386719 -34.42266699219;18.29112695313 18.96273828125 -74.70118261719 17.44787304687 56.96150292969 31.63480078125;6.8189296875 25.29661230469 -0.9617646484375 -0.0406630859375 -21.05720410156 -19.70063574219|14.4423828125 7.199427734375 10.34297265625 5.996404296875 -10.28871484375 -1.066595703125;-19.70114648437 -2.4801328125 -18.70533203125 -7.38173828125 18.38653125 -0.289837890625;38.5782890625 44.06986914062 3.993482421875 7.92176953125 -14.68400195313 -14.33238867188;24.138828125 20.51748242188 0.725552734375 6.3298828125 -11.88985742188 -18.61534570313;0.493634765625 -10.335328125 -18.85203710937 -9.073677734375 34.08536328125 3.2456328125;-3.631904296875 2.9915859375 20.46466796875 -1.678833984375 -24.65104101562 -10.39384375;-5.617205078125 0.929611328125 -2.613529296875 12.47272265625 -7.08555078125 22.76575585938|-4.034935546875 7.512275390625 10.8538671875 -19.47531054687 -17.116453125 35.38406640625;-8.72541015625 19.44234570312 -0.527376953125 -1.53495703125 -5.9827734375 7.27012109375;-12.00412304687 24.59084375 21.20743164063 3.681177734375 -6.4950078125 9.570671875;-4.500482421875 10.45122460938 -14.10717382812 -21.10178320313 -15.98907617188 27.77910742188;-9.76052734375 26.83111914062 -12.65282226563 -6.87751953125 6.053681640625 -7.03356640625;9.65848828125 -41.29312109375 21.17717382812 34.76015820312 15.3382734375 -37.292625;-4.0880703125 1.328142578125 -6.35530078125 -6.252185546875 -2.064328125 7.549302734375|2.1454765625 -3.49473828125 2.22810546875 -11.6343203125 -5.48765625 13.82269140625;-4.99334375 6.577828125 0.1861796875 27.941515625 11.888203125 -29.81137109375;3.08377734375 -17.084921875 -4.10238671875 15.31641015625 2.8399375 -8.10631640625;3.73603125 -12.81187109375 0.601421875 -7.08359375 0.07358984375 5.7786640625;4.5689921875 -10.6703046875 9.34384765625 14.4820703125 12.715453125 -25.56209375;-4.2149375 12.282296875 -8.3417265625 -12.13032421875 -7.07171875 15.92903125;-1.657390625 2.34554296875 -2.325015625 -0.5358359375 -9.05309375 12.18630078125|-7.7755625 -11.328875 -7.5513125 -0.8758125 -3.876625 -7.3403125 11.0900625 -0.12975;18.878375 19.5849375 13.524875 0.8023125 12.2743125 6.118625 -13.1295625 -3.18825;-0.5051875 -9.693125 2.281375 6.1205 0.39025 -0.2329375 5.6878125 -3.10975;-6.19325 -17.881625 -11.5865625 16.3031875 -19.540625 -5.6049375 10.1110625 3.458625;1.2735 -12.8643125 4.040125 3.7495625 5.5291875 -8.506125 16.67275 5.4124375;-3.389125 -0.087875 -8.4615625 4.662 2.9669375 3.8569375 -2.2901875 5.2851875;9.026375 10.3691875 0.5883125 -21.719 9.6645625 -5.129375 19.1054375 -1.206125;6.262 -3.249375 13.0336875 8.09725 -4.479875 -0.3740625 -16.0814375 -3.4183125;-12.9685625 -2.97375 -13.941375 1.277 -2.155875 2.571875 10.7486875 2.279625|5.14675 -4.622875 7.1735625 -2.502 -1.353125 -9.4673125 3.5505 7.8066875;-1.1503125 5.748375 4.6816875 -3.0631875 19.354375 -6.0380625 10.9995625 -16.9740625;7.4265625 -11.02825 12.512 4.1028125 -0.01075 -8.7580625 2.1163125 11.6486875;4.7955625 3.8421875 -1.328375 0.5735625 -6.1259375 -12.3209375 8.3353125 4.3155625;2.5145625 -8.126 0.0905625 0.2141875 4.598375 -12.2404375 8.87375 0.6203125;6.6131875 -5.391375 -11.1020625 -5.642875 3.289 -7.7306875 1.97225 3.290375;0.8903125 4.1215 10.17925 1.97625 -7.45125 15.8468125 -8.9490625 -5.952875;6.1978125 -12.4075 -0.3685 13.77175 4.1624375 -5.750875 5.652375 -1.0388125;1.3335 -20.191125 -16.2530625 6.4328125 -18.1100625 -0.053625 -6.675125 19.1859375|1.2055 -1.53975 0.620375 0.68625 -3.942 -0.740375 -2.05175 5.28525;0.028125 -1.583 -0.06575 -0.659875 1.22325 0.4735 2.113625 -2.500125;3.56475 -5.2865 -5.64025 -7.94475 -18.49775 -3.358375 -0.20425 12.60275;6.794125 -14.115875 -10.017 2.586625 -0.392375 -0.99375 -1.404375 1.076125;4.21575 -4.705125 0.217875 1.713 12.158625 2.998625 -3.658125 -3.74575;0.008875 -2.158125 -0.36675 6.51875 5.309375 -1.59825 1.787625 -2.448;0.5365 -3.915875 -2.64475 14.45875 5.294125 8.127625 -6.3645 -2.16525;1.613875 1.118875 3.82075 5.39575 7.727 -0.259875 2.42475 -6.188125;-2.645875 2.700375 -1.441625 -14.029375 -11.976875 -1.187875 -1.1075 6.89025	4.443 3.376 10.683 -0.405 -1.575 4.491 4.457 -10.088 11.357 1.639 -20.422 -20.422;-18.549 -9.972 -5.339 -11.12 -2.02 -3.981 -6.552 -9.506 -8.006 4.613 -1.034 -1.034;-3.926 14.52 4.04 -8.432 -1.586 3.182 7.551 5.706 -13.435 0.824 -5.318 -5.318;-6.622 -1.683 4.08 -10.28 -1.577 -10.859 9.333 -18.038 4.363 4.208 -7.211 -7.211;-30.426 -10.476 -2.244 6.579 -2.912 -6.624 -14.547 8.217 -0.161 13.771 -1.291 -1.291;3.982 -5.2 18.686 -8.143 -8.87 5.184 9.15 8.803 4.936 7.205 -12.286 -12.286;-4.695 11.344 -7.69 6.138 10.348 0.79 -4.04 -13.783 -2.563 7.228 -5.457 -5.457;1.504 1.386 -6.271 6.381 2.176 -4.161 -16.513 3.406 -2.805 5.446 -16.566 -16.566;-18.515 -1.064 -1.259 12.264 3.434 1.216 -4.056 -16.502 -4.902 7.085 5.011 5.011;-9.005 0.848 11.595 3.74 -5.151 -1.72 -13.426 -4.911 -7.76 -8.883 8.468 8.468;-1.82 0.506 5.001 -5.303 1.74 -14.112 -5.034 0.036 0.807 -14.941 7.534 7.534;-9.52 -3.23 6.002 3.7 20.87 12.29 -17.961 -3.181 -1.054 -3.741 -21.644 -21.644;0.139 14.685 1.619 4.778 8.376 -15.414 8.194 -6.452 0.248 -3.483 -10.848 -10.848;3.905 5.54 -29.388 -8.148 -17.035 -8.618 4.031 19.015 -6.471 7.117 19.15 19.15
dwt2	bior2.2	periodization	-4.598 12.938 4.501 -2.49 -6.605 -1.161 9.779 14.251 -3.212;-10.749 3.496 -7.21 0.213 -1.522 1.677 14.55 0.148 7.597;15.533 -7.358 15.051 13.661 7.649 -3.959 0.29 -7.138 18.782;18.185 -0.574 -2.003 10.82 4.598 -20.217 -1.837 7.848 -4.207;3.773 -4.736 2.06 12.199 5.094 -1.83 11.698 7.913 2.884;-15.487 7.634 -4.342 16.573 12.218 -6.399 5.943 -7.673 5.474	-11.68184375 8.14378125 -9.25146875 21.56028125 1.0215;19.21371875 10.15925 10.1029375 -11.02840625 23.30675;2.7185 -0.17740625 13.93428125 9.556625 0.942	9.886125 11.6235625 0.8830625 -7.62275 0.2025;-7.2070625 7.9229375 3.8895625 6.2370625 13.2625;8.7650625 1.641375 -12.986125 11.8376875 -3.433	-21.0336875 -1.858375 4.8708125 -4.155375 -5.285625;16.701625 -4.360625 10.93325 13.9680625 -0.6815625;2.3105625 -11.89675 15.6041875 -0.5519375 0.8019375	8.653625 2.07125 0.250625 -4.036125 4.007125;3.243125 2.028 -6.260125 9.448 -5.893;7.44075 4.5215 -4.49625 -9.588125 5.178125
idwt2	bior2.2	periodization	0.266 0.236 -0.106 -0.075 1.221;0.842 -0.207 -0.083 0.691 0.804;1.597 1.725 -0.747 0.477 -0.069	0.336 -0.629 0.029 -1.344 -0.554;0.299 -0.961 0.546 1.508 -0.327;-0.412 -0.954 0.508 -1.571 0.435	-1.403 -0.837 0.374 -1.54 -1.716;1.538 -0.995 -1.915 -1.772 3.106;0.357 0.394 0.377 -1.603 -2.328	0.312 1.817 -0.381 -0.413 -0.39;0.587 0.196 0.465 -0.118 2.061;0.414 -0.659 0.933 0.897 1.664	-0.41575 0.531 -0.60225 0.0465 0.17925 -1.0245 -0.92825 0.827125 -0.0135 0.864375;0.526125 0.0446875 -0.73725 2.96915625 -0.8389375 -0.0793125 0.9813125 1.97121875 1.277625 -1.309375;2.062 -0.957125 -0.00125 -0.1936875 -0.363125 1.395875 -0.591125 2.0708125 0.65775 -2.581625;-0.157875 0.1166875 0.88825 0.27 -0.95825 -0.0920625 -1.882875 0.1834375 -0.52925 2.0404375;0.86825 -0.104 0.63875 0.2566875 0.199625 -0.882 0.188375 1.0940625 -0.42725 0.686;-0.40075 1.26625 1.09475 -0.95065625 -0.4555625 0.91825 0.2860625 2.22484375 -1.935875 2.9319375
dwt2	bior2.2	periodization	-9.899 8.398 -10.426 -1.241;5.561 5.132 9.934 -11.294;-3.673 0.411 9.052 1.552;-8.77 -2.277 -8.87 1.247;12.392 2.048 -15.773 12.602	0.8873125 -7.9391875;-12.4936875 15.9033125;33.379625 -26.049875	-3.9245 -2.1985;10.803875 3.183875;-9.964125 3.854875	-14.018625 -3.8595;3.514375 5.9985;-3.339 -15.83625	-5.37825 -11.46675;2.9065 1.74475;-3.7055 1.34275
idwt2	bior2.2	periodization	0.046 0.648;0.478 0.251;2.565 -0.294	0.234 0.851;0.876 -0.388;-0.423 0.803	0.599 1.998;1.116 -0.866;-0.517 -0.135	1.576 1.593;-0.163 0.131;0.737 -1.695	0.901375 -0.47325 1.663125 -0.66475;-0.88225 0.293875 -1.256 1.145375;0.971125 -0.989 0.695875 0.8375;0.1800625 -0.73875 0.5869375 1.106;1.109 0.6195 -0.33 1.3065;1.9071875 1.836125 0.3425625 -2.780125
wavedec2	bior2.2	periodization	2	0.118 9.718 -4.818 -7.072 -3.974 -8.779 8.064 14.081 -1.333 -6.605 -10.857;-2.348 -15.945 5.081 1.488 -1.606 -8.699 16.475 -8.217 7.383 -12.123 -1.057;-4.65 -7.085 9.77 -18.043 0.921 -4.873 -6.252 -8.784 -9.776 3.298 -5.461;15.241 21.513 4.301 -0.482 -10.446 -10.1 -0.697 -9.34 12.321 7.806 12.119;-7.897 -3.73 14.086 -2.423 2.549 -2.506 -8.064 7.491 -11.67 1.081 -9.257;7.69 -3.938 -2.835 -17.897 -1.336 -10.637 3.691 3.87 3.03 3.014 -6.101;10.272 -2.028 -11.205 1.131 -2.848 5.823 -8.052 -1.022 -7.496 9.327 9.124;1.9 19.303 0.979 -3.932 -2.92 3.642 -18.642 15.056 -8.003 -10.965 7.161;-7.642 -16.543 -1.672 -4.469 6.015 5.439 11.959 -1.3 -2.912 -1.803 -21.017;10.067 -20.997 2.677 11.374 -1.643 -10.331 0.339 -8.587 6.255 -13.751 -7.451;-3.164 -4.152 7.774 -14.763 8.364 -22.967 -4.808 6.657 10.417 8.767 -1.005;2.013 -0.229 7.792 -9.609 -20.721 0.098 5.209 -4.35 3.896 4.617 7.184;10.344 -15.872 -14.977 1.859 13.58 -3.388 3.933 -19.859 -8.396 5.148 -1.977;-2.27 -5.804 -1.434 0.952 15.721 -11.959 -1.452 4.443 -3.483 6.94 -17.655	-12.16109765625 -10.67741308594 -0.6541298828125;18.63003417969 -17.30615722656 -3.271767578125;-22.15857421875 -3.367075195313 -3.891241210938;4.838739257813 -0.9905341796875 -24.07734570313|-7.190068359375 7.069005859375 6.4903125;-32.892875 13.27688671875 -2.78898046875;-11.4974765625 25.06793554687 -29.72045898438;-3.711533203125 -4.6715859375 10.38215039063|-0.116431640625 -13.3827265625 18.59918945313;-12.64275390625 6.967083984375 -5.334892578125;0.598439453125 -3.4068046875 17.23995898438;31.41915234375 11.70890039063 -8.073615234375|-0.236 -3.97698046875 13.83798046875;-20.1421484375 -6.3949375 14.3567109375;19.22467578125 -11.248953125 2.64896484375;-10.31648046875 -5.36391015625 8.066828125|3.81475 -1.1699375 -0.71175 -6.884875 -1.5355 -2.8776875;-26.254125 -2.2809375 8.154875 0.288125 -13.271375 -15.3123125;-4.39225 8.448625 9.2106875 -4.4684375 -8.3568125 8.9714375;-8.297125 -12.6343125 2.793375 10.9768125 0.79075 -9.7025;-9.431875 -1.4749375 1.3173125 4.84425 5.2881875 2.9948125;-0.9231875 -14.360375 23.370125 -11.7174375 -0.3515625 -7.9263125;8.7701875 -6.128375 -7.482625 6.7611875 -7.1223125 8.5559375|-6.6351875 1.013375 15.13075 -7.0274375 2.483125 5.056625;9.2815625 15.2790625 5.4995625 12.9111875 -1.8830625 -0.2379375;2.3734375 9.45675 5.0303125 -8.610125 -6.2635625 2.5016875;-4.0421875 -3.5975 -9.5189375 -10.8441875 -2.172875 0.5758125;10.2885625 1.1721875 -0.209 1.5695625 -0.125125 6.6109375;9.7876875 14.6855 17.0534375 -0.624125 3.03525 -0.87225;13.138875 -2.772625 7.472125 15.539625 -11.4535 5.346125|-9.2615 6.391375 -4.808875 -12.559375 -10.244625 1.796;9.988375 9.8275 -1.77525 -11.723 -7.82225 -0.509125;-1.08625 -7.26 -8.788375 -5.77275 -2.739625 -3.13425;12.293625 -1.86 5.28025 13.957125 -9.940625 3.130625;-9.09875 12.796625 2.23375 -5.44925 -10.132125 -2.9775;2.437375 3.496375 13.149375 -1.0075 -4.060375 2.563;-1.604125 -3.066125 -3.804625 5.18325 6.298375 -0.93425	0.118 9.718 -4.818 -7.072 -3.974 -8.779 8.064 14.081 -1.333 -6.605 -10.857 -10.857;-2.348 -15.945 5.081 1.488 -1.606 -8.699 16.475 -8.217 7.383 -12.123 -1.057 -1.057;-4.65 -7.085 9.77 -18.043 0.921 -4.873 -6.252 -8.784 -9.776 3.298 -5.461 -5.461;15.241 21.513 4.301 -0.482 -10.446 -10.1 -0.697 -9.34 12.321 7.806 12.119 12.119;-7.897 -3.73 14.086 -2.423 2.549 -2.506 -8.064 7.491 -11.67 1.081 -9.257 -9.257;7.69 -3.938 -2.835 -17.897 -1.336 -10.637 3.691 3.87 3.03 3.014 -6.101 -6.101;10.272 -2.028 -11.205 1.131 -2.848 5.823 -8.052 -1.022 -7.496 9.327 9.124 9.124;1.9 19.303 0.979 -3.932 -2.92 3.642 -18.642 15.056 -8.003 -10.965 7.161 7.161;-7.642 -16.543 -1.672 -4.469 6.015 5.439 11.959 -1.3 -2.912 -1.803 -21.017 -21.017;10.067 -20.997 2.677 11.374 -1.643 -10.331 0.339 -8.587 6.255 -13.751 -7.451 -7.451;-3.164 -4.152 7.774 -14.763 8.364 -22.967 -4.808 6.657 10.417 8.767 -1.005 -1.005;2.013 -0.229 7.792 -9.609 -20.721 0.09800000000001 5.209 -4.35 3.896 4.617 7.184 7.184;10.344 -15.872 -14.977 1.859 13.58 -3.388 3.933 -19.859 -8.396 5.148 -1.977 -1.977;-2.27 -5.804 -1.434 0.952 15.721 -11.959 -1.452 4.443 -3.483 6.94 -17.655 -17.655
dwt2	bior2.2	smooth	-1.882 13.053 0.905 18.408 -7.416 -1.001 -2.37 -1.798 -6.432;3.676 -6.477 4.9 -13.941 -8.942 2.516 -9.273 11.725 8.616;-8.03 3.597 0.066 10.152 9.723 7.759 -3.971 15.849 6.854;-9.203 -31.137 18.904 13.941 3.369 5.621 7.487 -2.97 -2.853;-2.695 13.162 -10.738 -11.695 17.149 -2.559 -1.092 -21.401 1.586;0.9 -0.125 1.139 -11.753 11.097 9.083 1.682 -27.556 -10.606	-286.44 5.08125 61.3225 29.90175 8.9375 -81.205 -103.792;-35.754 4.65709375 15.78153125 -9.3700625 -3.19571875 -6.91646875 -23.492;-1.06225 -18.7549375 9.778 13.50084375 5.18159375 21.8129375 -24.7795;-35.06225 -3.58553125 -12.12828125 17.85440625 -13.1201875 -11.39684375 84.7045;80.618 -2.09375 4.5275 7.6565 4.62925 -57.866 -1.944	-3.768221900841e-15 -1.020560098144e-15 -3.140184917368e-16 7.850462293419e-17 -6.280369834735e-16 -6.280369834735e-16 5.024295867788e-15;-55.5 -3.3006875 7.2619375 14.631625 3.4064375 -9.2920625 -15.816;-67.5115 16.2695625 -13.7174375 7.3991875 -10.363125 7.4896875 20.831;2.983175671499e-15 -1.766354016019e-16 -3.336446474703e-16 8.831770080096e-17 1.962615573355e-17 -1.874297872554e-15 -6.594388326472e-15;1.884110950421e-15 2.355138688026e-16 1.923363261888e-15 7.065416064077e-16 1.687849393085e-15 -1.413083212815e-15 -1.256073966947e-14	1.42108547152e-14 -62.1545 -88.8305 11.571 16.298 -3.552713678801e-15 -7.105427357601e-15;0 -8.2101875 -15.318375 -5.701 -3.4900625 -4.440892098501e-16 -1.7763568394e-15;-5.551115123126e-17 10.181375 -0.818875 -7.4533125 -14.877875 0 8.881784197001e-16;0 -7.4494375 12.994 9.8261875 22.0646875 -1.720845688169e-15 0;0 22.1675 20.8415 -15.9745 24.54 0 -2.775557561563e-16	0 -4.710277376051e-16 -1.570092458684e-16 0 1.256073966947e-15 0 -1.972152263053e-31;-1.7763568394e-15 -10.662625 -12.69025 3.618 1.774125 -4.440892098501e-16 2.22044604925e-15;0 -24.858125 3.813 1.522625 -0.833375 -6.661338147751e-16 -8.881784197001e-16;0 6.672892949406e-16 0 -1.766354016019e-16 -6.476631392071e-16 -9.860761315263e-32 -1.972152263053e-31;0 7.850462293419e-16 3.925231146709e-16 -3.689717277907e-15 -2.198129442157e-15 2.958228394579e-31 -7.88860905221e-31
idwt2	bior2.2	smooth	0.504 -0.457 1.236 1.051 0.859 -1.349 -1.419;-0.19 -0.321 -0.017 0.213 -1.467 0.02 2.796;-1.898 1.053 -1.165 0.995 -0.688 1.253 1.608;-0.022 0.625 0.09 1.032 -1.698 1.767 -1.673;-0.71 0.029 -0.94 -1.434 -1.063 0.806 -0.116	1.124 -0.274 0.469 -0.175 0.527 0.994 2.068;-0.132 -1.282 0.748 0.462 0.706 -0.433 0.278;-0.709 0.45 -1.019 -1.378 -0.19 -0.885 0.042;-1.188 -1.624 -1.741 -0.051 1.023 0.641 -0.7;0.741 1.085 -1.262 1.356 1.519 0.338 -0.375	-0.473 2.08 -0.624 -0.072 -0.955 -0.96 0.362;0.886 -0.3 -0.794 0.306 -1.933 0.434 0.757;-0.039 -0.177 1.433 1.669 3.222 -1.477 1.1;-1.743 -0.461 0.996 2.005 0.943 -0.362 0.707;0.779 -0.877 -1.211 0.438 -0.545 2.683 -1.116	-1.964 -0.006 -0.416 -0.423 1.259 1.014 -2.377;-0.502 -1.011 -0.155 0.864 -0.204 -0.086 -0.27;-0.63 0.924 -1.328 -0.932 -0.615 1.556 0.49;0.787 -0.695 -0.27 -0.412 -0.782 1.313 -0.681;0.229 0.424 0.394 -0.605 -0.314 0.492 -0.651	-0.838375 0.3011875 -0.17625 1.011375 0.04 -0.829 -0.645 1.0946875 0.023375 0.147375;1.675375 -0.9295 -0.519375 -0.56140625 -0.3714375 0.0065 -0.9100625 -1.06803125 0.997 0.96559375;0.112125 0.0103125 -0.5325 -0.5326875 0.850125 -0.7615 0.896875 -1.95675 0.814625 1.6498125;-0.7828125 2.046875 0.6135625 -1.191625 3.2036875 -1.10178125 1.28875 -1.41528125 1.3976875 3.21834375;-0.48375 -0.2365625 -0.682375 -0.2675625 0.54125 -1.1855625 -0.246375 0.2081875 1.15175 -0.786625;1.3103125 0.44553125 1.00175 0.59428125 0.3148125 -1.61915625 -0.642625 -1.30865625 0.3048125 0.5274375
dwt2	bior2.2	smooth	5.378 -14.065 -12.339 8.72;-8.234 -6.119 -9.859 2.064;0.308 5.024 -2.538 13.16;-14.666 0.482 3.001 0.74;10.874 -25.525 12.279 0.686	315.44 46.39975 -53.40225 122.726;73.511 0.56903125 -30.53671875 51.89225;-74.383 -8.61325 -0.78325 44.802;126.226 -4.20678125 7.79696875 -27.06225;681.88 61.94125 -0.29675 -59.358	0 -1.570092458684e-16 1.099064721079e-15 1.256073966947e-15;30.034 9.7894375 1.1329375 15.3315;82.236 14.8080625 -3.5794375 10.4965;1.884110950421e-15 5.495323605393e-16 -7.850462293419e-17 -7.850462293419e-17;-1.507288760336e-14 -5.024295867788e-15 5.024295867788e-15 -4.945791244854e-15	1.42108547152e-14 37.6085 0 3.552713678801e-15;3.552713678801e-15 9.2969375 -8.881784197001e-16 8.881784197001e-15;0 -12.8755 -8.881784197001e-16 -3.552713678801e-15;-3.552713678801e-15 31.6525625 0 8.881784197001e-16;-2.84217094304e-14 123.9335 1.7763568394e-15 8.881784197001e-15	0 3.140184917368e-16 0 0;-8.881784197001e-16 2.575125 0 -4.440892098501e-16;3.552713678801e-15 10.897875 1.110223024625e-16 4.440892098501e-16;0 1.570092458684e-16 0 3.08148791102e-33;0 0 0 3.944304526105e-31
idwt2	bior2.2	smooth	-1.947 -1.812 -0.678 0.545;-0.182 0.519 -0.148 -0.76;0.795 -0.677 1.209 1.551;1.314 0.628 -0.117 -0.341;-1.521 -0.476 1.164 1.87	-0.418 -0.987 0.46 1.432;-0.253 1.291 -2.019 -1.284;-3.226 0.956 -0.998 -0.307;1.151 -0.832 -0.568 -1.423;-1.201 0.06 0.073 0.177	1.586 -0.069 -0.029 -1.317;0.977 -0.636 1.777 -0.277;-0.457 -0.665 0.436 0.857;-0.721 0.867 0.613 1.265;-2.366 -1.948 -0.555 -0.084	-1.427 -1.114 0.543 1.211;-1.741 0.621 -1.247 -0.567;-1.426 0.629 1.176 0.344;-1.989 0.051 0.179 -0.024;0.996 -0.355 0.219 0.524	-0.036875 0.7 -0.328125 -1.5768125;-0.897875 2.323375 2.138125 -1.07;-0.296875 -0.13825 -0.059625 -0.0981875;-0.686125 0.407875 0.152875 1.54146875;0.039625 -1.1 0.174375 -1.165375;0.985 1.27215625 0.4623125 0.957625
wavedec2	bior2.2	smooth	2	5.272 -12.799 -1.764 -5.505 13.577 11.368 9.665 -6.53 17.471 4.984 -4.974;-9.47 -21.996 0.841 -0.083 23.116 1.15 10.741 -0.525 12.494 -11.975 -6.948;-4.365 11.819 -11.239 -9.958 -5.26 -8.342 -11.988 -17.371 -3.574 1.853 -1.5;19.846 -8.668 -4.612 -5.884 5.116 -7.258 11.265 21.896 -3.251 0.523 -9.027;16.518 -7.798 -9.888 -21.631 23.291 13.191 -2.719 2.68 -3.448 8.333 7.526;0.926 -17.21 -7.597 -13.952 -4.443 8.215 3.129 9.424 1.067 5.157 -5.917;7.327 16.926 -6.933 -16.745 -1.741 1.297 2.568 0.375 -14.564 2.465 -5.115;11.16 3.646 -9.608 3.611 13.555 3.313 6.688 15.957 -1.516 -14.466 -15.58;-9.034 -11.243 -5.701 8.963 3.371 -11.999 16.082 -0.586 -3.953 0.398 1.121;3.472 15.586 14.041 -13.072 17.273 -6.372 0.841 -16.917 -12.575 -4.347 -6.182;-18.247 -8.536 9.244 7.958 1.488 -17.929 -0.227 10.073 -4.325 8.831 -6.103;18.134 -0.28 -1.246 15.413 -8.784 11.418 4.533 -16.688 -8.082 -5.58 -13.181;14.894 13.197 9.665 10.067 -9.043 -9.325 -9.609 3.677 0.476 -5.673 -20.56;15.292 -10.284 11.721 0.359 16.424 -21.07 1.703 0.227 -4.727 1.029 16.684	1459.2855 775.8525625 -80.35496875 29.570546875 153.989203125 -1744.237875;912.52828125 365.8603183594 -53.79025878906 56.99004589844 33.77351367187 -610.3894765625;115.513984375 25.81833398438 -27.24564355469 -1.446998046875 -13.87690332031 13.748375;222.26084375 109.2988730469 -36.60568554687 33.08319824219 -25.20096972656 -114.5726953125;-209.890109375 -81.91594335937 33.71455761719 -5.435158203125 -50.77896386719 -334.89275;1264.754625 402.3191523437 -46.22094628906 -27.37073632813 128.4260107422 803.004359375;3527.2545 955.14828125 -232.21546875 -51.7625625 621.5761875 3496.14325|-4.01943669423e-14 4.710277376051e-15 7.065416064077e-15 -1.256073966947e-15 1.570092458684e-16 0;-114.0965625 -3.23476171875 3.542267578125 -21.50434179687 13.73684765625 -116.530046875;-526.35490625 -169.013375 31.92059765625 -21.82599023438 -21.49891601562 -29.349328125;-101.10753125 -26.16568359375 8.8284453125 -10.897375 -2.01597265625 -120.18603125;163.84475 12.3358203125 -22.58773242187 -1.75665234375 69.54160351563 332.25528125;-5.777940247956e-14 -1.83700817666e-14 5.573828228327e-15 -6.280369834735e-16 8.714013145695e-15 1.909232429759e-13;1.306316925625e-13 3.517007107452e-14 -1.118690876812e-14 1.436634599696e-14 -6.896631124768e-14 -8.038873388461e-14|0 -33.423125 44.7410625 -62.59065625 -4.263256414561e-14 1.136868377216e-13;0 27.03036328125 -10.76150195313 -38.94707421875 6.217248937901e-15 2.84217094304e-14;3.552713678801e-15 5.73208203125 -21.67460742187 -7.081693359375 0 1.33226762955e-15;7.105427357601e-15 -8.08424609375 -6.8730390625 11.89058007812 1.7763568394e-15 -1.06581410364e-14;0 -1.52086328125 10.99956054687 -11.02782226563 7.105427357601e-15 0;0 87.8731953125 -36.93199023437 60.21300976562 7.105427357601e-15 0;-1.136868377216e-13 288.8854375 -169.516 280.549125 -5.684341886081e-14 -1.136868377216e-13|0 -9.420554752103e-15 3.140184917368e-16 -3.140184917368e-16 0 0;3.552713678801e-15 -21.7844765625 12.10925390625 1.7203984375 -3.552713678801e-15 7.105427357601e-15;0 -32.55675 19.8043671875 -0.96001171875 0 -1.7763568394e-15;0 -8.0881328125 7.1022421875 -5.1259921875 2.6645352591e-15 1.06581410364e-14;-7.105427357601e-15 23.905359375 -18.02251953125 32.56273046875 -7.105427357601e-15 -1.42108547152e-14;3.155443620884e-30 -3.454203409104e-15 -1.570092458684e-16 2.669157179762e-15 -1.183291357832e-30 6.310887241768e-30;0 1.004859173558e-14 -7.771957670485e-15 -2.284484527385e-14 0 0|-8.164480785156e-15 -2.041120196289e-15 -3.925231146709e-16 3.925231146709e-16 6.280369834735e-16 6.0841082774e-16 7.654200736083e-16 -4.553268130183e-15;-13.2415 14.977375 -0.91325 -13.633875 -8.629625 -2.1431875 7.7886875 -19.654;-62.6655 -8.63475 -3.037875 5.938875 -19.3085625 -5.5405625 11.71 26.98;-10.5585 15.167125 0.2475625 10.364 -5.263375 -9.958125 7.5518125 20.8835;-34.4315 -11.1243125 3.4858125 -14.3375 -1.6435625 -7.875625 16.8273125 8.954;-0.3865 -19.808625 -6.193375 -7.249625 9.3829375 12.6353125 4.4155 -6.85;-64.6525 -18.019125 8.928375 -4.2626875 -8.85425 13.4988125 0.888375 -14.7695;3.768221900841e-15 1.177569344013e-15 -6.280369834735e-16 4.710277376051e-16 -1.962615573355e-16 6.280369834735e-16 -2.237381753624e-15 -7.536443801682e-15;7.536443801682e-15 -4.082240392578e-15 -3.140184917368e-16 -7.379434555814e-15 4.396258884315e-15 -1.099064721079e-15 4.710277376051e-15 1.256073966947e-14|7.105427357601e-15 8.296 10.1115 -30.798 36.009 -25.7025 5.218048215738e-15 7.105427357601e-15;-3.552713678801e-15 19.606875 12.786875 4.20125 19.422625 5.3421875 -1.7763568394e-15 1.7763568394e-15;0 -9.432375 0.86275 7.92675 3.9640625 -0.6423125 4.440892098501e-16 2.6645352591e-15;-1.42108547152e-14 20.418375 23.0018125 -0.3889375 -11.0285 -6.1946875 -2.22044604925e-16 0;-2.775557561563e-16 -11.6691875 8.6040625 -3.5310625 -10.064875 -8.630875 0 -3.552713678801e-15;0 2.0685625 -2.050125 19.644 6.747875 2.1548125 0 8.881784197001e-16;-1.7763568394e-15 3.12975 2.61675 11.6754375 -2.57175 -12.281625 3.552713678801e-15 -1.7763568394e-15;3.552713678801e-15 0.873875 -13.3195 -5.7066875 -1.9410625 -3.330125 -5.329070518201e-15 -3.552713678801e-15;0 48.4985 37.183 60.268 4.7655 14.268 1.7763568394e-14 1.42108547152e-14|0 -9.420554752103e-16 4.710277376051e-16 -1.256073966947e-15 0 -1.21682165548e-15 -1.170965406187e-31 0;0 -10.10775 -2.75075 -7.8965 1.35075 -8.155375 1.110223024625e-16 -8.881784197001e-16;1.7763568394e-15 -10.2695 4.44225 -8.521 9.901125 0.66 -4.440892098501e-16 -8.881784197001e-16;0 -8.34125 6.219125 3.488875 0.628875 -0.858625 4.440892098501e-16 -1.7763568394e-15;-1.7763568394e-15 -1.778375 1.38875 1.80625 6.754875 -6.488625 0 0;3.191891195797e-16 5.39225 -17.5445 2.35675 -6.949625 -1.449 0 6.661338147751e-16;0 -3.58275 7.127 11.411375 -12.604875 -2.07775 1.110223024625e-16 4.440892098501e-16;0 1.570092458684e-16 -1.570092458684e-16 -7.850462293419e-16 -7.850462293419e-17 -5.495323605393e-16 -9.860761315263e-32 0;0 3.140184917368e-15 -2.512147933894e-15 -2.826166425631e-15 1.570092458684e-15 6.280369834735e-16 1.972152263053e-31 -7.88860905221e-31	5.272 -12.799 -1.764 -5.505 13.577 11.368 9.665 -6.53 17.471 4.984 -4.974 -14.932;-9.47 -21.996 0.841 -0.083 23.116 1.15 10.741 -0.525 12.494 -11.975 -6.948 -1.921;-4.365 11.819 -11.239 -9.958 -5.26 -8.342 -11.988 -17.371 -3.574 1.853 -1.5 -4.853;19.846 -8.668 -4.612 -5.884 5.116 -7.258 11.265 21.896 -3.251 0.523 -9.027 -18.577;16.518 -7.798 -9.888 -21.631 23.291 13.191 -2.719 2.68 -3.448 8.333 7.526 6.719;0.926 -17.21 -7.597 -13.952 -4.443 8.215 3.129 9.424 1.067 5.157 -5.917 -16.991;7.327 16.926 -6.933 -16.745 -1.741 1.297 2.568 0.375 -14.564 2.465 -5.115 -12.695;11.16 3.646 -9.608 3.611 13.555 3.313 6.688 15.957 -1.516 -14.466 -15.58 -16.694;-9.034 -11.243 -5.701 8.963 3.371 -11.999 16.082 -0.586 -3.953 0.398 1.121 1.844;3.472 15.586 14.041 -13.072 17.273 -6.372 0.841 -16.917 -12.575 -4.347 -6.182 -8.017;-18.247 -8.536 9.244 7.958 1.488 -17.929 -0.227 10.073 -4.325 8.831 -6.103 -21.037;18.134 -0.28 -1.246 15.413 -8.784 11.418 4.533 -16.688 -8.082 -5.58 -13.181 -20.782;14.894 13.197 9.665 10.067 -9.043 -9.325 -9.609 3.677 0.476 -5.673 -20.56 -35.447;15.292 -10.284 11.721 0.359 16.424 -21.07 1.703 0.227 -4.727 1.029 16.684 32.339
dwt2	sym3	symmetric	-11.727 9.237 20.616 -6.414 5.341 16.599 -5.981 -7.957 6.65;-6.11 0.803 -11.304 -14.73 3.532 18.852 10.598 3.649 -2.859;12.922 -2.406 2.476 6.66 -4.495 -5.087 -14.913 10.902 20.127;0.431 -4.036 -8.72 -6.61 6.9 -4.531 -1.433 3.491 -8.172;-14.714 0.303 17.459 1.241 -1.718 14.264 -0.298 5.213 12.578;7.007 -14.122 -0.235 1.347 10.863 10.807 -2.567 -6.371 -14.722	-14.48177188227 12.70798615177 -5.249045052339 -5.229942866195 -5.295676845262 11.02295811066 19.11262486774;24.59725625132 -21.78402103055 16.44744203488 -1.43283666822 22.00751072185 -7.000542100557 0.7138884505793;-2.9117726207 -1.539870103441 2.80380825065 -9.948637704517 14.30156802498 5.763495668025 10.34547634845;1.601389199998 -5.766791086707 -0.6061248190716 -0.1087110131273 -4.7741064166 8.537913531682 16.56271245469;-5.975451700541 4.373546338098 -11.08454067309 7.189152572234 17.67724966933 -11.17721501064 -20.49408089493	12.87361024426 -0.505423273933 6.840420915304 9.255340894969 -6.56285222134 -3.887711284635 5.657653618136;8.04832174598 16.53036981883 5.684617231789 13.88318414528 -20.89572083026 5.323398340974 28.42609601519;22.09272443383 -21.61388010675 9.37294953664 1.613638279564 8.619399312638 9.053814910434 17.94231576206;-12.20314744191 12.08433966726 -5.738962322214 -0.567872993898 -0.7055216263054 -6.943599783888 -13.67390825696;-16.38685772567 3.114790977276 -7.712704590687 -7.598672686898 -1.360146586983 -6.275854324803 -21.20598609386	4.778708242841 -6.42388812215 2.036629928055 -9.839841217249 -0.3901150445846 7.501663495123 2.495653099418;-9.949163129693 18.57641660298 0.9069675751184 -12.84444000214 10.44873830755 -11.28665851233 21.54044330298;-2.213692644325 1.152275527318 0.7218322755825 -11.08473499899 3.845522301522 -1.387760541452 14.50234058374;-0.9668337341658 3.479927680228 1.62700310649 -8.023917185634 0.4858232064276 5.305527620586 1.553620223366;10.87040998686 9.444973396008 1.585336472443 -9.706465414017 -1.42325052179 3.677091954702 10.13913862465	0.03792098229544 7.248575131561 -2.49361846878 -3.074583188884 4.795544331267 -3.58015015011 1.950419398874;6.563845890038 2.221856188379 -9.723792163388 -7.066206786451 7.310823575354 -1.33417602035 2.105388017716;-7.896746903721 11.45500704341 -12.8868268297 -2.123684183637 6.429657722319 -7.821519644959 12.41364460014;5.185120752132 -5.200065341281 6.481876557771 0.7670551723328 -3.315805019526 3.408860165955 -4.624547742157;-0.03267610745911 -8.90222845694 14.4126605858 5.897963910137 -8.267322810371 7.025655884705 -12.97844615439
idwt2	sym3	symmetric	-0.265 0.294 2.212 -0.745 0.099 -0.378 0.19;-0.851 -0.263 0.318 0.629 -0.094 2.808 -0.653;-0.298 0.586 -1.788 0.215 0.043 0.345 -0.078;-0.391 2.227 -0.055 -0.692 -1.029 -0.791 0.152;-3.216 0.345 -1.29 0.336 0.301 -0.01 -0.178	-1.702 -0.241 2.345 -1.602 2.258 -0.201 1.213;1.24 0.787 0.152 -0.479 0.053 1.678 -0.464;-1.274 1.076 0.105 0.255 1.079 -0.867 -0.461;-0.9 -0.123 -0.63 -0.079 0.189 -1.279 0.329;0.102 -0.356 1.051 0.314 -0.96 1.146 0.744	0.72 -0.07 0.915 0.385 0.896 -0.666 1.517;0.355 0.879 -0.732 -0.492 1.535 2.375 0.291;1.856 -1.257 -1.027 -0.243 1.136 -0.854 1.136;-0.591 -1.305 -1.109 1.35 0.231 -0.506 1.175;0.641 -0.239 0.196 0.326 1.111 0.211 -0.549	0.833 -1.359 -0.708 2.453 -1.083 0.579 0.356;-0.338 1.436 -0.755 1.136 1.113 -0.08 -0.383;0.222 0.219 -0.54 0.282 1.563 1.037 -0.211;-1.221 0.799 0.733 0.089 0.275 -0.706 -0.162;0.424 1.424 0.912 -0.362 1.362 -0.682 -0.154	1.785014718813 0.9618541211252 -0.4975012541318 0.3138888187631 -1.072265893937 1.345195143936 2.492243365372 0.1519042598914 0.4103793843485 -0.1089397628516;0.7048424383649 -1.728611667523 -1.881472577381 1.383433316402 0.4554675271581 0.07056300993952 -1.950046255551 -0.556225599463 0.3437407799729 0.2872976231293;0.5291525064957 -1.037949569561 -0.4166843589963 0.3450863265715 -1.519288053347 -0.3283297773966 1.048212071863 -0.1333782261202 1.55118408535 -0.2253511964852;-0.007255884250229 0.7872555990731 -1.279567351504 0.2041173490045 -0.9867620257249 -1.293986548673 -0.2592209365788 -0.3405274032414 -0.7674729402098 1.218845728057;1.197384485304 -0.3284259561955 -0.4264075861855 0.7115440722891 -0.6102146818401 0.335763105326 0.4806152882618 -1.777338817541 0.6579898067732 -1.082754137158;0.7575235277311 -0.8254171634617 -0.5361950534593 0.4024425143984 0.3582038914339 -0.1793521357736 0.1431637702403 0.7772956581399 0.7478947966512 -0.4546600422306
dwt2	sym3	symmetric	-13.55 0.065 32.557 12.019;2.173 -1.485 2.656 9.508;-4.832 6.677 -5.298 -7.917;3.074 -1.344 -10.032 1.585;4.144 -14.368 2.915 2.949	-10.3243080893 3.34899292822 -2.056475746827 -7.797227269523;42.87948544076 -23.65213797531 10.73318209621 30.37022820832;14.64724404209 -7.273956108409 4.518961284279 11.59816188438;-8.8870457968 2.30955040989 -5.873065874228 -2.32144559419;-8.281349456411 4.386977523042 -13.17688276244 7.843110856247	9.106886020815 -8.206329221828 3.774199384062 0.3743915982319;-2.47099220598 -5.367684555821 4.217777482834 -16.09125602546;3.736553453535 -0.8578486713504 -2.176362183641 6.014862113289;-4.403916496896 4.081802834736 -0.05751715216481 0.3539711821894;-5.968530771538 10.35005961431 -5.758097531077 9.348031131664	-2.833469020279 -11.44583976082 5.381963384 8.897345397138;-1.033339297757 29.00364611671 -14.03250630785 -13.93780051123;-1.977556918991 6.01646943176 -2.790740111508 -1.24817240131;1.374920264261 -5.116517502896 3.363247031856 0.3783502068106;10.63066987461 5.930281210664 0.1923946676368 -16.75334575289	-1.911338853886 7.533509756516 -4.743144988639 -0.8790259140027;-5.538366554069 -1.614565724709 -1.916949242383 9.069881521203;4.489518166692 8.555664361714 -3.333965208766 -9.711217319654;-2.61997393773 -10.38318128963 5.478384541313 7.524770686046;5.58016117898 -4.091427103944 4.515674898491 -6.004408973545
idwt2	sym3	symmetric	-0.051 0.009 0.716 1.483;0.77 0.038 -0.433 1.746;1.379 0.041 1.672 0.351;-2.48 0.771 -0.492 1.007;1.786 0.874 0.947 0.954	-0.953 0.574 0.619 -0.867;-1.292 -0.654 -0.055 0.394;0.756 -0.99 1.703 0.013;-0.25 -0.09 -1.428 -0.402;-0.325 0.213 -1.296 1.152	-0.32 -0.825 -1.933 0.62;-0.739 0.234 0.078 0.833;0.559 0.639 -2.489 0.394;1.59 0.155 0.074 -0.079;1.086 -1.023 0.558 -0.398	0.726 1.936 0.802 1.548;-1.081 0.579 -0.608 -1.43;-0.445 -0.17 0.685 0.619;0.837 -0.217 0.396 0.63;-0.875 0.119 -1.032 -1.038	0.7450936666598 -0.4135464199641 1.922151921559 -0.5796586823895;0.9235256388509 0.982396329303 0.6152870744193 1.100472789514;0.05342140041512 -0.315037690277 1.21374931096 0.8909823419095;1.751318579392 -2.015296019403 -0.6998438812166 0.6748531546566;0.9540774200857 1.29404667521 0.5116874939937 0.2330790252462;0.9850760337259 0.7925996092534 0.0808501978679 0.8744867555779
wavedec2	sym3	symmetric	2	7.273 -13.463 4.106 8.802 -1.519 3.596 6.28 -2.161 7.652 14.966 -10.403;12.674 -13.213 -5.788 -5.534 -2.383 4.131 -3.083 8.756 -6.401 -7.723 -12.485;5.818 -4.489 0.637 7.689 -2.843 -12.746 -7.482 7.514 -0.053 -3.375 0.543;8.645 -11.051 -4.038 8.429 -4.012 -19.622 10.434 20.374 -25.171 0.459 19.288;-1.607 -4.326 19.495 10.257 0.66 -18.276 -9.929 2.52 4.911 5.913 -17.713;-22.107 18.646 -14.378 4.212 -0.217 -9.59 3.407 -9.316 -12.95 8.205 -6.126;0.948 -5.971 -3.778 -11.314 5.782 -15.506 -2.649 -4.094 -10.132 5.731 -13.035;-9.529 -9.463 20.091 9.061 -7.336 -14.166 -1.904 -5.67 10.801 1.811 -12.229;0.111 -5.902 -12.633 -1.511 -4.604 7.441 3.243 -6.174 12.318 4.089 5.84;-8.002 3.902 1.04 0.512 -10.711 -6.922 8.618 -6.623 -5.1 -10.249 -15.25;-9.121 8.372 -23.91 -6.821 -0.12 -0.991 10.599 21.104 5.058 0.714 11.915;-15.387 -14.158 -9.996 -4.878 1.083 -12.196 13.625 2.2 -7.96 -5.571 14.597;2.903 -10.239 6.484 -12.58 -18.293 -0.452 8.835 -4.769 -1.873 0.787 -6.811;1.982 11.253 -11.73 6.612 -13.126 11.284 -18.493 4.162 -16.469 16.688 -4.787	2.246716098673 -9.240323654977 3.831816265198 -2.0864553882 9.790373895028 -20.79458527723;5.133866567474 -11.58348422711 7.142326380557 -9.500436751979 -4.431641169259 -5.335811412475;1.853973521809 -13.87220048004 3.563196854899 -3.126513802426 12.35668583697 -22.22886375635;1.50263674688 0.1493980822214 1.292805657816 -3.053779449113 -8.343133552213 -2.4254408076;-12.70241193748 2.808134414991 -13.90596281056 -5.813102669268 -4.592146497055 -22.00990383974;-20.98455836205 -22.65332975669 -20.57635631009 -21.61924731589 1.98741915672 6.695708465229;-1.95138601968 -14.15972812231 0.3963079548288 -13.74207580483 -11.63089921073 14.72993975852|1.870247036836 -2.343476405713 2.449649390013 -5.120868642207 -7.715105831475 1.314056357239;-0.06578970311089 -11.20687333444 0.5389945299265 -6.423156606351 -1.053336842421 -19.98079862915;-6.029678922361 -2.322828734232 -10.06097785991 0.45711067942 -9.760772171789 -10.52436171358;10.53210355449 -0.7154151803609 11.46077129544 1.33149196378 6.207614290333 -9.512941508441;17.02821120506 11.87070105968 18.31518928277 9.332920588874 -9.060435061211 -3.642679262169;-28.54411388344 -18.22300087704 -30.55361369581 -14.65376071001 9.216010736811 14.04585896376;2.118132314546 10.099408165 3.88077050863 4.622479712943 -1.571701145384 1.310469665929|-12.98471732884 -19.78039247237 -3.74053525495 3.131435723544 -5.579373925492 6.971283415422;-14.08106504171 -18.44762263592 -21.33866359371 -10.21603558495 4.91993620138 20.37894577533;-15.67871717555 -20.76162211001 2.015384474194 3.708497676331 -6.53642886037 4.799054075932;-3.833675152042 -13.49320614508 -25.20634566086 -2.567377287066 2.384179141093 13.54677190157;8.835112843433 1.163609806996 -11.41386958614 10.83994311036 -7.39385640044 0.9286166277445;-0.1501974027914 3.049236044135 4.261158018762 -7.53899882786 3.099978146969 6.169308404638;-5.474064388023 5.415832743595 9.016517492992 6.442574535085 -0.4259184568772 -12.47674663344|-1.255507978574 1.300415202073 -8.799619709756 -7.935789746465 5.190871509066 8.796168351198;-4.94870536795 2.715038149065 8.539313854791 -3.108350035123 -0.8868190246297 2.025023716683;8.340394767696 13.9628124885 10.30312397493 7.054757150427 -3.186556424235 -12.53246262115;-4.246570311168 4.501182799954 3.616590152167 -6.616108988919 1.293130886643 6.68059132527;-2.339459865857 2.146554639353 0.6218639635806 12.90809854176 -4.944116855383 -12.79575674872;3.809636588882 -5.971187058243 -2.015865800651 -16.31874767405 7.536929236254 14.77034824843;0.2413085731383 -7.735980552518 -6.170635361481 11.15340374323 -4.925079591184 -6.142316283405|6.394885549012 -3.263963948179 0.592280730283 6.68511191725 -0.01597568914743 -0.8103951169757 8.866525303365 7.064849212641;9.085702758594 -3.883236370853 4.766316188256 7.057216977589 -8.801440494566 -1.361196719506 3.629064068534 -1.709681523091;14.93906128655 0.4193450554494 5.963898120711 10.92474215673 -6.356537749465 1.836586353987 1.403526616193 -27.50804366449;-18.41008982131 17.21517245634 -5.124319538807 -9.965733965587 -0.6421742882847 -0.614246410816 -3.490155861753 0.9350772341671;-17.93433958394 8.092781187635 -6.210680629725 -10.31111285535 13.35551332934 1.695368654321 12.15532838636 20.12382825476;-7.25622898066 3.682103804182 1.996113789671 -4.838118011382 1.152571347559 17.81535508196 11.02635753826 11.22684789748;5.067352269617 8.767539846825 7.797043888447 -8.465952576169 0.6554998727279 -1.537284870148 -4.069555378518 -16.51171702519;-0.2384451125129 -0.3667197051245 0.2056585681634 5.541971137573 -0.3133753851047 -2.569096687574 2.658870659161 5.93312008098;-3.52581136695 -15.31645430296 -14.61806314497 7.050415942768 -1.925888245937 -3.963861778275 -3.086021566846 11.09350864724|9.09235890354 -1.141502591867 -0.3004122329389 -2.324378711511 -16.35019824286 8.971942221784 -6.466888006467 23.83596387838;13.87122424354 7.671841118382 -10.02521611591 5.670293419841 -0.09900116417024 -16.08015249343 22.51335684307 -11.20640199886;11.16600783574 1.779787910893 -3.687714645722 -6.498728342651 -1.384621744117 -5.080160536681 5.965214742312 5.385825699373;11.90148135076 7.979646637202 -3.830166419275 8.023118071148 -24.75571222364 8.030287856857 -0.5478361140423 24.97248385699;-12.55893776835 -11.58213841289 11.01047822576 9.700129481843 -14.37974393903 -10.92264964171 23.61727147874 -1.466713934327;5.526157109138 13.8426558779 -3.869914530478 8.223869995375 10.2640151587 -10.04894714398 8.347758862826 -14.03047087172;-8.106215573093 -13.91629192914 -4.129008066216 8.276520276326 1.219972777977 -0.4535565110035 -1.787046978775 -2.567990418616;1.194216959869 3.962718004784 5.861581588248 21.79624446608 -6.059854088871 11.39271439901 -14.11495211792 0.3856248787433;-5.954239233409 -18.99904893705 -21.11364891619 -23.96575220914 -22.32047150385 -11.55366548597 30.41054520933 16.85002393926|-0.6686683654911 0.8855408841216 -2.624680315062 5.673969255319 1.947449254211 -3.345081097712 4.441401213208 -6.90993250456;-3.784773008311 -0.9446693863516 -0.6000599030329 -2.229757843003 11.37866638352 -2.030726855013 -3.379724151958 -5.539994348079;5.475089903348 19.3517677104 -1.985114107879 -8.215084535962 18.99959002367 -15.21385592055 9.561851288946 -11.40280789243;9.300913616836 3.72761671337 13.49307975544 -3.347785779811 -8.713754044543 2.004960479617 1.751354603439 8.128371810771;-0.3049383023054 -15.36398209655 1.253412488622 -7.562490689747 5.162873711719 3.878985677077 -6.279593265617 -2.715050362485;-5.444478503578 -13.48363119689 6.774507155079 -10.10517844271 -4.298677343501 1.870772768154 -1.81240530858 12.52182863501;7.365192961841 18.75427978741 -8.315513783922 9.295529087699 10.02430988161 -6.408599215589 3.019856460797 -14.48124617988;-4.925052483415 -12.79096649389 0.5971790400474 -10.42592210266 -6.460501884297 0.0239407295485 4.12700059019 8.884490130489;1.078197289562 1.999241420532 8.317998003915 8.366641746692 -2.84388098737 8.647612489934 -9.838469287482 0.7965486968057	7.273000000052 -13.46300000018 4.106 8.802000000092 -1.518999999974 3.59600000019 6.280000000095 -2.161000000092 7.65200000008 14.96600000011 -10.40300000011 -10.40300000016;12.67400000022 -13.21300000023 -5.787999999973 -5.534000000086 -2.383000000006 4.131000000154 -3.082999999967 8.756000000141 -6.401000000051 -7.723000000149 -12.48500000019 -12.48500000018;5.81800000003 -4.488999999995 0.6370000000922 7.689000000171 -2.843000000035 -12.74600000014 -7.482000000102 7.514000000038 -0.05299999993987 -3.375000000015 0.5430000000323 0.543000000052;8.645000000086 -11.05099999997 -4.038000000086 8.429000000041 -4.011999999952 -19.62200000027 10.43399999994 20.37400000018 -25.17100000024 0.4590000001194 19.28800000017 19.2880000002;-1.607000000071 -4.325999999974 19.49500000029 10.25700000013 0.6600000000227 -18.27600000033 -9.929000000191 2.520000000086 4.910999999961 5.913000000038 -17.71300000013 -17.71300000013;-22.1070000003 18.64600000031 -14.37800000016 4.212000000156 -0.2169999998744 -9.590000000188 3.407000000058 -9.316000000118 -12.95000000014 8.205000000196 -6.125999999987 -6.126000000039;0.9479999999593 -5.971000000003 -3.777999999914 -11.3140000001 5.78200000008 -15.50600000016 -2.649000000019 -4.094000000067 -10.13200000015 5.731000000144 -13.03500000017 -13.03500000021;-9.529000000149 -9.463000000066 20.09100000024 9.061000000163 -7.336000000066 -14.16600000013 -1.904000000151 -5.670000000089 10.80100000023 1.811000000041 -12.2290000002 -12.22900000021;0.1109999999611 -5.901999999988 -12.6330000002 -1.510999999978 -4.604000000032 7.441000000079 3.24300000005 -6.17400000002 12.31800000013 4.088999999957 5.840000000136 5.84000000013;-8.001999999997 3.902000000041 1.040000000096 0.5119999999951 -10.71100000002 -6.922000000027 8.618000000199 -6.623000000005 -5.099999999907 -10.24900000018 -15.25000000016 -15.25000000015;-9.121000000121 8.372000000148 -23.91000000025 -6.821000000148 -0.1200000000041 -0.9909999999662 10.59900000025 21.10400000021 5.058000000162 0.7139999999385 11.91500000008 11.91500000011;-15.38700000023 -14.15800000009 -9.996000000273 -4.878000000111 1.083000000098 -12.19599999998 13.62500000014 2.200000000073 -7.960000000034 -5.570999999965 14.59700000019 14.59700000025;2.903000000136 -10.23900000009 6.484000000043 -12.5800000002 -18.29300000021 -0.4519999999235 8.835000000047 -4.768999999966 -1.87299999997 0.7870000000598 -6.811000000073 -6.811000000042;1.982000000175 11.25300000008 -11.73000000005 6.612000000003 -13.1260000001 11.28400000009 -18.4930000002 4.161999999902 -16.46900000023 16.68800000026 -4.786999999935 -4.786999999947
dwt2	sym3	periodization	-2.036 9.691 15.598 0.265 -4.22 -3.357 -22.91 -15.95 -8.392;3.283 10.275 5.585 -5.605 6.81 -6.203 12.989 -8.883 9.214;9.314 -5.026 -10.98 9.114 -7.482 -12.525 -0.809 6.446 2.683;-1.096 -3.723 -2.057 9.273 -16.833 9.264 -5.575 10.502 -5.092;5.3 -10.808 4.752 -1.508 -21.759 -7.64 -7.767 6.957 12.129;9.234 10.998 -4.722 -21.651 -18.729 10.263 0.806 -10.88 16.314	14.31950977008 16.37571635732 -24.14005669098 -8.644078695264 -11.58378380918;7.906052648384 12.48652504306 2.506287141068 -5.29778512462 -6.46350138118;5.384010231905 -9.579805627171 -0.3579333741396 -13.90328430143 10.84062781201	8.850192493836 -10.70389757205 -1.191900867088 -11.24442620318 5.126334656513;8.515221701499 -3.052577375977 4.089387617829 -13.31650395379 2.454676473819;-26.01549993215 0.8441290638935 18.89115893429 -10.62457393494 -16.9702211025	6.404845880834 -14.0727035924 -8.207505922989 13.02017452032 -5.77796139601;-0.9579454363099 8.911553948452 12.12080278103 6.947745347506 -3.110454563248;-2.112322310544 -24.14143426602 -5.56203271594 -7.067312054309 7.308049779653	-9.096486954665 -2.174791897656 1.01286263859 -2.845166815883 7.929336942155;11.91025198808 0.5964486375238 2.879871228602 1.533663701783 -0.549962181419;3.530065186357 -3.259402426116 -13.8703229372 -4.124451471252 4.166584361232
idwt2	sym3	periodization	0.141 1.053 0.123 -0.927 0.551;-0.277 0.627 1.96 -1.304 0.797;0.071 0.051 -0.729 -1.54 1.275	-0.153 -0.193 -0.515 -1.174 -1.724;-0.356 -1.013 -2.09 -1.048 0.575;1.378 -1.061 0.797 0.485 1.182	0.471 -0.217 0.279 0.513 -0.304;0.096 0.042 -0.762 -0.111 0.56;-0.497 2.481 -0.052 -0.63 0.827	-0.581 -0.419 -0.315 0.943 -0.798;0.718 -0.74 -0.568 -0.547 -0.271;1.453 -1.177 -0.243 -0.361 0.095	0.169777235151 -1.107607417863 1.713128269415 1.213021076247 -0.356983880251 0.1538334968167 0.1109237746045 1.578876622875 1.008782106902 0.7771464449956;0.5643636655811 0.5605982311807 0.5955886038338 0.6576519394556 0.9081022523355 -0.7633087060286 -0.3613438914677 1.476571409037 -0.226375148019 -0.9162842124224;0.1209226727644 0.499298156747 -0.3786247717079 0.3188358582578 0.1972767272793 -1.421755527678 -1.648980360507 -0.3361794768537 0.1937909245496 -0.2960885179623;1.156202749779 0.4038113403562 -0.3566339689292 -0.6760426363209 1.897581684404 -1.209296830425 0.780925795476 1.333884019516 0.1754977510061 -0.1366045520503;-0.4128355175273 -0.2753639641233 -0.7555542989054 -2.200776872591 -1.114562470888 -1.309198099995 -0.5273966360869 1.247299520217 0.1038362252174 -0.3028412990869;0.1940746886397 1.761216610124 0.5656757345403 0.3013177009536 0.08809463500312 -0.6902191783136 -0.249238574047 -0.9889913909278 0.4119840218687 -0.4768037441457
dwt2	sym3	periodization	-7.632 5.217 5.266 2.008;-24.449 0.778 22.798 0.905;-15.782 -7.997 -3.055 10.433;1.809 6.035 1.12 -22.082;17.063 -16.178 8.502 -6.931	6.478773494658 -2.258609829128;-1.393856936366 -1.613070528943;-12.17574044064 1.10450424051	10.78421750938 -17.32087552299;10.6862883427 -3.908263856931;-4.582727058535 5.113360586352	14.25014202556 23.92834332284;17.68181061751 -32.29765603685;8.051737098689 9.44862297221	-9.331754512868 -1.116642039493;6.962442729504 4.779042890248;-13.24014225839 -11.30594680909
idwt2	sym3	periodization	1.123 0.093;0.639 1.08;0.168 1.527	-0.106 0.485;-0.913 -2.436;-0.154 1.222	-0.578 -0.933;1.467 -0.611;0.866 0.935	0.131 0.907;-0.946 -0.215;-0.827 -1.114	-0.8524438369054 1.546970167412 0.4053138001429 1.274436163105;-0.3298136939818 -0.5470470710538 1.38634424253 0.1507465347895;1.102615481121 0.6785378848919 1.792221990336 -0.6797602100038;1.094346411928 1.247803885576 1.727653616244 -0.2744348086089;-0.2841576852355 -0.9806196423548 -1.258549749445 -0.01656436304808;0.4083033142728 -0.02708858573565 0.5841661090092 1.111020045019
wavedec2	sym3	periodization	2	-5.737 -4.239 -0.781 2.144 -8.399 2.334 8.817 18.28 -3.352 -16.491 2.924;-21.869 13.006 -6.342 8.699 -10.589 -2.636 2.888 0.658 8.016 3.515 6.888;15.348 5.153 1.461 3.837 -24.825 -10.241 3.091 -10.061 0.272 19.386 -5.242;0.092 0.965 -20.811 -2.382 -3.902 24.356 4.012 -4.23 -26.376 -7.156 4.078;-6.759 -14.342 16.732 -1.555 -9.353 -1.618 17.492 -13.821 18.956 -8.431 -4.975;10.501 1.277 13.552 -4.543 -8.369 -9.536 1.098 -17.439 -15.593 2.258 -6.941;10.734 -22.388 -7.75 -5.023 5.524 -0.957 -1.07 1.075 12.427 -4.95 -4.027;10.071 -6.134 5.395 -4.7 -4.847 21.159 -5.43 -1.681 0.924 -5.17 -5.902;-6.501 7.427 -19.166 11.126 12.278 2.804 0.237 4.286 -2.526 -4.125 5.275;-4.816 0.874 -3.051 4.825 -12.376 4.81 -15.904 -2.784 1.182 -12.369 -7.858;4.269 -21.971 -4.421 5.998 6.364 2.812 0.528 -2.07 10.74 5.064 -7.399;4.62 8.758 0.18 -9.714 -0.266 -3.005 11.731 8.509 -8.756 1.224 16.65;15.95 10.239 -11.704 0.181 0.871 -7.38 -10.111 10.126 -0.415 -5.267 4.384;1.742 -10.404 -21.666 1.578 21.76 -1.607 13.181 1.074 -7.334 10.44 7.136	16.94915035049 7.278532073575 1.454849195626;9.41207037385 -4.9536087679 -1.525786783812;-10.39718818576 -7.119773725718 -1.903236068432;-5.801360269924 -9.227344436766 2.056003939388|-4.434545686761 -7.786356975267 10.49211091475;10.44046042335 1.949519268395 12.8607941166;9.78578280275 11.73371527582 -4.422857046668;-3.509090624419 -17.48576998288 14.78807291885|-7.349092385981 11.14570901645 20.38287825568;-3.640241262346 2.915484188996 0.6640761414982;-10.46390446152 -8.371505237699 5.914030570274;4.846509409693 0.7782800988341 3.503925833732|-15.15415580672 -11.32888166759 9.960711845079;-5.871914690138 3.298591872784 5.550902517524;-9.73252431587 4.133062938799 3.817309842388;8.307934639087 -4.513828490275 13.68343663079|0.9517033288663 10.73197880587 -0.3729786925234 -15.21561350297 -7.320601761514 12.4681988472;-8.343589797143 -6.446735991642 6.894464276584 -4.16659046187 19.23779953862 5.231842851395;7.514779568184 -20.25162128953 -0.998987064936 -1.096454164965 13.76563801235 2.541355361324;6.544337015922 -3.420929553365 10.50731576174 1.123228817503 2.023919998325 5.48683958333;-4.436675619625 -17.71426110702 6.632216860255 6.343543766684 2.625427974612 7.104837776059;-3.813226731515 10.61473856584 1.10400547972 -15.9960703476 0.6939943531907 -8.965956046325;-3.503733959052 4.097439486517 -4.145873317948 -1.989348260291 13.11320516901 -16.55456352901|-13.37767606985 16.2561384828 1.532473721059 -13.67286765776 8.229303935415 2.128680053447;-9.33346776173 -17.80243156561 10.8025506678 -0.7782500802289 -2.41075707782 -14.82091595935;-6.36295378862 -16.84218128414 6.937327840558 -3.751853491159 2.690955141023 0.05353635391224;17.18031357406 -2.343997114246 17.61365747181 6.863826417132 -4.361138416778 17.95049432543;-2.646054325371 -0.4598368020467 -11.16386381129 5.090693703624 2.063634013964 10.05079901755;-8.631821958689 -9.124950462326 -11.38541742167 11.60968095522 -2.644554718649 3.920370598872;-4.47546897859 5.63051753319 0.7027719443264 -6.825734009745 6.686616125738 0.2378508790094|3.964014037375 -3.882413347071 11.57951140376 0.1929366959297 -14.35360445794 26.80069059897;20.91866894804 -2.632305162347 14.76700416455 27.39770260697 -1.906640140623 -4.692772824148;-7.956858693303 9.964296353644 -6.040982092324 6.002655547919 1.488747661168 4.97692149499;-17.43117170208 12.9831344618 9.013695971025 -8.352396802098 3.996646714165 -16.45632243498;7.973679650378 2.891666044347 1.958632892837 8.377618991334 -10.49180978597 19.52408121126;-10.49036376133 -5.336392034991 -13.86417558584 7.290570626359 0.875856347035 6.415893747267;12.89684383479 -13.01562668932 -2.411473583878 -2.339290984353 8.692090274112 1.574039802551	-5.736999999983 -4.238999999902 -0.7810000001211 2.14399999992 -8.399000000074 2.334000000076 8.817000000023 18.28000000023 -3.352000000034 -16.49100000008 2.924000000076 2.924000000025;-21.86900000019 13.00600000021 -6.342000000125 8.699000000053 -10.58900000011 -2.636000000128 2.887999999953 0.6580000000552 8.016000000321 3.515000000098 6.888000000116 6.888000000034;15.34800000014 5.153000000079 1.461000000082 3.837000000045 -24.82500000034 -10.24100000015 3.091000000077 -10.06100000012 0.2720000000186 19.38600000024 -5.242000000037 -5.242000000021;0.09199999999495 0.9649999999104 -20.81100000025 -2.382000000031 -3.901999999979 24.35600000035 4.012000000123 -4.230000000143 -26.37600000032 -7.15600000023 4.078000000017 4.078000000045;-6.759000000082 -14.34200000019 16.73200000013 -1.555000000018 -9.353000000097 -1.617999999891 17.49200000013 -13.82100000028 18.95600000018 -8.431000000028 -4.975000000224 -4.975000000084;10.50100000022 1.276999999997 13.55200000019 -4.542999999993 -8.368999999997 -9.536000000151 1.097999999952 -17.4390000002 -15.59300000025 2.258000000039 -6.941000000149 -6.941000000076;10.73399999995 -22.38800000014 -7.75000000003 -5.02300000008 5.524000000036 -0.9569999999053 -1.069999999986 1.075000000012 12.427 -4.950000000081 -4.026999999996 -4.027000000058;10.0710000001 -6.134000000116 5.39500000015 -4.700000000032 -4.847000000076 21.15900000026 -5.430000000061 -1.681000000027 0.9240000000543 -5.170000000114 -5.902000000143 -5.902000000121;-6.501000000142 7.427000000049 -19.16600000023 11.12600000009 12.2780000002 2.804000000128 0.237000000063 4.285999999972 -2.526000000116 -4.125000000063 5.27500000006 5.274999999977;-4.81600000012 0.8739999999607 -3.050999999967 4.825000000163 -12.37600000009 4.810000000174 -15.90400000015 -2.784000000009 1.182000000061 -12.36900000024 -7.858000000075 -7.858000000137;4.268999999969 -21.97100000018 -4.421000000017 5.998000000126 6.364000000049 2.812000000062 0.52800000002 -2.070000000048 10.74000000004 5.064000000134 -7.39900000005 -7.399000000066;4.620000000214 8.758000000129 0.1799999999285 -9.714000000211 -0.2660000000022 -3.005000000213 11.73100000003 8.509000000146 -8.756000000044 1.224000000038 16.65000000019 16.65000000029;15.95000000018 10.23900000008 -11.70400000005 0.180999999896 0.8709999999497 -7.380000000097 -10.11100000008 10.12600000016 -0.4150000000013 -5.267000000084 4.384000000166 4.38400000011;1.741999999952 -10.40400000023 -21.66600000026 1.577999999975 21.76000000029 -1.607000000043 13.18100000027 1.074000000017 -7.334000000053 10.4400000002 7.136000000134 7.136000000133
dwt2	sym3	smooth	-8.925 -6.489 13.326 -2.543 -9.311 -8.665 -7.495 1.679 10.716;1.307 10.694 12.914 19.762 -4.573 -8.123 0.428 -15.519 9.222;-0.647 -3.948 -10.404 0.988 -1.771 5.636 1.513 9.889 3.064;1.071 -3.852 0.375 3.235 -7.943 19.739 -5.838 0.941 -13.607;-9.223 -17.739 1.641 5.13 17.188 2.114 -6.636 -1.129 -1.477;-9.19 2.032 -18.926 8.026 -13.732 11.501 -3.512 5.221 -27.3	42.32813489945 -46.6102764259 -63.33925686795 -84.13679742075 -58.51440669792 66.58671764617 -35.99134172787;-7.87099889174 -34.23307252885 -23.18774811814 -29.83889048746 -34.18522949732 22.7891301624 10.74359991824;-41.62764339667 -16.94055931144 7.440230430542 12.2529989203 -9.380340475522 -6.388881288457 42.87893105011;48.46156484842 15.50364397854 -10.93523908269 3.736478748058 11.21532173185 -0.1156306403849 -16.20617989061;-66.88126325497 -34.15382624007 -15.96050760689 -5.013964262694 4.209674736038 1.486501586183 -88.73084880423	-1.651849962586e-10 1.196055607014e-10 1.95674166041e-10 2.622042615949e-10 1.626727247675e-10 -2.075546393107e-10 1.482795223433e-10;24.91425358294 6.864875148734 -13.71933811572 -13.71893766865 0.1498236010731 18.40700191538 -12.89146630372;24.47799087663 3.111209957633 -9.047381553998 16.28841938404 -3.411547932385 -5.256958318454 44.86332118213;-14.37954126076 -3.671755148642 3.253759071095 -5.073994154797 0.1520536164681 1.481259491316 -14.39675965088;-2.566263696053e-10 -6.138235228208e-11 7.461610859736e-11 -7.926848626619e-11 -1.776167660803e-11 2.158171716754e-11 -1.426298720346e-10	-2.14657847053e-10 96.26489029515 12.62439618726 -60.60890724605 -3.27654552019 -6.479592677861 -1.83501325246e-10;-1.694777304606e-11 48.73235288539 -1.661724728169 -22.7570456655 0.08351860594527 -2.299178731173 -7.633238485738e-11;1.270838989598e-10 -1.976497868684 -11.36796140822 9.256096259725 1.760640811013 0.9765094884489 1.888766920644e-12;-1.537174831867e-10 7.776748264513 -5.454885687742 -13.93726551692 1.39712167795 -0.591315050365 -2.778333119124e-14;1.901303559038e-10 -21.30505593302 -16.45971787128 -11.24037688698 -3.692496509208 -1.733159979254 1.901989676867e-11	7.549872936815e-22 -2.798480471649e-10 -4.798878785237e-11 1.87345687297e-10 1.197100529837e-11 2.018974874894e-11 5.526325817807e-22;-8.181044730549e-11 -2.132130423217 8.55506269911 -7.106921947026 -1.822079728816 -1.06540477088 -3.828314054655e-11;-8.333600476362e-11 14.6130665548 18.47370459763 3.862923736984 2.74697838663 0.8571035808098 -2.755018435607e-12;4.649342022489e-11 -5.824244260008 -6.303191819272 -0.3488023778178 -1.010066228976 -0.2525604999804 1.548094985537e-12;8.389792453918e-22 -8.821900248478e-11 -7.700126347019e-11 2.288309535224e-11 -1.537859472071e-11 -1.920874491653e-12 1.30795914876e-23
idwt2	sym3	smooth	-0.292 0.456 -0.443 0.308 -0.91 0.602 -0.452;-1.184 0.294 -1.864 1.159 0.535 0.606 -0.112;0.36 -0.29 -0.088 1.874 0.937 1.872 -0.217;0.106 0.524 0.987 -0.47 -0.001 0.798 0.978;0.652 1.074 -0.45 1.681 0.998 -0.952 -0.815	0.551 0.217 0.124 0.451 -0.605 0.655 -0.796;0.456 -0.371 0.114 0.531 0.491 1.003 -0.139;-0.543 1.475 1.489 -1.208 1.709 1.081 -1.382;-1.08 -0.044 0.064 -1.498 -0.867 -0.928 -1.877;0.298 0.071 3.002 -0.135 1.304 -1.082 -0.424	0.057 0.677 -1.462 1.457 2.207 -0.131 -0.097;1.26 -0.389 -0.717 -0.499 -0.848 2.896 -0.234;0.073 -0.148 0.674 0.357 0.314 -2.323 -0.508;1.123 0.402 -1.179 1.505 0.837 0.395 0.18;1.102 0.057 0.253 -0.759 0.045 -1.098 1.838	-0.717 -0.28 0.839 0.275 -0.946 0.333 0.193;0.583 0.327 -0.231 0.579 0.1 0.117 -0.727;1.582 -0.275 0.93 -0.049 1.13 -0.358 0.113;0.41 -0.351 0.386 0.025 1.605 0.57 -0.449;-1.277 -0.884 -0.566 0.955 2.677 -0.125 -1.478	-0.005276276869337 -0.2867505358236 -0.4542879388671 1.049723270559 1.325732548689 -0.4109380689734 0.4901327573467 1.720528505587 -0.7618238467825 -0.7497630225884;0.08200792789035 0.2652293163481 0.2180409755901 0.490276327208 1.062437358889 0.3973559663334 0.4083232230598 0.0242039850474 1.325928154943 0.7939763704066;0.2272781279539 -0.03054196136995 0.9763193401105 0.980006093971 0.2701073020021 -0.1196322405647 1.561567726477 0.6448496966464 1.318805398093 0.2286935837118;-0.07936290361048 -0.2506204012785 0.384238533392 0.3337749359569 -1.778993280632 -0.840462019571 0.1410701696002 -0.595404664307 0.3533166903317 0.6555148519162;3.038236864311 0.377689997221 0.3880465647163 -0.6770317049259 0.3040297760499 1.445384436556 1.311403019686 -0.2753730592372 1.026960881236 -0.7515520198913;-0.3074830045393 -0.6797740208615 0.5998053540971 2.137114975775 1.44839078306 0.5536485735175 -0.6295721030999 -0.1135741091873 -0.8443685195957 1.518527285939
dwt2	sym3	smooth	9.892 -2.594 9.119 -10.265;-20.501 -18.61 12.675 14.88;-2.877 -2.432 -0.051 6.062;0.343 0.888 -10.954 -12.587;7.705 2.325 -4.683 -12.348	583.9647170363 348.9643699722 129.4564661064 -148.4114913377;276.3198542343 157.07786495 53.7938501989 -63.33225497285;-9.895806017056 -18.49700011443 -14.31114602046 19.76343111064;-1.388154868526 0.03364720189522 -2.898207538906 -16.32821593809;92.5174792538 50.99796028712 14.18796877453 -19.7054117441	-1.721227785038e-09 -1.040592150889e-09 -3.928171932304e-10 4.491847716531e-10;28.78445420028 21.59173385287 9.909021260959 -2.528497351314;5.30812255788 1.741532539894 0.1214150415146 0.4890232094;1.16160251081 0.5265376602451 0.149086177915 0.9253613329876;-2.975673562581e-11 -1.937484430316e-11 -7.388718915785e-13 5.028182806914e-11	-1.607610045085e-09 19.18466852482 -7.889243298725 -2.443426572185e-10;-7.716085548282e-10 19.96363964897 -6.665312269241 -1.513979497325e-10;1.00504327083e-11 16.17610513817 -4.0469573274 -4.847344747816e-11;4.273074949435e-12 -5.508950765193 1.36772223988 3.380062896241e-11;-2.610112126433e-10 5.922322457573 -1.745997394399 -3.815151319864e-11	4.722031612593e-21 -4.038391272424e-11 1.895781772084e-11 6.676968179147e-22;-7.33801908126e-11 -5.6373872126 1.72857221646 1.152650197511e-11;-1.64997737695e-11 2.451150453416 -0.6969301357539 -1.089495160755e-11;-3.41496275702e-12 0.3283045531917 -0.06411612489675 -1.690834972035e-12;8.131825597798e-23 1.049901876604e-11 -2.198970310013e-12 -5.86068369207e-23
idwt2	sym3	smooth	-0.696 0.632 -0.477 0.581;0.438 0.751 0.031 -0.89;0.276 -0.96 0.311 0.112;-0.529 0.806 0.527 -0.082;-0.005 -0.215 -1.701 -1.076	-1.348 0.301 0.178 -2.136;0.302 0.608 -0.607 -0.021;-0.483 0.334 0.729 0.533;0.167 -0.725 -0.666 1.347;0.29 -1.608 0.322 0.128	0.761 0.986 0.586 1.663;-0.477 1.302 -1.357 0.128;-0.344 1.216 -1.38 0.876;-0.292 -0.034 -0.113 -0.226;1.939 1.673 -0.602 0.648	2.396 -0.794 1.364 1.09;0.587 0.089 0.529 1.332;0.443 1.509 -0.069 -1.007;-1.901 -0.072 -1.336 0.939;1.761 1.189 -0.037 0.244	1.410444003821 -0.3621739944823 -0.2274632104939 -1.746521701229;-1.617131316669 0.3085912156294 1.838810673888 1.010910389244;0.02598464135972 -0.4526782309491 0.1892518344025 0.2035273590622;-0.2384344287851 0.7330034584904 -0.707142899922 0.1688812912931;1.239067701993 -1.033398637229 1.392955156871 -0.7834730823601;1.288890237043 -2.329931899362 -0.3088927837098 -1.501722863193
wavedec2	sym3	smooth	2	-5.088 6.322 -2.313 21.27 -12.924 -21.778 -3.273 -7.643 22.43 -7.995 -8.199;0.65 11.444 -14.239 -4.11 4.226 1.508 -4.273 -6.833 9.644 -8.999 9.057;6.372 -11.603 9.303 4.808 0.021 -1.085 -1.882 1.917 -1.645 3.334 -5.482;2.743 8.714 -0.772 -19.379 2.748 8.491 -6.786 -5.124 -0.356 7.737 1.914;-1.607 13.924 -2.635 0.719 -12.403 15.217 2.805 -2.935 -11.253 -2.428 -8.148;26.008 -8.389 2.479 11.595 -0.942 5 2.747 -0.327 10.732 8.581 -3.487;11.262 0.731 8.455 -5.359 -1.913 15.504 -5.852 -2.301 7.662 -12.69 -0.727;4.351 5.363 -14.198 25.684 -12.286 -14.26 18.555 -4.904 8.853 -1.637 -2.44;9.05 -5.969 12.806 1.306 -5.137 -13.682 -1.668 2.901 -20.99 -9.066 0.585;7.329 5.378 3.608 1.134 9.303 -5.654 -3.587 1.979 19.688 7.174 -14.157;2.395 -14.865 -0.214 6.141 22.973 0.899 4.492 -13.061 5.597 -7.541 -0.389;-10.194 5.627 -16.108 -0.277 -0.788 17.325 -17.09 12.189 15.445 13.497 8.92;14.034 -29.024 -0.2 1.343 5.83 12.156 -2.34 7.72 -9.597 -6.005 -6.486;9.527 -4.82 -0.601 -22.158 0.581 3.803 -9.512 1.716 -1.489 -12.998 -2.338	-677.4690493573 -487.2082362915 -301.1709705015 9.296773075715 137.2305498324 -1032.277970991;-659.6096666549 -441.4112852079 -218.5968881204 3.3331717226 77.17524103297 -612.5216076746;-495.6572238013 -306.053668313 -109.6911535637 -1.379636899846 11.31793653892 -153.1856183261;31.59610879594 25.49663667648 22.76488749086 -0.4437840046451 3.805423929224 -15.69314064622;398.3729592285 251.1196070464 90.67033821873 9.923055243763 -2.718378277294 -13.49066933764;331.3978478781 196.8659010361 42.05934918058 3.042239478771 15.3929876424 -5.102036720482;1232.953021929 747.0977693233 244.2946762575 -38.18551275207 -41.88513148885 4.993605666624|1.507195209068e-09 1.131628791082e-09 7.772129129315e-10 -2.872958530156e-11 -3.871369850244e-10 2.862336522187e-09;253.8737993909 155.3865590967 46.00564146316 2.691365465333 -5.534221293328 47.54523039041;452.0386740151 275.3288728312 83.26217747966 7.606105907538 14.86323710465 -30.74100061385;-2.031886472292 -1.497875042861 2.704703897267 4.563505330531 1.227021133967 -31.65899766679;50.19752604606 31.22587187168 12.48624865485 -2.893783466853 -4.192565828694 4.627785552133;16.28573162735 10.19662701021 4.378060657744 -0.2311602272352 -1.178946731866 -1.383188182277;-9.396183772521e-10 -5.581728533568e-10 -1.314742195807e-10 1.209235213983e-11 -1.973320697704e-11 -1.529068453226e-11|1.721467413063e-09 -98.87605286109 -673.5101355471 412.3663385767 -170.9927539494 -2.228620399336e-09;1.735774191047e-09 -52.08405987225 -419.3823459581 244.8235381732 -101.2965099474 -1.313255060253e-09;1.349595990519e-09 -11.8722853957 -149.4895916554 60.3622957271 -24.61106511873 -3.049389629695e-10;-7.554934455811e-11 6.611360081751 15.89720203105 10.1577880111 -3.941584533045 -5.671993430489e-11;-1.081149392235e-09 -17.81261225561 -3.899259991636 -2.53150159614 0.8489499613743 2.423028444554e-11;-9.202061335145e-10 -25.07594006472 10.54522030781 6.261377173907 -3.029306060093 -6.708106292663e-11;-3.387370384189e-09 -16.58693256969 40.37656208059 -54.77063260133 18.70147637198 3.439524220994e-10|-3.743722517187e-21 2.819419346563e-10 1.834485857506e-09 -1.143441122727e-09 4.744788990617e-10 6.195844513138e-21;-6.963718490738e-10 -11.39253366945 20.68006414394 -20.39555352233 8.362866908311 1.087096801466e-10;-1.242035807536e-09 -20.05543926504 0.3264814077448 12.61950493849 -5.666137389863 -9.205974871307e-11;5.817200887659e-12 3.943210389244 -6.194775035118 12.55104774378 -4.877058869047 -5.812993315868e-11;-1.364115487235e-10 0.6185274497909 2.271454658103 -5.502546744845 2.044770078931 3.481745447509e-11;-4.41311986954e-11 0.3264258223821 -0.1997315976011 -0.5882225939398 0.2074475768434 5.716233042463e-12;2.606126223902e-21 5.351265621794e-11 -4.126499955956e-11 1.047874051887e-11 -2.064763011313e-12 8.530249579855e-24|3.282806098104e-10 2.080085318192e-10 4.740901703287e-11 -3.149966032333e-10 4.240637294522e-10 -9.284074657761e-11 -5.223950444676e-11 6.739545660914e-10;101.2630404672 38.31748957454 -8.330264644679 16.7610536934 -7.020419658985 3.692171620723 2.358402293327 -35.55432099889;-129.6760579167 -57.37646172103 4.328360438294 -3.691090374708 3.990772093922 -2.548240887191 -13.86303849548 -1.617402198336;-26.5990988545 -14.63419540494 7.492189644634 -10.759117761 6.114671722913 -2.457398857998 -12.49693434382 21.94142715685;63.04571459496 24.29755290674 1.612423791672 -2.26630223635 -5.492716911528 -11.06876885459 -15.54047731507 22.56639085377;76.60924555547 28.9443688436 -13.34564766225 10.42391046335 11.69262910881 -9.514651676546 -15.0486052901 22.79652923354;179.3241510115 76.52830078794 -10.89232118732 9.652709225047 4.873706005265 -1.046039628694 -10.88866426024 -18.65472896841;-51.37910118505 -21.40725483643 4.635990356135 -3.4561923422 -2.401324373867 -0.05907479271533 1.998149936782 4.993764768582;-9.16693764451e-10 -3.783310215608e-10 1.003669224486e-10 -4.82731037393e-11 -5.495302776512e-11 -1.130079244339e-11 2.093522632745e-11 6.733653615603e-11|3.642743884313e-10 -3.320007457753 -107.4601257729 94.06264979644 66.0037408863 -25.06346952737 0.4784534825099 9.968781355951e-11;3.241309443069e-10 -15.35324075168 -49.51118902894 46.17929311866 45.3727967553 -12.70238141696 1.216477430459 5.828404425756e-11;5.213822429351e-12 -10.78558982526 0.029768140542 2.91495156997 18.51390842208 -1.368649433401 1.27145621825 1.588934539498e-11;1.643518654504e-10 -2.386344576523 0.7596875935294 -7.423518075849 -4.772616560511 -0.7800374461705 -0.8309073523576 -8.988254585063e-12;-4.432436639945e-10 8.211679132078 -10.80515806075 -8.86055296578 9.96823143875 -2.595169363901 0.02099737942662 2.732092330149e-12;-1.319691023127e-10 -9.515526366493 -16.85675848439 19.06399499017 -1.034524333301 1.839544619647 0.5948129951491 1.916412688263e-11;-2.205733373728e-10 9.652803324837 14.22441187337 6.471868672114 11.06949799533 -3.235157316538 0.10371570937 1.668531979249e-11;-1.400006777175e-10 -5.054077420435 -1.256529688193 -22.25801761954 4.904584399068 -1.414905802245 -0.06143894256939 -2.084782346756e-11;-4.32542890394e-10 17.92150531318 10.36978162298 -16.62741765322 2.583427224708 1.987126697468 0.8656907211568 3.796893355279e-11|-8.882384971042e-22 -8.763029978406e-12 3.176190410899e-10 -2.742996556212e-10 -1.741506453986e-10 7.256632173461e-11 9.550428909144e-15 -2.765788237996e-22;-3.112501367752e-10 19.57435706571 -12.68322610986 6.416380538337 -8.882701514923 -1.062115937337 -0.8743878396212 2.130573495407e-12;3.870028741915e-10 -15.54552857028 -12.10682532086 2.673442259814 -5.273665907384 2.038931409803 0.1417918939593 2.497954620928e-11;7.776868038434e-11 14.27064750766 7.000416773586 -18.83114860256 7.089687048411 1.572415046524 0.9758215645839 2.273760346672e-11;-1.91564542007e-10 21.22097707154 1.414302505504 -5.792939466132 -21.71523953877 5.536781148455 -0.3197952026522 7.818273806137e-12;-2.366724594083e-10 8.07746237434 7.520184892176 14.84366428051 5.943155844338 1.923517278811 0.8304262547594 2.415359579011e-11;-5.399627411862e-10 19.56109784481 -4.066327441576 6.770225658596 -11.64874216184 1.695049894256 -0.4588296140501 2.035482893348e-11;1.556592632568e-10 -4.843122575461 2.157565148861 -0.9741077650317 3.749777597503 -0.4751253830591 0.1786875482417 -3.157446526458e-12;2.785029880761e-21 -7.410587567277e-11 2.87850233545e-11 2.95896894063e-11 4.702121606326e-11 -5.934793334303e-12 2.31247648972e-12 -3.450086324428e-23	-5.08799999958 6.322000000432 -2.312999999982 21.26999999983 -12.9239999998 -21.77799999943 -3.272999999689 -7.64300000009 22.43000000014 -7.994999999895 -8.198999999429 -8.402999998778;0.6500000001607 11.44400000025 -14.23900000034 -4.110000000699 4.226000000065 1.50800000061 -4.272999999913 -6.833000000423 9.643999999482 -8.99900000048 9.057000000238 27.11300000112;6.372000000032 -11.60300000013 9.302999999798 4.807999999413 0.02100000006853 -1.084999999378 -1.881999999831 1.916999999807 -1.645000000329 3.334000000053 -5.481999999626 -14.29799999915;2.743000000411 8.714000000396 -0.7719999998241 -19.37900000054 2.748000000262 8.491000000797 -6.785999999769 -5.124 -0.3560000000958 7.737000000253 1.914000000515 -3.908999999166;-1.606999999761 13.92400000022 -2.635000000089 0.7189999997204 -12.40300000005 15.21700000063 2.805000000278 -2.935000000069 -11.25300000002 -2.427999999816 -8.147999999702 -13.86799999953;26.00799999948 -8.389000000941 2.478999999292 11.5949999995 -0.9420000003797 5.000000000189 2.747000000117 -0.3270000000994 10.7320000001 8.581000000345 -3.48699999963 -15.55499999959;11.26199999972 0.730999999608 8.45499999967 -5.359000000411 -1.913000000303 15.50400000022 -5.852000000094 -2.301000000132 7.661999999926 -12.69000000021 -0.7269999999815 11.23600000017;4.351000000055 5.36300000002 -14.19800000018 25.68400000028 -12.28600000019 -14.26000000025 18.55500000022 -4.904000000283 8.852999999977 -1.637000000141 -2.440000000178 -3.243000000034;9.049999999741 -5.969000000261 12.80599999996 1.305999999944 -5.136999999967 -13.6820000002 -1.66800000011 2.90099999993 -20.99000000017 -9.066000000053 0.5849999999512 10.23599999997;7.328999999616 5.377999999822 3.607999999884 1.134000000102 9.303000000067 -5.654000000117 -3.586999999903 1.979000000259 19.68800000054 7.17400000067 -14.15699999964 -35.48800000008;2.394999999422 -14.86500000066 -0.2140000002427 6.141000000296 22.97300000031 0.8990000000358 4.492000000184 -13.06100000002 5.5970000001 -7.540999999719 -0.3889999999069 6.762999999854;-10.19400000024 5.62699999968 -16.10800000008 -0.2769999997191 -0.7879999998762 17.32500000021 -17.09000000008 12.18900000024 15.44500000024 13.49700000046 8.920000000337 4.342999999957;14.03399999916 -29.0240000013 -0.2000000005658 1.34300000001 5.830000000062 12.15600000022 -2.339999999977 7.720000000097 -9.597000000042 -6.004999999807 -6.48599999999 -6.96700000029;9.52699999932 -4.820000000973 -0.601000000499 -22.15800000028 0.5809999997322 3.802999999911 -9.512000000211 1.71599999993 -1.489000000337 -12.99800000018 -2.338000000179 8.321999999708
