# GENERATED by tools/gen-vectors.py from PyWavelets 1.8.0 — do not edit.
# wavedec wavelet mode level x cA_n|cD_n|...|cD_1 waverec(coeffs)
wavedec	haar	zero	-	-4.735 -12.278 -9.312 5.494 9.172 -0.307 -1.401 19.027 -8.4 4.893 6.756 -1.096 11.776 10.341 11.18 16.475 -4.965 1.786 -6.677 -15.165 -2.044 -6.45 7.06 12.912 4.201 -2.566 -4.474 13.353 8.801 6.351 -12.33 10 3.76 26.665 -1.311 9.259 1.519 -1.005 -23.396 -1.318	11.9108601757 2.505456102439|8.448511821617 2.505456102439|-11.56625 -9.21975 3.54325|-16.73085354965 -16.83585890666 -12.90434520326 -0.8160012254893 22.12289630959|-6.5975 -4.3805 -4.5835 -2.769 9.3315 -14.233 -3.622 8.741 11.2385 12.614|5.33370645049 -10.46942300225 6.702665178867 -14.44477732608 -9.399570442313 5.552202445877 1.014698231003 -3.744130406383 -4.77367787979 6.001922358711 3.115512477908 -4.137988883504 4.784991588289 -12.60559258821 1.732411613907 -15.7896944239 -16.19628082308 -7.474118677142 1.784737515715 -15.61150351504	-4.735 -12.278 -9.312 5.494 9.172 -0.307 -1.401 19.027 -8.4 4.893 6.756 -1.096 11.776 10.341 11.18 16.475 -4.965 1.786 -6.677 -15.165 -2.044 -6.45 7.06 12.912 4.201 -2.566 -4.474 13.353 8.801 6.351 -12.33 10 3.76 26.665 -1.311 9.259 1.519 -1.005 -23.396 -1.318
wavedec	haar	zero	3	-9.126 5.22 -23 -16.472 -6.762 -13.774 13.393 -4.624 -2.574 -0.44 21.622 1.662 7.941 -11.28 -2.066 4.536 3.756 0.216 9.566 4.65 -7.186 4.213 4.122 -19.63 -19.794 5.49 -19.022 -1.841 2.89 -8.57 -9.869 -4.937 7.081 -2.743 -0.303 -7.204 19.602	-19.49670172427 6.8592893309 -0.1035911434438 -19.67630684669 5.809942867619|-11.17617623004 7.473765123751 12.96444927966 -5.1905173273 -8.050764257199|17.783 -14.6525 -13.149 -2.9045 -5.122 6.2675 3.2795 4.563 5.9225 9.801|-10.1441538829 -4.615993067586 4.95823274968 12.73994287664 -1.508965871052 14.11385135248 13.59129944119 -4.668318969394 2.5031580054 3.476136936313 -8.060310198745 16.79520026674 -17.87848785552 -12.14880160757 8.103443712398 -3.487450644812 6.946617018377 4.879743896968 13.86070712482	-9.126 5.22 -23 -16.472 -6.762 -13.774 13.393 -4.624 -2.574 -0.44 21.622 1.662 7.941 -11.28 -2.066 4.536 3.756 0.216 9.566 4.65 -7.186 4.213 4.122 -19.63 -19.794 5.49 -19.022 -1.841 2.89 -8.57 -9.869 -4.937 7.081 -2.743 -0.303 -7.204 19.602 1.7763568394e-15
wavedec	haar	zero	1	-1.371 -2.897 0.097 6.641 -0.2 -27.084 0.729 8.999 6.407 9.393	-3.017931742104 4.764485491635 -19.29270141789 6.878734767383 11.17228714275|1.079044948091 -4.627306776085 19.00985870542 -5.847773080413 -2.111420848623	-1.371 -2.897 0.097 6.641 -0.2 -27.084 0.729 8.999 6.407 9.393
wavedec	haar	constant	-	-14.861 -6.979 0.724 -5.52 3.13 12.355 -2.295 6.342 8.04 4.294 -3.451 1.913 -2.602 0.65 -3.457 -9.771 -19.769 -1.081 2.944 -13.847 9.206 -1.294 -19.422 10.03 -8.879 0.61 17.952 -7.301 14.369 -4.568 -16.587 -10.121 11.204 -9.542 -8.718 5.176 3.965 -21.771 3.601 7.455	-10.47331208954 -6.10233152164|6.411690738409 0|-0.68 -4.677 0|-16.32285293691 9.183902874051 -10.70312179343 6.819691351154 1.721805012189|-8.522 5.719 6.936 5.638 -4.9735 8.652 -9.46 18.2545 2.602 -14.431|-5.573415649312 4.415174741729 -6.523060056446 -6.107281269108 2.648822002325 -3.792920774285 -2.299511252419 4.464672216412 -13.21441152681 11.8730299629 7.424621202459 -20.82570891951 -6.709736246679 17.8565675453 13.39048111533 -4.572152447152 14.6696372825 -9.824541617806 18.19810012062 -2.725189534693	-14.861 -6.979 0.724 -5.52 3.13 12.355 -2.295 6.342 8.04 4.294 -3.451 1.913 -2.602 0.65 -3.457 -9.771 -19.769 -1.081 2.944 -13.847 9.206 -1.294 -19.422 10.03 -8.879 0.61 17.952 -7.301 14.369 -4.568 -16.587 -10.121 11.204 -9.542 -8.718 5.176 3.965 -21.771 3.601 7.455
wavedec	haar	constant	3	1.682 -5.444 3.233 -12.915 -9.098 -1.484 -10.343 -1.624 -4.072 1.911 -2.283 -10.825 12.941 -0.817 0.184 -2.448 4.401 -26.608 4.049 -10.772 18.284 -4.165 -18.679 5.912 17.146 -9.037 -1.833 0.882 -2.588 -0.003 2.145 3.806 0.291 11.249 6.39 -5.967 2.573	-12.72544718762 -1.912370289719 -9.750295405781 3.71867456226 7.868330707653|3.219103621352 -8.884443152218 -10.70630377395 1.342795777473 0.5907877156814|2.96 0.6925 5.4735 7.194 -7.742 13.443 4.53 -4.271 5.5585 0|5.038842922735 11.4183603026 -5.383911031954 -6.165264025166 -4.230619871839 6.040106124895 9.728375095565 1.861105048083 21.92667417781 10.48002960397 15.87384013086 -17.38846285616 18.51417685181 -1.919794910921 -1.827871029367 -1.174504363551 -7.748476108242 8.737718495122 0	1.682 -5.444 3.233 -12.915 -9.098 -1.484 -10.343 -1.624 -4.072 1.911 -2.283 -10.825 12.941 -0.817 0.184 -2.448 4.401 -26.608 4.049 -10.772 18.284 -4.165 -18.679 5.912 17.146 -9.037 -1.833 0.882 -2.588 -0.003 2.145 3.806 0.291 11.249 6.39 -5.967 2.573 2.573
wavedec	haar	constant	1	7.466 -1.951 -7.449 14.899 5.631 7.556 5.424 0.602 6.027 5.284	3.899693898244 5.26794551984 9.324617123507 4.26102546343 7.998084802001|6.658824558434 -15.80242234596 -1.361180553784 3.409668898882 0.5253803384216	7.466 -1.951 -7.449 14.899 5.631 7.556 5.424 0.602 6.027 5.284
wavedec	haar	symmetric	-	17.296 8.005 6.663 21.525 14.729 -1.377 -6.285 -10.851 23.165 12.709 3.971 -0.949 -14.877 -2.982 1.254 -12.795 -12.749 4.41 9.094 1.999 7.504 9.902 2.235 -7.588 -12.988 -4.192 4.213 -1.953 -7.391 -7.666 8.292 -2.635 1.23 12.444 25.341 1.469 -2.32 -5.055 -12.609 11.85	8.783680435899 22.87490437138|12.14703384061 0|10.05225 9.78175 0|20.24906333945 24.14628236396 -3.287692979127 -1.951614716075 17.18905874386|-1.4435 15.244 16.426 -3.159 -9.716 11.3795 -9.72 -10.357 -6.568 -3.308|6.569729104004 -10.50902098199 11.38866181779 3.228649562898 7.393508504087 3.478965363438 -8.411035162214 9.93414316889 -12.13324525838 5.016922612519 -1.695642061285 6.945909911595 -6.219711247317 4.360020412796 0.1944543648263 7.726555798025 -7.929495444226 16.88005308049 1.933937046545 -17.29512476104	17.296 8.005 6.663 21.525 14.729 -1.377 -6.285 -10.851 23.165 12.709 3.971 -0.949 -14.877 -2.982 1.254 -12.795 -12.749 4.41 9.094 1.999 7.504 9.902 2.235 -7.588 -12.988 -4.192 4.213 -1.953 -7.391 -7.666 8.292 -2.635 1.23 12.444 25.341 1.469 -2.32 -5.055 -12.609 11.85
wavedec	haar	symmetric	3	6.653 10.13 2.425 -2.03 3.993 -10.185 -7.811 -25.993 7.028 -9.676 -8.432 -4.068 -2.723 9.017 -21.865 10.372 -16.063 -6.903 4.611 -16.458 -8.149 -5.833 -9.961 -1.011 -3.319 -5.329 -7.587 -15.266 -12.391 -4.089 -20.14 0.591 12.283 -10.108 7.803 -0.923 3.781	-8.067381266557 -7.193750838401 -21.13082549559 -23.87546046676 8.548567431155|20.21406155378 -3.517502683012 -3.485682877859 1.600889752606 -2.145715527511|8.194 13.806 4.926 8.8935 -5.5595 -1.505 7.1025 1.5345 -2.3525 0|-2.458610278186 3.150160710186 10.02535994366 12.85661549553 11.81151167294 -3.085813993098 -8.30143361113 -22.79500130511 -6.477098115669 14.89803277282 -1.637659305228 -6.32860569162 1.421284630185 5.429872972731 -5.870400497411 -14.65903068078 15.83282793755 6.170213772634 0	6.653 10.13 2.425 -2.03 3.993 -10.185 -7.811 -25.993 7.028 -9.676 -8.432 -4.068 -2.723 9.017 -21.865 10.372 -16.063 -6.903 4.611 -16.458 -8.149 -5.833 -9.961 -1.011 -3.319 -5.329 -7.587 -15.266 -12.391 -4.089 -20.14 0.591 12.283 -10.108 7.803 -0.923 3.781 3.781
wavedec	haar	symmetric	1	-1.923 -6.228 -13.971 0.985 3.548 -0.942 -1.474 15.316 -12.06 10.703	-5.763627373452 -9.182488660489 1.842720271772 9.787772065184 -0.9595439020701|3.044094693008 -10.57548901943 3.174909447528 -11.87232285612 -16.09587166015	-1.923 -6.228 -13.971 0.985 3.548 -0.942 -1.474 15.316 -12.06 10.703
wavedec	haar	periodic	-	-12.384 -3.964 -24.433 -2.316 -4.59 -2.516 2.564 3.923 -1.651 -18.804 10.163 8.937 3.242 -18.179 -3.301 2.915 -8.164 -21.36 4.401 2.403 -11.81 -10.226 -15.374 -19.119 1.132 1.956 -6.815 8.04 -13.907 12.638 -14.197 5.302 9.983 1.201 6.315 -11.47 -7.925 -5.025 -7.364 2.329	-25.71994850549 -20.5177639163|4.367445033999 0.8347395551907|-6.7595 -18.3495 7.94|-15.01824092562 4.938433759807 11.95328658257 5.118392435619 8.490231121707|5.2005 -6.7965 -19.7775 -7.2755 -18.164 6.2285 0.9315 3.813 8.1695 -3.9575|-5.953839097591 -15.6390806795 -1.466539464181 -0.9609581156325 12.12900261769 0.8669129137347 15.1469343598 -4.395375751856 9.330981084538 1.412799348811 -1.120057141399 2.648114895544 -0.5826559876977 -10.50407123453 -18.7701495066 -13.78787512636 6.20981175238 12.5758941034 -2.050609665441 -6.853986030041	-12.384 -3.964 -24.433 -2.316 -4.59 -2.516 2.564 3.923 -1.651 -18.804 10.163 8.937 3.242 -18.179 -3.301 2.915 -8.164 -21.36 4.401 2.403 -11.81 -10.226 -15.374 -19.119 1.132 1.956 -6.815 8.04 -13.907 12.638 -14.197 5.302 9.983 1.201 6.315 -11.47 -7.925 -5.025 -7.364 2.329
wavedec	haar	periodic	3	-7.103 11.652 -6.07 -13.44 6.086 8.76 -3.955 -9.903 -2.595 0.364 -8.903 8.967 0.653 0.843 -4.899 -4.993 3.775 -4.161 0.187 -6.489 -24.122 -3.692 -4.979 -4.68 -16.282 -1.684 9.074 5.97 9.047 -3.897 4.364 6.509 -10.598 2.742 2.672 19.847 -7.155	-4.94020152676 -3.734584464837 -15.61327128199 4.631902970162 1.751503496999|-5.638823026572 2.202284070006 10.88414112941 -6.69806898479 8.616803235539|12.0295 14.352 -1.1475 5.694 2.958 -9.0775 -16.505 -2.8615 -15.1875 -9.4035|-13.26178768115 5.211376977345 -1.890803532893 4.205871134498 -2.092328965531 -12.6359981798 -0.1343502884254 0.06646803743154 5.611599415496 4.720644871201 -14.44619153964 -0.2114249275748 -10.32234479176 2.194859448803 9.152790175679 -1.516744045645 -9.432804461029 -12.14455896688 -0.0367695526217	-7.103 11.652 -6.07 -13.44 6.086 8.76 -3.955 -9.903 -2.595 0.364 -8.903 8.967 0.653 0.843 -4.899 -4.993 3.775 -4.161 0.187 -6.489 -24.122 -3.692 -4.979 -4.68 -16.282 -1.684 9.074 5.97 9.047 -3.897 4.364 6.509 -10.598 2.742 2.672 19.847 -7.155 -7.103
wavedec	haar	periodic	1	-8.059 15.019 -1.568 -13.201 10.412 3.929 6.955 8.885 -3.4 -3.078	4.921463197058 -10.44326005134 10.140618349 11.20057141399 -4.580637728526|-16.31861029622 8.225773185543 4.584173262432 -1.36471608769 -0.2276883835421	-8.059 15.019 -1.568 -13.201 10.412 3.929 6.955 8.885 -3.4 -3.078
wavedec	haar	smooth	-	-15.178 -7.858 -11.385 10.178 -16.618 -17.698 5.096 10.055 -2.299 -10.425 -8.641 6.404 10.055 -5.356 29.16 1.736 -0.162 2.293 10.45 -7.274 1.168 -11.542 5.046 7.144 -10.442 -3.192 8.492 -15.871 14.303 -1.332 10.975 -16.235 18.174 5.035 -7.83 -18.413 4.545 -0.088 -12.22 6.385	-5.118215658924 1.127304985907|-2.933609258448 -1.103970462127|-16.0105 5.10625 -2.2225|-1.795344117433 -17.87424521483 1.234254886561 -10.1554675914 -0.5854844148225|-10.9145 -24.7335 -5.2435 -13.0985 -0.5225 -11.282 -3.1275 9.1155 24.726 5.146|-5.176021638286 -15.24734352273 0.7636753236815 -3.506542527904 5.745949703922 -10.63842152295 10.89722260487 19.39169636726 -1.735947147813 12.53276058975 8.987327188881 -1.483510026929 -5.126524163602 17.22724251005 11.05561452385 19.24037551609 9.29067599801 7.483311065297 3.276025717237 -13.15572166398	-15.178 -7.858 -11.385 10.178 -16.618 -17.698 5.096 10.055 -2.299 -10.425 -8.641 6.404 10.055 -5.356 29.16 1.736 -0.162 2.293 10.45 -7.274 1.168 -11.542 5.046 7.144 -10.442 -3.192 8.492 -15.871 14.303 -1.332 10.975 -16.235 18.174 5.035 -7.83 -18.413 4.545 -0.088 -12.22 6.385
wavedec	haar	smooth	3	-12.633 2.581 5.215 15.868 -16.539 -4.984 -0.81 -10.811 -0.524 0.189 4.169 6.823 -1.112 -23.236 -16.226 5.493 21.62 -0.77 -2.444 15.538 -7.376 13.45 16.536 -3.874 -11.531 12.184 13.502 -2.54 -8.419 2.051 -11.076 -10.363 -12.924 -12.829 11.824 5.711 14.005	-7.818126126189 -8.63518801185 18.62519261645 -5.724736500486 29.40114640835|15.61822102946 16.17082497896 5.376839964143 13.93778176397 -35.21214993614|-15.5675 -4.951 -5.6635 -6.8075 3.878 -3.294 -5.1545 7.5355 -21.644 -9.3845|-10.75792256897 -7.53280853998 -8.170618856611 7.071774918647 -0.504167134986 -1.876661397269 15.64403042697 -15.35765218059 15.83212083077 -12.7151941393 -14.72620582499 14.43204940402 -16.76903731584 11.34340698379 -7.403407999023 -0.504167134986 -0.06717514421272 4.322543753393 -5.864743643161	-12.633 2.581 5.215 15.868 -16.539 -4.984 -0.81 -10.811 -0.524 0.189 4.169 6.823 -1.112 -23.236 -16.226 5.493 21.62 -0.77 -2.444 15.538 -7.376 13.45 16.536 -3.874 -11.531 12.184 13.502 -2.54 -8.419 2.051 -11.076 -10.363 -12.924 -12.829 11.824 5.711 14.005 22.299
wavedec	haar	smooth	1	4.739 7.581 12.88 -10.326 20.987 10.965 22.829 12.207 -16.843 -5.792	8.711555544218 1.80595071915 22.59347587247 24.77419318565 -16.00536199216|-2.009597472132 16.40911996422 7.086624161052 7.510888229764 -7.814237038893	4.739 7.581 12.88 -10.326 20.987 10.965 22.829 12.207 -16.843 -5.792
wavedec	haar	periodization	-	0.355 -8.184 3.759 -2.981 0.13 3.91 8.851 -18.431 -14.728 6.188 6.707 15.991 17.837 -4.466 3.359 -1.634 4.237 11.144 9.618 -11.825 7.346 -7.361 -18.317 -5.156 12.769 -2.713 16.967 -17.846 3.835 -5.345 9.536 -15.275 -2.956 -6.319 -23.251 1.677 -8.454 12.809 -14.77 -17.022	1.46318070697 -41.21442584824|4.428079440485 0|-10.46125 -3.0605 0|-0.5342191731864 -0.3316330803765 12.96197440593 5.807467993885 -1.206324168704|-4.3035 6.81 -15.619 5.823 8.794 11.729 5.4675 2.1145 6.1495 18.0735|6.037984804552 4.765899705197 -2.672863632885 19.29128720433 -14.7898454353 -6.564779356536 15.7706025408 3.530584158464 -4.883986537655 15.16249070898 10.39941943091 -9.306232347196 10.94742718633 24.61650837345 6.491240251293 17.54402634802 2.37800010513 -17.62675784142 -15.03521148837 1.592404471232	0.355 -8.184 3.759 -2.981 0.13 3.91 8.851 -18.431 -14.728 6.188 6.707 15.991 17.837 -4.466 3.359 -1.634 4.237 11.144 9.618 -11.825 7.346 -7.361 -18.317 -5.156 12.769 -2.713 16.967 -17.846 3.835 -5.345 9.536 -15.275 -2.956 -6.319 -23.251 1.677 -8.454 12.809 -14.77 -17.022
wavedec	haar	periodization	3	18.052 -11.957 -1.82 6.306 -6.155 9.543 1.319 -2.485 -5.784 16.148 4.005 -9.923 -9.886 -7.925 -13.509 -8.168 -10.6 2.109 -12.974 -12.435 -4.772 2.005 0.344 -17.196 3.779 10.925 -6.14 4.199 -0.443 -16.047 -12.712 5.921 16.961 1.895 16.028 1.757 -9.097	4.526544059766 -12.38921791317 -18.92182391116 -3.71867456226 0.0894490078201|2.955352791969 15.53301466232 -5.049095971063 12.74347841054 25.81965056164|0.8045 2.277 8.141 1.933 8.459 7.0425 8.3225 -4.8495 0.5355 0|21.21956739663 -5.745949703922 -11.10016225107 2.689834195634 -15.50826592498 9.848583248366 -1.386636397907 -3.776657318317 -8.9866200821 -0.3811305550595 -4.792062656101 12.40265294201 -5.052985058359 -7.310777010688 11.03369421363 -13.17552065385 10.65327076536 10.09112087431 0	18.052 -11.957 -1.82 6.306 -6.155 9.543 1.319 -2.485 -5.784 16.148 4.005 -9.923 -9.886 -7.925 -13.509 -8.168 -10.6 2.109 -12.974 -12.435 -4.772 2.005 0.344 -17.196 3.779 10.925 -6.14 4.199 -0.443 -16.047 -12.712 5.921 16.961 1.895 16.028 1.757 -9.097 -9.097
wavedec	haar	periodization	1	7.18 0.352 -12.066 -10.389 5.235 -6.771 2.27 -8.199 23.225 -5.43	5.325928275897 -15.87808277154 -1.086116015903 -4.192436105655 12.58296517121|4.828125101942 -1.18581807205 8.489524014926 7.402700892242 20.2621448149	7.18 0.352 -12.066 -10.389 5.235 -6.771 2.27 -8.199 23.225 -5.43
wavedec	haar	reflect	-	-11.075 1.202 -20.474 -10.474 12.995 -1.171 -0.875 10.579 5.045 -6.028 -13.76 -8.494 11.229 2.587 6.858 9.008 5.42 -23.635 8.943 -8.092 -0.013 -15.312 10.847 -6.655 -4.79 -10.532 2.667 15.9 1.056 14.252 3.167 -5.711 -5.829 3.505 4.063 14.398 -10.084 -5.715 -8.083 0.205	-4.478814352036 -0.7104655383972|-0.06363961030679 3.704709203332|-6.4345 -11.1265 -5.88725|-22.0437003501 -18.70969187681 -2.202991176787 -3.365474725057 14.07637469308|10.5375 1.06 10.6355 -1.025 -9.533 -9.7585 -16.9445 8.926 -10.3925 -3.9605|-8.681149952627 -7.071067811865 10.01687466229 -8.099201071711 7.829793388079 -3.723624309728 6.110816803014 -1.520279579551 20.54498752738 12.04556401751 10.81802664537 12.37578288433 4.060207137573 -9.357144035442 -9.330981084538 6.277694003374 -6.600134695595 -7.307948583563 -3.089349527004 -5.860501002474	-11.075 1.202 -20.474 -10.474 12.995 -1.171 -0.875 10.579 5.045 -6.028 -13.76 -8.494 11.229 2.587 6.858 9.008 5.42 -23.635 8.943 -8.092 -0.013 -15.312 10.847 -6.655 -4.79 -10.532 2.667 15.9 1.056 14.252 3.167 -5.711 -5.829 3.505 4.063 14.398 -10.084 -5.715 -8.083 0.205
wavedec	haar	reflect	3	1.778 -1.445 -8.652 -19.866 -15.371 -6.838 1.984 -18.953 -3.698 -3.614 -0.612 -11.154 -19.381 -19.584 12.077 3.36 -5.511 8.726 11.552 -6.679 -5.126 1.067 -0.614 -2.316 -8.607 8.434 -1.287 7.341 -13.975 4.664 8.262 8.241 -8.228 -7.013 -18.928 -9.962 7.279	-23.81641705053 -15.06349575962 0.388555176262 4.622003475226 -26.76540588147|3.886612422792 1.57331258814 5.330524469975 -0.4635084950678 -4.43992347907|14.4255 -2.62 2.227 -27.201 -0.829 -0.5645 -3.1135 -12.907 6.8245 13.1035|2.279005155764 7.929495444226 -6.033742163865 14.8046946777 -0.05939696961967 7.454319687269 0.1435426765809 6.163849811603 -10.06707924375 12.89126372781 -4.379112295888 1.20349574158 -12.0498066582 -6.100917308078 -13.17976329454 0.01484924240492 -0.8591347391417 -6.339919400119 12.19122801444	1.778 -1.445 -8.652 -19.866 -15.371 -6.838 1.984 -18.953 -3.698 -3.614 -0.612 -11.154 -19.381 -19.584 12.077 3.36 -5.511 8.726 11.552 -6.679 -5.126 1.067 -0.614 -2.316 -8.607 8.434 -1.287 7.341 -13.975 4.664 8.262 8.241 -8.228 -7.013 -18.928 -9.962 7.279 -9.962
wavedec	haar	reflect	1	22.125 -9.765 3.488 12.619 -5.06 -1.686 -15.892 -16.613 1.771 -4.757	8.739839815466 11.38936892457 -4.770142345884 -22.98450592247 -2.111420848623|22.54963525204 -6.456592019014 -2.385778279723 0.5098239892355 4.615993067586	22.125 -9.765 3.488 12.619 -5.06 -1.686 -15.892 -16.613 1.771 -4.757
wavedec	haar	antisymmetric	-	7.431 -0.75 -7.681 -12.666 -4 1.316 -4.426 0.277 14.982 -6.171 -14.159 1.975 3.637 -9.546 -5.668 -0.114 -1.182 -12.328 7 2.591 7.348 5.511 1.621 6.44 3.612 1.77 4.796 -11.948 5.886 -0.011 5.771 7.961 15.352 -10.895 7.537 1.03 11.887 -16.461 6.154 8.492	-0.1281631040901 0|-12.44525612558 0|-1.35875 -0.209 11.548|-2.415830317924 2.940857102955 -8.781912668946 -7.557910830712 1.043689609031|13.514 0.7325 10.4975 -0.0635 -11.5505 2.399 6.267 -3.9285 -2.055 -9.61|5.784840576887 3.524927304215 -3.758979648788 -3.32552319192 14.95742974244 -11.40846080766 9.321788696382 -3.92727106271 7.881412183105 3.117633798251 1.29895515704 -3.407547578538 1.302490690946 11.83979594419 4.169808688657 -1.548563850799 18.5594316858 4.601143825181 20.04506303308 -1.653215654414	7.431 -0.75 -7.681 -12.666 -4 1.316 -4.426 0.277 14.982 -6.171 -14.159 1.975 3.637 -9.546 -5.668 -0.114 -1.182 -12.328 7 2.591 7.348 5.511 1.621 6.44 3.612 1.77 4.796 -11.948 5.886 -0.011 5.771 7.961 15.352 -10.895 7.537 1.03 11.887 -16.461 6.154 8.492
wavedec	haar	antisymmetric	3	1.446 1.009 -5.004 -3.665 4.185 -17.077 7.588 0.695 5.846 1.127 -9.296 -11.054 6.146 0.919 2.841 1.755 1.537 4.085 6.362 6.421 17.771 -0.849 -11.991 5.498 -10.211 14.23 -2.271 3.684 -5.679 -12.634 -10.13 9.275 12.243 -0.295 7.707 16.033 9.495	-3.826508346391 -0.6066976182581 10.19435846437 -4.856409373189 12.61761340349|-0.5674531919022 -8.852269793674 2.819941843372 8.697413408595 12.61761340349|5.562 -10.5875 13.6615 1.2345 -3.5805 11.7075 1.303 -8.729 -5.896 0|0.3090056633785 -0.9468159800088 15.03450438159 4.874087042719 3.336836900419 1.243093721326 3.696047145262 0.7679179643686 -1.801708078463 -0.04171930009001 13.16632826569 -12.36659049617 -17.28239683898 -4.210820881966 4.917927663152 -13.72140708892 8.865704822517 -5.887371060159 13.42795777473	1.446 1.009 -5.004 -3.665 4.185 -17.077 7.588 0.695 5.846 1.127 -9.296 -11.054 6.146 0.919 2.841 1.755 1.537 4.085 6.362 6.421 17.771 -0.849 -11.991 5.498 -10.211 14.23 -2.271 3.684 -5.679 -12.634 -10.13 9.275 12.243 -0.295 7.707 16.033 9.495 -9.495
wavedec	haar	antisymmetric	1	6.458 -3.516 6.762 -0.318 2.636 1.738 -3.329 6.152 0.52 8.153	2.080308150251 4.556596097966 3.09288506091 1.99616244329 6.132737113231|7.052683035555 5.006316010801 0.6349818895055 -6.70407939243 -5.397346060797	6.458 -3.516 6.762 -0.318 2.636 1.738 -3.329 6.152 0.52 8.153
wavedec	haar	antireflect	-	-2.913 1.687 -10.099 19.579 -15.076 -3.516 -0.457 9.822 -13.584 -21.329 18.647 -2.883 -12.132 -14.76 -5.66 2.861 -12.714 9.422 -4.378 -14.578 4.233 4.92 -31.779 -9.036 -6.818 6.832 10.277 -5.032 -1.783 -4.27 -2.873 9.413 4.684 0.731 3.228 6.179 -5.83 4.811 3.289 8.921	-17.32005027508 46.85342565151|-0.2915047705442 -21.29399038535|11.96675 -14.914 -5.06675|6.180466820961 3.727159843634 3.328351619045 1.687156779911 1.283752361244|-5.353 -13.9785 -25.3385 -12.0465 7.832 24.984 -2.6155 -6.2965 -1.996 -6.6145|-3.252691193458 -20.98551505205 -8.174154390516 -7.268350603817 5.47654202029 15.22400899895 1.858276620958 -6.025256882491 -15.65251570835 7.212489168103 -0.4857823586752 -16.08172952453 -9.652007563196 10.82509771318 1.758574564811 -8.687513913658 2.79519310603 -2.086672111282 -7.524323258606 -3.982425391643	-2.913 1.687 -10.099 19.579 -15.076 -3.516 -0.457 9.822 -13.584 -21.329 18.647 -2.883 -12.132 -14.76 -5.66 2.861 -12.714 9.422 -4.378 -14.578 4.233 4.92 -31.779 -9.036 -6.818 6.832 10.277 -5.032 -1.783 -4.27 -2.873 9.413 4.684 0.731 3.228 6.179 -5.83 4.811 3.289 8.921
wavedec	haar	antireflect	3	1.391 -9.584 12.768 6.321 4.515 -2.565 0.906 4.259 0.784 3.674 -3.681 -2.355 12.327 7.712 -2.406 20.361 16.903 -5.571 -0.906 2.162 -8.739 7.461 -8.575 0.759 6.398 17.331 6.45 10.375 2.039 1.35 -1.535 0.874 6.967 1.197 1.058 -4.74 -16.16	6.367850117975 12.87500027184 1.235315546733 15.30249785166 -43.50686603285|1.336785369833 -13.99081477256 7.665744614843 13.37351055258 46.67611862612|-13.641 -1.6075 5.247 1.042 5.038 3.269 3.452 2.025 5.923 20.029|7.760496923522 4.55871741831 5.006316010801 -2.370929037318 -2.043538597629 -0.9376235918534 3.263297795176 -16.09870008727 15.89151780039 -2.16940360468 -11.45512985522 -6.600134695595 -7.730798438713 -2.775394116157 0.4871965722375 -1.703420235878 4.080006127446 4.09980511732 8.07515944115	1.391 -9.584 12.768 6.321 4.515 -2.565 0.906 4.259 0.784 3.674 -3.681 -2.355 12.327 7.712 -2.406 20.361 16.903 -5.571 -0.906 2.162 -8.739 7.461 -8.575 0.759 6.398 17.331 6.45 10.375 2.039 1.35 -1.535 0.874 6.967 1.197 1.058 -4.74 -16.16 -27.58
wavedec	haar	antireflect	1	0.087 19.613 5.354 11.685 -9.416 21.825 -6.725 -15.527 0.333 -13.141	13.93000358937 12.04839244464 8.774488047744 -15.73454009496 -9.056623653437|-13.80696700945 -4.476693031692 -22.09072295105 6.223953888004 9.527556769708	0.087 19.613 5.354 11.685 -9.416 21.825 -6.725 -15.527 0.333 -13.141
wavedec	db3	zero	-	10.297 0.1 1.429 -11.868 -7.277 10.154 5.755 23.312 -13.097 1.87 -7.363 -2.169 1.687 2.779 14.874 -0.984 -12.494 -9.073 -2.834 4.718 1.739 4.489 19.785 -7.337 9.636 2.509 16.985 -4.735 6.765 -1.795 -10.607 3.092 0.872 -2.267 -2.87 -13.459 -0.347 -0.925 7.532 13.218	-0.09010551030728 -0.5667008157276 2.14214674815 2.292508764515 0.9093220178847 4.296796615976 10.19094537664 -4.382181976596 3.625986215816|0.8509396911553 9.789517656911 11.28522949818 -5.368172890728 8.125369082103 -1.468393703224 15.16046965328 -2.466367172115 0.3839535771326|-2.098178959488 8.125126115014 5.83786466104 -11.81887206638 13.1433271199 -13.27490379991 11.56861531084 4.809188850817 -7.43075600052 5.029969942278 1.738878574736 -7.23191779984 1.154155586444|8.275294816081 3.66498586596 -3.613521605429 -7.762354925511 -22.07637581206 -2.116777067056 2.126711389322 10.37859565425 -8.321748985435 2.442907706531 -3.092580570539 16.40925870688 8.088268768556 12.89551807072 6.493935205473 -9.481430887204 1.552832970344 2.976986169098 6.441723794824 0.9014494297499 -7.186820527345 1.394687188656	10.297 0.1 1.429 -11.868 -7.277 10.154 5.755 23.312 -13.097 1.87 -7.363 -2.169 1.687 2.779 14.874 -0.984 -12.494 -9.073 -2.834 4.718 1.739 4.489 19.785 -7.337 9.636 2.509 16.985 -4.735 6.765 -1.795 -10.607 3.092 0.872 -2.267 -2.87 -13.459 -0.347 -0.925 7.532 13.218
wavedec	db3	zero	3	3.946 -3.644 4.132 -16.14 5.483 5.366 -5.362 -11.009 -7.386 -15.319 -1.202 13.67 14.08 -6.363 -11.099 1.411 5.212 -8.826 -0.832 2.888 -3.652 -15.969 6.502 5.01 0.314 -3.228 -2.951 13.72 -3.484 13.65 -16.462 -3.284 -2.736 8.129 -6.003 -8.203 -14.752	-0.04037108437567 -0.0745482672357 2.292186841733 -9.065923840133 -0.8987215045493 -8.0671202626 5.57750639448 -11.94625402356 -0.5431177342308|0.381257016947 2.692297723957 -16.67185704706 -1.061904461109 -0.5247351972747 -0.9819778587778 5.440848599433 -0.9650616800961 -0.05751042184125|-0.8363898436819 4.4325977468 12.35182918911 -17.57393395491 -12.6402803798 -4.602509200846 -12.37537052519 -8.509085576969 3.272663625655 14.14758063489 1.650574149967 -0.4680665735695 -0.172875|4.396245390692 9.846418573847 9.331288253688 -5.105617376967 5.574823657048 1.395058434471 5.784516705147 -7.2742014167 7.943592366511 1.452696128546 0.5793459606116 11.63401932379 -3.347661579462 -4.846183581907 -13.52800825166 -16.92920595029 -0.1355999784806 -6.344311608969 -6.72224426157 1.079344367347 -0.519658257898	3.946 -3.644 4.132 -16.14 5.483 5.366 -5.362 -11.009 -7.386 -15.319 -1.202 13.67 14.08 -6.363 -11.099 1.411 5.212 -8.826 -0.832 2.888 -3.652 -15.969 6.502 5.01 0.314 -3.228 -2.951 13.72 -3.484 13.65 -16.462 -3.284 -2.736 8.129 -6.003 -8.203 -14.752 -2.22044604925e-16
wavedec	db3	zero	1	-1.474 -8.571 18.31 -4.849 19.754 10.089 8.852 -0.511 -6.86 -19.351	-0.1759841100503 -1.255921999748 0.3363931130349 9.126548100274 18.75659198494 1.990316757142 -17.89627758992|1.661961224611 20.52791936089 11.55667518492 0.2365751521966 1.499989152821 10.09342778558 -1.895026453227	-1.474 -8.571 18.31 -4.849 19.754 10.089 8.852 -0.511 -6.86 -19.351
wavedec	db3	constant	-	5.969 0.228 6.472 10.349 -14.281 8.259 12.72 3.577 6.446 -8.695 -3.253 26.437 -1.242 -1.167 -8.31 -6.496 19.244 -6.748 9.952 4.736 -3.245 -11.935 4.23 2.708 -11.932 18.703 4.802 3.442 10.784 -3.061 5.172 -5.07 -21.428 12.462 3.139 -21.598 -19.349 -4.944 4.814 5.469	16.52716983163 16.30175628103 17.92662119433 10.26807391148 10.38132510841 -0.9140574218373 12.92626388566 -17.46029635764 7.156448846489|0.05172419039595 2.450232556032 -1.957293613748 -5.189988454132 -8.159288743738 0.4044012663819 14.20481024602 -2.606652870676 8.326672684689e-17|-0.3621606681495 -0.782509350135 0.5573595928948 -20.97985584563 -12.06337784538 3.239885955886 -8.426171941491 10.4502260685 3.713490842077 22.52853892445 -0.7568448529105 -0.4596025261352 -0.589747997522|1.909861644486 1.588926146924 -19.67406098551 8.315877821794 4.934063933884 -7.537573772734 -12.84836659359 -1.695659968472 21.73852590539 6.112000876403 -2.068212374538 9.194249904666 -18.80026265226 -3.880114262553 8.666289349245 6.274854302145 -19.68416515979 6.628876878774 -4.149245728341 5.216177765317 -1.675513878846 -0.02307322118514	5.969 0.228 6.472 10.349 -14.281 8.259 12.72 3.577 6.446 -8.695 -3.253 26.437 -1.242 -1.167 -8.31 -6.496 19.244 -6.748 9.952 4.736 -3.245 -11.935 4.23 2.708 -11.932 18.703 4.802 3.442 10.784 -3.061 5.172 -5.07 -21.428 12.462 3.139 -21.598 -19.349 -4.944 4.814 5.469
wavedec	db3	constant	3	-17.031 -5.591 14.844 -8.142 -10.667 -0.181 -5.758 0.234 -16.559 8.151 10.542 -3.617 -2.827 -6.791 -7.017 5.913 -0.263 5.276 -13.078 12.46 4.533 15.834 -16.778 -9.617 7.018 5.036 -2.549 8.918 -3.712 -2.875 15.499 -5.257 1.674 -4.31 7.123 7.143 -4.032	-47.60122801882 -46.83369281933 -51.31569811343 -17.57821145541 -6.2473940719 2.771405894513 4.194268732763 1.657817425977 -11.40421816698|0.1810102777714 -6.123470248005 -2.172121981744 -6.340266506703 -9.645360337368 -1.271006126445 -5.561396644483 1.38313137228 -2.775557561563e-16|1.449721364631 14.14860280642 -0.2374368505896 10.17735800632 -11.78690181327 -4.710820975592 6.681619980588 6.42080623927 -0.2225530298028 -3.632022256407 -5.576550966046 1.274018792713 -5.551115123126e-17|-3.805751125749 17.50155968988 -7.884320457901 -3.373289616867 -15.79435578817 8.01386591117 0.331293836553 -4.062019948546 -4.419082065022 -16.83037668914 -5.132742234171 -17.62852953046 12.18785045106 -9.699688343725 -5.118297544994 16.750342787 2.733183041409 5.224093568873 -6.467930467028 1.347755521617 -1.387778780781e-16	-17.031 -5.591 14.844 -8.142 -10.667 -0.181 -5.758 0.234 -16.559 8.151 10.542 -3.617 -2.827 -6.791 -7.017 5.913 -0.263 5.276 -13.078 12.46 4.533 15.834 -16.778 -9.617 7.018 5.036 -2.549 8.918 -3.712 -2.875 15.499 -5.257 1.674 -4.31 7.123 7.143 -4.032 -4.032
wavedec	db3	constant	1	8.838 -15.812 -1.462 -2.955 8.368 11.806 -3.897 0.312 5.793 7.113	11.63049136927 16.29146256828 -10.39090052006 -0.2724586755542 10.2312855966 0.3018908235583 9.620175939266|8.20032913022 6.948181712257 3.341216276865 -10.11131523282 3.994186324575 -0.7907130309198 -0.04649870528914	8.838 -15.812 -1.462 -2.955 8.368 11.806 -3.897 0.312 5.793 7.113
wavedec	db3	symmetric	-	-1.345 8.973 22.549 -4.419 5.817 -3.676 14.717 -9.929 7.492 -10.492 3.852 11.934 20.463 9.217 -17.594 8.264 -12.228 15.092 23.421 -3.088 11.479 15.637 12.043 -2.162 -0.604 -14.034 15.343 -12.433 4.668 3.767 -5.975 -0.292 8.704 3.789 7.305 -5.935 11.927 6.143 -2.474 -9.156	24.9594882665 17.07030098343 28.52231382642 12.12592082013 9.42989683291 22.36013668787 0.4359042697013 5.857986878293 -9.466597024515|-6.95491360698 -6.154884226384 -14.18063161273 -12.52754022942 -1.447186595824 1.164754499764 -12.5221398658 17.94924407887 -10.29850822287|10.04695316715 11.78520737443 0.0265353847313 -13.37356757727 0.06577430893598 17.52862711173 10.43532125272 -4.170494474083 3.529572134745 6.067871440285 9.717225869128 -8.261113297131 -4.856270660376|-2.892290292924 15.92094381607 5.623705241915 16.50001152361 12.00560638346 2.621666834578 6.804421442368 -22.79171226504 -14.8040293202 14.72225150572 3.177079434032 2.256924511295 5.290061318324 23.29120313205 4.939222978364 -7.608441320333 7.189963656332 4.715704487589 9.953663929992 -3.635387840666 -1.075206309573 2.493420546328	-1.345 8.973 22.549 -4.419 5.817 -3.676 14.717 -9.929 7.492 -10.492 3.852 11.934 20.463 9.217 -17.594 8.264 -12.228 15.092 23.421 -3.088 11.479 15.637 12.043 -2.162 -0.604 -14.034 15.343 -12.433 4.668 3.767 -5.975 -0.292 8.704 3.789 7.305 -5.935 11.927 6.143 -2.474 -9.156
wavedec	db3	symmetric	3	-5.747 5.936 3.492 2.662 -7.035 4.938 -8.627 23.375 -3.371 -2.502 10.831 12.891 6.753 7.141 16.674 -12.178 15.947 1.901 -4.433 -11.463 3.472 4.6 -1.323 -3.665 19.362 -14.699 -3.872 -17.776 15.284 -0.382 -13.538 -7.176 -14.841 -1.779 -5.698 7.768 10.625	4.305922283576 0.8037025817142 7.111117889316 -1.531490896853 21.95414826403 4.05599226616 -13.24560236857 5.367681320452 33.82882864549|-4.125824935084 -2.560877504353 0.6519156713541 2.220977790924 7.542549434605 -16.27169090156 11.0041442762 -3.055013109578 5.906227611736|6.149014109693 5.919252663915 -10.38681815743 -10.54801022836 6.502213062088 6.036522574152 4.141750786443 -6.666821217007 10.99551592197 -4.402727545414 4.500396334806 -0.2091263178109 -7.382930606609|-4.378313999033 -0.3037561143817 -8.71012744869 -15.70784492339 -11.29849404978 7.750014054918 -4.649769190979 14.79261578835 16.43232593687 -3.243936022373 7.865499973599 -3.568046135916 22.89236403112 6.575177206447 20.58330530537 -12.07948887582 -5.749635753328 -5.450052172056 1.560768592786 2.305787911771 6.355412971181	-5.747 5.936 3.492 2.662 -7.035 4.938 -8.627 23.375 -3.371 -2.502 10.831 12.891 6.753 7.141 16.674 -12.178 15.947 1.901 -4.433 -11.463 3.472 4.6 -1.323 -3.665 19.362 -14.699 -3.872 -17.776 15.284 -0.382 -13.538 -7.176 -14.841 -1.779 -5.698 7.768 10.625 10.625
wavedec	db3	symmetric	1	-11.371 -17.959 -0.045 1.51 1.518 0.228 2.523 -1.195 -15.771 8.074	-5.918783585637 -17.89716142296 -18.61999086033 1.613083787023 3.642485681337 -9.71312130466 7.301582761005|4.50254393643 7.651326014921 -1.474325109917 2.250960930336 -15.12959310479 10.16437079337 4.493384947622	-11.371 -17.959 -0.045 1.51 1.518 0.228 2.523 -1.195 -15.771 8.074
wavedec	db3	periodic	-	-8.693 24.992 0.979 -2.798 -0.444 10.863 7.864 9.21 6.33 -0.69 -32.748 3.245 12.869 2.953 1.854 -5.684 -16.119 8.914 -8.301 13.71 10.751 -11.596 -5.328 1.479 9.537 2.909 -9.878 3.692 16.629 -15.632 3.769 9.971 17.095 12.365 17.709 -1.072 -6.936 8.802 -8.487 20.669	19.3154207598 7.924755508601 9.561264314868 15.08383261022 -2.580901639158 0.4762233445213 7.743153859825 14.22246211247 7.140285777886|6.089447800249 7.030903775759 2.651727867949 -9.599180675754 -1.507095433278 13.52763888909 -8.21648872649 -5.771930900297 -3.15135735371|-4.123185089914 13.92829056179 2.945892258265 -19.45653585884 17.02068374669 -6.16328404537 -15.80592509453 -4.014912787314 -14.97152216343 14.74526284015 -5.721203921903 -4.123185089914 13.92829056179|-23.18005538204 -7.131828590593 -0.9883724229962 -1.858783520642 0.952475564186 -26.9769696796 12.49457702804 -0.5849324719629 -12.90244102459 -13.60236377767 7.542155188152 -0.03091525500758 6.154706426877 -11.88539580106 18.83837792133 4.635306748419 3.836203870847 7.636168706377 -8.764012375401 -16.3032318799 -23.18005538204 -7.131828590593	-8.693 24.992 0.979 -2.798 -0.444 10.863 7.864 9.21 6.33 -0.69 -32.748 3.245 12.869 2.953 1.854 -5.684 -16.119 8.914 -8.301 13.71 10.751 -11.596 -5.328 1.479 9.537 2.909 -9.878 3.692 16.629 -15.632 3.769 9.971 17.095 12.365 17.709 -1.072 -6.936 8.802 -8.487 20.669
wavedec	db3	periodic	3	-2.557 21.597 10.937 3.766 -3.481 4.298 5.125 -3.769 2.805 -10.906 8.238 6.634 3.143 1.91 7.046 14.944 -3.645 8.888 -1.425 -14.033 -12.548 26.923 -6.401 -1.428 -2.026 -9.1 2.172 2.314 -5.038 7.559 -2.923 -10.164 8.642 -6.294 3.365 2.221 26.429	0.8714905203293 9.9934902398 18.9467299624 15.21338460188 11.68991569597 1.28572886703 -6.515681622874 14.55233578492 5.07289123786|-10.20700372799 9.520601325891 -10.62879732566 14.92782285432 0.06332674491953 -11.10863170277 0.3395598770627 1.747581963412 -0.6295940967767|-15.58062484248 10.06148143536 0.07446769472499 -7.198055249013 -3.425277444721 9.203296158717 22.2362663134 -7.069771150662 5.875103995717 -5.988814346583 5.972149787269 6.207853709738 -10.13519143112|-21.63607389482 0.3217489215448 -5.691920015643 4.589615947632 7.177386435114 8.935460517062 -3.095401658486 0.2682347698692 -13.4476833962 1.448308247408 -11.80451005683 -16.62621757426 4.771766352236 5.093692661052 -8.78606066871 -1.499086287495 14.60419755751 2.732640835216 20.4669325256 11.70402015553 -3.036211290016	-2.557 21.597 10.937 3.766 -3.481 4.298 5.125 -3.769 2.805 -10.906 8.238 6.634 3.143 1.91 7.046 14.944 -3.645 8.888 -1.425 -14.033 -12.548 26.923 -6.401 -1.428 -2.026 -9.1 2.172 2.314 -5.038 7.559 -2.923 -10.164 8.642 -6.294 3.365 2.221 26.429 -2.557
wavedec	db3	periodic	1	6.958 6.145 -4.776 9.604 0.15 -3.848 0.538 -5.203 -4.838 7.778	-7.672317654381 7.783107797358 3.631682283588 6.519805722821 -1.417786530305 -7.672317654381 7.783107797358|0.2207474742666 -10.31989833864 -1.600559717683 4.566686718476 -4.494640046251 0.2207474742666 -10.31989833864	6.958 6.145 -4.776 9.604 0.15 -3.848 0.538 -5.203 -4.838 7.778
wavedec	db3	smooth	-	1.859 -3.573 -1.382 1.997 8.676 12.535 -13.575 10.018 9.485 8.663 -11.874 -12.864 9.912 -8.491 -5.894 -0.989 11.689 4.552 -0.822 14.521 14.83 -1.241 5.27 10.843 -6.15 5.055 14.207 -13.21 5.672 -14.743 2.951 0.857 1.36 6.935 19.885 -2.894 -11.104 21.59 12.719 6.913	345.2126227283 225.4256861969 93.85010110587 15.23824132409 -6.568319378912 19.09012799067 1.000351911499 11.29672257554 35.84698789099|-3.552713678801e-15 -12.96301743948 17.80087331838 -3.692637359858 2.42580190812 2.114065771277 0.9542613924561 0.1726485536427 -3.885780586188e-15|-3.552713678801e-15 -7.785715698555 1.653295988748 3.243687555427 -2.646146272052 -3.71038228496 -6.249939796247 6.567001926189 -6.720625091719 17.0430645766 10.51340439866 -3.108629605339 -3.330669073875e-16|1.110223024625e-16 0.6838261082968 1.858979216512 -21.10022244846 3.373792422537 -10.18830034466 19.41589847842 -3.377610275935 8.791693445483 -9.457605306829 6.612831894043 0.4254027279195 -11.92561897057 15.47580496805 13.85339478903 7.482010389172 -3.062087544679 13.81209673755 -16.85544620802 -0.01328356262775 -0.9863661485217 -1.165734175856e-15	1.859 -3.573 -1.382 1.997 8.676 12.535 -13.575 10.018 9.485 8.663 -11.874 -12.864 9.912 -8.491 -5.894 -0.989 11.689 4.552 -0.822 14.521 14.83 -1.241 5.27 10.843 -6.15 5.055 14.207 -13.21 5.672 -14.743 2.951 0.857 1.36 6.935 19.885 -2.894 -11.104 21.59 12.719 6.913
wavedec	db3	smooth	3	-30.159 -2.512 -16.693 -5.382 -9.78 -9.674 0.243 11.98 9.84 12.927 -6.55 2.095 11.23 8.376 0.792 -11.997 -5.495 10.191 1.079 -2.606 -2.965 21.003 -11.741 2.171 7.371 -13.804 -2.23 -9.38 2.446 -12.845 17.688 0.271 -9.382 3.484 -3.955 7.56 8.969	-1847.263251411 -1220.273010247 -555.2180247376 -61.0876084945 11.05583692762 4.250232139609 -8.538182563383 8.535938028865 65.87798616391|0 46.94873039833 -20.73852202748 -17.03879718362 5.024548672218 0.1838417635784 2.760173625735 0.4677282681864 -1.33226762955e-14|0 19.42590113817 -19.84431838631 0.8066423487936 13.17730899813 13.28139834503 6.839841183098 -7.757119266348 3.936268961994 -6.909334098876 1.764834410345 -0.1116166342003 7.771561172376e-16|8.881784197001e-16 -14.40120800968 -1.221362575363 0.932066717134 -3.073831957784 -12.22328265117 7.646947971811 -0.7897337564117 -1.302645415799 -3.204290409188 -7.649585520568 -19.63909127473 12.8166290768 6.445965644224 9.941757081735 18.87903907669 -12.25331172491 -5.395547891176 0.8090339443532 -0.355996905797 1.110223024625e-16	-30.159 -2.512 -16.693 -5.382 -9.78 -9.674 0.243 11.98 9.84 12.927 -6.55 2.095 11.23 8.376 0.792 -11.997 -5.495 10.191 1.079 -2.606 -2.965 21.003 -11.741 2.171 7.371 -13.804 -2.23 -9.38 2.446 -12.845 17.688 0.271 -9.382 3.484 -3.955 7.56 8.969 10.378
wavedec	db3	smooth	1	-0.977 3.44 -33.92 4.634 13.763 -5.932 2.381 -0.487 9.334 14.047	-21.26204901691 -5.468535177946 -15.15888889269 -0.635461346823 0.6500979580114 2.019117679636 18.64840227068|-2.22044604925e-16 -31.16790355995 15.78665291166 2.154114959528 2.738983014062 -0.349319407156 -1.554312234475e-15	-0.977 3.44 -33.92 4.634 13.763 -5.932 2.381 -0.487 9.334 14.047
wavedec	db3	periodization	-	-14.878 2.32 -5.149 1.924 -6.513 -10.702 -16.581 -6.029 -12.724 5.534 -3.464 -2.692 15.595 -0.174 -5.778 -1.301 1.02 6.694 -0.416 14.438 2.759 18.145 -5.988 -35.374 -0.564 18.887 5.535 4.255 -22.181 -11.296 -1.244 -5.442 -5.677 -1.144 7.87 -14.508 1.439 -3.999 -8.399 -3.412	-11.11074602119 -16.87085176378 -11.50788895977 7.385334811195 -2.973294160783|-12.02932437359 3.202569268149 -6.916307036505 -15.02370301499 -3.666614349686|8.545198408238 -6.084183584467 4.507732664839 -6.26366794965 0.5863550413334 -42.79466810061 0.4013976147107 0.5263489743966 -5.776610959486 -4.89515955721|-4.440355626555 -2.210549729784 -5.589452717123 -8.240488573575 -3.825817523817 14.37163884465 -6.606924707485 0.509014202227 -8.669592162794 -9.785765595263 -0.5618039229627 11.98543845684 -8.792263524106 -15.25001705799 9.554605956305 -3.276039920451 11.96038506393 7.803108020044 -4.959591671201 -10.36465698431	-14.878 2.32 -5.149 1.924 -6.513 -10.702 -16.581 -6.029 -12.724 5.534 -3.464 -2.692 15.595 -0.174 -5.778 -1.301 1.02 6.694 -0.416 14.438 2.759 18.145 -5.988 -35.374 -0.564 18.887 5.535 4.255 -22.181 -11.296 -1.244 -5.442 -5.677 -1.144 7.87 -14.508 1.439 -3.999 -8.399 -3.412
wavedec	db3	periodization	3	-1.964 1.964 -15.717 -10.804 10.027 -11.522 19.28 16.671 -4.026 -1.294 -3.594 -2.318 10.398 0.843 7.766 0.879 10.647 0.093 5.63 7.003 10.895 -8.158 -2.159 -17.279 -7.083 0.47 19.693 11.113 3.953 6.623 1.571 -16.704 11.028 -0.755 -1.677 -4.582 3.479	2.059920178908 -4.836452060058 5.920707606917 9.129312728727 5.328147232105|9.77063363889 -0.8941859140625 -14.37299572452 7.601865404067 3.12000576123|-5.499913051336 16.74903623959 -2.050828490596 2.11543112843 8.665584262762 -18.07218656278 10.26487093719 -13.52257967244 -0.278494094196 6.738744559338|-9.305976507324 19.11283823398 12.47911144046 -13.71894015351 1.113352496021 9.408460233972 3.857724559019 7.545617609359 1.081546639893 7.907375543096 7.083540579405 2.052904968736 11.38089393108 -6.992376060688 4.888308461731 17.32438440386 -2.342425136444 4.307354287579 -4.758283467187	-1.964 1.964 -15.717 -10.804 10.027 -11.522 19.28 16.671 -4.026 -1.294 -3.594 -2.318 10.398 0.843 7.766 0.879 10.647 0.093 5.63 7.003 10.895 -8.158 -2.159 -17.279 -7.083 0.47 19.693 11.113 3.953 6.623 1.571 -16.704 11.028 -0.755 -1.677 -4.582 3.479 3.479
wavedec	db3	periodization	1	-13.484 -0.158 -19.296 14.851 18.452 -5.755 6.177 7.639 -12.996 2.817	-6.058209140192 -17.27135322897 14.56790579925 4.51371781529 3.008380567207|-18.8342325272 12.09032197913 3.187432012687 -15.61218130527 -9.498156175436	-13.484 -0.158 -19.296 14.851 18.452 -5.755 6.177 7.639 -12.996 2.817
wavedec	db3	reflect	-	-1.959 8.863 -3.902 16.476 0.327 14.112 20.956 -0.423 -4.741 -1.473 3.956 -1.698 26.491 7.187 0.181 13.873 -7.244 -5.732 9.084 7.784 -1.91 -2.459 -9.016 -2.199 -0.227 7.132 9.502 28.359 -0.764 5.309 25.371 -11.783 19.129 11.547 -5.359 3.59 -5.896 13.221 -4.445 -5.338	17.25493962816 14.65975272049 12.26534645367 17.03158089034 18.47465098324 -1.819372021099 24.98900795595 8.55230080215 9.550172967418|4.936065006109 -6.241825994648 -6.799808436312 -0.4948610600973 -16.49184328783 1.311293904192 -6.210852444896 3.303136645657 -21.2259690896|6.168827548634 -3.541082455718 12.4736733682 -10.10897316677 4.097669081514 -10.89366361277 -5.782119019796 1.88251456343 -1.161399070924 8.983286771655 10.38894773355 10.93198533868 8.686746212304|-6.658991452806 -11.82116539334 -10.7926643399 11.78627563712 -4.752945418617 5.776484730138 18.93836526629 -11.35653182906 -8.795325931717 9.546035308913 -6.274181115655 -4.169610964695 -0.6046230826602 -5.521805542112 -16.10578307637 24.8109096802 14.01374766152 -13.52427848095 -8.422671768824 -6.976896353747 -4.007995184151 -12.04430248297	-1.959 8.863 -3.902 16.476 0.327 14.112 20.956 -0.423 -4.741 -1.473 3.956 -1.698 26.491 7.187 0.181 13.873 -7.244 -5.732 9.084 7.784 -1.91 -2.459 -9.016 -2.199 -0.227 7.132 9.502 28.359 -0.764 5.309 25.371 -11.783 19.129 11.547 -5.359 3.59 -5.896 13.221 -4.445 -5.338
wavedec	db3	reflect	3	17.399 -0.787 -0.694 9.105 -6.648 24.307 -1.735 -5.803 -14.373 -0.364 0.001 -9.149 8.294 -15.187 3.767 1.816 -5.16 2.313 3.482 -2.781 21.11 -1.831 -10.047 -3.615 -12.506 -4.192 -7.325 10.633 -7.544 4.251 -4.279 20.038 -10.724 6.619 15.341 19.79 3.934	10.61523280089 11.34068877036 11.0175042771 12.12344283494 -9.339157321096 2.770501774084 -9.739758967903 30.66802774602 34.02401041811|0.08021352433202 -2.027934739911 -7.979814801625 -2.553844168967 -14.57743859967 -0.7267130859481 -1.261363938319 -8.161846361056 -10.06919785181|-3.252897936742 0.6812125188796 18.81041100061 -0.1996657738239 -4.799079107116 -2.138922064555 0.6128969429971 -5.059408986229 -5.572457339742 -4.709990175382 4.796533338684 -7.821781281536 -5.337752611052|15.30029674797 -5.667770564177 -16.99826492339 -8.996662980724 -6.730809661749 4.595385253069 15.41450200477 7.518141827671 -7.282180994791 3.655572038931 18.46726850608 -9.027236105491 -5.090333320047 -6.494300749752 -12.20100365172 -10.40469295778 -19.39490045937 5.760240336596 -14.39364983251 2.775756488664 -18.60482728796	17.399 -0.787 -0.694 9.105 -6.648 24.307 -1.735 -5.803 -14.373 -0.364 0.0009999999999997 -9.149 8.294 -15.187 3.767 1.816 -5.16 2.313 3.482 -2.781 21.11 -1.831 -10.047 -3.615 -12.506 -4.192 -7.325 10.633 -7.544 4.251 -4.279 20.038 -10.724 6.619 15.341 19.79 3.934 19.79
wavedec	db3	reflect	1	9.976 -17.305 -1.224 17.971 -0.336 12.075 -3.28 -5.827 -1.743 -5.551	14.70039251739 -6.708710852318 -13.17964349305 12.3836654252 8.86313166991 -5.901376014989 -4.368151961718|23.4534763772 -1.876425701721 -13.51446133276 -4.723441822192 4.582652037227 2.706755093153 -4.284254602766	9.976 -17.305 -1.224 17.971 -0.336 12.075 -3.28 -5.827 -1.743 -5.551
wavedec	db3	antisymmetric	-	0.877 13.656 7.101 7.656 4.519 3.922 -1.697 22.62 -2.034 6.077 -5.81 5.396 -0.639 6.808 5.369 -0.303 -1.643 4.116 -16.145 0.555 0.508 -2.719 -3.538 -17.947 5.069 8.826 8.678 -4.052 -3.309 -4.309 -5.418 -4.38 -14.111 -10.83 0.723 -11.255 -8.778 -12.586 4.62 2.311	-3.373197276576 1.591368572453 -3.014464255828 12.86532841918 10.57961639775 -6.342948072643 -2.699712624807 -22.92056374539 9.345138663531|-16.76287744121 -9.071067183328 4.995553714211 0.08305570291648 -3.261464947034 -5.619227792713 4.270116000967 6.406170601792 -12.8686587696|-17.91090572598 13.63091039632 -12.50504318763 -5.737745814694 6.946338191216 -4.114279874749 7.253825519005 17.90862511276 -3.678708997487 0.8541435829399 -4.107575480875 -6.380879522765 0.447130253443|-2.464693135316 -3.771663218433 -0.9402470932887 -10.40377687025 -13.34188338798 -7.130290540608 -4.02993343042 1.64480205641 -2.72135143696 -14.71968701241 3.532752510321 3.776169008457 9.67065341227 1.948890741173 0.3879381721381 -0.5267918344694 -5.522201082752 10.64811465695 0.7599990286316 8.996009171954 -3.398896406484 10.03219920188	0.877 13.656 7.101 7.656 4.519 3.922 -1.697 22.62 -2.034 6.077 -5.81 5.396 -0.639 6.808 5.369 -0.303 -1.643 4.116 -16.145 0.555 0.508 -2.719 -3.538 -17.947 5.069 8.826 8.678 -4.052 -3.309 -4.309 -5.418 -4.38 -14.111 -10.83 0.723 -11.255 -8.778 -12.586 4.62 2.311
wavedec	db3	antisymmetric	3	14.877 9.358 -2.808 10.15 1.336 10.84 6.563 1.838 -5.496 -10.5 11.803 1.689 5.379 1.532 10.706 0.386 4.108 -10.111 2.326 12.789 -1.741 0.507 17.339 -2.619 -0.942 13.367 -1.205 -17.513 -12.259 -19.629 13.237 6.874 13.85 9.136 2.106 6.717 -3.114	-2.506574409097 0.9076746891414 -2.577288909746 9.261878531288 4.591105352307 14.8137584104 -7.762958482874 11.25731910587 -4.845570377611|-9.283593633575 -10.43208603066 -6.557492734956 -2.032917588535 15.16241400241 15.78877437556 -4.236906704538 -0.2052406762448 27.86183927278|-4.811300828483 11.57356820037 4.197305245633 -8.163653667344 1.591685555964 -12.74320082201 4.615383436731 15.21338446563 -10.4971096014 2.450135518364 -4.305056576734 0.7920473735832 -11.00860472965|16.87839690821 -13.55520755112 -5.493166454481 0.2870471558758 -1.699721367579 14.92082547373 0.3696128952405 7.639499290079 5.375779840721 2.127615115344 -8.488058208348 16.03849715699 -6.361446229279 -0.779229086164 5.963740585951 17.53730039994 1.078864533511 -5.552964329697 -5.65345103095 -5.082824701438 -0.7325331759005	14.877 9.358 -2.808 10.15 1.336 10.84 6.563 1.838 -5.496 -10.5 11.803 1.689 5.379 1.532 10.706 0.386 4.108 -10.111 2.326 12.789 -1.741 0.507 17.339 -2.619 -0.942 13.367 -1.205 -17.513 -12.259 -19.629 13.237 6.874 13.85 9.136 2.106 6.717 -3.114 3.114
wavedec	db3	antisymmetric	1	-3.335 8.703 -8.037 0.363 -0.996 -7.43 4.653 -11.563 -21.889 -6.278	2.503173063619 -2.213462353342 1.991244186732 -2.640557590061 -0.9765279596386 -16.76616191388 -13.56750127373|-5.271001194058 -10.17942639014 3.212342022855 10.90039808779 -11.55409928666 2.802156823481 -1.343323842973	-3.335 8.703 -8.037 0.363 -0.996 -7.43 4.653 -11.563 -21.889 -6.278
wavedec	db3	antireflect	-	6.546 10.172 -2.586 -10.766 -8.997 -8.493 0.814 -1.105 -12.202 11.308 7.222 -15.992 -2.282 1.567 23.226 15.891 -4.658 7.955 -21.54 -13.845 9.16 -5.248 1.941 14.174 -9.037 2.134 -5.057 -18.736 -16.981 9.696 9.441 -0.525 -7.192 -5.802 0.77 -8.773 -6.021 -9.031 -7.131 10.239	305.6785391862 200.1219915508 110.1407885696 -2.720401329393 3.821086938342 0.03305941835787 -7.400094858133 -14.52009473137 59.48443568979|-0.3952450120197 -8.025676836166 10.65718301405 22.66874698628 16.73738697073 14.77348898707 3.493204231447 -20.20741064378 -18.92566962965|-0.6907692780644 11.38350194379 2.872276829748 17.58402265103 5.191581585325 -9.635764329796 4.950046957925 4.983603459775 18.49439398658 -4.966690455223 -12.41356123977 17.63231437616 -3.840256252032|1.255013351176 -3.264980034635 1.965647727099 5.133888476683 -14.251846827 7.528809229187 4.553028958113 11.92988896825 -16.79507415792 -13.62815036452 18.92772394115 -3.914068574233 -14.90788060617 3.670599964352 -7.764391114439 3.847197584438 -4.675951609005 7.466748499311 1.327523064502 -4.916554122454 7.731052525195 -5.023538184745	6.546 10.172 -2.586 -10.766 -8.997 -8.493 0.814 -1.105 -12.202 11.308 7.222 -15.992 -2.282 1.567 23.226 15.891 -4.658 7.955 -21.54 -13.845 9.16 -5.248 1.941 14.174 -9.037 2.134 -5.057 -18.736 -16.981 9.696 9.441 -0.525 -7.192 -5.802 0.77 -8.773 -6.021 -9.031 -7.131 10.239
wavedec	db3	antireflect	3	-3.88 -0.485 4.393 -11.173 1.518 -13.727 -2.227 30.437 -7.355 -4.292 19.906 6.804 7.705 8.46 -14.157 -9.33 -15.517 0.834 2.463 -20.708 14.064 -1.624 14.29 -10.5 7.645 12.726 -5.931 -21.726 -9.238 -0.317 -19.082 23.721 -9.276 21.11 5.634 -11.12 -7.895	-11.59454742139 -16.54584247313 -6.267560896857 -9.931392423752 9.444053664245 -1.968022659365 -7.830645901023 -0.3306534105909 -80.87463099716|0.4637389458276 -2.527109372129 6.898159330074 -20.99942280819 23.78447161398 15.75881362303 -6.732704107898 -12.66639506717 -19.29649217185|0.09966130676806 8.466658465732 -18.46107326362 -10.74824623899 5.017690103809 12.15902614153 13.38167263648 16.70878481628 -4.596101837604 16.47200267393 -3.074850095352 -16.64747407878 10.00167298197|1.981785447794 6.958795441903 10.1584208814 -6.614535521002 -19.32286588364 19.28741933446 -3.039633011775 -11.96761342162 -5.601722930069 9.291878059111 20.60364198775 12.18901100941 5.191192368434 -4.836383112983 4.800072425865 -23.96059324971 -23.19238032532 1.14423582015 1.013254961203 -2.549402390833 27.07288852336	-3.88 -0.485 4.393 -11.173 1.518 -13.727 -2.227 30.437 -7.355 -4.292 19.906 6.804 7.705 8.46 -14.157 -9.33 -15.517 0.834 2.463 -20.708 14.064 -1.624 14.29 -10.5 7.645 12.726 -5.931 -21.726 -9.238 -0.317 -19.082 23.721 -9.276 21.11 5.634 -11.12 -7.895 -4.67
wavedec	db3	antireflect	1	9.92 -14.457 0.138 18.243 1.256 0.745 -5.725 -2.665 -9.264 -0.579	10.54414495114 41.37291481344 -10.84575226014 15.63832649852 -0.4828940041177 -8.876539531209 -0.4819906926814|-4.827528727241 2.975989633506 -8.528340299168 -2.681503059695 -5.176017087745 7.12696769834 2.154903995785	9.92 -14.457 0.138 18.243 1.256 0.745 -5.725 -2.665 -9.264 -0.579
wavedec	sym4	zero	-	0.868 -3.041 -4.568 1.697 4.67 6.271 3.131 12.975 3.279 -9.389 0.021 8.982 18.455 -7.777 -2.784 -10.427 -17.626 -13.297 24.206 -3.769 -7.477 -4.462 9.474 -3.742 -11.704 -5.868 6.442 -8.639 -4.725 8.642 -15.429 -0.067 -0.151 -12.345 11.341 18.556 -6.655 -5.542 -3.229 17.974	0.05521445726271 -0.6235757101592 -0.8179351024479 10.48354616381 9.44966200712 -14.74401452339 1.565359965274 -6.612496451203 -4.617709906063 -10.35057242293 7.752183152071 4.092002837003 1.374473484497 0.1400147516788 -0.01065270247846|0.0234826664821 -0.1832818831384 -0.0569848778012 -4.907038960526 7.937015746105 -17.11744818202 17.96954825651 18.49310499258 13.24666667962 -1.942210231979 4.982037450708 13.84702200732 -3.075538879736 -0.4165984946033 0.02504754671612|0.08705020535345 -0.04029374470388 1.42293211187 -2.237309104154 0.1612033597081 -9.283036906315 10.24073106176 -2.639000282209 14.4856538251 -1.386524712194 8.892216329084 13.34740021746 0.7071335474657 4.28512887907 -1.093766424511 10.50872195339 -14.24386081747 -9.020519934347 16.49560104161 -12.69569107498 1.654915063232 -15.71323026503 0.7773164669637	0.868000000001 -3.041000000005 -4.568000000009 1.697 4.670000000006 6.271000000001 3.131000000003 12.97500000001 3.278999999995 -9.389000000017 0.02099999999235 8.982000000017 18.45500000002 -7.777000000001 -2.784000000005 -10.42700000001 -17.62600000003 -13.29700000001 24.20600000003 -3.768999999989 -7.477000000012 -4.461999999999 9.474000000012 -3.742000000004 -11.70400000002 -5.867999999999 6.442000000011 -8.639000000002 -4.724999999996 8.642000000005 -15.42900000001 -0.06700000000262 -0.1510000000018 -12.34500000001 11.34100000001 18.55600000002 -6.655000000008 -5.542000000019 -3.229000000001 17.97400000001
wavedec	sym4	zero	3	-4.002 -2.169 -4.02 -20.006 -18.077 -0.928 4.316 22.314 10.371 -2.199 -12.969 -6.86 -14.694 -13.183 5.003 -17.441 -6.959 6.482 26.572 0.902 -1.941 -3.377 -1.195 -13.315 -13.289 -3.293 -21.222 2.132 30.678 6.908 4.864 0.212 -3.427 1.939 -2.181 8.951 -13.876	-0.08043134012565 0.1281113084119 -9.230651474056 -12.73976495445 -0.4887253011947 -2.829071650699 1.454017340875 -0.5587458010802 -0.04159183530721 -0.0009056221117289|-0.0342073874944 -0.06485427037615 -5.507224149618 -30.90992935241 8.4479447161 25.56352175167 -13.31716272754 0.8882359246605 0.09036549408578 0.002129376296445|0.08217933510873 0.7060452993774 -4.41837758853 18.47842019356 -8.371026114027 2.868460141927 11.70896521388 12.3479522323 5.133842584765 -32.0221734996 5.26930251159 8.919589412084 0.387270644806 -0.1036904072155|0.1203329821928 -0.7119107889526 -3.172790128772 8.068229258693 -5.098211290781 -11.18937853825 3.328943066165 -6.976691658679 3.701520460274 15.43658084358 -1.431236921697 12.7480079271 -1.641610893709 6.067928787971 -10.98906354397 -1.609820525524 12.83532919714 -0.9589054807996 -3.212651386531 -12.09553426065 -6.474444000147 1.051325058416	-4.001999999999 -2.168999999998 -4.020000000006 -20.00600000002 -18.07700000002 -0.9280000000005 4.316000000022 22.31400000003 10.37100000002 -2.199000000002 -12.96900000001 -6.860000000011 -14.69400000002 -13.18300000001 5.003000000003 -17.44100000001 -6.959000000014 6.482000000018 26.57200000003 0.9020000000119 -1.941000000003 -3.376999999996 -1.195000000003 -13.31500000002 -13.28900000001 -3.293000000012 -21.22200000003 2.132000000001 30.67800000003 6.908000000018 4.864000000002 0.2120000000028 -3.427000000004 1.938999999996 -2.180999999994 8.951000000003 -13.87600000001 -6.187939050051e-12
wavedec	sym4	zero	1	-11.477 -5.61 -5.529 -2.037 -3.135 -18.52 -8.22 -2.803 8.717 -11.258	0.7651726107609 -11.69796078651 -4.493671899348 -11.63691111816 -12.76468049003 1.51709503971 -4.447724791013 0.4227842314015|0.3254273266551 -3.839809768706 -2.414875752396 -2.988214151745 11.21014365113 -0.6694574000596 13.92595858516 -0.9940865060567	-11.477 -5.610000000004 -5.528999999999 -2.036999999993 -3.134999999997 -18.52000000001 -8.220000000007 -2.802999999991 8.717000000007 -11.25800000001
wavedec	sym4	constant	-	-5.556 17.445 3.24 -7.157 10.745 -19.081 11.268 4.341 -7.03 -2.771 -19.046 -14.701 2.738 7.26 2.779 -18.269 12.069 -9.323 11.393 11.845 -8.673 10.299 13.67 -7.197 -10.834 18.336 8.687 -12.035 -16.691 -11.51 1.808 -8.306 10.86 7.144 10.719 1.589 -7.365 7.296 4.018 -7.003	-14.5652017993 -7.935686214477 4.480463652365 -0.08470282332081 -17.67450502873 -1.580007424427 8.377056026107 7.661276502271 -6.23569559842 -7.273564533695 11.61211639573 -3.524312927042 -14.76155402563 -13.05579373911 -13.50376921788|-0.4204805605406 0.9321094548197 -5.726474349624 8.441060398491 -0.661440016041 -17.4339477936 4.208237188924 8.256214930173 6.954853013159 22.13618546957 -7.758076747739 7.946657890455 6.632141489385 -1.053318325066 1.080380229723e-11|-0.7411635369873 2.222873409848 -15.79532818407 9.327960740914 24.19033910081 -0.9165515790397 -9.396254858903 4.87815710509 -4.301897855754 18.21863524243 17.09324956071 -6.543469630256 -10.20237645341 12.41989987247 -19.40291444288 9.491347720438 -0.7222320374298 12.25630489357 2.48721802533 2.150932926995 -9.478199148343 5.935440934544 -0.8350139426847	-5.555999999997 17.44500000001 3.240000000002 -7.157000000004 10.745 -19.08100000001 11.26800000001 4.341000000011 -7.03 -2.771000000003 -19.04600000001 -14.70100000001 2.738000000011 7.260000000018 2.778999999998 -18.26900000001 12.069 -9.323000000002 11.39300000001 11.845 -8.673000000012 10.299 13.67000000001 -7.197000000013 -10.83400000001 18.33600000002 8.68700000002 -12.03500000001 -16.69100000002 -11.51000000001 1.807999999998 -8.306000000003 10.86000000001 7.144000000014 10.71900000001 1.588999999995 -7.365000000011 7.296000000003 4.018000000008 -7.003000000004
wavedec	sym4	constant	3	23.922 2.435 11.135 24.295 -4.477 9.993 -1.182 17.273 0.923 13.386 7.365 1.399 -21.868 8.214 15.8 15.92 12.117 -18.797 4.523 7.089 6.697 1.756 0.412 -20.925 11.317 -3.559 -7.348 -5.666 11.879 4.275 5.656 5.603 -10.489 -4.051 5.647 5.881 7.813	72.52016588191 73.61824198596 34.14333450748 13.97949058161 5.986494701023 -2.33206588263 12.08261029541 22.71313419167 21.76538480207 22.09231508097|0.1361147232969 1.077991470891 -7.032325926248 -1.97717970165 -12.0982770404 4.724040497924 -2.560442619281 -4.548926333357 0.7446260389538 0.009675843745273|0.3856983127422 -0.06523056596535 3.035485806583 6.550444585145 -4.826322774382 25.03754219962 11.45738500665 -12.96983065007 -8.45033081751 -12.28226247012 15.30900659013 -1.96280656627 0.2917076546895 0.003443125251441|0.692377762652 -1.982782620008 14.30501145196 -16.6098542098 -9.464476836475 -12.37064657317 -7.354621543718 -3.54339899606 -11.26168586231 -1.574199260441 22.32180764037 -2.084028235799 -0.1928237235598 19.86081362394 4.802404490581 3.645150592078 5.367390149223 -6.248993534452 -0.3107803163533 1.51004944647 0.1068526988127 -8.839484699763e-12	23.922 2.434999999988 11.135 24.29500000001 -4.477000000011 9.992999999985 -1.182000000003 17.273 0.9230000000012 13.386 7.365000000007 1.398999999989 -21.86800000003 8.213999999998 15.80000000002 15.92000000002 12.11700000001 -18.79700000001 4.522999999995 7.089000000008 6.697000000006 1.756000000004 0.4119999999925 -20.92500000001 11.317 -3.558999999999 -7.348000000016 -5.666000000004 11.87900000001 4.275000000009 5.656000000008 5.603000000002 -10.48900000001 -4.051000000011 5.647000000002 5.881000000004 7.813000000004 7.813000000004
wavedec	sym4	constant	1	-11.263 4.654 5.706 -5.802 -10.628 6.113 5.01 6.018 16.624 9.291	-17.13425023531 -8.924332857399 3.83352998274 -8.820529895559 8.957103264434 17.88134824306 12.31518698612 13.37575020474|-0.5128950923018 1.189430402257 -7.76483496669 5.677809269597 -9.225753099621 4.09951819972 3.876393632763 -0.5555899865603	-11.26300000001 4.654000000008 5.70600000001 -5.802000000007 -10.62800000001 6.113000000004 5.010000000002 6.017999999998 16.624 9.291000000001
wavedec	sym4	symmetric	-	6.3 9.321 0.027 -5.321 -10.073 -14.564 -3.82 5.472 2.297 16.625 -0.36 1.196 -4.403 -15.808 7.157 -23.934 -11.161 9.704 -1.379 11.102 -4.989 -5.654 -19.786 17.339 -22.192 1.037 11.507 3.788 2.358 1.349 -8.414 2.101 21.705 7.988 8.339 -9.134 -4.633 0.041 -4.75 10.986	15.05843626814 15.97030522738 -5.882917729233 -2.547693337847 5.781046522096 -18.76000625299 4.042557829795 -14.93475664091 7.428752708667 6.119480442364 5.25539965408 4.882083474887 -4.554484303274 8.551727283105 -5.383933590566|-6.752953022646 3.345182284215 -6.019042664743 13.86150204055 -11.19016438409 7.00010482441 6.906270873501 5.166118305293 7.17226150338 5.627181815665 -23.35125892967 10.22340470509 -9.858165967985 5.151958242546 1.336358082409|1.157062446334 2.951147281452 -4.799807734346 -0.4844943069482 5.373854228238 -3.667682671438 -11.19122022155 -3.020666790014 10.16223454088 19.96133371322 -13.66909466026 -10.83245354896 -1.4315408731 -30.34573778731 -6.133575543458 5.268205293869 -3.499117927482 1.432494669945 6.71494287907 8.41318427922 -3.551127860971 -7.891579212369 9.369005030914	6.300000000005 9.321000000008 0.02700000000356 -5.321000000005 -10.07300000001 -14.56400000001 -3.820000000004 5.472000000005 2.297000000012 16.62500000001 -0.3599999999915 1.196 -4.40300000001 -15.808 7.157 -23.93400000001 -11.16100000001 9.704000000011 -1.378999999987 11.10200000001 -4.988999999994 -5.654000000014 -19.78600000001 17.339 -22.19200000001 1.036999999996 11.50700000002 3.788000000008 2.357999999997 1.348999999993 -8.414000000019 2.100999999997 21.70500000002 7.988000000015 8.339000000001 -9.13400000001 -4.633000000013 0.04099999999234 -4.750000000003 10.98600000001
wavedec	sym4	symmetric	3	-2.176 -0.158 15.446 -8.448 11.757 -11.932 -4.606 -1.948 9.282 8.36 -16.703 -0.906 -20.325 0.336 6.434 1.427 -13.78 16.08 -6.493 -9.883 -12.998 10.81 -0.112 3.38 23.186 -0.754 -16.274 -1.715 3.66 16.833 12.639 5.337 8.598 -6.93 6.484 -16.075 -3.635	5.134377457777 4.199881685261 4.460288930895 -10.39312138095 -2.872523693011 13.22978540425 -4.470154667106 -11.07019548425 -17.08334715406 -11.53334266613|-3.9348497256 0.2758139558925 0.7434929084101 -0.6298099839362 -9.789721223039 -12.44448966203 -22.09693474997 1.448740987403 7.252655549989 -9.832289086115|-9.002661142671 -3.359507018287 6.755894108179 3.338302026031 -20.6271397101 9.179620033664 3.417638434748 7.297252712382 -17.25245207485 -12.72190217604 4.137397249238 1.556826675963 -6.396214356942 5.711508054804|-15.59641563302 2.181855517455 2.990462576887 17.07523767967 12.06848747109 1.863172518191 -6.62877561135 -14.18673986884 -7.431952137383 1.495907299076 -23.3255738471 3.326408112587 -14.9233418654 5.624491436611 6.646418034516 -6.06983740985 -6.116767213656 4.531053050659 9.54829897154 13.84015011535 -4.189342765301 -14.72857894831	-2.176000000005 -0.1579999999925 15.44600000001 -8.447999999997 11.757 -11.932 -4.606000000013 -1.947999999999 9.282000000019 8.360000000007 -16.70300000001 -0.9060000000121 -20.32500000002 0.3359999999984 6.434000000018 1.427000000002 -13.78 16.08000000001 -6.492999999999 -9.883000000022 -12.99800000001 10.81000000001 -0.1119999999987 3.380000000005 23.18600000002 -0.7539999999997 -16.27400000003 -1.715000000014 3.660000000005 16.83300000001 12.63900000002 5.337000000011 8.598000000003 -6.93 6.483999999994 -16.07500000001 -3.635000000006 -3.635000000006
wavedec	sym4	symmetric	1	1.193 10.163 5.498 -0.475 -9.089 9.142 -10.97 0.076 -0.234 -14.923	10.05058634881 5.151584977568 6.980500636219 -3.213251575481 -3.833636722737 -6.451083733269 -16.05789839605 -3.38858272827|-2.814354212091 5.607084966071 -6.898922889279 1.664132839813 -15.07741718848 -5.915121117577 8.595533071413 -8.550561218842	1.192999999994 10.16300000001 5.498000000005 -0.4750000000068 -9.089000000002 9.142000000004 -10.97 0.07600000000197 -0.2339999999921 -14.92300000001
wavedec	sym4	periodic	-	-22.756 18.413 0.906 -6.514 14.681 5.731 7.311 10.9 8.437 2.98 -5.34 -5.533 13.991 -10.82 15.42 3.226 0.574 7.977 6.127 10.328 -0.374 -9.246 -11.332 -18.436 0.442 10.729 -6.582 -6.104 -11.641 11.065 -8.046 6.457 -10.091 -17.784 3.906 -2.186 -10.162 -5.773 4.784 24.819	5.596173747547 10.87059891391 5.242961761697 17.96322318502 -1.215015326744 10.4854146124 10.90364397645 -17.21008813207 -3.082576618366 -5.765378167584 -13.6093083548 5.966253022758 8.584914716895 3.855252394482 15.63695394928|-18.29909397571 0.9976524824339 11.08847445032 -3.18631408695 -5.623041280821 -4.384688842758 6.294549368028 0.7922970479554 -15.37914158782 2.981738574227 11.36253741638 13.56648943029 11.36847765924 -11.76052473883 0.08542129763195|2.8034322421 -21.72117954045 -26.49615743352 12.45429841871 5.494390165289 -3.010841503307 -0.3948591916236 4.034349424378 20.54802272097 4.25214410015 -4.046131186123 -5.351080644045 1.531289667425 10.4088679227 -10.86711105468 -0.5609849881267 -15.42401450043 -12.73266989754 11.33383163273 -0.5214828257828 2.8034322421 -21.72117954045 -26.49615743352	-22.75600000001 18.413 0.9059999999983 -6.514000000011 14.681 5.731000000008 7.311000000002 10.90000000001 8.437000000007 2.979999999996 -5.340000000015 -5.533000000003 13.991 -10.82 15.42 3.226000000004 0.5739999999947 7.977000000001 6.127000000011 10.32800000001 -0.3739999999993 -9.246000000006 -11.33200000002 -18.43600000001 0.4420000000068 10.72900000002 -6.581999999997 -6.104000000009 -11.641 11.06500000001 -8.045999999994 6.457000000006 -10.09100000001 -17.78400000001 3.906000000003 -2.185999999994 -10.16200000001 -5.773000000008 4.78400000002 24.81900000001
wavedec	sym4	periodic	3	-1.514 -15.122 6.213 8.663 -20.85 0.58 -11.342 -21.04 0.066 -16.046 -1.316 -8.654 4.54 3.386 -13.025 1.149 -9.585 0.743 -11.384 -5.61 7.236 5.943 -10.24 3.793 -4.927 -12.005 10.374 5.907 -4.908 7.134 15.6 -0.194 -1.188 17.402 -12.872 -9.7 -4.881	-12.50926734554 -9.432297437 -17.01389262254 -17.06100294154 -9.552525927162 8.980928135158 -5.822651916937 -12.50926734554 -9.432297437 -17.01389262254|-3.988763604731 -7.503161124456 7.528278744867 15.13430942387 -0.7186694662163 3.790340180674 -13.43993862363 -3.988763604731 -7.503161124456 7.528278744867|-1.942348553791 -8.939539302406 1.84215282889 7.397162808067 -0.8180928532039 -10.47135755201 -2.129972995411 -14.00825710405 7.414839919924 9.078927679601 -2.468046489422 -1.942348553791 -8.939539302406 1.84215282889|16.1176257334 -4.912607518735 14.94525187419 -9.536382651469 -16.00517981032 11.58660352093 11.74848185986 7.635530875334 -4.287756107882 -10.10560111257 -8.576092144084 2.344120219254 -2.70437516469 -11.4960844048 11.59341230294 -0.5122900262506 -4.705561003156 10.34962029392 -20.45167655836 0.3829783035823 -3.849315665573 -11.32389538608	-1.514000000002 -15.12200000001 6.213000000019 8.663000000014 -20.85000000001 0.5799999999978 -11.34200000001 -21.04000000001 0.06599999999712 -16.046 -1.316000000004 -8.653999999998 4.540000000013 3.386000000009 -13.025 1.148999999998 -9.585 0.7429999999987 -11.38400000001 -5.610000000004 7.236000000014 5.943000000003 -10.24000000001 3.792999999998 -4.927000000009 -12.00500000001 10.37400000001 5.907000000008 -4.908000000008 7.134000000009 15.60000000002 -0.1939999999996 -1.187999999995 17.40200000001 -12.87200000001 -9.700000000018 -4.881000000001 -1.514000000005
wavedec	sym4	periodic	1	12.849 -11.673 4.384 -14.43 3.642 1.554 -0.172 11.038 -8.307 -9.021	-7.259459441287 3.47449023629 -8.788462070048 -1.302594445626 6.708791386584 -7.259459441287 3.47449023629 -8.788462070048|-12.34231620927 6.535666297922 15.91608062311 13.34553580413 1.242859137393 -12.34231620927 6.535666297922 15.91608062311	12.84900000001 -11.673 4.383999999996 -14.43 3.642000000001 1.554 -0.1719999999968 11.03800000001 -8.307000000008 -9.021000000006
wavedec	sym4	smooth	-	5.838 -13.376 8.032 9.602 -8.168 6.258 21.64 8.204 8.11 -6.691 -2.956 -13.929 -21.074 2.801 20.856 10.461 6.775 -1.42 -0.682 8.402 -11.342 -10.153 2.031 -7.826 -7.072 15.532 12.815 -7.891 -0.045 -9.861 11.962 -17.855 -6.432 -6.513 -4.849 -19.638 5.107 -15.302 20.752 -2.772	257.0125309636 75.99119494154 2.6399594913 24.29440817669 -21.06628997524 18.65357740103 -3.073885458131 -7.140042279177 7.83075071418 -10.04457540149 -16.21762918946 7.166876888066 -151.7891557127 -333.683852551 -517.9170842798|-3.045173002647e-10 -4.569904378017 20.70909729003 9.4847370252 2.340315124915 17.34120361161 9.289380358028 7.515020813808 0.5552945872095 11.94793525232 5.04124871645 7.946371246323 4.207598479727 0.8671659262451 3.07118774856e-10|-8.133582696246e-11 -2.490690073848 14.29088834626 -6.908446156859 -2.045309846701 7.216750389975 5.929925618594 2.312469590301 -5.716495101991 5.265071863641 4.34314193348 -11.80688390683 2.234141632308 7.386548477262 -13.03621191074 13.14816715148 8.780831179965 18.14631909302 -2.365461029142 13.49584478718 22.46845156965 2.984354491182 4.471911729809e-11	5.83799999998 -13.37600000002 8.032000000004 9.602000000009 -8.168000000009 6.258000000005 21.64000000003 8.204000000018 8.110000000004 -6.691000000003 -2.956000000008 -13.92900000002 -21.07400000003 2.801000000001 20.85600000003 10.46100000002 6.775000000004 -1.420000000004 -0.6819999999997 8.402000000002 -11.34200000001 -10.15300000001 2.031000000004 -7.826000000006 -7.072000000006 15.53200000002 12.81500000002 -7.891000000006 -0.04500000001136 -9.860999999996 11.96200000001 -17.85500000001 -6.432000000007 -6.513000000001 -4.849000000013 -19.63800000002 5.106999999989 -15.302 20.75200000003 -2.771999999974
wavedec	sym4	smooth	3	-7.31 20.032 1.972 -12.66 1.234 5.118 -7.26 11.352 -3.387 9.091 3.575 -10.393 8.184 -7.096 -1.941 -5.918 -10.859 -12.302 -7.805 7.822 11.362 -4.25 -2.438 10.087 -6.719 -22.646 -2.471 1.349 -4.677 -18.399 -16.011 7.168 5.369 1.532 2.95 -8.163 16.474	-1233.57868233 -472.4246789876 -14.22270101193 -13.85848943316 -5.476230657571 -27.83444018648 11.74973117491 475.7905891467 1017.548941942 1560.685293534|1.408778871337e-09 14.98980069807 -46.57048323263 23.93297057146 12.53590702907 -11.86873201219 -7.446534383371 2.581283553089 -3.91031362002 -9.322427274583e-10|4.303473133405e-10 6.541661069672 -27.85609028784 8.696627168704 -4.105187358429 -3.07352738655 10.02629855808 -10.08965094372 9.092980066402 2.200039071157 -20.79508452859 12.25339891694 -2.873373238031 -3.058122644006e-10|1.146247541328e-10 3.387770960063 -16.91721269115 12.90521318342 -5.310427173332 -12.49557808051 -7.946584664021 12.60704556997 8.56492871349 -1.648423970702 2.900688289392 -7.044323311841 10.98205412067 -14.56786501721 15.39128045984 -5.723709982921 8.512990226568 -11.94242137332 1.402288897617 12.9122633993 -2.708624303751 -9.00752805677e-11	-7.309999999948 20.03200000006 1.972000000023 -12.66000000001 1.233999999995 5.117999999993 -7.260000000018 11.35199999998 -3.387000000013 9.090999999989 3.574999999982 -10.39300000002 8.18399999999 -7.096000000009 -1.941000000009 -5.918000000007 -10.85900000001 -12.30200000002 -7.805000000006 7.822000000018 11.36200000002 -4.249999999996 -2.437999999991 10.08700000003 -6.718999999993 -22.64600000001 -2.470999999984 1.349000000028 -4.67699999999 -18.39900000001 -16.011 7.168000000012 5.369000000011 1.531999999992 2.949999999972 -8.163000000043 16.47399999996 41.11099999998
wavedec	sym4	smooth	1	0.814 -4.983 -2.401 10.794 -17.934 4.206 -7.794 -14.257 1.43 -0.838	17.42842623414 -1.29006527366 2.405841412487 -7.467757217954 -10.5189980159 -2.872587970091 -4.656243212016 -10.85403029882|-2.346567384848e-11 -0.9875871283322 4.112239653721 -14.44650987402 -15.53011641539 9.618998382443 0.5104303366163 4.957756427615e-12	0.8139999999975 -4.983000000006 -2.400999999995 10.794 -17.93400000001 4.206000000003 -7.793999999999 -14.25700000001 1.430000000002 -0.8379999999942
wavedec	sym4	periodization	-	3.369 -2.102 -5.558 -14.642 -9.716 9.092 -10.588 8.074 13.952 -4.084 -3.733 -6.876 9.545 -3.97 -5.833 -1.194 5.63 1.628 0.613 -21.285 -15.42 12.65 1.71 1.712 1.876 2.466 -7.434 -1.779 4.296 -15.503 9.756 -7.611 0.051 -14.045 -1.998 2.133 -3.336 -7.965 -3.177 21.798	-17.20171206899 9.057271101503 -4.611407092424 2.234844316306 -14.63330815352 6.099702058903 -4.970403622826 -7.587359299955 -8.022758517605 10.8861312786|7.974480420715 -6.723235291124 6.740415954939 1.837787178749 -10.84392214133 -18.66550152853 3.158606033002 2.261045538162 8.170939353963 14.34887426541|7.968685333731 -3.229181424958 1.623783869859 17.81673599012 -10.00637519811 -0.0931999408965 -12.82212455585 3.679189998069 -3.680390280921 -7.509666609158 5.552196212307 6.980709839394 -1.682739024635 6.905395737245 -8.300692174099 -17.31428704397 -6.665687657494 -4.297922223097 1.67665203781 5.362037340182	3.369000000012 -2.102000000002 -5.558000000009 -14.64200000002 -9.716000000007 9.092000000006 -10.588 8.07400000001 13.95200000002 -4.084000000001 -3.733000000015 -6.876000000006 9.545000000005 -3.970000000002 -5.833000000006 -1.193999999995 5.63000000001 1.628000000011 0.6129999999987 -21.28500000003 -15.42000000001 12.65000000001 1.71000000001 1.712000000002 1.876000000006 2.465999999999 -7.434000000008 -1.779 4.296 -15.503 9.756000000004 -7.610999999992 0.05099999999815 -14.04500000001 -1.998000000002 2.133000000004 -3.336000000004 -7.965000000015 -3.176999999997 21.79800000003
wavedec	sym4	periodization	3	-1.856 10.696 19.819 -4.53 19.696 8.281 4.86 -4.158 2.352 14.126 -12.388 -7.236 -18.978 -2.562 6.672 16.517 -7.822 -12.79 -8.973 -0.221 3.622 6.762 12.012 16.065 11.875 -4.868 -2.245 6.325 -9.114 -7.717 -5.402 25.717 -5.068 15.558 -20.664 -13.667 -4.594	4.956413973218 -5.839414577591 13.46740926015 -7.322358731812 6.570700107709|-15.62981017052 15.49602944724 7.813698788254 18.25917148787 25.12257955092|-10.51361777156 -5.624911185344 -13.66051736559 -6.16050893358 24.00602072309 -3.675288873791 12.25482966368 15.06490361778 2.930649592263 -7.410734976426|4.679772272413 -9.969750304253 -15.38230863247 0.3575376745003 -0.7617393588101 13.14982488935 10.15794443726 -2.057661746817 10.08402728772 -0.8145716445555 0.3028159355899 -0.06851381220122 -3.165257965872 -0.2322708516536 7.779626661456 7.379287045084 20.19929045063 17.84282068158 -7.225681889294	-1.85600000001 10.69600000002 19.81900000002 -4.529999999995 19.69600000001 8.281000000017 4.860000000002 -4.158000000005 2.352000000006 14.12600000001 -12.38800000001 -7.236000000026 -18.97800000002 -2.56200000001 6.672000000012 16.51700000002 -7.822000000003 -12.79000000002 -8.973000000011 -0.2210000000029 3.622000000002 6.762000000008 12.01200000001 16.06500000002 11.87500000001 -4.868000000008 -2.245000000006 6.325000000003 -9.114000000008 -7.717000000017 -5.401999999995 25.71700000002 -5.067999999985 15.558 -20.66400000002 -13.66700000003 -4.594000000011 -4.594000000014
wavedec	sym4	periodization	1	4.686 3.196 8.676 2.34 2.965 -2.496 -9.297 11.745 -6.05 8.753	7.574103415913 6.624647338552 -5.877571733645 3.331380135306 5.684284905018|1.207920642505 -4.584942510894 -2.822668094758 8.777622143862 13.37298258928	4.686000000001 3.195999999999 8.676 2.340000000003 2.965000000002 -2.496000000005 -9.297000000002 11.745 -6.05 8.752999999999
wavedec	sym4	reflect	-	12.711 5.109 -14.303 -5.46 -1.905 -14.001 2.262 6.842 -13.863 -3.903 -2.165 3.414 23.537 0.147 -4.46 10.745 4.79 9.83 2.669 -7.858 -1.946 -19.63 1.117 9.612 -7.329 -16.449 6.259 -10.677 -4.93 -11.452 6.659 -4.273 18.199 2.931 -32.075 2.234 12.263 -4.654 -4.686 -1.173	-6.129259813452 6.958022840136 -9.004995860111 -7.730503525213 4.241236369672 12.57055203528 -1.02168129256 -7.55333894843 -13.66201687656 3.711438566735 -9.124004874598 -2.966148144028 2.819525084968 -3.394766938608 -7.140137050044|4.935976535737 -21.47885781406 -21.74251905982 0.5855563045823 11.95876573986 -14.7663229683 -11.68457154819 13.21317582062 5.847290803315 9.920139286476 -18.23234222914 -24.71777939945 5.66789668366 9.348895721068 -20.14300437399|-1.224043297666 -6.592021619271 -0.872818038612 -5.746248866751 12.8801597505 -9.243339024967 -4.337633986733 3.848604811698 11.22005159265 -10.01285726199 -4.188427611585 4.721204813421 16.28274877017 -11.15390639955 11.00995928434 9.212984368689 7.196164459873 12.82596965316 -3.267481127733 -15.76094736845 11.03617128868 -4.540172470077 5.913147689872	12.71100000002 5.109000000001 -14.30300000002 -5.460000000002 -1.904999999999 -14.00100000001 2.262000000009 6.84200000001 -13.86300000001 -3.903000000011 -2.165000000006 3.414000000006 23.53700000002 0.1469999999987 -4.460000000013 10.745 4.790000000007 9.830000000004 2.669000000001 -7.858000000001 -1.946000000009 -19.63000000001 1.117000000005 9.612000000019 -7.329000000001 -16.44900000001 6.259000000005 -10.677 -4.930000000013 -11.452 6.659000000003 -4.272999999993 18.19900000002 2.931 -32.07500000003 2.233999999996 12.26300000002 -4.654000000001 -4.686000000006 -1.172999999997
wavedec	sym4	reflect	3	1.266 4.701 20.008 -0.371 -0.533 -17.055 -1.311 -1.139 1.812 -3.154 13.061 8.392 -11.117 -17.487 -8.095 -7.735 -16.689 -3.384 1.417 -10.386 3.169 4.386 -9.497 8.134 -2.947 -3.63 2.461 -2.734 -13.379 2.469 7.564 17.477 6.416 0.532 3.973 11.021 -3.881	10.21459446692 22.3324695675 8.008807095152 -9.925568316347 -13.25358057453 0.2912672542715 16.03696706003 14.69687727012 15.00830162661 16.44903875005|14.18325426366 -2.143322515032 -2.655351941071 11.22103834833 20.54309996936 -4.899843458701 -10.95207246551 -0.5743755471087 -1.33997415199 -0.9133066655456|10.28430447258 13.57288253913 10.5913790984 15.40476921847 -0.07094942354625 14.87826890996 3.506771325504 -2.247182838356 -1.998683528521 15.29806450471 3.460083942675 1.17230303196 -6.200803957296 1.74611212514|5.88538368549 6.810660411904 1.954016774099 8.50021699135 11.4909091004 -0.4102272244617 8.928825777457 -5.171398590721 4.922846728996 -2.477151274953 -5.990515527841 11.45360916603 -4.230989186378 -12.55448989282 2.962523276223 -0.8608000473299 -5.020507503562 -7.637480887323 4.680653422456 -7.481018308968 -10.17152323149 5.64033017576	1.265999999988 4.701000000003 20.00800000002 -0.3709999999945 -0.5330000000115 -17.05500000002 -1.311000000009 -1.138999999997 1.812000000001 -3.153999999997 13.06100000002 8.392000000018 -11.11700000001 -17.48700000002 -8.095000000005 -7.735000000007 -16.68900000001 -3.383999999998 1.417000000007 -10.386 3.169000000006 4.386000000005 -9.497000000002 8.134000000005 -2.946999999997 -3.630000000003 2.461000000002 -2.734000000005 -13.37900000002 2.468999999994 7.564000000012 17.47700000002 6.416000000005 0.5319999999961 3.973000000002 11.021 -3.881000000007 11.021
wavedec	sym4	reflect	1	-4.785 6.909 -4.498 7.925 -12.538 -4.868 -20.41 -4.298 -2.266 7.048	2.449391442195 1.125304101845 3.369453490102 -9.003637791779 -19.46069866874 2.480960461838 -1.265716829091 -20.27280026947|-12.02323592935 -7.544924867555 -7.627149201732 -11.86242749051 -8.455157899101 -5.70483401316 -6.060632220132 -3.952196314222	-4.785000000002 6.908999999999 -4.497999999999 7.925000000003 -12.538 -4.868000000002 -20.41000000001 -4.298000000003 -2.265999999997 7.048000000005
wavedec	sym4	antisymmetric	-	10.824 13.373 21.417 -5.474 17.559 -18.782 9.865 -10.384 9.999 0.032 10.189 4.334 -20.176 16.722 -3.433 4.788 -17.004 -14.129 -11.638 23.563 2.702 -5.191 -21.366 14.759 -0.286 -8.951 5.693 -12.836 -10.579 -8.17 -2.438 -22.331 -1.803 -1.616 0.598 -0.087 -1.386 5.187 3.26 -5.004	-4.992287250638 -4.242671073286 20.79507750698 -3.155402256109 7.151891485657 -7.635907096466 -3.208905692151 -4.086959068131 -8.052905669061 -20.22572170287 -0.5220760070996 1.744286371544 -1.344295558876 0.6005905127542 -3.355926056542|12.18918029894 -32.09722075349 -15.54012971336 9.111382062896 -4.148327478232 11.24533065776 21.09514321993 -9.470081499208 -10.16438220169 5.818704440299 0.2302400743293 0.01165862359027 -0.2828562249078 -6.621797692409 0.7463179473273|12.36968604261 5.452894010694 1.550259924515 18.2102028516 23.82962143466 14.08142507191 7.075158858585 -3.631244653639 -24.00149472692 -10.61164651095 2.301170880832 -23.77670368281 2.489222118099 -23.48449780627 9.926870113815 9.694776320523 -2.376549579535 16.59238884021 -0.05562405275592 0.6781921357128 -4.3900796939 7.090616591014 3.325682503767	10.824 13.37300000001 21.41700000001 -5.473999999995 17.559 -18.78200000001 9.864999999988 -10.384 9.999 0.03200000000593 10.18900000001 4.333999999999 -20.17600000001 16.722 -3.432999999989 4.788000000001 -17.00400000001 -14.12900000002 -11.638 23.56300000002 2.702000000018 -5.191000000016 -21.36600000002 14.75900000001 -0.2859999999952 -8.951000000003 5.69300000001 -12.836 -10.57900000001 -8.169999999998 -2.438000000001 -22.33100000001 -1.803000000001 -1.615999999992 0.5980000000039 -0.08700000000166 -1.386 5.187000000005 3.260000000001 -5.004000000003
wavedec	sym4	antisymmetric	3	-14.756 -3.231 -9.586 -11.203 21.385 17.039 6.723 15.717 -0.501 -10.878 11.915 4.272 -1.623 -7.981 -3.439 -6.028 -17.386 -22.279 -4.762 -9.119 -3.497 -3.027 -16.302 -7.74 -2.216 10.54 7.678 -0.931 -9.701 12.071 9.764 -3.024 8.572 6.895 -5.596 -13.58 -1.988	0.8215413976674 1.165863302602 7.022949335172 3.028256835765 -29.88257016035 8.328824821535 -0.09780311822081 0.8998922043806 0.2533994782294 -0.1431822645058|-16.31652985816 9.658343178643 5.240244517196 -19.62865921324 9.881849572167 3.129741629246 -6.508948283223 -12.35140989516 -6.977865331494 -7.908415179795|-21.91518988575 18.06788357975 9.071926823203 -20.90626523345 14.93400799754 3.039351374452 12.77383839818 -7.360847811071 -8.676438633368 12.21397130387 -6.202808057034 2.482169057702 16.1690123804 18.1722515451|1.243957615846 -15.05083119231 -9.338884957487 12.7254630041 1.259722943262 -11.91853202119 12.70064220673 1.173429344798 4.145461028393 -4.015132092372 7.155246387038 4.729576782698 -5.152043461926 -1.397048058063 -6.640490914387 3.331790348601 -12.86062487166 12.1274655935 -5.158802212629 6.93859624997 2.397698127511 -0.1582503496435	-14.75600000001 -3.231000000013 -9.586000000025 -11.20300000001 21.38500000002 17.03900000002 6.723000000013 15.71700000001 -0.5010000000046 -10.87800000001 11.91500000001 4.272000000017 -1.622999999997 -7.981000000004 -3.439 -6.028000000004 -17.38600000002 -22.27900000002 -4.762000000002 -9.119 -3.496999999997 -3.027 -16.30200000001 -7.74000000001 -2.215999999995 10.54000000002 7.678000000018 -0.9310000000027 -9.70100000001 12.07100000001 9.764000000013 -3.024000000002 8.572000000008 6.895000000008 -5.596000000016 -13.58000000002 -1.988000000011 1.988000000003
wavedec	sym4	antisymmetric	1	-12.376 -5.871 13.664 -3.479 2.817 -2.982 9.031 6.392 2.628 -4.529	7.405349594665 -9.621846004279 8.905934118227 -2.68847801777 10.0210361947 1.059616324041 1.806756757367 -10.5968033374|15.72591771827 -12.02300282661 2.267498397129 10.58275113935 6.097156288369 -0.5843051615117 5.912885163988 1.285837498751	-12.37600000001 -5.871000000008 13.66400000001 -3.478999999997 2.816999999993 -2.982000000004 9.031000000004 6.392000000005 2.627999999996 -4.529000000005
wavedec	sym4	antireflect	-	-1.206 -1.039 4.31 -7.16 11.728 3.842 -0.202 11.111 11.218 -4.602 3.693 4.764 -5.595 13.523 15.626 -14.557 -13.996 -10.472 17.542 -8.691 11.965 -3.939 14.457 4.224 -6.712 -10.024 -7.783 -12.278 3.472 12.431 14.608 -0.375 -12.6 14.107 12.316 -1.474 -12.632 -5.865 -2.595 6.22	-9.540340183608 -4.9268060067 1.929211063898 11.43004283923 7.28903661339 -1.513980938611 0.5685447175446 6.470332824737 -13.27588775499 13.31570120279 -0.05109356576978 0.05980855885825 44.58115847376 91.5650663861 82.0542443304|3.693612106994 0.5883661828393 -0.1933981628645 -4.23784276391 -3.297820851533 -1.795747308247 26.6091571628 3.979667328626 9.054927768416 -9.351890860704 14.85471376379 19.45434620536 -9.150997138929 7.016345009596 -14.34606007279|-12.96012626345 -1.31533399106 1.005298691796 11.47908090309 3.258527319067 -7.120877738827 10.8331139235 -3.030274556337 -10.06792226348 15.15159213107 4.175586623764 19.31931066884 12.66612545383 0.2757431469766 -0.2342748361505 8.302336574543 -4.019586803273 5.214904477218 -14.85586786546 4.173916137689 -3.48394446417 0.02283147393751 2.050788225387	-1.206000000001 -1.038999999998 4.309999999996 -7.160000000004 11.72800000001 3.842000000002 -0.2020000000045 11.11100000001 11.218 -4.602000000008 3.692999999998 4.763999999999 -5.595000000004 13.52300000001 15.62600000002 -14.55700000001 -13.99600000003 -10.472 17.54200000001 -8.690999999998 11.965 -3.938999999992 14.45700000002 4.224000000007 -6.712000000011 -10.02400000001 -7.783000000012 -12.27800000001 3.472000000002 12.43100000002 14.60800000002 -0.3750000000067 -12.60000000002 14.10700000001 12.31600000002 -1.474000000003 -12.63200000002 -5.865000000009 -2.595000000006 6.219999999999
wavedec	sym4	antireflect	3	-1.597 1.38 -9.529 22.769 0.08 8.132 5.403 -6.199 -15.282 3.961 7.705 9.737 -2.055 -7.267 16.043 -1.007 -9.886 -10.196 -7.087 -3.999 -9.701 9.443 7.689 15.685 2.254 -4.29 6.903 -21.354 -7.788 1.659 6.973 -2.682 -3.567 12.454 -5.803 -8.335 5.163	-59.56008205557 -24.82445744003 5.034615390314 2.398227644943 -4.089715660913 -3.377251772941 7.572195057452 36.16289810243 84.76868093139 113.682805126|-8.466440968014 -2.841334041747 1.437495857 8.239359205227 -1.085927377323 -26.83437468921 -5.807762897195 -9.873909186001 -1.695119249372 12.02999333193|8.589506407944 -3.977881763419 4.287157512824 -7.981560952188 16.99154058064 12.21071872162 12.35069258139 4.315639469894 2.501921244141 7.023009579612 -0.5858779839578 -6.834707773457 1.34135029506 2.935323832037|20.96273115896 5.355004553097 -3.361588914458 -21.91790733152 -4.040209365848 3.336220918627 -7.86012903178 -4.219497391432 9.654717536252 4.994918234016 -0.6595989783142 -2.420535774931 -8.042349691552 -6.918794366283 4.434022194861 18.14361023671 -4.910197110124 6.779692833223 -15.61441826376 7.705475605504 -8.237963159716 15.00554521205	-1.597000000004 1.379999999991 -9.529 22.76900000001 0.08000000000957 8.132000000003 5.403000000005 -6.19900000001 -15.28200000002 3.960999999997 7.705000000015 9.73700000001 -2.055000000006 -7.267000000003 16.04300000001 -1.006999999996 -9.886000000015 -10.19600000001 -7.087000000008 -3.999000000009 -9.701000000007 9.443000000008 7.689000000024 15.68500000002 2.254000000005 -4.289999999997 6.902999999999 -21.35400000002 -7.788000000017 1.659000000007 6.97300000001 -2.682000000007 -3.567000000002 12.45400000001 -5.803000000008 -8.335000000019 5.163000000001 18.66100000002
wavedec	sym4	antireflect	1	20.116 -3.531 -0.315 1.96 7.282 7.163 -4.883 -9.466 -1.15 -1.941	63.20513556876 23.86321961165 -2.329034419584 11.58693658036 -7.077787902604 -4.422955349118 0.8879797744937 -1.996467898526|-0.5226840828832 -10.77716808652 10.85101475009 -0.1145448999657 -4.36818192196 4.158251065739 1.160811538779 -6.286729538371	20.116 -3.531000000013 -0.3150000000061 1.960000000003 7.282000000007 7.163000000005 -4.883000000005 -9.466000000006 -1.149999999997 -1.941
wavedec	coif2	zero	-	-2.609 -1.87 -8.718 -1.899 -7.673 19.791 5.327 11.277 -2.184 7.61 -24.563 2.454 7.031 1.405 17.041 -4.946 0.665 5.379 1.52 -14.979 -14.346 7.829 -8.337 -10.178 -6.72 -28.62 -1.066 1.551 -9.825 -1.52 -23.669 -3.272 -5.218 9.979 9.008 8.441 14.442 16.284 2.211 3.391	0.00610417940733 -0.0550118933879 0.09333035169967 -2.208982014575 -8.824914954143 0.8621410044955 16.2593155498 6.327129347425 -16.48507073189 7.595673691469 10.95351903651 0.2834526428919 -2.084222562602 -13.5689860637 -4.167076311135 -21.53037803726 -10.26658865783 -4.956772334969 -20.57889531308 -0.6099912905587 12.79220583816 20.31018413535 8.323030026622 0.721789400666 -0.1043751997241|0.1388263392631 -0.7407369708224 -3.068382687829 -4.114994319864 -16.09933473201 -4.3316235161 -16.69175625118 -9.537130322594 9.392693195868 11.43660239222 -5.412836829069 8.890593719088 -16.88324081882 2.115289601324 20.00578385965 -6.136805870909 -11.35872418475 -8.687484626895 -5.964079022466 4.444611446837 -6.274093851096 -1.574141809971 -0.1677052417998 -0.04860962252443 0.004589366457214	-2.609 -1.87 -8.718 -1.899 -7.673 19.791 5.327 11.277 -2.184 7.61 -24.563 2.454 7.031 1.405 17.041 -4.946 0.665 5.379 1.52 -14.979 -14.346 7.829 -8.337 -10.178 -6.72 -28.62 -1.066 1.551 -9.825 -1.52 -23.669 -3.272 -5.218 9.979 9.008 8.441 14.442 16.284 2.211 3.391
wavedec	coif2	zero	3	2.152 -7.674 -8.702 -10.868 -8.267 0.518 3.784 5.753 -7.895 2.218 2.529 3.273 11.601 -7.656 -0.259 -11.572 11.294 10.284 -2.126 -2.408 19.361 9.377 -0.362 6.64 -0.417 3.746 -9.017 3.846 -2.153 12.746 -0.649 22.074 -0.441 -13.753 0.269 -15.66 -6.007	-2.35209364642e-07 0.0002122491665438 0.007042199330792 -0.03323337249704 0.7192310019893 -5.756016061308 -4.316850657048 5.083927141888 12.22070319471 4.625555448395 -8.076367754531 1.076987778231 -0.04353379302955 0.0003511319660503|-5.349327546705e-06 0.004807480986432 0.1779291653714 -0.1888310835817 14.01759250459 -6.056464620798 -4.376344843537 14.01869340082 16.28412104276 -2.918272467444 0.568160862224 -0.05466686769501 0.001970937981126 -1.543923529062e-05|-0.0005843333788868 0.006754219189871 0.7197326178898 -6.041352278848 4.904598450111 8.488689178753 -9.046342631354 -11.68934047607 -11.91637578054 -2.672381141917 0.518657310997 -1.070141518106 3.050273318988 0.4714179207419 0.1024182817758 -0.001972142855178 -0.0009421442786198|0.03652387605328 0.8528173314542 3.376403601218 1.080772370408 -1.84900167542 -5.431109776539 -4.11052891066 3.089183227583 9.554394224948 13.14935850171 -6.207156932325 9.449525770125 0.4573238146964 -5.522979732689 -6.147257333247 -7.038070126999 -9.025113846037 -18.09373160949 11.71796078691 8.992758256315 -3.354837551776 0.704606692167 -0.06245316767926 0.004328340519241	2.152 -7.674 -8.702 -10.868 -8.267 0.518 3.784 5.753 -7.895 2.218 2.529 3.273 11.601 -7.656 -0.259 -11.572 11.294 10.284 -2.126 -2.408 19.361 9.377 -0.362 6.64 -0.417 3.746 -9.017 3.846 -2.153 12.746 -0.649 22.074 -0.441 -13.753 0.269 -15.66 -6.007 -1.33226762955e-15
wavedec	coif2	zero	1	-12.613 -3.406 7.327 -11.445 3.279 10.862 -7.073 2.995 -1.207 -4.386	0.02545032490024 -0.3229025187535 1.262661168466 -11.40207171653 -0.3248245512901 2.526102847259 0.421186507766 -1.573674504289 -1.852255196014 0.1620856976361|0.5788125156865 -5.215737720241 -0.7475628943797 15.08820217162 -11.16870715694 -5.194169137228 3.445783380579 -0.3569124325853 0.1076451891284 -0.007126890927073	-12.613 -3.406 7.327 -11.445 3.279 10.862 -7.073 2.995 -1.207 -4.386
wavedec	coif2	constant	-	-3.054 -8.448 6.604 7.446 0.474 -3.743 -9.575 -4.506 -0.862 -19.382 -5.645 9.402 -2.923 11.043 9.267 -5.499 -2.231 -25.682 -13.103 -11.002 0.208 24.588 1.177 -1.121 -9.018 -13.605 -16.856 -0.168 -13.088 -10.729 1.389 13.842 -4.443 9.007 -2.381 4.607 0.339 5.191 16.246 1.287	-4.315121575778 -4.374450619356 -3.716731621371 -7.838509719072 5.442454377463 2.429210761388 -10.20417726466 -9.861918857409 -8.284318599421 6.482353184291 10.52370842405 -13.97838293869 -26.05235946401 7.803072580932 11.34012438918 -13.61411610888 -16.59808771143 -14.60644201702 3.14062113545 5.541303823089 3.266084367313 2.648425337394 15.35109625994 0.6348525004789 2.065231020927|0.08839329288252 -0.935942952531 8.685296717427 -3.30877771361 -0.05096300888987 -2.356273138131 14.11137185878 -12.05943009937 -4.965376081076 7.194845906788 12.50195763542 3.556676028809 -18.40453071471 -0.2848540132441 0.7480787528693 -13.37999730675 6.025103183281 -11.9076146583 -8.712359636322 -4.328332133484 2.487426540895 6.511938880491 -0.9781504712036 0.09174234176933 -0.01077869915554	-3.054 -8.448 6.604 7.446 0.474 -3.743 -9.575 -4.506 -0.862 -19.382 -5.645 9.402 -2.923 11.043 9.267 -5.499 -2.231 -25.682 -13.103 -11.002 0.208 24.588 1.177 -1.121 -9.018 -13.605 -16.856 -0.168 -13.088 -10.729 1.389 13.842 -4.443 9.007 -2.381 4.607 0.339 5.191 16.246 1.287
wavedec	coif2	constant	3	3.329 15.209 -16.865 -6.281 11.625 -17.155 -10.119 0.452 5.231 6.181 5.215 -4.377 0.131 -9.714 -3.722 -3.683 -14.33 2.578 7.471 -0.135 7.131 12.156 -4.291 -6.898 8.779 21.175 0.053 17.668 -5.617 1.063 -14.977 -2.584 -7.319 0.169 17.893 2.535 8.978	9.398593987959 9.398974489933 9.397679117617 9.476181922942 9.190035074898 8.114797921639 -5.498818484963 -7.83525836538 15.68877690904 -1.601148479712 24.97705610287 25.16051529251 25.3886680283 25.40319591389|3.576271699337e-05 0.008820936128584 0.01102313569465 1.659731863679 4.071836374756 -16.16056096879 -6.700546239066 -19.09550111077 -8.759546031307 1.104613589413 -0.009138132562796 0.008322157227436 0.0006387895880442 2.116362640692e-16|-0.001949541329573 -0.05874951547885 0.6138777524116 -11.78506197054 -10.75349807661 -11.15434058744 4.449456537891 8.812572538646 -7.827028358107 -4.01633721636 -1.219428475486 5.565421409563 3.772920046564 0.1182419140431 0.04092309435474 -0.004820411475231 -0.0002977682777367|-0.1946815571829 1.795211187003 -18.10802864492 2.725832539791 14.77930671686 -4.219025545318 0.138494835215 5.397519371033 6.062496788486 -4.836059566081 -5.531709903439 8.185867073582 -10.33821409134 8.9074575414 -12.64829917754 -14.51673472794 -7.975791012607 -7.71408901959 4.038633464561 9.38424820163 -0.9093439836638 0.198279436638 -0.01817063306209 3.035766082959e-17	3.329 15.209 -16.865 -6.281 11.625 -17.155 -10.119 0.452 5.231 6.181 5.215 -4.377 0.131 -9.714 -3.722 -3.683 -14.33 2.578 7.471 -0.135 7.131 12.156 -4.291 -6.898 8.779 21.175 0.053 17.668 -5.617 1.063 -14.977 -2.584 -7.319 0.169 17.893 2.535 8.978 8.978
wavedec	coif2	constant	1	-6.656 11.862 -4.95 -6.262 19.418 10.27 1.902 -11.814 -8.167 -10.202	-9.426348605787 -9.312487211986 -10.530737125 -1.144280655363 -3.533542323708 17.71083701943 0.4130981209781 -14.57527827515 -14.29971611354 -14.39445853363|-0.3034606966256 1.170409175649 -15.72329653945 12.74506430604 -0.3153497800632 6.922545949006 -0.3092589381919 0.001126259715449 -0.0002412733310725 -0.001466318121635	-6.656 11.862 -4.95 -6.262 19.418 10.27 1.902 -11.814 -8.167 -10.202
wavedec	coif2	symmetric	-	-5.812 10.245 27.977 7.111 -9.941 1.224 -9.341 -2.554 21.009 -28.524 -8.118 0.575 -11.18 6.576 -10.855 4.349 -2.457 -10.964 26.18 7.487 -5.279 -11.295 4.373 -6.891 14.926 -8.403 13.372 3.174 -12.852 3.791 -3.516 -7.436 0.673 -6.594 -15.94 -3.079 -13.132 -15.973 -7.035 4.92	-9.917331675423 13.29605374452 17.21338742183 -7.201394376396 30.89338891427 -6.010077900963 -7.435727624096 4.984970697627 -18.58988130859 -3.649081914693 -2.353854796917 -7.253122284577 21.09205226787 -7.104382838869 -3.493502448639 4.570404873493 8.93487973088 -7.225518983367 -3.560103867233 -4.19389680842 -14.76849844741 -16.80268216694 -9.475024882176 5.73714216592 -20.77818309661|-16.70241024813 8.109699172524 -0.7716164504781 3.930658272762 -10.73473222099 5.393619637073 29.47096670727 -10.76036060745 -12.30137242608 -9.915562656701 19.66913907952 1.128242126123 6.999605153885 11.41571719635 18.34686487775 -2.801544090069 -10.50373521663 6.131847198275 -0.4415537658305 -10.45198259138 5.892764476157 -5.099320012891 2.210859445497 1.005345283453 9.689274087771	-5.812 10.245 27.977 7.111 -9.941 1.224 -9.341 -2.554 21.009 -28.524 -8.118 0.575 -11.18 6.576 -10.855 4.349 -2.457 -10.964 26.18 7.487 -5.279 -11.295 4.373 -6.891 14.926 -8.403 13.372 3.174 -12.852 3.791 -3.516 -7.436 0.673 -6.594 -15.94 -3.079 -13.132 -15.973 -7.035 4.92
wavedec	coif2	symmetric	3	-11.888 -2.99 -8.165 16.714 1.188 17.172 -24.184 5.987 4.229 2.533 5.37 23.871 14.395 -3.025 -4.807 -2.454 -1.225 16.43 16.846 7.234 -3.885 0.549 -2.829 -5.655 4.417 1.169 14.648 -9.237 -15.765 13.624 9.994 -5.282 19.956 -3.645 -0.627 2.584 -0.629	-7.357073722092 7.880847178731 -7.850766124317 3.918903038056 2.09194831769 -5.573500765159 7.256622000386 16.89699628633 2.845543701364 8.023596417026 5.262276139951 -0.9148459061132 4.487044402034 7.017038327917|-8.474563352822 -13.39654945228 24.50374118706 -12.62445004992 -4.8551555721 -17.47795532112 -17.19560582386 0.7433479991257 2.856566248306 -6.10144365416 3.671732071312 2.462244482713 -6.626620872361 12.29999478705|5.774836286719 4.729279428623 -13.08966953379 9.37206404756 -19.76504342928 -1.527236739033 -13.72445171873 3.023436021986 9.450891866047 -2.282132148003 18.99517719398 -6.349067400685 -0.3774804531561 -1.956332563593 1.474270764349 6.614306169311 -8.804387064785|11.87467516599 2.089860747853 -5.339158196547 -13.75275546901 -20.86359123467 -12.95660357899 4.370917291147 -11.87204968689 7.720252618048 -1.813739658689 -6.429942981992 1.237315479135 -4.586718412374 4.971403425477 6.057538417968 8.067166221806 -16.49974258434 18.18259221864 9.816042979512 -3.991167224957 1.444863314779 1.483017485466 -19.59638946427 -4.212077473266	-11.888 -2.99 -8.165 16.714 1.188 17.172 -24.184 5.987 4.229 2.533 5.37 23.871 14.395 -3.025 -4.807 -2.454 -1.225 16.43 16.846 7.234 -3.885 0.549 -2.829 -5.655 4.417 1.169 14.648 -9.237 -15.765 13.624 9.994 -5.282 19.956 -3.645 -0.627 2.584 -0.629 -0.629
wavedec	coif2	symmetric	1	-7.535 -9.575 7.115 1.247 -7.547 -5.789 -20.112 6.202 10.613 -3.72	-17.30295360625 3.326268815349 -6.703894683904 -13.45286281986 3.731914528801 -6.872691860115 -16.03710238347 10.6439532984 -0.8016294507671 2.313969283188|-8.697937956664 -1.163647547108 7.700351118393 -0.76592411042 -6.318866301737 -9.595701900681 8.56172916213 -9.953474914557 17.22612255613 3.00734989451	-7.535 -9.575 7.115 1.247 -7.547 -5.789 -20.112 6.202 10.613 -3.72
wavedec	coif2	periodic	-	9.553 -2.032 -5.465 -6.966 12.602 -20.954 0.559 -2.901 -6.692 3.713 -8.23 15.39 -4.609 2.082 2.714 13.99 10.487 5.815 1.032 -10.69 5.447 13.406 -7.027 2.859 2.588 -0.391 -7.385 0.382 8.061 -0.525 3.656 6.496 14.602 13.637 14.758 17.856 8.113 7.163 -11.584 20.419	22.29041986774 15.05681269343 0.03449361207125 16.4308936177 -9.523118463211 -0.5806846961438 -9.306153985657 -4.370485494448 2.091183852412 2.603156249997 7.178136495976 16.7762715323 -3.984185228401 6.190809188355 0.3888272549907 3.769736121897 -6.900492909575 6.752900740973 3.299848332529 18.01845394037 22.29041986774 15.05681269343 0.03449361207125 16.4308936177 -9.523118463211|-5.641342454898 -17.79320502823 5.024670195594 5.596378526407 22.46122392376 -1.881855017024 -7.489040637859 -17.21458934593 -0.6186212067375 -5.630801065472 -0.2525551611483 11.88177894886 -12.17972833694 -3.017359047739 -1.425145717552 -0.8413683813114 5.310683127937 1.324983834215 1.79668796124 -4.5618762172 -5.641342454898 -17.79320502823 5.024670195594 5.596378526407 22.46122392376	9.553 -2.032 -5.465 -6.966 12.602 -20.954 0.559 -2.901 -6.692 3.713 -8.23 15.39 -4.609 2.082 2.714 13.99 10.487 5.815 1.032 -10.69 5.447 13.406 -7.027 2.859 2.588 -0.391 -7.385 0.382 8.061 -0.525 3.656 6.496 14.602 13.637 14.758 17.856 8.113 7.163 -11.584 20.419
wavedec	coif2	periodic	3	3.201 -4.436 5.974 -5.1 -1.392 5.082 -10.918 2.312 23.638 7.264 -10.635 -9.326 20.168 7.213 -5.166 9.842 16.154 3.394 4.548 -2.404 3.409 14.474 14.744 6.527 -11.763 0.698 0.816 4.193 18.183 -12.109 15.11 -13.194 5.364 -6.716 -8.484 -23.525 -3.697	9.958896133114 -14.25382264545 -9.644398747474 -11.68024997222 -8.719689306099 -16.4208116653 5.917363501617 15.4837608519 15.46168579753 -4.019495170913 -10.24002129897 -12.52046844642 -12.2399188907 -10.86797365685|-9.20503358829 17.73046245448 17.7976813471 -8.240358700165 -8.027591912866 4.112252118001 4.196207271733 5.482502214298 18.34117802565 -7.200556217576 -20.9168850233 -7.791317585583 16.6698029507 -1.723227284983|0.5166122811786 2.498310510923 -6.212475033331 -10.97587733455 0.3493393861412 -28.74651682304 -15.74624101379 -13.31449920589 4.20256104767 17.38329184715 -8.533240824437 -5.416086955074 0.5166122811786 2.498310510923 -6.212475033331 -10.97587733455 0.3493393861412|-4.49897374455 -6.447021741563 8.175455052585 6.27118297854 -10.48163798713 4.393537377447 -1.051529702429 10.51551699589 0.3824427588194 -4.325963682678 6.1863035488 4.459476146414 -4.155173378867 -2.772176688512 -6.138814296595 3.431653822897 22.44748326925 17.28808482994 1.423798621294 13.98524501046 -6.360174622741 -7.841869817069 0.335262293826 13.3896396406	3.201 -4.436 5.974 -5.1 -1.392 5.082 -10.918 2.312 23.638 7.264 -10.635 -9.326 20.168 7.213 -5.166 9.842 16.154 3.394 4.548 -2.404 3.409 14.474 14.744 6.527 -11.763 0.698 0.816 4.193 18.183 -12.109 15.11 -13.194 5.364 -6.716 -8.484 -23.525 -3.697 3.201
wavedec	coif2	periodic	1	-1.996 15.819 15.18 4.961 -6.182 -0.381 -0.564 7.248 8.505 -10.184	-5.230150120458 2.841514152337 5.02777635349 -1.449194299143 21.72455626491 -5.230150120458 2.841514152337 5.02777635349 -1.449194299143 21.72455626491|-3.36826984924 11.96811166243 -8.686340229538 1.421335557761 -3.116746230007 -3.36826984924 11.96811166243 -8.686340229538 1.421335557761 -3.116746230007	-1.996 15.819 15.18 4.961 -6.182 -0.381 -0.564 7.248 8.505 -10.184
wavedec	coif2	smooth	-	-1.609 -7.195 -7.469 -2.906 -14.507 24.503 11.662 -11.27 -5.638 -12.559 -12.823 8.221 0.984 7.2 -32.745 -5.205 -7.512 -0.409 9.557 -2.656 -0.276 2.616 -14.728 -15.271 -6.22 2.626 -6.652 -15.357 8.359 -1.874 0.38 12.626 -0.049 15.539 -13.507 -20.041 -12.301 22.085 -18.515 -11.265	45.12331213464 29.30289291531 13.68050979997 -3.180272711805 -10.07435887068 -2.327872585964 16.12784166978 -15.59085158575 -12.09806316112 10.88693702134 -25.81155088701 -6.888890277698 6.127664108344 1.01582899967 -16.98037736633 -7.377931642174 -10.44459249448 -0.3344393324556 3.469377082044 13.60290040902 -14.71728743474 -6.284014376603 -9.385638851553 -7.322717390681 14.82802920148|-5.689893001204e-16 -0.4736263532695 1.815381513513 -5.4847248647 -21.39719654023 14.14783335585 1.083203471838 -9.958664220768 -16.48918661177 -12.49860897279 2.086857975043 7.441653813016 -9.531306824098 4.909939248402 -9.014856637604 13.44013730266 4.859952201609 -8.491071645209 -18.05536533041 9.231190296573 -31.94851573818 2.224310105457 -1.004492836146 0.07231508325858 2.838007606698e-15	-1.609 -7.195 -7.469 -2.906 -14.507 24.503 11.662 -11.27 -5.638 -12.559 -12.823 8.221 0.984 7.2 -32.745 -5.205 -7.512 -0.409 9.557 -2.656 -0.276 2.616 -14.728 -15.271 -6.22 2.626 -6.652 -15.357 8.359 -1.874 0.38 12.626 -0.049 15.539 -13.507 -20.041 -12.301 22.085 -18.515 -11.265
wavedec	coif2	smooth	3	3.808 -13.361 0.854 -4.033 12.758 -1.313 0.222 7.868 9.511 -4.078 4.169 2.176 -4.11 -1.767 -2.215 -18.159 -2.042 10.376 6.823 9.97 4.323 2.514 -12.167 11.59 16.407 -0.569 -6.141 1.506 -5.56 6.632 -16.677 1.746 4.777 -6.028 4.362 -2.665 7.556	2053.534762252 1664.335160907 1275.110476809 885.4337959146 499.8575821935 102.3198505077 -0.6716550589706 -3.531202276481 13.20808473785 -11.77156882198 77.04701263767 309.6297381194 536.776381527 764.8952855881|1.103561686477e-13 -0.01262190461843 -0.6421006151719 -13.59475735434 28.34602021039 -12.11355103443 -12.65597918409 -5.44729875132 12.99910003159 -8.008695375841 0.3436728792955 -0.04686938169899 0.002457073572249 1.196265309034e-14|-2.331468351713e-15 0.00434904112032 -2.953573995661 14.13000705975 -13.24949689229 -3.760412527384 -2.227997047037 5.398313020747 -1.366159308024 -20.00662982098 -5.533752417743 -9.176958921223 6.440415294917 -1.779201810629 0.1747120363194 -0.01477799064178 -1.941502514313e-14|2.026157019941e-15 -2.016905010121 10.51795978006 6.850875018064 6.664799496838 -3.898416301891 9.919428412997 -2.420386978106 -2.359044022161 13.36560380787 -7.43622839186 -1.772195645067 -4.760023256958 -8.208697453969 6.744097988584 -6.181770787877 -13.51373487842 -6.31753656539 8.734830413468 5.448950565047 -1.159879880477 0.1004680754492 -0.01242803683633 7.590282569137e-15	3.808 -13.361 0.854 -4.033 12.758 -1.313 0.222 7.868 9.511 -4.078 4.169 2.176 -4.11 -1.767 -2.215 -18.159 -2.042 10.376 6.823 9.97 4.323 2.514 -12.167 11.59 16.407 -0.569 -6.141 1.506 -5.56 6.632 -16.677 1.746 4.777 -6.028 4.362 -2.665 7.556 17.777
wavedec	coif2	smooth	1	1.292 -14.464 -1.557 -18.869 15.606 -3.231 6.366 3.748 3.736 6.912	135.5212572551 90.8847689079 47.02820646441 0.008897529848679 -15.81660771387 4.165949643285 4.767318875367 6.205791178664 14.28158725486 23.24967096541|5.107025913276e-15 -1.63272101263 8.469650961266 18.80802239416 10.58248087675 0.117207329561 -0.234921817201 -0.03812802477479 -0.0006595852391996 8.526165884426e-16	1.292 -14.464 -1.557 -18.869 15.606 -3.231 6.366 3.748 3.736 6.912
wavedec	coif2	periodization	-	-1.487 16.807 7.255 -2.333 8.352 9.606 5.968 10.839 -13.096 1.924 -3.641 2.684 4.123 0.439 0.795 8.004 15.066 -3.488 2.58 17.024 9.357 -6.553 -3 -6.883 -8.62 -5.96 7.051 7.681 13.841 -0.6 0.211 -6.831 15.77 5.576 -21.532 -7.829 22.368 17.916 -8.519 -4.979	-11.96567391609 17.02564331758 2.328550485882 13.61883379845 4.775145854966 -6.292365729908 3.283607666823 0.6683586111603 13.52124272733 1.481687135739 18.94929521202 -3.361799653136 -9.717111595377 -6.173137732627 15.34836945468 3.631561674847 1.465144035138 1.739387059105 -7.516642615289 22.06261284144|0.8089591360675 -4.349675767949 3.138922456359 15.15786910813 3.327894456047 -2.605280723151 3.965929883724 -10.99483108063 4.638968415085 -2.717264307673 -3.756301227636 1.805128435801 -4.507411770839 -7.180220803123 -1.48410346734 -15.22055937648 19.32919656736 -17.25862264333 14.30729515215 3.736943127222	-1.487 16.807 7.255 -2.333 8.352 9.606 5.968 10.839 -13.096 1.924 -3.641 2.684 4.123 0.439 0.795 8.004 15.066 -3.488 2.58 17.024 9.357 -6.553 -3 -6.883 -8.62 -5.96 7.051 7.681 13.841 -0.6 0.211 -6.831 15.77 5.576 -21.532 -7.829 22.368 17.916 -8.519 -4.979
wavedec	coif2	periodization	3	-7.511 19.943 4.345 5.865 7.797 -9.297 15.263 -4.827 6.236 -0.811 19.599 -14.071 -7.338 11.36 -0.898 -0.134 1.087 11.324 -12.002 15.855 4.304 11.429 9.731 -13.85 -8.974 -0.574 -7.21 5.034 11.33 -3.905 7.719 -1.825 7.221 9.119 2.467 -5.943 31.834	17.56048345179 28.11926398004 3.374051886011 9.665905603479 -1.6743926328|9.905216860198 3.806956325746 -11.21435013615 -5.568903098854 -2.163166684893|-0.2181786773599 0.7260706131935 13.39638980362 3.108727754083 1.064768347893 13.60277196316 -8.582869551398 3.756618819994 2.790068958406 -20.22757340662|4.454471813027 -6.788608151761 -17.79247828608 -3.808189812156 -22.29015974053 5.816611162583 5.036849229574 1.283700320435 20.42773259022 7.27609180238 -9.216227689693 0.4381165595664 8.329694410112 -8.512398665589 -7.809964785458 -2.648087615693 0.9239791328964 -17.98088500952 29.79666206005	-7.511 19.943 4.345 5.865 7.797 -9.297 15.263 -4.827 6.236 -0.811 19.599 -14.071 -7.338 11.36 -0.898 -0.134 1.087 11.324 -12.002 15.855 4.304 11.429 9.731 -13.85 -8.974 -0.574 -7.21 5.034 11.33 -3.905 7.719 -1.825 7.221 9.119 2.467 -5.943 31.834 31.834
wavedec	coif2	periodization	1	-1.285 6.24 2.763 -11.692 -5.016 -6.649 13.033 -13.35 -0.17 -3.043	-3.768346801308 6.853296598305 -11.5208759904 -0.1917002192647 -4.9269034759|-4.393421606165 -2.068709394863 -18.10300455185 -5.548614770868 3.37167896605	-1.285 6.24 2.763 -11.692 -5.016 -6.649 13.033 -13.35 -0.17 -3.043
wavedec	coif2	reflect	-	7.314 -19.809 -1.846 31.767 -7.364 25.535 -15.637 -9.888 2.506 0.942 -8.029 -11.313 4.845 8.48 -6.718 -7.894 3.893 -20.446 7.291 22.951 7.457 -9.587 -0.392 -2.312 4.042 6.53 2.253 -2.636 -12.139 -2.553 -11.893 -14.405 -13.832 -10.892 0.548 -7.063 -4.397 5.347 -15.452 0.254	-7.696381190068 19.98705416427 2.433361033172 -13.02048631017 3.011210321533 19.86565303104 -8.34014399242 -0.04757061991843 -11.96463773735 4.579378604569 -4.254225643738 -10.02631584501 7.521891741993 11.64218380192 -6.953662187534 5.376144724046 3.821099673787 -10.92311342643 -14.01150616244 -20.30559203079 -5.692777647638 -3.038858506577 -9.062471716417 -8.739573561631 -3.456441352237|-27.77639089299 18.53008037495 18.32238585359 -28.32803462288 -27.63198913399 4.651688589671 -4.336387391984 8.817528385073 -8.226721901582 3.64481507502 22.05666429156 -14.95903217544 12.1380699218 1.946775459785 -2.232144850368 -0.7590047086187 -8.269029892717 1.376621575511 2.505548494424 5.535306021916 -11.98536788265 -11.12710848335 -12.03376242545 5.441623754664 2.823873364843	7.314 -19.809 -1.846 31.767 -7.364 25.535 -15.637 -9.888 2.506 0.942 -8.029 -11.313 4.845 8.48 -6.718 -7.894 3.893 -20.446 7.291 22.951 7.457 -9.587 -0.392 -2.312 4.042 6.53 2.253 -2.636 -12.139 -2.553 -11.893 -14.405 -13.832 -10.892 0.548 -7.063 -4.397 5.347 -15.452 0.254
wavedec	coif2	reflect	3	-11.309 2.852 -9.137 -8.144 5.571 -7.428 -4.167 8.99 -16.742 -13.625 4.14 -13.653 1.888 18.066 -16.608 4.383 -19.152 -4.038 -3.767 -7.61 -3.388 8.549 11.096 14.852 -2.636 3.87 -22.102 5.898 25.817 -17.97 -3.884 1.752 11.326 -7.772 3.95 8.194 -10.865	-10.94240929779 -9.517248257469 -10.01192730172 -10.87422624331 -9.777914033035 -9.8268506952 -10.57752722268 -13.73030862002 6.913033071941 0.03977565039706 6.243119684375 5.098779732229 6.406199030857 -0.07634664966873|-6.789202952335 1.571395530679 1.537544587652 -6.792400560685 1.147962680821 1.934391926464 16.36425899324 9.60188718049 -2.028409277516 0.6992815118401 0.5001913816594 -1.704783074167 9.107210145901 16.91984052143|-3.483823878699 -2.302211180804 -2.05426044656 -3.570653562921 -2.845770344599 9.329338420014 -9.777462364762 8.091812560338 6.929006662935 -0.9856089631143 -25.41782326569 -7.668783749701 4.698379848206 -5.597921469426 4.694399468334 -7.803839678599 -24.9558459425|5.373256526992 -10.5631775447 -10.24487510726 5.237302400294 8.075206113551 -17.11851875107 5.530366297242 15.08453891593 -20.19454141639 -16.27032433124 -5.79424973712 3.842335554071 -3.380091298415 -6.35996021129 -12.91301661795 -4.938960193084 25.32398064873 -2.655794070856 14.39484627405 -10.0740178545 -10.04147410621 13.9886096123 -1.650525892698 23.89343096352	-11.309 2.852 -9.137 -8.144 5.571 -7.428 -4.167 8.99 -16.742 -13.625 4.14 -13.653 1.888 18.066 -16.608 4.383 -19.152 -4.038 -3.767 -7.61 -3.388 8.549 11.096 14.852 -2.636 3.87 -22.102 5.898 25.817 -17.97 -3.884 1.752 11.326 -7.772 3.95 8.194 -10.865 8.194
wavedec	coif2	reflect	1	-3.623 2.658 -5.248 -5.985 -3.822 0.755 -10.931 1.889 -15.525 5.361	-6.727042903288 -4.720345828933 -5.452872887174 0.4187155784106 -5.663131955406 -4.505055833066 -6.853772961644 -8.178213411641 -8.296587091523 -6.727042903288|2.126335593777 -5.54798942508 -5.309702728212 1.991247822197 -5.965328940503 -10.70926477545 -15.5095194458 -10.69155134702 -6.012317229861 2.126335593777	-3.623 2.658 -5.248 -5.985 -3.822 0.755 -10.931 1.889 -15.525 5.361
wavedec	coif2	antisymmetric	-	-5.602 7.664 -3.286 1.485 -4.873 -3.274 -4.6 -5.265 9.197 2.127 3.991 -2.278 -10.543 2.298 3.512 14.462 8.464 -3.616 0.104 -5.25 -0.516 -16.679 -13.339 -6.064 -0.085 -4.909 4.673 13.955 16.349 21.139 6.395 9.365 -4.355 7.409 -3.777 12.578 7.51 -9.427 -12.786 -3.415	6.233736227053 1.888389437805 -2.757504214051 1.203289367469 1.337875887961 -4.051649901472 -7.715894805374 6.271071200357 3.459534296932 -9.640628784467 10.19594002895 10.67720835318 -3.928713473734 -7.787482569085 -19.11321960487 -3.575189732232 5.46002097017 26.26830703386 15.52806201659 1.818685173688 4.694490836745 8.226615918005 -17.3646606696 7.6231077743 9.776900560929|-5.681374409583 -9.036359210574 -8.673401735733 -3.651688741584 -1.806537896834 5.930571199812 3.819476238277 -1.070424230413 -4.641954569325 -6.306971780914 7.22634744015 2.549097096174 7.614556480039 -2.552950332271 6.385757221487 -2.406549336731 -6.299277469069 -5.844185891239 -8.655896408277 -8.280345715411 6.274382457691 -2.114014724576 -4.584120375173 6.430018914208 -11.80425682569	-5.602 7.664 -3.286 1.485 -4.873 -3.274 -4.6 -5.265 9.197 2.127 3.991 -2.278 -10.543 2.298 3.512 14.462 8.464 -3.616 0.104 -5.25 -0.516 -16.679 -13.339 -6.064 -0.085 -4.909 4.673 13.955 16.349 21.139 6.395 9.365 -4.355 7.409 -3.777 12.578 7.51 -9.427 -12.786 -3.415
wavedec	coif2	antisymmetric	3	3.756 -4.891 -11.798 12.184 -8.848 13.132 2.154 -2.2 -0.357 8.871 -5.68 7.268 -6.003 9.815 5.204 -12.344 -3.91 -20.275 3.217 -15.156 -14.036 13.188 2.035 21.055 8.233 1.154 -3.825 -27.164 -10.032 -4.013 19.839 -20.287 -8.399 -3.635 13.585 -4.997 4.429	-0.425943785337 0.2389083436637 0.09806146647906 -0.3167506030255 -0.1497408771892 -0.2326137245012 6.385878779144 -10.06085854734 1.327789624155 -12.28200262091 0.4319673516054 0.08121146881827 -0.1902248579469 4.783866614489|2.237361588142 -2.843749490509 -0.8805266507815 5.310474668527 9.281451512471 -2.412727796563 25.05590861369 14.29628041 -6.395388452533 -2.827543217495 -3.446733832649 -2.85683625459 -3.625406861794 30.9391421548|8.234142068104 -10.20234529251 0.819165834529 1.817607684534 -4.537303144177 2.603654741528 -0.08695732781707 9.8802649493 12.46378137523 -13.02285178524 13.17760112914 21.14716700068 1.436719729182 -2.29667696649 -4.001310861759 13.34337575074 23.86526637679|-11.5818243997 7.84025011893 1.058387367514 -17.85754452467 -12.04978781561 4.426436881845 -9.60011099437 -9.15127052708 -8.132240056745 10.36163129487 13.93215023307 7.724109368636 -15.64585514398 -10.21719588981 0.7385917966825 14.99372039911 3.984540224115 21.69869240432 1.510521211634 11.96609609761 4.970276965292 14.16988951595 -0.3698958280487 26.38456724436	3.756 -4.891 -11.798 12.184 -8.848 13.132 2.154 -2.2 -0.357 8.871 -5.68 7.268 -6.003 9.815 5.204 -12.344 -3.91 -20.275 3.217 -15.156 -14.036 13.188 2.035 21.055 8.233 1.154 -3.825 -27.164 -10.032 -4.013 19.839 -20.287 -8.399 -3.635 13.585 -4.997 4.429 -4.429
wavedec	coif2	antisymmetric	1	-11.592 10.205 3.223 -0.379 -3.727 -14.201 -16.648 22.178 16.878 -14.556	21.95593583323 -1.738694100036 -4.280361119073 -0.2399460289396 7.373745167822 -9.668638393887 -9.592831026134 17.28918687821 -2.092238899069 -19.00615831212|-1.187282068473 -17.82359524115 -9.953419278378 0.7147254166712 4.09346464417 -20.56845807297 26.99629921417 8.937320954516 -18.67148907813 6.089423941433	-11.592 10.205 3.223 -0.379 -3.727 -14.201 -16.648 22.178 16.878 -14.556
wavedec	coif2	antireflect	-	12.302 10.408 -3.313 14.045 5.648 -16.893 -10.924 -3.237 -9.99 -3.651 -3.253 -16.324 -21.685 6.797 -6.38 22.422 2.492 -6.626 8.758 -9.406 -2.891 19.161 19.087 8.625 -5.093 -7.877 -16.56 17.02 7.1 -0.165 -21.735 -2.093 3.163 12.658 0.2 -5.765 -8.897 -1.211 12.222 6.721	52.51614869766 30.21699674249 28.7126509605 17.2913562175 6.538966044066 3.750537176795 -16.9206603907 -8.623295521973 -9.002761365975 -21.71754844015 9.223120154911 7.599431188294 -0.9674038115492 -0.3849994524303 27.78395271138 -5.758161097949 -10.17896889729 15.56856859306 -21.06127540575 8.711240088535 3.230244164896 -11.72598101136 12.75781099306 6.215736112267 30.85911232741|11.0067419813 4.386006300718 -4.286136699543 -11.35659341473 13.2222231484 -7.594277112397 -1.905266330224 4.187600893019 -16.53723500829 -18.3990460623 10.76216957431 9.344844879769 -9.510737256479 0.7556587055639 -2.229110982764 -17.432277644 -3.330869694951 -6.143587704369 -7.672462355957 1.337402575693 1.432257370093 0.4461472291679 -2.286912775312 -0.8477010259368 8.023389434632	12.302 10.408 -3.313 14.045 5.648 -16.893 -10.924 -3.237 -9.99 -3.651 -3.253 -16.324 -21.685 6.797 -6.38 22.422 2.492 -6.626 8.758 -9.406 -2.891 19.161 19.087 8.625 -5.093 -7.877 -16.56 17.02 7.1 -0.165 -21.735 -2.093 3.163 12.658 0.2 -5.765 -8.897 -1.211 12.222 6.721
wavedec	coif2	antireflect	3	-1.509 12.004 -6.555 6.548 -1.011 14.653 2.067 15.527 8.833 13.915 14.537 15.145 6.108 14.157 4.405 2.356 10.081 10.25 10.042 25.992 -15.614 -6.472 -2.539 -16.551 -13.875 -13.437 11.601 11.923 -14.225 6.992 3.35 4.303 3.361 10.84 3.153 4.336 -4.818	-207.38680258 -168.3478894703 -129.1203744151 -91.16463318683 -53.21145378556 -14.18267949267 24.94556635835 31.27885788873 -13.64314217185 11.29078591913 -24.26032743401 -97.70581291886 -170.6612052115 -206.0062294956|0.09691303182168 0.676466174569 -0.6775137302032 0.01813115679681 2.330010054649 -7.098589669631 -20.92367574662 -2.657217323847 -12.99182951397 -13.48400352221 13.53977625546 13.43233551923 1.333618538763 22.2318514655|0.5327134805601 0.8055816962688 -0.8251401980944 -0.4899563173951 0.479852042848 0.8788704807401 -0.1365263864949 4.570029373985 8.845352012044 18.22016949469 10.66558218596 0.6118433579044 0.7993565492927 -0.509078243771 0.1149873022891 -1.183370202562 -10.21067182412|6.462061192491 13.8265211614 -13.845716762 -6.431052583918 -10.51275938515 -7.248164822204 -0.7488761790697 -2.945087761499 -7.643796995082 4.124510907338 1.889939944784 -22.84981044444 -1.344845748931 5.33888341846 9.883160282696 -9.909186608912 -9.913631727008 0.8745791768583 -5.572085672887 -3.575640243403 3.707960686473 5.311837345523 -0.5591625671442 9.333818921698	-1.509 12.004 -6.555 6.548 -1.011 14.653 2.067 15.527 8.833 13.915 14.537 15.145 6.108 14.157 4.405 2.356 10.081 10.25 10.042 25.992 -15.614 -6.472 -2.539 -16.551 -13.875 -13.437 11.601 11.923 -14.225 6.992 3.35 4.303 3.361 10.84 3.153 4.336 -4.818 -13.972
wavedec	coif2	antireflect	1	2.211 -11.855 2.347 0.163 23.245 7.261 4.384 13.059 0.412 0.021	-3.530351490845 -15.34144376393 12.0492913451 2.897774073194 -5.424985887974 21.26069529053 10.17637445891 5.871317516025 -6.011491266537 -9.724606894039|-9.29809526201 -10.91511468748 11.30117545631 8.524121004226 6.541487844581 -9.236125520313 0.128636858916 8.915142650334 -5.961228344568 -9.29809526201	2.211 -11.855 2.347 0.163 23.245 7.261 4.384 13.059 0.412 0.021
wavedec	bior2.4	zero	-	4.862 -9.083 -7.861 4.449 3.019 -12.906 2.693 14.516 -1.381 -4.019 -1.884 -7.733 11.208 0.763 -6.681 -1.335 24.39 2.13 11.916 -10.051 1.187 -0.038 -3.268 -5.759 -26.344 24.519 7.704 10.367 -10.316 25.648 -17.61 -10.965 19.611 -10.156 -4.205 5.596 6.34 12.459 -9.026 -16.574	0.005341552734375 0.07929455566406 0.2319315185547 -2.373625366211 -3.214812133789 2.230874267578 -4.287392456055 19.98885717773 -4.671581054688 -7.745235961914 14.02027160645 -4.179633911133 8.332889526367 -12.9032355957 2.82822644043 -0.2511701660156|0 0.0569765625 1.20666015625 8.04596875 -0.2031640625 12.3602734375 21.3838828125 4.50880078125 -7.56930078125 -24.0959140625 15.39848828125 19.18466796875 13.19980859375 -2.6791484375 0 0|0 1.718976585064 5.362344275128 -4.857823586752 11.14541708506 -9.800499987246 1.687510333302 8.764588552807 1.06101372517 7.2050645469 11.32997195495 11.73974033465 -0.7088745481395 -6.397195049395 -23.92778636857 -8.254057456791 -28.00920670958 8.460886190288 12.62822000521 -3.202133058603 -9.759487793937 8.528414887891 0 0	4.862 -9.083 -7.861 4.449 3.019 -12.906 2.693 14.516 -1.381 -4.019 -1.884 -7.733 11.208 0.763 -6.681 -1.335 24.39 2.13 11.916 -10.051 1.187 -0.038 -3.268 -5.759 -26.344 24.519 7.704 10.367 -10.316 25.648 -17.61 -10.965 19.611 -10.156 -4.205 5.596 6.34 12.459 -9.026 -16.574
wavedec	bior2.4	zero	3	-2.027 -4.261 15.354 2.799 -4.995 2.188 3.416 19.88 -15.338 3.716 14.625 4.899 20.671 -12.435 -3.393 -8.468 -5.292 3.666 5.04 -15.458 6.353 -0.697 4.492 -7.242 3.827 0.994 7.663 17.634 -22.046 -14.647 -7.524 9.754 1.898 -1.88 -0.993 4.519 10.92	-7.381295590889e-05 0.03036450886614 0.06303644642057 -0.7946553667025 7.680036828314 9.517923575419 -2.353722096162 -9.773980159756 11.40566605081 -2.877339400216 0.3841246820135 0.01646887094039|0 -0.0007873381963615 0.3189016193286 2.720705638701 5.946228593276 15.98757232665 -13.38418146027 -4.440179753488 5.209893667228 0.1756679566975 0 0|0 -0.02375390625 -3.26559375 -16.404359375 -17.65036328125 -9.509265625 14.064609375 -2.76515234375 -2.12096875 -22.5738203125 -0.21873828125 9.2641484375 6.3662890625 0.12796875 0 0|0 -0.7166527227326 7.724788031072 1.683267692615 -2.105410440983 -18.27234633264 -2.879692366382 9.014904353347 14.90156830673 2.917169025785 -2.681348914259 14.95849040261 4.327139947471 8.062077965698 3.359464317417 -17.55427939635 -0.09758073580374 -8.886210919171 1.649326567118 0.3143089642374 3.860803025279 0 0	-2.027 -4.261 15.354 2.799 -4.995 2.188 3.416 19.88 -15.338 3.716 14.625 4.899 20.671 -12.435 -3.393 -8.468 -5.292 3.666 5.04 -15.458 6.353 -0.697 4.492 -7.242 3.827 0.994 7.663 17.634 -22.046 -14.647 -7.524 9.754 1.898 -1.88 -0.993 4.519 10.92 4.440892098501e-16
wavedec	bior2.4	zero	1	-3.847 -1.656 -3.631 1.959 7.18 -3.16 -4.613 0.585 12.641 22.029	-0.1275112400262 0.6694864907187 -3.770602716503 -4.015957721032 8.455163044777 -10.8825611877 23.32712125504 6.822442438474 -1.041336269275|0 -1.360119893612 -1.472903425212 -0.1304612011289 3.142028982202 2.424669152689 -11.10758687227 0 0	-3.847 -1.656 -3.631 1.959 7.18 -3.16 -4.613 0.585 12.641 22.029
wavedec	bior2.4	constant	-	3.69 -6.282 6.006 -15.861 -1.808 2.559 -13.312 -15.254 2.008 -4.705 4.972 -20.114 -18.414 -2.773 -2.953 -0.895 2.354 -3.431 14.037 14.355 -6.367 -6.184 -12.041 -11.069 -15.812 -18.153 -3.593 7.869 -2.87 1.971 -2.185 -0.699 -3.799 16.253 18.616 -16.937 2.843 0.238 5.999 25.937	7.38 7.215666503906 8.621052978516 3.051703857422 -13.91867163086 -6.371318481445 -27.25759716797 10.7940255127 3.680977416992 -34.8150612793 4.043769042969 9.292536987305 -5.814663208008 54.49630603027 50.03125366211 51.10923071289|0 0 -1.752890625 2.1362578125 8.7895 -10.018140625 -11.27537890625 -15.63216015625 0.35783203125 -4.8912734375 2.4252109375 -16.56719140625 1.785625 1.8114609375 0 0|0 0 7.870098474606 12.69963779011 -7.155213518827 6.789639312953 5.794740071824 9.470281120431 -5.593568192576 0.4210820881966 8.221176991465 -7.438763338082 -2.135462479183 -2.020557627241 5.975405854417 -7.849238824561 -3.180919855168 -1.621395849261 -6.254005926204 19.5631697617 2.957827665703 -7.049147501649 0 0	3.69 -6.282 6.006 -15.861 -1.808 2.559 -13.312 -15.254 2.008 -4.705 4.972 -20.114 -18.414 -2.773 -2.953 -0.895 2.354 -3.431 14.037 14.355 -6.367 -6.184 -12.041 -11.069 -15.812 -18.153 -3.593 7.869 -2.87 1.971 -2.185 -0.699 -3.799 16.253 18.616 -16.937 2.843 0.238 5.999 25.937
wavedec	bior2.4	constant	3	-13.776 4.152 -7.936 13.384 2.848 -4.316 22.355 -2.451 -2.178 -6.077 -9.338 8.253 -3.677 12.759 0.529 6.809 -15.486 -23.404 2.349 -17.284 8.953 7.377 -0.112 10.609 -15.226 -1.221 -3.326 4.164 -17.917 7.229 -14.729 -9.322 -10.296 -0.064 -14.026 20.436 6.939	-38.9644120705 -39.04884510163 -37.52994830017 -45.50047073293 11.77320208122 -4.20105622053 -3.503272021474 -22.99578901145 16.23593932974 19.47867438425 19.9150785971 19.64012830617|0 0 -0.900618998733 9.597026558289 16.5507596155 25.49039369495 2.71930122209 18.47268745637 4.002295463356 0.1458398672939 0 0|0 0 2.5579375 -5.8554296875 -14.60614453125 4.34030078125 -14.88990625 3.823703125 -9.5323828125 -9.145359375 0.5258125 6.21799609375 4.39997265625 0 0 0|0 0 -10.61225857205 -11.26279681074 11.96247897072 8.866765482689 0.2255670631985 -10.4372496437 -10.13496149475 -10.1027881362 11.90449621467 16.21749402651 -2.090561198578 -12.92449774653 -5.695745122458 -10.45492731323 -16.65377891051 -2.256024185376 -8.553870732014 -16.95606705946 0 0 0	-13.776 4.152 -7.936 13.384 2.848 -4.316 22.355 -2.451 -2.178 -6.077 -9.338 8.253 -3.677 12.759 0.529 6.809 -15.486 -23.404 2.349 -17.284 8.953 7.377 -0.112 10.609 -15.226 -1.221 -3.326 4.164 -17.917 7.229 -14.729 -9.322 -10.296 -0.064 -14.026 20.436 6.939 6.939
wavedec	bior2.4	constant	1	-8.041 8.366 -6.829 8.542 -2.272 5.455 15.38 -7.949 -2.7 8.168	-11.37169125504 -12.41915946594 -5.605644250574 2.545971111293 1.722081225776 14.06189005261 -7.463246910381 14.77996803745 11.19106966662|0 0 -11.17299424953 -9.257795532685 0.777110352524 10.10384879637 -3.842418248968 0 0	-8.041 8.366 -6.829 8.542 -2.272 5.455 15.38 -7.949 -2.7 8.168
wavedec	bior2.4	symmetric	-	2.835 14.928 -8.13 3.64 -4.733 -8.898 -8.002 5.457 -2.528 6.884 -5.917 17.528 3.744 -6.609 2.467 -7.267 10.611 7.512 4.363 3.107 13.719 4.134 3.364 11.23 -5.045 6.525 4.637 -10.587 5.454 -11.617 6.826 -28.851 -0.576 -2.144 13.327 4.679 10.465 4.894 6.959 -1.024	2.06525793457 13.11779125977 -3.13599206543 16.46781311035 -12.15001013184 2.73542578125 5.627455688477 4.333095458984 17.82245654297 5.159072753906 -5.473580810547 -15.72610778809 23.06783081055 1.178820068359 13.59898498535 6.295999511719|-2.7430078125 4.407234375 -4.72527734375 0.9108203125 6.2517109375 1.9963671875 12.2723828125 5.20506640625 0.17699609375 -3.1601171875 -0.544890625 -12.15907421875 -1.2579765625 -4.24890234375 7.022921875 -0.2372265625|12.31355748758 4.275521152444 -12.42775523274 -7.12162594672 1.789333709793 -7.581598907882 -7.853481465248 -13.1624391784 6.869188825837 9.762316221061 -0.01767766952966 4.195971639561 3.11657313808 -8.535132402312 -4.758121530604 11.0538467569 12.55609511353 22.61044643522 6.024196222319 5.103189639823 2.69973369057 2.822416717106 -3.552504468681 -4.015305856968	2.835 14.928 -8.13 3.64 -4.733 -8.898 -8.002 5.457 -2.528 6.884 -5.917 17.528 3.744 -6.609 2.467 -7.267 10.611 7.512 4.363 3.107 13.719 4.134 3.364 11.23 -5.045 6.525 4.637 -10.587 5.454 -11.617 6.826 -28.851 -0.576 -2.144 13.327 4.679 10.465 4.894 6.959 -1.024
wavedec	bior2.4	symmetric	3	-0.323 10.876 0.47 7.179 -4.953 -7.761 -8.575 -2.575 -3.53 -2.484 -1.508 1 -10.987 -13.827 0.033 -1.033 -23.699 -14.409 -11.493 3.365 -2.567 17.631 23.037 10.634 -0.356 -24.739 15.967 -2.372 14.684 0.477 0.823 -5.968 -1.39 -8.409 3.964 -13.42 -7.591	9.774020945767 12.54149199793 12.17091983669 15.6808338778 -1.639411914151 -27.84314144229 6.321539949821 10.64912367461 -22.17794778538 -15.99439940669 -17.7192392226 -16.45419328084|0.4227729037707 -0.1344029416404 0.1584265320008 -6.062943075794 -0.9045859868926 27.87982054036 12.70561958375 4.822699403937 -9.328413592935 -2.240595067073 6.668108097073 8.133510899187|5.402921875 1.35433203125 -3.956390625 -7.75314453125 5.33089453125 -8.18359765625 -16.00355859375 -0.20823828125 -29.6342421875 -1.76694921875 3.73616796875 -5.5123203125 1.37106640625 -2.6455234375 5.36647265625 3.0854140625|6.051066280004 3.959444421254 -7.638521003768 -6.661299432168 0.704985460843 -2.458963831576 -0.02474873734153 -5.12475639665 5.904341622908 -7.636753236815 -2.253549311642 -7.350374990434 -5.229761753656 0.4995709409083 23.01243664033 12.51402226005 5.145262493304 4.019548497655 6.856107350385 8.207034855842 -2.060862713768 -10.52068824388 -4.10015867071	-0.323 10.876 0.47 7.179 -4.953 -7.761 -8.575 -2.575 -3.53 -2.484 -1.508 1 -10.987 -13.827 0.033 -1.033 -23.699 -14.409 -11.493 3.365 -2.567 17.631 23.037 10.634 -0.356 -24.739 15.967 -2.372 14.684 0.477 0.823 -5.968 -1.39 -8.409 3.964 -13.42 -7.591 -7.591
wavedec	bior2.4	symmetric	1	10.755 9.85 17.98 -14.285 2.827 0.587 -0.671 -11.165 -6.067 5.281	-7.995941384571 22.25783217082 13.80091240763 13.16812917828 -5.757219218247 -3.167694748651 -9.231234834217 8.749319465751 -16.18043721176|-14.28178921302 -0.3199658184869 3.19435488401 17.45740576732 0.3471894295626 5.51260446613 -4.012123876452 2.209708691208 -3.265419115519	10.755 9.85 17.98 -14.285 2.827 0.587 -0.671 -11.165 -6.067 5.281
wavedec	bior2.4	periodic	-	5.524 -2.262 -4.116 -12.265 5.095 -3.199 -3.662 7.111 -13.291 -6.785 -4.446 13.14 -13.628 -3.769 -1.917 6.643 -12.327 8.106 -7.749 -0.037 7.552 6.109 -6.921 -5.112 4.516 0.26 11.259 4.749 5.227 -10.852 5.702 2.842 -11.88 -7.316 -3.561 -2.141 13.226 -9.318 18.221 -0.584	9.987029296875 0.83833984375 4.618901245117 3.020236572266 -4.648687744141 -8.885998657227 -3.669324462891 -5.832450439453 5.829715576172 0.5778031005859 9.702330932617 -15.92316870117 9.987029296875 0.83833984375 4.618901245117 3.020236572266|-4.05288671875 11.51739453125 -4.05288671875 9.1513828125 -4.9765625 -9.58775390625 -6.2895390625 6.05024609375 10.81009375 -8.70117578125 -7.50469921875 2.30489453125 -4.05288671875 11.51739453125 -4.05288671875 9.1513828125|17.70701446108 8.80807561985 2.097278712999 9.018793440644 2.768676601736 -11.02202695175 -1.473256978602 -15.68150708637 -2.83090199848 -9.733324843033 -12.82974543785 -0.04348706704297 -4.096623136804 2.764433961049 5.3934569735 2.470631093466 11.53750779523 -4.193850319217 -0.28602469299 4.931009138604 17.70701446108 8.80807561985 2.097278712999 9.018793440644	5.524 -2.262 -4.116 -12.265 5.095 -3.199 -3.662 7.111 -13.291 -6.785 -4.446 13.14 -13.628 -3.769 -1.917 6.643 -12.327 8.106 -7.749 -0.037 7.552 6.109 -6.921 -5.112 4.516 0.26 11.259 4.749 5.227 -10.852 5.702 2.842 -11.88 -7.316 -3.561 -2.141 13.226 -9.318 18.221 -0.584
wavedec	bior2.4	periodic	3	2.071 4.36 10.595 -1.417 18.362 -1.152 -14.126 12.955 -6.709 6.838 -11.339 -17.018 -25.906 -7.155 5.423 8.012 1.011 21.336 -33.095 -1.738 -14.1 -19.298 -0.105 -3.411 5.899 -1.396 7.452 -3.698 11.789 19.452 10.132 -1.429 -7.433 -4.709 6.328 5.396 9.561	7.462071977628 14.67459856674 10.5453076666 9.803566983066 19.18713650179 -24.24690832758 -21.26629629271 22.64257164251 7.462071977628 14.67459856674 10.5453076666 9.803566983066|3.606187097099 -9.221601453807 -11.75034771322 -4.381973480218 -10.60373440498 -42.70143239391 -4.959820287268 20.20081115646 3.606187097099 -9.221601453807 -11.75034771322 -4.381973480218|-2.3638203125 -8.16112890625 -9.63659375 2.50410546875 16.4994765625 -2.8385234375 -12.4954609375 14.9991484375 1.31386328125 5.84582421875 -12.1001015625 -6.0220859375 2.890546875 13.2995078125 3.5051875 -13.1621875|-4.231680532011 -4.120664767365 1.395121679281 11.23981584035 2.31223917448 -16.52685324328 -11.21612776318 -1.134552830414 -2.182485080132 -3.390577015789 -26.43023726719 -15.45700068335 8.623520749961 4.460429575725 5.707412384347 9.417601665233 -6.004397232446 1.964696191527 2.939089336002 1.802061631854 3.457398606612 -6.451288718155 -13.89217337658	2.071 4.36 10.595 -1.417 18.362 -1.152 -14.126 12.955 -6.709 6.838 -11.339 -17.018 -25.906 -7.155 5.423 8.012 1.011 21.336 -33.095 -1.738 -14.1 -19.298 -0.105 -3.411 5.899 -1.396 7.452 -3.698 11.789 19.452 10.132 -1.429 -7.433 -4.709 6.328 5.396 9.561 2.071
wavedec	bior2.4	periodic	1	-18.28 -9.808 -5.689 0.66 -5.847 -10.069 6.257 4.771 -8.077 1.535	5.518891087357 -2.323287717936 -19.56336863548 -4.727207706014 -10.40451280944 5.518891087357 -2.323287717936 -19.56336863548 -4.727207706014|-4.017073623921 -10.40401562499 -1.539017909253 -4.545282389467 7.264815069911 -4.017073623921 -10.40401562499 -1.539017909253 -4.545282389467	-18.28 -9.808 -5.689 0.66 -5.847 -10.069 6.257 4.771 -8.077 1.535
wavedec	bior2.4	smooth	-	0.389 -1.277 -12.531 12.703 6.105 -4.981 13.44 3.517 1.609 -2.304 14.922 9.817 -4.961 -11.907 -11.242 -6.154 -3.844 1.186 -5.924 18.337 4.425 -1.761 2.347 8.433 4.673 4.116 -5.306 5.401 -2.147 -3.146 4.653 -8.836 2.005 -4.091 -6.434 10.802 5.491 0.518 -10.926 4.33	42.55975 28.38568408203 14.65568481445 -4.321081542969 8.991694213867 10.5173046875 -4.326305786133 -11.78698535156 12.88460070801 7.891483154297 -1.830944091797 -5.788520874023 0.6473165283203 24.5826529541 163.8815375977 284.177984375|1.7763568394e-15 -8.881784197001e-16 0.563296875 9.4308515625 -5.5399296875 -16.82538671875 9.18539453125 1.13055078125 6.47786328125 4.74646875 -0.8289609375 6.92594921875 25.154234375 1.7763568394e-15 0 -1.42108547152e-14|4.440892098501e-16 0 -3.389869909008 -11.25431152937 10.43229989624 2.833730425605 7.473765123751 -3.419921947209 2.690894855805 -0.9821713190681 -4.292138161802 -13.49619357912 3.639478602767 -3.481086683781 -3.134250807609 -6.45411714528 3.11056273044 8.601953993134 1.326885874897 -7.971568297707 -2.287843990529 -8.881784197001e-16 -8.881784197001e-16 0	0.389 -1.277 -12.531 12.703 6.105 -4.981 13.44 3.517 1.609 -2.304 14.922 9.817 -4.961 -11.907 -11.242 -6.154 -3.844 1.186 -5.924 18.337 4.425 -1.761 2.347 8.433 4.673 4.116 -5.306 5.401 -2.147 -3.146 4.653 -8.836 2.005 -4.091 -6.434 10.802 5.491 0.518 -10.926 4.33
wavedec	bior2.4	smooth	3	-12.359 8.955 9.784 -10.743 15.955 15.482 2.339 -7.088 13.324 9.096 12.518 0.102 1.047 14.538 9.485 -0.965 12.905 12.479 -1.631 9.249 -1.728 0.744 5.672 -8.246 9.529 3.172 -0.052 16.411 -3.158 -2.023 -17.396 -2.689 5.089 -3.725 -29.377 1.409 15.447	-1707.997907073 -1230.550717502 -757.3613808758 -247.0222848908 56.59558517126 14.43196755012 12.34830690871 -8.374196921693 12.55783565429 369.7777406483 684.7742891577 1007.152162484|-1.136868377216e-13 0 -0.8413555179606 -52.42839405276 1.42859194693 -11.04452946841 -5.613631959067 18.77175111381 -7.195485632357 -1.42108547152e-14 -5.684341886081e-14 -5.684341886081e-14|-2.84217094304e-14 -1.42108547152e-14 2.55390625 -4.10105078125 8.33358984375 -4.49337109375 -2.1475703125 1.70444140625 2.4090859375 -1.1250859375 21.35091796875 37.24191015625 1.4382265625 -7.105427357601e-15 -1.42108547152e-14 0|0 -3.552713678801e-15 -7.242541206303 16.69655887077 -4.479521458817 10.54967962191 2.704683438039 4.723826851717 -6.556294075162 8.598418459228 -4.838024596878 -7.727616458197 0.8683271272971 11.20516760807 1.107682772729 -12.73923576986 -5.836459371914 -2.449771443421 -5.95313199081 -5.921312185656 8.881784197001e-16 -3.552713678801e-15 0	-12.359 8.955 9.784 -10.743 15.955 15.482 2.339 -7.088 13.324 9.096 12.518 0.102 1.047 14.538 9.485 -0.965 12.905 12.479 -1.631 9.249 -1.728 0.744 5.672 -8.246 9.529 3.172 -0.052 16.411 -3.158 -2.023 -17.396 -2.689 5.089 -3.725 -29.377 1.409 15.447 29.485
wavedec	bior2.4	smooth	1	0.994 -19.295 -5.945 -0.982 -5.098 -1.981 4.033 -6.22 10.836 -12.344	116.1776441489 59.90667207493 -5.95677801015 -13.46716905546 -3.891761044042 -0.9383196500911 9.687672261472 -49.33334857002 -115.8014633414|0 0 11.89318250617 -3.209911233196 1.024244172549 9.655189543712 0 3.552713678801e-15 7.105427357601e-15	0.994 -19.295 -5.945 -0.982 -5.098 -1.981 4.033 -6.22 10.836 -12.344
wavedec	bior2.4	periodization	-	11.887 5.517 5.409 -10.331 -0.463 -12.223 -4.169 3.141 7.353 -20.597 6.443 -15.942 -2.526 -0.659 7.478 3.067 33.448 6.547 -7.305 -13.82 -5.825 -2.748 5.378 -6.214 -15.657 1.322 13.708 -3.876 -1.944 -0.08 -1.533 29.524 8.566 2.589 8.432 -10.829 -3.98 7.636 -6.072 -27.681	1.347214233398 -10.80947021484 -1.300923095703 -18.25265515137 36.36494458008 -20.20745581055 -5.431825073242 2.119424560547 27.51308935547 -14.85684338379|-5.20051953125 1.67255859375 4.103 7.5557109375 19.6927890625 -16.0872578125 -21.662375 -2.71909765625 5.35129296875 10.3838984375|2.213951331895 9.053795226313 7.005306881215 -1.095308404058 19.44190094872 12.65756493663 2.21677975902 12.30082956552 4.613518193852 5.130059697508 1.785091069105 0.7597862363849 -1.623870722995 6.899947970818 -1.172736596598 -18.39007961171 4.179001076812 9.23127902839 -8.953386063384 21.62933577632	11.887 5.517 5.409 -10.331 -0.463 -12.223 -4.169 3.141 7.353 -20.597 6.443 -15.942 -2.526 -0.659 7.478 3.067 33.448 6.547 -7.305 -13.82 -5.825 -2.748 5.378 -6.214 -15.657 1.322 13.708 -3.876 -1.944 -0.08 -1.533 29.524 8.566 2.589 8.432 -10.829 -3.98 7.636 -6.072 -27.681
wavedec	bior2.4	periodization	3	-1.145 -2.463 -23.344 -3.762 5.024 -12.96 -14.282 8.953 -1.953 8.249 -19.054 13.877 -10.869 -6.086 -13.545 0.401 13.64 6.944 6.254 -3.604 2.131 -9.55 -8.036 3.898 -4.583 10.846 -5.301 -3.358 -2.656 0.204 0.238 0.34 6.863 -2.998 1.94 -30.59 14.401	-4.424346018696 -13.97730330754 4.840193376596 -5.507104058285 0.9117759155607|13.94010886343 18.81357580665 12.2565933986 3.8318479866 -1.204784148485|23.0738984375 18.12713671875 9.179859375 18.60691015625 1.88543359375 7.8062109375 1.36079296875 1.38883984375 17.2544921875 0.27021484375|-6.916564980176 -3.816962404845 5.890906594065 -12.07066630824 -13.2600199142 -20.39189890925 -4.328200607643 -0.2499622471494 2.123441663903 5.512958019521 4.665136988878 -7.217792468962 -11.16380186137 -0.4387597577263 -0.9991418818166 2.270166320999 5.23223662739 27.40781239218 -5.496341010163	-1.145 -2.463 -23.344 -3.762 5.024 -12.96 -14.282 8.953 -1.953 8.249 -19.054 13.877 -10.869 -6.086 -13.545 0.401 13.64 6.944 6.254 -3.604 2.131 -9.55 -8.036 3.898 -4.583 10.846 -5.301 -3.358 -2.656 0.204 0.238 0.34 6.863 -2.998 1.94 -30.59 14.401 14.401
wavedec	bior2.4	periodization	1	-12.697 -9.677 4.334 -20.862 -6.741 -4.627 12.937 15.776 -2.436 -11.546	-21.32885958849 -3.65566471893 -21.36347467514 21.03844862375 0.1796824622256|3.885905316011 13.90065865796 5.462399884666 -7.442652425379 2.813931435732	-12.697 -9.677 4.334 -20.862 -6.741 -4.627 12.937 15.776 -2.436 -11.546
wavedec	bior2.4	reflect	-	6.723 14.628 -12.768 13.193 11.694 -8.866 -10.553 -9.502 11.084 -11.882 15.968 -12.138 -4.78 -14.744 0.411 4.642 8.031 2.004 -10.768 22.442 1.123 4.219 0.653 -1.543 -0.643 0.028 7.3 -8.023 -17.271 -12.471 0.752 4.727 14.876 9.489 -7.853 -0.795 1.814 -3.685 -23.413 -10.396	1.620930419922 14.19369165039 7.10383203125 14.19369165039 1.620930419922 -2.395574584961 -16.60359851074 9.526238769531 9.792325927734 4.173263183594 -26.7019732666 22.06938464355 -10.16765722656 -26.89283764648 -26.89283764648 -10.16765722656|18.09440234375 18.09440234375 18.09440234375 18.09440234375 22.96373828125 -9.55075390625 0.452703125 11.14272265625 3.9531640625 -16.29827734375 -0.0956328125 15.3685234375 10.7851875 -21.570375 10.7851875 15.3685234375|-9.708576105691 -12.48078824133 -12.48078824133 -9.708576105691 6.672613140667 6.90666548524 17.96616909639 12.538417444 8.880907618312 -0.2976919548795 -2.384717619552 -19.27891283566 -2.355372688132 1.094601297277 2.333805931306 2.147836847854 2.977980208967 2.182838633523 -4.226730784543 -1.572959034749 -5.030711194752 -9.204408970705 -5.030711194752 -1.572959034749	6.723 14.628 -12.768 13.193 11.694 -8.866 -10.553 -9.502 11.084 -11.882 15.968 -12.138 -4.78 -14.744 0.411 4.642 8.031 2.004 -10.768 22.442 1.123 4.219 0.653 -1.543 -0.643 0.028 7.3 -8.023 -17.271 -12.471 0.752 4.727 14.876 9.489 -7.853 -0.795 1.814 -3.685 -23.413 -10.396
wavedec	bior2.4	reflect	3	-22 3.916 -6.088 3.612 1.606 6.168 10.558 -16.498 12.039 -7.458 5.276 6.828 -14.22 1.704 -0.509 18.688 -2.966 -4.883 -0.604 8.758 -15.55 5.092 7.155 13.508 4.36 -1.686 0.25 -14.809 -23.054 1.431 1.062 5.303 -1.29 -8.487 -15.394 -3.185 -8.006	2.048610975568 -6.61190184619 -7.460863014497 -6.61190184619 2.048610975568 -0.7591283355436 10.79038764305 -14.854449731 -18.45420416433 -18.41546258022 -18.41546258022 -18.45420416433|21.35132455738 21.35132455738 21.35132455738 21.35132455738 0.2164633654993 -11.06840709716 -25.51164871885 -18.81456508287 -5.065758900929 -16.08284059368 -5.065758900929 -18.81456508287|-4.16294921875 -4.16294921875 -4.16294921875 -4.16294921875 -1.66293359375 -9.67738671875 -11.56819140625 -5.60553125 -13.0176953125 -4.729234375 -17.10071875 11.740640625 11.740640625 11.740640625 11.740640625 -17.10071875|-4.138695990285 -12.69963779011 -12.69963779011 -4.138695990285 -0.06081118318204 19.65509364325 11.39537933221 -7.990306627408 -6.41239784519 -14.44300955913 2.190616808116 -11.90414266128 -6.568668443832 -5.480431107586 2.822063163716 2.409112803503 -8.787215969805 -3.830397433688 0.1025304832721 -6.021014241803 -6.021014241803 0.1025304832721 -3.830397433688	-22 3.916 -6.088 3.612 1.606 6.168 10.558 -16.498 12.039 -7.458 5.276 6.828 -14.22 1.704 -0.509 18.688 -2.966 -4.883 -0.604 8.758 -15.55 5.092 7.155 13.508 4.36 -1.686 0.25 -14.809 -23.054 1.431 1.062 5.303 -1.29 -8.487 -15.394 -3.185 -8.006 -3.185
wavedec	bior2.4	reflect	1	-8.269 12.576 5.403 8.883 4.776 11.12 -16.25 -10.923 2.36 2.729	14.75931830973 13.06913422891 -0.4338763015187 13.06913422891 14.75931830973 -17.8497284969 0.9685595135303 0.9685595135303 -17.8497284969|-2.682409574431 -9.905858897642 -9.905858897642 -2.682409574431 -11.91969901046 2.81287077556 -0.2609224022578 2.81287077556 -11.91969901046	-8.269 12.576 5.403 8.883 4.776 11.12 -16.25 -10.923 2.36 2.729
wavedec	bior2.4	antisymmetric	-	4.595 -17.03 -2.663 11.655 12.829 -7.708 7.546 -13.332 14.441 7.893 6.768 -6.442 -7.489 18.845 15.542 6.842 5.089 6.575 14.495 0.472 -0.632 10.272 -25.995 -4.975 -7.758 -3.298 6.612 4.549 13.3 -18.936 -8.554 -12.077 -2.347 2.186 9.713 20.196 11.34 -8.523 0.054 -2.3	3.638036743164 -6.195611938477 2.873559570313 -2.979906860352 7.323045776367 7.023974487305 5.391118774414 22.83478125 1.707396118164 -16.4318963623 4.482311767578 -12.13316479492 20.93682458496 -1.556774169922 -4.85653137207 5.704529663086|-10.28238671875 -26.8744140625 -23.27329296875 7.4047109375 14.6640546875 -3.136703125 -20.29308984375 -7.3014765625 14.10894921875 -4.67819140625 17.32071484375 -10.11180859375 10.79283984375 -7.7555546875 0.5880234375 6.3624609375|0.01732411613907 10.89474773113 12.72509363423 -4.647105765958 12.65402940272 17.20072600575 1.917320037187 4.300269889786 -10.47826183701 2.456135404451 2.274762515077 4.567556253075 -16.67746698768 -8.415631356292 1.926865978733 3.823326365876 15.0677384003 4.685643085533 1.058538851436 -6.837369020683 10.05505842847 2.458610278186 3.864692112575 3.89156217026	4.595 -17.03 -2.663 11.655 12.829 -7.708 7.546 -13.332 14.441 7.893 6.768 -6.442 -7.489 18.845 15.542 6.842 5.089 6.575 14.495 0.472 -0.632 10.272 -25.995 -4.975 -7.758 -3.298 6.612 4.549 13.3 -18.936 -8.554 -12.077 -2.347 2.186 9.713 20.196 11.34 -8.523 0.054 -2.3
wavedec	bior2.4	antisymmetric	3	2.04 5.364 -9.131 -17.697 23.3 -6.255 10.775 2.372 -1.491 6.404 -16.646 -1.547 -6.73 -3.56 0.09 1.199 9.512 1.478 4.422 5.145 12.73 -2.064 0.196 12.72 -23.195 4.667 -10.551 -3.556 4.159 -16.066 8.926 -3.256 9.337 -5.367 1.375 -9.467 -4.94	-0.8372702111218 -1.16227572587 1.939868362421 -2.664941846109 6.980888335097 -12.1505665463 17.45531233268 -14.00784908022 2.669671910716 -2.066614884633 1.650519165133 -0.2787432888018|8.600681684302 14.89287461357 11.59684697579 7.832570672532 -4.340681016436 -6.204949573251 13.51076341422 -7.170560032004 -11.6452641964 -11.84417824537 -12.81256547068 -8.73378499786|13.64228515625 14.75759375 10.51709765625 19.889578125 2.25839453125 8.27328515625 2.58771484375 5.30116015625 -4.4516484375 -1.80248046875 1.34755078125 2.82655859375 -11.682046875 -5.14955078125 -8.0204453125 6.18527734375|-2.096218052828 0.2672863632885 -6.299967866982 17.52316669797 16.47028470079 1.605132393293 -10.94070967191 -7.170769868013 0.1697056274848 2.546998625834 3.881309121933 2.426083366251 6.029499523178 -17.12577268695 -15.23108006676 0.2545584412272 15.98662366246 8.759285251948 7.582306014663 5.433762060028 -1.892571299846 6.216882820192 9.650946903025	2.04 5.364 -9.131 -17.697 23.3 -6.255 10.775 2.372 -1.491 6.404 -16.646 -1.547 -6.73 -3.56 0.09 1.199 9.512 1.478 4.422 5.145 12.73 -2.064 0.196 12.72 -23.195 4.667 -10.551 -3.556 4.159 -16.066 8.926 -3.256 9.337 -5.367 1.375 -9.467 -4.94 4.94
wavedec	bior2.4	antisymmetric	1	5.493 -14.1 8.985 7.836 20.666 -3.3 8.575 13.111 -4.344 -9.928	-22.63652099778 11.06815462067 -6.343410739851 3.014672421785 19.45349087081 10.52602469037 -6.072865056243 10.70622643414 -15.52753458477|8.568012867637 10.81130913095 15.08895160374 4.942322847103 12.67170707225 -7.774992612537 8.994398256693 -4.197032299733 2.594728333564	5.493 -14.1 8.985 7.836 20.666 -3.3 8.575 13.111 -4.344 -9.928
wavedec	bior2.4	antireflect	-	-13.483 -0.718 -5.301 -4.85 -2.539 0.31 6.771 -12.633 3.553 5.897 -9.753 14.532 6.889 -1.818 4.703 9.008 -1.079 -17.132 -12.787 -3.417 -8.002 -9.129 9.405 -3.335 4.059 -1.449 6.54 -14.646 1.187 16.629 10.644 0.561 -5.601 -6.596 1.263 8.433 4.802 2.981 -10.022 -10.311	-95.88626904297 -68.49166748047 -48.08459375 -27.67752001953 -0.2829184570313 -2.26577746582 15.11225195313 -8.622498413086 -16.67935546875 3.650703125 8.428033813477 -3.852779052734 11.82353991699 -29.0353059082 -86.5431628418 -127.402008667|5.6926015625 -5.6926015625 5.6926015625 -5.6926015625 -1.8969453125 5.5948046875 -0.97458203125 8.70004296875 -7.23903515625 0.82683984375 -18.80361328125 -1.3718359375 6.355171875 0 -6.355171875 1.3718359375|-0.6576093065035 6.133444220012 -6.133444220012 0.6576093065035 1.277034846823 12.58296517121 -6.361839710335 -11.28825265486 5.383911031954 -5.088340397418 7.211782061322 -4.933837565729 6.951213212454 7.118443966205 4.771910112837 13.08819296637 -7.575588500242 1.386282844516 3.130361720313 -3.818730171798 -3.953434013614 4.440892098501e-16 3.953434013614 3.818730171798	-13.483 -0.718 -5.301 -4.85 -2.539 0.31 6.771 -12.633 3.553 5.897 -9.753 14.532 6.889 -1.818 4.703 9.008 -1.079 -17.132 -12.787 -3.417 -8.002 -9.129 9.405 -3.335 4.059 -1.449 6.54 -14.646 1.187 16.629 10.644 0.561 -5.601 -6.596 1.263 8.433 4.802 2.981 -10.022 -10.311
wavedec	bior2.4	antireflect	3	22.234 -19.509 7.037 -18.361 -8.556 -12.706 6.4 -1.457 10.032 9.097 -22.83 -6.632 27.86 -4.799 15.215 11.482 14.044 4.247 -2.242 14.232 -9.894 22.878 13.746 -2.008 -4.453 7.476 9.357 -6.963 -8.125 -2.072 5.825 12.83 2.08 -2.787 -3.35 20.039 19.643	814.2400786706 607.3679186658 387.2207366361 167.0735546063 -39.79860539849 24.70729057712 22.88625528645 -10.88717820299 49.97785112375 147.4095222423 243.3812000751 340.8128711936|2.480252821115 -2.480252821115 2.480252821115 -2.480252821115 -14.96219084466 -6.233715103514 -4.206133968988 8.603106149057 -8.881784197001e-15 0 1.42108547152e-14 -8.603106149057|-12.9077734375 12.9077734375 -12.9077734375 12.9077734375 -1.3974765625 33.9979609375 7.8560234375 5.36288671875 -18.214390625 -17.3857734375 -12.51191796875 11.91965625 -11.91965625 11.91965625 -11.91965625 12.51191796875|-12.44614000906 -24.14380749022 24.14380749022 12.44614000906 8.222237651637 6.839843894417 -10.95732668127 6.467905727513 18.62271774272 2.225618593785 1.169554616083 -14.35426765809 -14.81530127942 4.705442075406 -3.552504468681 5.359162294613 0.651952452254 -6.277340449984 1.521693793113 -8.409267395261 8.409267395261 -1.521693793113 6.277340449984	22.234 -19.509 7.037 -18.361 -8.556 -12.706 6.4 -1.457 10.032 9.097 -22.83 -6.632 27.86 -4.799 15.215 11.482 14.044 4.247 -2.242 14.232 -9.894 22.878 13.746 -2.008 -4.453 7.476 9.357 -6.963 -8.125 -2.072 5.825 12.83 2.08 -2.787 -3.35 20.039 19.643 19.247
wavedec	bior2.4	antireflect	1	-22.205 7.713 -3.526 -12.835 -19.407 -0.941 -24.935 -2.578 -10.513 3.994	-41.33010409822 -65.84073427973 -31.40261215249 3.035509974743 -21.47512020677 -19.90042655069 -8.911976122511 20.20871405875 31.19716448693|-0.9676756300538 14.55119689665 -14.55119689665 0.9676756300538 -15.01187696459 -10.70983930785 0 10.70983930785 15.01187696459	-22.205 7.713 -3.526 -12.835 -19.407 -0.941 -24.935 -2.578 -10.513 3.994
wavedec	rbio1.5	zero	-	-13.916 -0.265 1.623 -12.795 -9.642 2.466 -1.209 11.844 -16.313 -3.465 10.748 14.091 -7.76 -19.842 2.038 -2.623 0.044 0.636 3.239 -8.924 2.401 10.407 -5.807 -9.012 8.206 4.804 -6.894 11.258 -7.175 8.03 7.596 4.369 7.2 1.887 27.68 -6.771 6.074 -10.272 14.803 14.808	0 0 0 -12.6765 1.7295 2.5305 -14.0935 -2.5025 -1.0055 8.687 6.41 14.998 12.7065 0 0 0|0 0.29710546875 -2.21930859375 -1.26655078125 -5.96148046875 -25.26653125 -14.3094453125 5.28770703125 15.25614453125 5.18737109375 -4.791671875 -4.6251875 -19.332046875 -1.8324140625 0.29780859375 0|0.2350190921252 -1.538321851015 -10.89156575062 10.87015919767 -5.818599401417 -11.35823965338 -7.02012297799 -3.128792827142 5.11433762017 7.23891728405 -1.708137963934 10.31040131629 -6.975531056601 2.124286877478 4.935058429781 -14.75653407678 -9.762763687071 3.0081040627 4.927600662948 22.45351292397 12.76655329355 0.8531850984906 -3.668315301187 0.4907376304152	-13.916 -0.265 1.623 -12.795 -9.642 2.466 -1.209 11.844 -16.313 -3.465 10.748 14.091 -7.76 -19.842 2.038 -2.623 0.044 0.636 3.239 -8.924 2.401 10.407 -5.807 -9.012 8.206 4.804 -6.894 11.258 -7.175 8.03 7.596 4.369 7.2 1.887 27.68 -6.771 6.074 -10.272 14.803 14.808
wavedec	rbio1.5	zero	3	-4.68 -1.177 9.124 1.919 1.087 15.144 -7.249 -3.627 8.284 1.182 -21.252 -9.172 7.694 13.668 11.759 -3.317 -10.169 -1.394 -17.698 -4.865 -3.59 -2.963 -5.897 6.376 10.414 -5.251 7.348 -2.197 -4.808 3.761 13.528 -6.384 8.895 -2.066 -13.825 17.51 11.492	0 0 0 1.833527883617 -5.516493553427 -1.528057754144 1.499066376115 5.872875371145 4.063035564698 0 0 0|0 -0.04297330977227 0.4444304226551 -2.745861359499 8.690143467 23.71379541678 -4.74651779784 -1.156776975576 3.088769478473 -0.5606887211712 0.09522739604761 0|0 -0.0607734375 0.38291796875 -7.744203125 10.957484375 22.5067734375 5.46230859375 2.050265625 0.58087890625 0.5288203125 -4.2841640625 2.1565 4.91390234375 -0.8643828125 0.134671875 0|0.09706697853304 -0.8948381073198 -1.403888698513 7.959392802818 -12.85764853435 -2.696093195501 2.561091043012 -7.416235357976 0.847793409284 6.528556706815 -9.510392857449 -8.333446765794 2.079833062882 -7.713728439073 11.55338455218 5.884150409742 -5.844591099897 15.0614075849 7.122404869034 -21.47208185731 7.791394175297 -1.335597651412 0.1904547920952	-4.68 -1.177 9.124 1.919 1.087 15.144 -7.249 -3.627 8.284 1.182 -21.252 -9.172 7.694 13.668 11.759 -3.317 -10.169 -1.394 -17.698 -4.865 -3.59 -2.963 -5.897 6.376 10.414 -5.251 7.348 -2.197 -4.808 3.761 13.528 -6.384 8.895 -2.066 -13.825 17.51 11.492 2.6645352591e-15
wavedec	rbio1.5	zero	1	13.842 -5.019 7.691 4.399 -13.141 4.81 -5.467 -1.569 12.018 -8.483	0 0 6.238803130409 8.548920984545 -5.890906594065 -4.975203312429 2.499622471494 0 0|-0.146221948369 0.8719289524637 14.94415491748 0.3596079924072 -14.93009564593 -1.113814714347 15.21344106713 -0.5462289399232 0.05858490167565	13.842 -5.019 7.691 4.399 -13.141 4.81 -5.467 -1.569 12.018 -8.483
wavedec	rbio1.5	constant	-	17.033 12.338 -0.775 3.643 13.768 11.284 -23.932 -11.212 13.719 0.607 12.076 15.102 -2.044 -1.09 -8.213 16.294 -0.573 7.867 5.946 19.319 3.139 5.491 -2.566 -3.206 10.987 -12.401 -14.107 5.222 -6.358 5.579 -13.261 12.959 1.547 -1.942 -15.14 -0.78 3.916 10.616 -26.433 -0.751	34.066 34.066 34.066 16.1195 -5.046 20.752 2.4735 16.2795 1.429 -5.1495 -0.5405 -8.1575 -6.326 -1.502 -1.502 -1.502|2.22044604925e-16 0.42062109375 -2.1678671875 6.841171875 31.63466015625 -5.1373359375 -6.52796875 -8.55795703125 3.58853125 3.969734375 -0.5737421875 6.68262890625 22.02444921875 0.67313671875 -0.1130625 5.551115123126e-17|0.07780936728916 -0.05356333867488 -0.3223633524169 -2.501898471446 -2.613958323449 -10.70085684202 17.31294606164 -4.978048312368 -2.878974211058 -16.03000576834 -4.074503952805 -9.064186381433 -5.290849150424 -0.2021772967021 16.31541174289 -13.68114619657 -7.414495212381 -18.37708100033 0.315231517616 -7.89440527021 -6.088228055918 -20.34753900727 3.386964142079 -0.425623039557	17.033 12.338 -0.775 3.643 13.768 11.284 -23.932 -11.212 13.719 0.607 12.076 15.102 -2.044 -1.09 -8.213 16.294 -0.573 7.867 5.946 19.319 3.139 5.491 -2.566 -3.206 10.987 -12.401 -14.107 5.222 -6.358 5.579 -13.261 12.959 1.547 -1.942 -15.14 -0.78 3.916 10.616 -26.433 -0.751
wavedec	rbio1.5	constant	3	-14.499 -3.709 14.242 -6.677 6.394 -6.892 1.597 -1.49 6.236 6.863 -0.716 -5.02 13.44 8.14 13.754 -14.338 12.905 1.848 0.009 -11.728 2.036 5.615 -0.38 4.943 4.4 -9.974 13.035 9.874 -5.476 10.078 16.142 -2.302 -17.188 12.831 -12.499 -11.252 -7.624	-41.0093648817 -41.0093648817 -41.0093648817 -24.26755117693 2.464974239216 8.495887975956 10.44714913864 -3.417447073475 -21.56392839906 -21.56392839906 -21.56392839906 -21.56392839906|-7.771561172376e-16 -0.3923862587054 1.85856940736 -10.42994103221 1.683751066391 7.23378799775 -3.294973969264 11.66053332661 -2.368666848046 0.4253081560685 -4.440892098501e-16 -4.440892098501e-16|2.22044604925e-16 -0.55491796875 3.39433984375 -8.70199609375 0.319203125 11.09516796875 10.56226171875 12.3644375 2.802921875 -13.3413359375 -8.02375 6.05191015625 0.3682734375 0.027984375 -1.665334536938e-16 -1.665334536938e-16|-0.178820675836 0.7053997812226 -3.658360563534 16.46198172038 7.969375161831 4.055771147376 -1.519373598988 4.085569069076 4.346397558715 19.13348638242 6.696041577065 7.350877699161 -0.2150433255566 -5.945099699717 12.44414574696 3.318148289163 -12.12069963729 12.72634211964 -25.46625185065 -1.723318662643 1.213897945243 -0.1409186475101 5.551115123126e-17	-14.499 -3.709 14.242 -6.677 6.394 -6.892 1.597 -1.49 6.236 6.863 -0.716 -5.02 13.44 8.14 13.754 -14.338 12.905 1.848 0.009000000000001 -11.728 2.036 5.615 -0.38 4.943 4.4 -9.974 13.035 9.874 -5.476 10.078 16.142 -2.302 -17.188 12.831 -12.499 -11.252 -7.624 -7.624
wavedec	rbio1.5	constant	1	5.792 -11.278 1.75 0.637 -6.428 7.571 11.66 -3.117 6.93 9.967	8.191124953265 8.191124953265 -3.879187801589 1.687863886692 0.8082230508962 6.040813231677 11.94798328171 14.09546657617 14.09546657617|0.2828979551919 -1.922164823493 11.12560152237 1.643056518706 -9.521573983426 12.07276000723 -1.074509521002 0.1803177534743 -0.05033163971399	5.792 -11.278 1.75 0.637 -6.428 7.571 11.66 -3.117 6.93 9.967
wavedec	rbio1.5	symmetric	-	-9.55 -6.743 15.526 12.035 -4.816 3.814 -0.751 -18.63 9.105 -3.512 9.857 -8.531 11.649 -11.545 -7.59 7.313 -12.181 6.22 -2.709 -9.916 7.044 -6.948 4.807 -12.704 -0.096 3.674 7.273 4.952 7.854 8.155 11.517 6.122 -11.135 -0.011 -0.707 -5.201 -9.551 -8.651 2.413 0.251	5.634 5.634 5.634 5.634 -10.1915 3.4595 -0.0865 -9.293 -3.9005 7.9015 16.824 -8.527 -7.769 -7.769 -7.769 -7.769|24.59604296875 -22.29791015625 22.29791015625 -24.59604296875 8.94983203125 4.2201484375 -2.14878125 2.572359375 6.55546484375 -0.7794296875 -3.54798046875 -6.47864453125 -9.7263203125 10.415234375 -10.415234375 9.7263203125|-4.37806268426 -3.818271657245 3.818271657245 4.37806268426 -12.17009215081 13.87866653221 11.41984080742 12.01857242585 16.39729802272 -11.04390859206 -14.51204085864 5.95853472856 10.31036264638 12.39349369949 -0.4840090674505 2.728780311316 0.6891639466139 0.8151007691976 -10.16064383401 2.56837203315 0.1765225787971 4.268439036089 -4.268439036089 -0.1765225787971	-9.55 -6.743 15.526 12.035 -4.816 3.814 -0.751 -18.63 9.105 -3.512 9.857 -8.531 11.649 -11.545 -7.59 7.313 -12.181 6.22 -2.709 -9.916 7.044 -6.948 4.807 -12.704 -0.096 3.674 7.273 4.952 7.854 8.155 11.517 6.122 -11.135 -0.011 -0.707 -5.201 -9.551 -8.651 2.413 0.251
wavedec	rbio1.5	symmetric	3	12.135 -9.819 14.574 3.375 -1.208 -11.409 5.378 2.599 -9.002 11.497 3.792 -6.965 21.985 2.187 -13.292 -2.619 -2.454 12.354 -25.715 9.122 5.739 -14.258 17.259 -11.754 -4.522 -23.116 2.002 -15.425 5.902 4.282 -20.935 -8.382 18.788 -6.59 -4.828 7.525 8.839	14.32951892075 14.32951892075 14.32951892075 14.32951892075 -1.880196931175 0.5543717164503 -15.5828656904 -1.498359269334 15.82893885025 12.46982808622 12.46982808622 15.82893885025|2.463189899448 -0.3799152152794 0.3799152152794 -2.463189899448 -3.067310444945 3.30285710502 12.68377484384 -6.91107937835 0.3216590077716 0.9540168682063 -0.9540168682063 -0.3216590077716|9.71134765625 -8.10835546875 8.10835546875 -9.71134765625 -11.9561171875 4.25859375 19.50553125 12.75079296875 -9.6444765625 -8.7457109375 24.28512890625 7.37864453125 7.8440078125 0 -7.8440078125 -7.37864453125|-6.010203242032 -17.93032762142 17.93032762142 6.010203242032 5.998292912186 4.15172222302 -16.45978306023 10.6367310958 12.32847854552 -9.059076430085 -10.01194148764 -27.22693668726 17.44778248597 18.13914509274 10.5375869911 17.49650656262 -1.446342726743 -8.898695773277 21.71154798818 -8.59944597377 3.885780586188e-16 8.59944597377 -21.71154798818	12.135 -9.819 14.574 3.375 -1.208 -11.409 5.378 2.599 -9.002 11.497 3.792 -6.965 21.985 2.187 -13.292 -2.619 -2.454 12.354 -25.715 9.122 5.739 -14.258 17.259 -11.754 -4.522 -23.116 2.002 -15.425 5.902 4.282 -20.935 -8.382 18.788 -6.59 -4.828 7.525 8.839 8.839
wavedec	rbio1.5	symmetric	1	-1.902 0.414 13.294 -5.833 -0.782 0.154 -1.59 -3.395 -2.509 24.912	5.275723694433 -1.052174890406 -1.052174890406 5.275723694433 -0.4440630585852 -3.524927304215 15.84131321892 15.84131321892 -3.524927304215|-13.68730575955 0.4159942339351 -0.4159942339351 13.68730575955 -2.570404965146 3.827745783258 -15.98879470125 15.98879470125 -3.827745783258	-1.902 0.414 13.294 -5.833 -0.782 0.154 -1.59 -3.395 -2.509 24.912
wavedec	rbio1.5	periodic	-	-9.129 -18.237 1.901 -2.785 16.381 -1.605 0.143 -0.67 -11.475 1.016 8.803 1.238 -7.209 -8.476 12.268 -14.977 -1.994 0.901 -13.319 -25.803 23.319 -18.008 -0.524 8.318 8.442 4.002 -8.984 -17.712 -10.222 4.45 6.397 -3.626 -16.662 3.664 13.963 16.911 -2.391 -4.423 11.7 9.712	7.299 -14.125 7.299 -14.125 7.1245 -0.209 -9.197 -20.1075 6.5525 -7.126 -1.5005 8.938 7.299 -14.125 7.299 -14.125|-18.28319140625 -12.7004609375 -14.10891015625 -13.5971484375 10.4299375 -12.91504296875 -9.8946484375 21.8835625 0.80930859375 17.50513671875 -1.52799609375 -20.259546875 -18.28319140625 -12.7004609375 -14.10891015625 -13.5971484375|0.5250046879441 -0.5657185705796 3.372799909369 8.798778270532 12.48121361026 -2.673090128026 -7.043275200802 4.750288113294 -0.8088749149601 21.85331737354 -6.820453700652 9.431760373672 34.70014385957 -5.591270095537 -0.8684762826337 4.041010293318 -6.371783399446 5.25502977254 -10.93991417678 -1.64191851873 0.5250046879441 -0.5657185705796 3.372799909369 8.798778270532	-9.129 -18.237 1.901 -2.785 16.381 -1.605 0.143 -0.67 -11.475 1.016 8.803 1.238 -7.209 -8.476 12.268 -14.977 -1.994 0.901 -13.319 -25.803 23.319 -18.008 -0.524 8.318 8.442 4.002 -8.984 -17.712 -10.222 4.45 6.397 -3.626 -16.662 3.664 13.963 16.911 -2.391 -4.423 11.7 9.712
wavedec	rbio1.5	periodic	3	-14.561 -8.114 2.238 -1.178 0.697 -5.033 16.526 8.531 -5.557 13.844 7.837 5.791 -17.799 4.57 18.665 0.333 10.889 1.22 0.951 -7.992 -4.7 5.713 5.351 6.018 -11.399 14.89 6.519 -8.218 0.88 4.308 -4.933 3.119 -1.856 -11.397 6.405 7.028 -3.602	-10.43406766319 -7.963790123113 -3.919846441508 -8.195721147343 15.07410236133 3.831458093859 5.011265758269 1.256528750168 -10.43406766319 -7.963790123113 -3.919846441508 -8.195721147343|-7.939491613918 -4.306139428497 -0.0624795132439 10.07652574841 1.435705741531 -1.703246221319 3.899412160386 -1.248966022173 -7.939491613918 -4.306139428497 -0.0624795132439 10.07652574841|16.60575390625 -2.348859375 -5.81848828125 -10.2835234375 -11.04159765625 -4.26812890625 -17.46356640625 10.37912109375 -5.43146484375 1.87815625 3.78927734375 -15.61366796875 -6.36419140625 2.707640625 12.56684765625 7.1488984375|-11.95960634942 5.370824032231 -4.857138577057 4.28580182213 6.455045222931 6.979154978855 -14.96020845112 -1.067769909494 -15.22797542605 16.38465296473 3.436362179871 5.10154893112 -4.982837855957 -0.2590110042399 -20.24652769873 10.84535521761 -2.160443235937 -8.18561173008 8.98652616948 -0.9699405814623 5.190815637973 -5.138854338099 0.4347988548973	-14.561 -8.114 2.238 -1.178 0.697 -5.033 16.526 8.531 -5.557 13.844 7.837 5.791 -17.799 4.57 18.665 0.333 10.889 1.22 0.951 -7.992 -4.7 5.713 5.351 6.018 -11.399 14.89 6.519 -8.218 0.88 4.308 -4.933 3.119 -1.856 -11.397 6.405 7.028 -3.602 -14.561
wavedec	rbio1.5	periodic	1	6.733 0.12 -8.891 11.466 9.908 -3.171 6.155 -5.265 -2.496 9.751	0.629325035256 5.130059697508 4.845802771471 1.820799961555 4.763778384854 0.629325035256 5.130059697508 4.845802771471 1.820799961555|8.067215538405 -7.866253581484 4.010416876489 -14.30318471742 9.036802566477 8.067215538405 -7.866253581484 4.010416876489 -14.30318471742	6.733 0.12 -8.891 11.466 9.908 -3.171 6.155 -5.265 -2.496 9.751
wavedec	rbio1.5	smooth	-	-15.842 -6.968 -2.296 4.179 4.244 -2.836 5.208 -4.705 0.889 4.073 -0.264 5.837 13.789 15.801 4.188 7.946 -8.161 -10.923 -3.871 -0.478 8.155 5.19 -8.193 -16.517 -3.967 -4.521 -7.148 0.29 3.926 -3.95 16.567 -4.592 -3.61 5.344 14.526 12.569 -10.229 -6.956 -5.306 6.506	-218.038 -147.046 -76.054 -10.4635 0.9555 5.2675 20.862 -11.7165 -5.6825 -7.673 5.9755 14.4145 -7.9925 72.072 166.568 261.064|-9.769962616701e-15 0.12659765625 0.59445703125 -2.68033984375 0.884796875 3.145296875 5.964453125 -11.62654296875 20.07137890625 0.5762734375 -2.1490703125 -16.9502734375 -3.04650390625 0.59773828125 0.33823828125 -5.551115123126e-16|-4.884981308351e-15 0.1790361224334 -0.5377547070924 -2.60983721674 4.378338897846 7.380327591743 -2.102305800272 -1.513678074836 -0.2268045000656 -8.408416657415 0.2190097526573 2.152620867171 -0.5535872698649 3.274086697861 2.782923698522 -4.838770373562 7.688615099797 14.61263232253 -4.209434289762 -0.7369212757027 -6.235665344067 -1.512617414664 0.4783411646575 -5.134781488891e-16	-15.842 -6.968 -2.296 4.179 4.244 -2.836 5.208 -4.705 0.889 4.073 -0.264 5.837 13.789 15.801 4.188 7.946 -8.161 -10.923 -3.871 -0.478 8.155 5.19 -8.193 -16.517 -3.967 -4.521 -7.148 0.29 3.926 -3.95 16.567 -4.592 -3.61 5.344 14.526 12.569 -10.229 -6.956 -5.306 6.506
wavedec	rbio1.5	smooth	3	-8.208 17.404 -3.996 0.098 -3.293 -15.586 -13.396 -0.991 6.539 7.738 -12.783 7.89 4.134 21.323 -7.259 -1.039 17.37 -17.327 -6.079 -8.095 -10.041 6.294 13.539 -0.707 27.18 4.571 -5.063 -4.267 -23.678 -2.601 -5.885 -1.263 15.323 1.002 1.264 9.938 -8.473	-1798.036780055 -1218.503375903 -638.9699717514 -100.2868334553 -8.443562074149 1.070559666716 11.13905312403 -2.0859650045 -206.2248643059 -622.8182386555 -1039.411613005 -1456.004987355|-4.973799150321e-14 0.9574281059983 5.366526148826 -24.24512263372 -12.89518043647 12.12686472453 -0.6220164237599 -44.28752296782 22.08226529103 -4.979401758942 8.859579736509e-14 -1.95399252334e-14|2.13162820728e-14 1.3540078125 -3.3212109375 20.221640625 -5.48209765625 14.14608203125 14.36037890625 6.26186328125 -4.5555078125 16.3989453125 -7.32854296875 -1.56512890625 4.93960546875 -1.43778515625 -6.772360450213e-15 6.217248937901e-15|0 1.914856211997 -10.18129356173 -7.61397666448 7.333487291762 -4.725589094398 -0.4287497773551 -13.3601804849 -12.33238420563 -7.333056398567 24.30434282664 0.6147299093506 -8.793933484226 14.30737763966 13.66695986677 -7.284348894741 -14.38285024001 1.569313015409 12.50707272622 -10.72657232692 1.707287226088 -0.4488746992603 -3.663735981263e-15	-8.208 17.404 -3.996 0.09800000000001 -3.293 -15.586 -13.396 -0.991 6.539 7.738 -12.783 7.89 4.134 21.323 -7.259 -1.039 17.37 -17.327 -6.079 -8.095 -10.041 6.294 13.539 -0.707 27.18 4.571 -5.063 -4.267 -23.678 -2.601 -5.885 -1.263 15.323 1.002 1.264 9.938 -8.473 -26.884
wavedec	rbio1.5	smooth	1	-6.222 2.191 -5.389 -3.568 -13.815 -10.964 -5.906 6.486 7.979 -2.063	-50.44146223594 -26.64590483545 -2.850347434963 -6.333555439088 -17.52139893102 0.4101219330882 4.1832437175 -24.2198214692 -52.6228866559|-2.6645352591e-15 0.6393460641707 -3.229268281331 -4.443354051813 -1.021741677456 -4.612772417168 3.690185892959 -0.7541293821355 3.497202527569e-15	-6.222 2.191 -5.389 -3.568 -13.815 -10.964 -5.906 6.486 7.979 -2.063
wavedec	rbio1.5	periodization	-	-3.415 3.777 -3.727 4.731 -2.958 -13.547 -5.969 -2.556 -4.447 4.325 -4.471 -17.829 -11.288 -7.732 2.149 -9.999 5.394 -6.789 20.606 -1.928 -3.755 1.561 -5.468 3.301 -11.654 -12.913 0.535 0.498 6.02 4.544 -5.324 4.02 4.816 -12.236 0.945 -15.121 20.259 -5.347 -13.325 -14.838	0.683 -12.515 -11.211 -13.435 8.6415 -2.1805 -11.767 4.63 -10.798 -6.6255|-1.323578125 -5.87468359375 10.74434765625 -2.41506640625 -8.0891015625 -3.944609375 -11.17383203125 6.2047265625 1.1516640625 23.9126328125|-1.020062298851 -8.356079707064 6.337477672015 -0.03605139729706 -7.835190601557 7.137596616286 -0.7372085378325 10.05284871978 11.55988109573 15.74265525013 -5.908330147095 -8.627271730464 1.067720191048 4.281470793096 0.4754906404459 -8.54081687792 10.42114086735 14.51960358663 16.27731084078 -0.950042154698	-3.415 3.777 -3.727 4.731 -2.958 -13.547 -5.969 -2.556 -4.447 4.325 -4.471 -17.829 -11.288 -7.732 2.149 -9.999 5.394 -6.789 20.606 -1.928 -3.755 1.561 -5.468 3.301 -11.654 -12.913 0.535 0.498 6.02 4.544 -5.324 4.02 4.816 -12.236 0.945 -15.121 20.259 -5.347 -13.325 -14.838
wavedec	rbio1.5	periodization	3	-24.958 -15.668 8.754 3.575 0.269 -17.049 8.076 8.219 -1.451 -13.109 -16.74 -12.814 -4.804 9.212 -3.964 -10.128 15.771 -9.429 3.961 13.052 -16.441 -1.018 0.815 12.509 1.18 -10.775 11.117 5.404 24.732 -12.753 -10.288 6.765 4.682 -2.232 -4.226 -11.439 3.598	-10.17597368806 -19.02046530714 6.795296167203 5.438358254106 0.4161323407283|-13.20549535225 -9.373614651599 13.67479052195 -1.844648242605 -11.83920484711|-27.39389453125 -17.6146328125 6.1011640625 15.090890625 -5.4567578125 -17.0159453125 -11.54740625 5.80301953125 9.98039453125 -1.19133203125|-5.926709399134 6.409409214185 12.29569199281 0.8628083798408 2.320094688877 0.03275340707543 -8.378055259998 3.821906628042 21.96180302173 -9.775298259622 -11.08992577555 -7.305009671004 8.354135163415 6.940877300051 23.87025107852 -12.68297658658 3.492538499074 6.292062634139 -3.197332466472	-24.958 -15.668 8.754 3.575 0.269 -17.049 8.076 8.219 -1.451 -13.109 -16.74 -12.814 -4.804 9.212 -3.964 -10.128 15.771 -9.429 3.961 13.052 -16.441 -1.018 0.815 12.509 1.18 -10.775 11.117 5.404 24.732 -12.753 -10.288 6.765 4.682 -2.232 -4.226 -11.439 3.598 3.598
wavedec	rbio1.5	periodization	1	4.59 5.994 -7.734 18.5 8.966 -0.096 -16.672 -4.717 -7.127 -0.491	7.484018172078 7.612711606254 6.272037149125 -15.1243069428 -5.386739459079|0.7400259164138 -18.53032429807 2.801534969974 -10.45429754626 -0.8379767784233	4.59 5.994 -7.734 18.5 8.966 -0.096 -16.672 -4.717 -7.127 -0.491
wavedec	rbio1.5	reflect	-	4.455 5.475 -5.574 -6.675 6.801 12.49 15.718 7.576 6.936 -7.626 -1.687 5.227 -14.733 -5.941 -15.322 -28.467 4.669 1.878 8.825 -1.74 -3.282 13.996 24.235 1.836 -18.234 -2.06 -34.075 4.068 -4.488 -10.476 2.207 5.647 -11.832 7.523 4.079 6.807 -1.635 -3.619 6.303 1.167	3.521 4.9155 0.0135 -1.1595 21.2925 1.425 -32.2315 6.816 18.3925 -25.1505 -3.555 3.2885 1.108 3.928 5.077 2.816|14.47121484375 4.70371484375 -1.34816015625 14.82863671875 -0.801546875 -11.50136328125 12.552046875 9.05486328125 -13.84484765625 1.16694921875 -6.11594140625 -7.47757421875 -6.4543984375 -0.55075390625 -2.59969921875 -8.01889453125|6.164645306732 -5.950817320956 -2.515504752713 1.528516268698 0.4729549997227 3.067224818733 8.558439304733 -6.205917140812 -12.08890192922 12.54444442446 7.636267100903 6.819238360872 -9.465115926366 12.68467806227 -17.82657074982 -26.02149087776 8.570636896708 -1.815214922838 -13.47848276396 -2.037472947272 0.8718460883878 4.69113421163 6.457277028709 -4.659253639488	4.455 5.475 -5.574 -6.675 6.801 12.49 15.718 7.576 6.936 -7.626 -1.687 5.227 -14.733 -5.941 -15.322 -28.467 4.669 1.878 8.825 -1.74 -3.282 13.996 24.235 1.836 -18.234 -2.06 -34.075 4.068 -4.488 -10.476 2.207 5.647 -11.832 7.523 4.079 6.807 -1.635 -3.619 6.303 1.167
wavedec	rbio1.5	reflect	3	-5.476 0.767 -12.339 8.264 13.691 0.906 -0.315 11.639 4.329 2.55 7.076 -9.205 25.26 3.247 -15.162 10.963 -2.365 6.72 -6.441 -7.226 9.942 7.533 4.287 2.882 16.022 12.217 5.364 -12.41 8.059 17.154 -8.024 3.797 13.493 -11.484 -4.99 -6.487 17.309	6.058844454597 -2.085257897719 -2.036113976427 0.5653318715586 10.84383604289 5.301886645337 16.20582676462 4.072227952853 -1.709784196909 -1.015758891174 0.05692209588552 -5.34572726577|10.32066817529 8.263363092516 9.819713404316 8.817163046843 7.871628697875 12.72586427014 1.302990637537 7.835939140376 -2.782791116001 1.076989919008 -1.653875804886 3.751613032438|6.55997265625 3.73580859375 17.22731640625 0.77183984375 2.63639453125 4.3715703125 15.15951171875 8.84718359375 7.813453125 17.32996875 12.4401015625 4.69258984375 14.78538671875 17.22646875 10.60963671875 4.330140625|2.701926826446 -12.43059470841 -3.381384627634 -12.60163720966 10.71981614259 -9.423004402983 -0.6075815017345 14.39820219114 15.35579602529 -21.21723615396 -7.391917513829 1.961204851795 3.839877083973 2.191948157602 0.8346953610169 12.38921791317 -5.653826948585 -11.10534954222 17.01878411639 2.332585067254 15.96575848814 5.036517204338 10.21932264831	-5.476 0.767 -12.339 8.264 13.691 0.906 -0.315 11.639 4.329 2.55 7.076 -9.205 25.26 3.247 -15.162 10.963 -2.365 6.72 -6.441 -7.226 9.942 7.533 4.287 2.882 16.022 12.217 5.364 -12.41 8.059 17.154 -8.024 3.797 13.493 -11.484 -4.99 -6.487 17.309 -6.487
wavedec	rbio1.5	reflect	1	-5.657 -3.576 8.192 -3.734 -12.231 3.292 5.073 0.453 -4.723 8.42	-11.28895976164 3.264004901957 -6.528716910695 3.15228203053 -6.320827517027 3.907472072837 2.614173770047 -3.019345955667 5.914948224625|-6.381666321567 9.204149329934 -1.607132179659 8.45360520015 -11.06090677617 4.947184206224 -10.77082726773 -2.73649771892 -0.1772131127632	-5.657 -3.576 8.192 -3.734 -12.231 3.292 5.073 0.453 -4.723 8.42
wavedec	rbio1.5	antisymmetric	-	5.159 -5.822 -8.654 0.675 -5.849 -8.303 3.5 7.516 5.494 -0.457 0.504 11.788 -3.165 -3.376 4.353 -4.324 10.977 -0.954 4.398 2.825 0.003 -3.643 -8.113 -11.267 -3.979 -7.168 7.284 -0.275 -0.537 1.975 -18.883 -5.096 22.845 3.996 0.9 10.809 7.9 -0.929 -15.11 -8.858	4.321 -4.321 4.321 -4.321 -1.568 8.6645 -3.256 8.623 -11.51 -2.069 -11.2705 19.275 -8.4985 8.4985 -8.4985 8.4985|2.34148046875 3.7960234375 3.7960234375 2.34148046875 -10.17453125 -4.221 -3.0591171875 0.23291015625 6.22015234375 -9.2864921875 16.30641796875 7.79476171875 13.5523203125 15.72207421875 15.72207421875 13.5523203125|-8.407549346754 7.08121589903 7.08121589903 -8.407549346754 3.949312906905 -0.8435728656838 4.236934114424 -9.204027795956 -1.423803698093 8.232661952388 9.262728707338 -0.2265780049247 -0.3042105955186 1.321405797342 5.377966915575 6.950743649357 -6.171915248326 -6.739445780032 17.57386293962 -9.421783538931 1.954691735427 -2.045538383995 -2.045538383995 1.954691735427	5.159 -5.822 -8.654 0.675 -5.849 -8.303 3.5 7.516 5.494 -0.457 0.504 11.788 -3.165 -3.376 4.353 -4.324 10.977 -0.954 4.398 2.825 0.002999999999999 -3.643 -8.113 -11.267 -3.979 -7.168 7.284 -0.275 -0.537 1.975 -18.883 -5.096 22.845 3.996 0.9 10.809 7.9 -0.929 -15.11 -8.858
wavedec	rbio1.5	antisymmetric	3	-16.849 -12.005 -7.121 5.498 17.671 22.261 -1.881 10.424 -0.98 -14.138 -6.515 0.84 10.031 -6.496 9.322 -12.711 -19.583 5.902 7.189 -12.436 6.126 4.164 -4.431 -0.002 26.818 16.485 -12.058 5.167 5.503 10.468 -19.312 11.322 -6.402 -11.457 9.377 -4.683 7.686	0 0 0 0 9.787064958403 -6.640439782123 14.94434826699 -1.832820776836 -1.659579615445 6.314110002605 -6.314110002605 1.659579615445|23.38828046734 21.32110903526 21.32110903526 23.38828046734 22.99835250956 7.673042177796 -9.708233600844 4.318817632113 0.2389192279651 -3.876801316203 -3.876801316203 0.2389192279651|-12.18228125 -13.8264140625 -13.8264140625 -12.18228125 16.88216015625 -9.01011328125 4.121703125 -4.39658203125 12.02546484375 25.21199609375 7.84362109375 -11.9390546875 3.51688671875 18.3572265625 3.51688671875 -11.9390546875|-0.2265338107509 -7.764104272961 -7.764104272961 -0.2265338107509 -2.237749894499 -15.32424138518 8.179341681669 -2.73605025291 11.940365311 13.48026157945 -18.35837581626 16.80756358687 0.5418868623449 0.907670990544 6.913653688976 -15.44273148947 -2.630724488144 -25.96499967507 5.380646187363 12.05777265803 9.136736642037 12.05777265803 5.380646187363	-16.849 -12.005 -7.121 5.498 17.671 22.261 -1.881 10.424 -0.98 -14.138 -6.515 0.84 10.031 -6.496 9.322 -12.711 -19.583 5.902 7.189 -12.436 6.126 4.164 -4.431 -0.002000000000002 26.818 16.485 -12.058 5.167 5.503 10.468 -19.312 11.322 -6.402 -11.457 9.377 -4.683 7.686 -7.686
wavedec	rbio1.5	antisymmetric	1	-5.457 19.662 -16.92 22.818 -19.165 -4.328 1.552 12.649 3.868 18.12	-4.170515795438 -10.04445182675 10.04445182675 4.170515795438 -16.61205961042 10.04162339963 15.54786390473 -15.54786390473 -10.04162339963|-33.15136456217 -15.0270189934 -15.0270189934 -33.15136456217 -9.611232913572 -1.857127572439 -14.6298735746 -14.6298735746 -1.857127572439	-5.457 19.662 -16.92 22.818 -19.165 -4.328 1.552 12.649 3.868 18.12
wavedec	rbio1.5	antireflect	-	-0.348 9.767 2.298 10.354 -12.597 -6.085 2.08 -0.079 2.73 6.059 -8.216 17.532 -0.777 -12.843 26.248 -0.98 -12.73 -6.439 17.755 1.542 5.507 -5.041 11.275 -0.833 -10.465 -3.723 -19.609 -11.632 7.949 -12.634 2.567 -8.932 9.618 -6.405 -9.67 10.125 -8.366 -11.318 -10.601 -0.079	4.717 3.721 -6.303 11.0355 -8.3405 9.0525 5.824 0.064 5.454 -22.7145 -5.525 1.834 -15.182 9.764 -9.6115 5.4645|17.1793359375 -13.67726171875 8.71721484375 -2.09165234375 -10.9665546875 2.42816796875 -21.31220703125 -18.5520546875 -8.6370625 6.598 5.5429296875 -1.04201171875 -3.04325390625 12.71133984375 -17.1759765625 11.184171875|14.05265347028 6.156309180694 -3.655537660681 -9.367861122594 -5.888696885374 4.920590362125 -1.548829015841 -21.31564000625 10.93400320603 18.41329812578 -5.407532817863 14.09635045965 6.299829760188 7.618246926526 -9.747848153406 -4.207114095636 17.28927455728 8.565604285164 12.40740933997 -16.70843053071 0.4293243016148 -2.380474978865 -0.04858596984793 12.20447521804	-0.348 9.767 2.298 10.354 -12.597 -6.085 2.08 -0.079 2.73 6.059 -8.216 17.532 -0.777 -12.843 26.248 -0.98 -12.73 -6.439 17.755 1.542 5.507 -5.041 11.275 -0.833 -10.465 -3.723 -19.609 -11.632 7.949 -12.634 2.567 -8.932 9.618 -6.405 -9.67 10.125 -8.366 -11.318 -10.601 -0.079
wavedec	rbio1.5	antireflect	3	4.174 -1.673 -4.578 8.421 -1.567 14.859 5.566 4.641 7.343 8.747 -6.082 7.86 2.493 -4.081 3.44 7.12 -8.546 -12.746 -11.536 12.13 4.835 -20.866 4.509 -8.032 9.645 -1.468 9.235 -4.006 3.003 -8.254 -10.991 8.928 -12.701 2.111 2.259 -16.966 5.091	20.89111629677 14.92808481102 12.78201573012 13.83560483409 14.62544310867 -4.145767058097 -2.173646245367 -11.52972962064 36.99936232559 66.54475851729 106.5507388765 146.3244346581|-6.501694935538 -7.874702955092 2.898171055312 10.11360189811 -0.7491658239878 8.19708564246 -13.44662705104 11.434002278 7.977343923798 -2.417573225654 3.020296130404 -20.53055536749|-4.57666796875 11.20898828125 -7.2183984375 -1.515625 2.81194921875 6.224484375 -8.88373828125 -13.3421640625 -3.1323359375 2.57976953125 -5.71441796875 6.32803515625 14.1331171875 -3.002234375 -19.50332421875 5.35630078125|10.34126542243 1.036474910155 1.755492021187 -7.669070226424 -11.06670173721 1.028348706443 -1.770584331548 -12.01281061044 6.335356351671 -4.977236244424 1.998002025775 -15.86160386898 17.18461170512 11.7331056843 8.743088087242 7.706646322718 7.38469729068 -14.40333423958 -12.63165610223 18.500051289 -12.44096376645 -1.989489123042 18.34421710782	4.174 -1.673 -4.578 8.421 -1.567 14.859 5.566 4.641 7.343 8.747 -6.082 7.86 2.493 -4.081 3.44 7.12 -8.546 -12.746 -11.536 12.13 4.835 -20.866 4.509 -8.032 9.645 -1.468 9.235 -4.006 3.003 -8.254 -10.991 8.928 -12.701 2.111 2.259 -16.966 5.091 27.148
wavedec	rbio1.5	antireflect	1	7.223 10.386 -0.292 13.012 -10.522 -20.858 -6.108 16.75 9.559 1.502	18.66903323689 13.29219327274 12.45144330991 8.994398256693 -22.18901079363 7.525030365387 7.821308106704 -14.35497476487 23.31613900285|11.8879786422 7.196756042221 -2.017651860312 -15.22600878531 7.164626877851 -10.45777231317 0.8700065059024 7.866043659158 -7.283978768535	7.223 10.386 -0.292 13.012 -10.522 -20.858 -6.108 16.75 9.559 1.502
