id,name,email,city,amount,note,tags,active
0,User 0,user0@example.com,Amsterdam,0.0,"said ""hi"", then left","a,b,c",true
1,User 1,user1@example.com,Bratislava,37.1,plain note 1,solo,false
2,User 2,user2@example.com,Zürich,74.2,plain note 2,solo,true
3,User 3,user3@example.com,København,111.3,plain note 3,"a,b,c",false
4,User 4,user4@example.com,Москва,148.4,plain note 4,solo,true
5,User 5,user5@example.com,東京,185.5,plain note 5,solo,false
6,User 6,user6@example.com,Paris,222.6,plain note 6,"a,b,c",true
7,User 7,user7@example.com,Lima,259.7,"said ""hi"", then left",solo,false
8,User 8,user8@example.com,Amsterdam,296.8,plain note 8,solo,true
9,User 9,user9@example.com,Bratislava,333.9,plain note 9,"a,b,c",false
10,User 10,user10@example.com,Zürich,370.10,plain note 10,solo,true
11,User 11,user11@example.com,København,407.11,"line one
line two",solo,false
12,User 12,user12@example.com,Москва,444.12,plain note 12,"a,b,c",true
13,User 13,user13@example.com,東京,481.13,plain note 13,solo,false
14,User 14,user14@example.com,Paris,518.14,"said ""hi"", then left",solo,true
15,User 15,user15@example.com,Lima,555.15,plain note 15,"a,b,c",false
16,User 16,user16@example.com,Amsterdam,592.16,plain note 16,solo,true
17,User 17,user17@example.com,Bratislava,629.17,plain note 17,solo,false
18,User 18,user18@example.com,Zürich,666.18,plain note 18,"a,b,c",true
19,User 19,user19@example.com,København,703.19,plain note 19,solo,false
20,User 20,user20@example.com,Москва,740.20,plain note 20,solo,true
21,User 21,user21@example.com,東京,777.21,"said ""hi"", then left","a,b,c",false
22,User 22,user22@example.com,Paris,814.22,"line one
line two",solo,true
23,User 23,user23@example.com,Lima,851.23,plain note 23,solo,false
24,User 24,user24@example.com,Amsterdam,888.24,plain note 24,"a,b,c",true
25,User 25,user25@example.com,Bratislava,925.25,plain note 25,solo,false
26,User 26,user26@example.com,Zürich,962.26,plain note 26,solo,true
27,User 27,user27@example.com,København,999.27,plain note 27,"a,b,c",false
28,User 28,user28@example.com,Москва,1036.28,"said ""hi"", then left",solo,true
29,User 29,user29@example.com,東京,1073.29,plain note 29,solo,false
30,User 30,user30@example.com,Paris,1110.30,plain note 30,"a,b,c",true
31,User 31,user31@example.com,Lima,1147.31,plain note 31,solo,false
32,User 32,user32@example.com,Amsterdam,1184.32,plain note 32,solo,true
33,User 33,user33@example.com,Bratislava,1221.33,"line one
line two","a,b,c",false
34,User 34,user34@example.com,Zürich,1258.34,plain note 34,solo,true
35,User 35,user35@example.com,København,1295.35,"said ""hi"", then left",solo,false
36,User 36,user36@example.com,Москва,1332.36,plain note 36,"a,b,c",true
37,User 37,user37@example.com,東京,1369.37,plain note 37,solo,false
38,User 38,user38@example.com,Paris,1406.38,plain note 38,solo,true
39,User 39,user39@example.com,Lima,1443.39,plain note 39,"a,b,c",false
40,User 40,user40@example.com,Amsterdam,1480.40,plain note 40,solo,true
41,User 41,user41@example.com,Bratislava,1517.41,plain note 41,solo,false
42,User 42,user42@example.com,Zürich,1554.42,"said ""hi"", then left","a,b,c",true
43,User 43,user43@example.com,København,1591.43,plain note 43,solo,false
44,User 44,user44@example.com,Москва,1628.44,"line one
line two",solo,true
45,User 45,user45@example.com,東京,1665.45,plain note 45,"a,b,c",false
46,User 46,user46@example.com,Paris,1702.46,plain note 46,solo,true
47,User 47,user47@example.com,Lima,1739.47,plain note 47,solo,false
48,User 48,user48@example.com,Amsterdam,1776.48,plain note 48,"a,b,c",true
49,User 49,user49@example.com,Bratislava,1813.49,"said ""hi"", then left",solo,false
50,User 50,user50@example.com,Zürich,1850.50,plain note 50,solo,true
51,User 51,user51@example.com,København,1887.51,plain note 51,"a,b,c",false
52,User 52,user52@example.com,Москва,1924.52,plain note 52,solo,true
53,User 53,user53@example.com,東京,1961.53,plain note 53,solo,false
54,User 54,user54@example.com,Paris,1998.54,plain note 54,"a,b,c",true
55,User 55,user55@example.com,Lima,2035.55,"line one
line two",solo,false
56,User 56,user56@example.com,Amsterdam,2072.56,"said ""hi"", then left",solo,true
57,User 57,user57@example.com,Bratislava,2109.57,plain note 57,"a,b,c",false
58,User 58,user58@example.com,Zürich,2146.58,plain note 58,solo,true
59,User 59,user59@example.com,København,2183.59,plain note 59,solo,false
60,User 60,user60@example.com,Москва,2220.60,plain note 60,"a,b,c",true
61,User 61,user61@example.com,東京,2257.61,plain note 61,solo,false
62,User 62,user62@example.com,Paris,2294.62,plain note 62,solo,true
63,User 63,user63@example.com,Lima,2331.63,"said ""hi"", then left","a,b,c",false
64,User 64,user64@example.com,Amsterdam,2368.64,plain note 64,solo,true
65,User 65,user65@example.com,Bratislava,2405.65,plain note 65,solo,false
66,User 66,user66@example.com,Zürich,2442.66,"line one
line two","a,b,c",true
67,User 67,user67@example.com,København,2479.67,plain note 67,solo,false
68,User 68,user68@example.com,Москва,2516.68,plain note 68,solo,true
69,User 69,user69@example.com,東京,2553.69,plain note 69,"a,b,c",false
70,User 70,user70@example.com,Paris,2590.70,"said ""hi"", then left",solo,true
71,User 71,user71@example.com,Lima,2627.71,plain note 71,solo,false
72,User 72,user72@example.com,Amsterdam,2664.72,plain note 72,"a,b,c",true
73,User 73,user73@example.com,Bratislava,2701.73,plain note 73,solo,false
74,User 74,user74@example.com,Zürich,2738.74,plain note 74,solo,true
75,User 75,user75@example.com,København,2775.75,plain note 75,"a,b,c",false
76,User 76,user76@example.com,Москва,2812.76,plain note 76,solo,true
77,User 77,user77@example.com,東京,2849.77,"said ""hi"", then left",solo,false
78,User 78,user78@example.com,Paris,2886.78,plain note 78,"a,b,c",true
79,User 79,user79@example.com,Lima,2923.79,plain note 79,solo,false
80,User 80,user80@example.com,Amsterdam,2960.80,plain note 80,solo,true
81,User 81,user81@example.com,Bratislava,2997.81,plain note 81,"a,b,c",false
82,User 82,user82@example.com,Zürich,3034.82,plain note 82,solo,true
83,User 83,user83@example.com,København,3071.83,plain note 83,solo,false
84,User 84,user84@example.com,Москва,3108.84,"said ""hi"", then left","a,b,c",true
85,User 85,user85@example.com,東京,3145.85,plain note 85,solo,false
86,User 86,user86@example.com,Paris,3182.86,plain note 86,solo,true
87,User 87,user87@example.com,Lima,3219.87,plain note 87,"a,b,c",false
88,User 88,user88@example.com,Amsterdam,3256.88,"line one
line two",solo,true
89,User 89,user89@example.com,Bratislava,3293.89,plain note 89,solo,false
90,User 90,user90@example.com,Zürich,3330.90,plain note 90,"a,b,c",true
91,User 91,user91@example.com,København,3367.91,"said ""hi"", then left",solo,false
92,User 92,user92@example.com,Москва,3404.92,plain note 92,solo,true
93,User 93,user93@example.com,東京,3441.93,plain note 93,"a,b,c",false
94,User 94,user94@example.com,Paris,3478.94,plain note 94,solo,true
95,User 95,user95@example.com,Lima,3515.95,plain note 95,solo,false
96,User 96,user96@example.com,Amsterdam,3552.96,plain note 96,"a,b,c",true
97,User 97,user97@example.com,Bratislava,3589.97,plain note 97,solo,false
98,User 98,user98@example.com,Zürich,3626.98,"said ""hi"", then left",solo,true
99,User 99,user99@example.com,København,3663.99,"line one
line two","a,b,c",false
100,User 100,user100@example.com,Москва,3700.0,plain note 100,solo,true
101,User 101,user101@example.com,東京,3737.1,plain note 101,solo,false
102,User 102,user102@example.com,Paris,3774.2,plain note 102,"a,b,c",true
103,User 103,user103@example.com,Lima,3811.3,plain note 103,solo,false
104,User 104,user104@example.com,Amsterdam,3848.4,plain note 104,solo,true
105,User 105,user105@example.com,Bratislava,3885.5,"said ""hi"", then left","a,b,c",false
106,User 106,user106@example.com,Zürich,3922.6,plain note 106,solo,true
107,User 107,user107@example.com,København,3959.7,plain note 107,solo,false
108,User 108,user108@example.com,Москва,3996.8,plain note 108,"a,b,c",true
109,User 109,user109@example.com,東京,4033.9,plain note 109,solo,false
110,User 110,user110@example.com,Paris,4070.10,"line one
line two",solo,true
111,User 111,user111@example.com,Lima,4107.11,plain note 111,"a,b,c",false
112,User 112,user112@example.com,Amsterdam,4144.12,"said ""hi"", then left",solo,true
113,User 113,user113@example.com,Bratislava,4181.13,plain note 113,solo,false
114,User 114,user114@example.com,Zürich,4218.14,plain note 114,"a,b,c",true
115,User 115,user115@example.com,København,4255.15,plain note 115,solo,false
116,User 116,user116@example.com,Москва,4292.16,plain note 116,solo,true
117,User 117,user117@example.com,東京,4329.17,plain note 117,"a,b,c",false
118,User 118,user118@example.com,Paris,4366.18,plain note 118,solo,true
119,User 119,user119@example.com,Lima,4403.19,"said ""hi"", then left",solo,false
120,User 120,user120@example.com,Amsterdam,4440.20,plain note 120,"a,b,c",true
121,User 121,user121@example.com,Bratislava,4477.21,"line one
line two",solo,false
122,User 122,user122@example.com,Zürich,4514.22,plain note 122,solo,true
123,User 123,user123@example.com,København,4551.23,plain note 123,"a,b,c",false
124,User 124,user124@example.com,Москва,4588.24,plain note 124,solo,true
125,User 125,user125@example.com,東京,4625.25,plain note 125,solo,false
126,User 126,user126@example.com,Paris,4662.26,"said ""hi"", then left","a,b,c",true
127,User 127,user127@example.com,Lima,4699.27,plain note 127,solo,false
128,User 128,user128@example.com,Amsterdam,4736.28,plain note 128,solo,true
129,User 129,user129@example.com,Bratislava,4773.29,plain note 129,"a,b,c",false
130,User 130,user130@example.com,Zürich,4810.30,plain note 130,solo,true
131,User 131,user131@example.com,København,4847.31,plain note 131,solo,false
132,User 132,user132@example.com,Москва,4884.32,"line one
line two","a,b,c",true
133,User 133,user133@example.com,東京,4921.33,"said ""hi"", then left",solo,false
134,User 134,user134@example.com,Paris,4958.34,plain note 134,solo,true
135,User 135,user135@example.com,Lima,4995.35,plain note 135,"a,b,c",false
136,User 136,user136@example.com,Amsterdam,5032.36,plain note 136,solo,true
137,User 137,user137@example.com,Bratislava,5069.37,plain note 137,solo,false
138,User 138,user138@example.com,Zürich,5106.38,plain note 138,"a,b,c",true
139,User 139,user139@example.com,København,5143.39,plain note 139,solo,false
140,User 140,user140@example.com,Москва,5180.40,"said ""hi"", then left",solo,true
141,User 141,user141@example.com,東京,5217.41,plain note 141,"a,b,c",false
142,User 142,user142@example.com,Paris,5254.42,plain note 142,solo,true
143,User 143,user143@example.com,Lima,5291.43,"line one
line two",solo,false
144,User 144,user144@example.com,Amsterdam,5328.44,plain note 144,"a,b,c",true
145,User 145,user145@example.com,Bratislava,5365.45,plain note 145,solo,false
146,User 146,user146@example.com,Zürich,5402.46,plain note 146,solo,true
147,User 147,user147@example.com,København,5439.47,"said ""hi"", then left","a,b,c",false
148,User 148,user148@example.com,Москва,5476.48,plain note 148,solo,true
149,User 149,user149@example.com,東京,5513.49,plain note 149,solo,false
150,User 150,user150@example.com,Paris,5550.50,plain note 150,"a,b,c",true
151,User 151,user151@example.com,Lima,5587.51,plain note 151,solo,false
152,User 152,user152@example.com,Amsterdam,5624.52,plain note 152,solo,true
153,User 153,user153@example.com,Bratislava,5661.53,plain note 153,"a,b,c",false
154,User 154,user154@example.com,Zürich,5698.54,"said ""hi"", then left",solo,true
155,User 155,user155@example.com,København,5735.55,plain note 155,solo,false
156,User 156,user156@example.com,Москва,5772.56,plain note 156,"a,b,c",true
157,User 157,user157@example.com,東京,5809.57,plain note 157,solo,false
158,User 158,user158@example.com,Paris,5846.58,plain note 158,solo,true
159,User 159,user159@example.com,Lima,5883.59,plain note 159,"a,b,c",false
160,User 160,user160@example.com,Amsterdam,5920.60,plain note 160,solo,true
161,User 161,user161@example.com,Bratislava,5957.61,"said ""hi"", then left",solo,false
162,User 162,user162@example.com,Zürich,5994.62,plain note 162,"a,b,c",true
163,User 163,user163@example.com,København,6031.63,plain note 163,solo,false
164,User 164,user164@example.com,Москва,6068.64,plain note 164,solo,true
165,User 165,user165@example.com,東京,6105.65,"line one
line two","a,b,c",false
166,User 166,user166@example.com,Paris,6142.66,plain note 166,solo,true
167,User 167,user167@example.com,Lima,6179.67,plain note 167,solo,false
168,User 168,user168@example.com,Amsterdam,6216.68,"said ""hi"", then left","a,b,c",true
169,User 169,user169@example.com,Bratislava,6253.69,plain note 169,solo,false
170,User 170,user170@example.com,Zürich,6290.70,plain note 170,solo,true
171,User 171,user171@example.com,København,6327.71,plain note 171,"a,b,c",false
172,User 172,user172@example.com,Москва,6364.72,plain note 172,solo,true
173,User 173,user173@example.com,東京,6401.73,plain note 173,solo,false
174,User 174,user174@example.com,Paris,6438.74,plain note 174,"a,b,c",true
175,User 175,user175@example.com,Lima,6475.75,"said ""hi"", then left",solo,false
176,User 176,user176@example.com,Amsterdam,6512.76,"line one
line two",solo,true
177,User 177,user177@example.com,Bratislava,6549.77,plain note 177,"a,b,c",false
178,User 178,user178@example.com,Zürich,6586.78,plain note 178,solo,true
179,User 179,user179@example.com,København,6623.79,plain note 179,solo,false
180,User 180,user180@example.com,Москва,6660.80,plain note 180,"a,b,c",true
181,User 181,user181@example.com,東京,6697.81,plain note 181,solo,false
182,User 182,user182@example.com,Paris,6734.82,"said ""hi"", then left",solo,true
183,User 183,user183@example.com,Lima,6771.83,plain note 183,"a,b,c",false
184,User 184,user184@example.com,Amsterdam,6808.84,plain note 184,solo,true
185,User 185,user185@example.com,Bratislava,6845.85,plain note 185,solo,false
186,User 186,user186@example.com,Zürich,6882.86,plain note 186,"a,b,c",true
187,User 187,user187@example.com,København,6919.87,"line one
line two",solo,false
188,User 188,user188@example.com,Москва,6956.88,plain note 188,solo,true
189,User 189,user189@example.com,東京,6993.89,"said ""hi"", then left","a,b,c",false
190,User 190,user190@example.com,Paris,7030.90,plain note 190,solo,true
191,User 191,user191@example.com,Lima,7067.91,plain note 191,solo,false
192,User 192,user192@example.com,Amsterdam,7104.92,plain note 192,"a,b,c",true
193,User 193,user193@example.com,Bratislava,7141.93,plain note 193,solo,false
194,User 194,user194@example.com,Zürich,7178.94,plain note 194,solo,true
195,User 195,user195@example.com,København,7215.95,plain note 195,"a,b,c",false
196,User 196,user196@example.com,Москва,7252.96,"said ""hi"", then left",solo,true
197,User 197,user197@example.com,東京,7289.97,plain note 197,solo,false
198,User 198,user198@example.com,Paris,7326.98,"line one
line two","a,b,c",true
199,User 199,user199@example.com,Lima,7363.99,plain note 199,solo,false
200,User 200,user200@example.com,Amsterdam,7400.0,plain note 200,solo,true
201,User 201,user201@example.com,Bratislava,7437.1,plain note 201,"a,b,c",false
202,User 202,user202@example.com,Zürich,7474.2,plain note 202,solo,true
203,User 203,user203@example.com,København,7511.3,"said ""hi"", then left",solo,false
204,User 204,user204@example.com,Москва,7548.4,plain note 204,"a,b,c",true
205,User 205,user205@example.com,東京,7585.5,plain note 205,solo,false
206,User 206,user206@example.com,Paris,7622.6,plain note 206,solo,true
207,User 207,user207@example.com,Lima,7659.7,plain note 207,"a,b,c",false
208,User 208,user208@example.com,Amsterdam,7696.8,plain note 208,solo,true
209,User 209,user209@example.com,Bratislava,7733.9,"line one
line two",solo,false
210,User 210,user210@example.com,Zürich,7770.10,"said ""hi"", then left","a,b,c",true
211,User 211,user211@example.com,København,7807.11,plain note 211,solo,false
212,User 212,user212@example.com,Москва,7844.12,plain note 212,solo,true
213,User 213,user213@example.com,東京,7881.13,plain note 213,"a,b,c",false
214,User 214,user214@example.com,Paris,7918.14,plain note 214,solo,true
215,User 215,user215@example.com,Lima,7955.15,plain note 215,solo,false
216,User 216,user216@example.com,Amsterdam,7992.16,plain note 216,"a,b,c",true
217,User 217,user217@example.com,Bratislava,8029.17,"said ""hi"", then left",solo,false
218,User 218,user218@example.com,Zürich,8066.18,plain note 218,solo,true
219,User 219,user219@example.com,København,8103.19,plain note 219,"a,b,c",false
220,User 220,user220@example.com,Москва,8140.20,"line one
line two",solo,true
221,User 221,user221@example.com,東京,8177.21,plain note 221,solo,false
222,User 222,user222@example.com,Paris,8214.22,plain note 222,"a,b,c",true
223,User 223,user223@example.com,Lima,8251.23,plain note 223,solo,false
224,User 224,user224@example.com,Amsterdam,8288.24,"said ""hi"", then left",solo,true
225,User 225,user225@example.com,Bratislava,8325.25,plain note 225,"a,b,c",false
226,User 226,user226@example.com,Zürich,8362.26,plain note 226,solo,true
227,User 227,user227@example.com,København,8399.27,plain note 227,solo,false
228,User 228,user228@example.com,Москва,8436.28,plain note 228,"a,b,c",true
229,User 229,user229@example.com,東京,8473.29,plain note 229,solo,false
230,User 230,user230@example.com,Paris,8510.30,plain note 230,solo,true
231,User 231,user231@example.com,Lima,8547.31,"said ""hi"", then left","a,b,c",false
232,User 232,user232@example.com,Amsterdam,8584.32,plain note 232,solo,true
233,User 233,user233@example.com,Bratislava,8621.33,plain note 233,solo,false
234,User 234,user234@example.com,Zürich,8658.34,plain note 234,"a,b,c",true
235,User 235,user235@example.com,København,8695.35,plain note 235,solo,false
236,User 236,user236@example.com,Москва,8732.36,plain note 236,solo,true
237,User 237,user237@example.com,東京,8769.37,plain note 237,"a,b,c",false
238,User 238,user238@example.com,Paris,8806.38,"said ""hi"", then left",solo,true
239,User 239,user239@example.com,Lima,8843.39,plain note 239,solo,false
240,User 240,user240@example.com,Amsterdam,8880.40,plain note 240,"a,b,c",true
241,User 241,user241@example.com,Bratislava,8917.41,plain note 241,solo,false
242,User 242,user242@example.com,Zürich,8954.42,"line one
line two",solo,true
243,User 243,user243@example.com,København,8991.43,plain note 243,"a,b,c",false
244,User 244,user244@example.com,Москва,9028.44,plain note 244,solo,true
245,User 245,user245@example.com,東京,9065.45,"said ""hi"", then left",solo,false
246,User 246,user246@example.com,Paris,9102.46,plain note 246,"a,b,c",true
247,User 247,user247@example.com,Lima,9139.47,plain note 247,solo,false
248,User 248,user248@example.com,Amsterdam,9176.48,plain note 248,solo,true
249,User 249,user249@example.com,Bratislava,9213.49,plain note 249,"a,b,c",false
250,User 250,user250@example.com,Zürich,9250.50,plain note 250,solo,true
251,User 251,user251@example.com,København,9287.51,plain note 251,solo,false
252,User 252,user252@example.com,Москва,9324.52,"said ""hi"", then left","a,b,c",true
253,User 253,user253@example.com,東京,9361.53,"line one
line two",solo,false
254,User 254,user254@example.com,Paris,9398.54,plain note 254,solo,true
255,User 255,user255@example.com,Lima,9435.55,plain note 255,"a,b,c",false
256,User 256,user256@example.com,Amsterdam,9472.56,plain note 256,solo,true
257,User 257,user257@example.com,Bratislava,9509.57,plain note 257,solo,false
258,User 258,user258@example.com,Zürich,9546.58,plain note 258,"a,b,c",true
259,User 259,user259@example.com,København,9583.59,"said ""hi"", then left",solo,false
260,User 260,user260@example.com,Москва,9620.60,plain note 260,solo,true
261,User 261,user261@example.com,東京,9657.61,plain note 261,"a,b,c",false
262,User 262,user262@example.com,Paris,9694.62,plain note 262,solo,true
263,User 263,user263@example.com,Lima,9731.63,plain note 263,solo,false
264,User 264,user264@example.com,Amsterdam,9768.64,"line one
line two","a,b,c",true
265,User 265,user265@example.com,Bratislava,9805.65,plain note 265,solo,false
266,User 266,user266@example.com,Zürich,9842.66,"said ""hi"", then left",solo,true
267,User 267,user267@example.com,København,9879.67,plain note 267,"a,b,c",false
268,User 268,user268@example.com,Москва,9916.68,plain note 268,solo,true
269,User 269,user269@example.com,東京,9953.69,plain note 269,solo,false
270,User 270,user270@example.com,Paris,9990.70,plain note 270,"a,b,c",true
271,User 271,user271@example.com,Lima,27.71,plain note 271,solo,false
272,User 272,user272@example.com,Amsterdam,64.72,plain note 272,solo,true
273,User 273,user273@example.com,Bratislava,101.73,"said ""hi"", then left","a,b,c",false
274,User 274,user274@example.com,Zürich,138.74,plain note 274,solo,true
275,User 275,user275@example.com,København,175.75,"line one
line two",solo,false
276,User 276,user276@example.com,Москва,212.76,plain note 276,"a,b,c",true
277,User 277,user277@example.com,東京,249.77,plain note 277,solo,false
278,User 278,user278@example.com,Paris,286.78,plain note 278,solo,true
279,User 279,user279@example.com,Lima,323.79,plain note 279,"a,b,c",false
280,User 280,user280@example.com,Amsterdam,360.80,"said ""hi"", then left",solo,true
281,User 281,user281@example.com,Bratislava,397.81,plain note 281,solo,false
282,User 282,user282@example.com,Zürich,434.82,plain note 282,"a,b,c",true
283,User 283,user283@example.com,København,471.83,plain note 283,solo,false
284,User 284,user284@example.com,Москва,508.84,plain note 284,solo,true
285,User 285,user285@example.com,東京,545.85,plain note 285,"a,b,c",false
286,User 286,user286@example.com,Paris,582.86,"line one
line two",solo,true
287,User 287,user287@example.com,Lima,619.87,"said ""hi"", then left",solo,false
288,User 288,user288@example.com,Amsterdam,656.88,plain note 288,"a,b,c",true
289,User 289,user289@example.com,Bratislava,693.89,plain note 289,solo,false
290,User 290,user290@example.com,Zürich,730.90,plain note 290,solo,true
291,User 291,user291@example.com,København,767.91,plain note 291,"a,b,c",false
292,User 292,user292@example.com,Москва,804.92,plain note 292,solo,true
293,User 293,user293@example.com,東京,841.93,plain note 293,solo,false
294,User 294,user294@example.com,Paris,878.94,"said ""hi"", then left","a,b,c",true
295,User 295,user295@example.com,Lima,915.95,plain note 295,solo,false
296,User 296,user296@example.com,Amsterdam,952.96,plain note 296,solo,true
297,User 297,user297@example.com,Bratislava,989.97,"line one
line two","a,b,c",false
298,User 298,user298@example.com,Zürich,1026.98,plain note 298,solo,true
299,User 299,user299@example.com,København,1063.99,plain note 299,solo,false
300,User 300,user300@example.com,Москва,1100.0,plain note 300,"a,b,c",true
301,User 301,user301@example.com,東京,1137.1,"said ""hi"", then left",solo,false
302,User 302,user302@example.com,Paris,1174.2,plain note 302,solo,true
303,User 303,user303@example.com,Lima,1211.3,plain note 303,"a,b,c",false
304,User 304,user304@example.com,Amsterdam,1248.4,plain note 304,solo,true
305,User 305,user305@example.com,Bratislava,1285.5,plain note 305,solo,false
306,User 306,user306@example.com,Zürich,1322.6,plain note 306,"a,b,c",true
307,User 307,user307@example.com,København,1359.7,plain note 307,solo,false
308,User 308,user308@example.com,Москва,1396.8,"said ""hi"", then left",solo,true
309,User 309,user309@example.com,東京,1433.9,plain note 309,"a,b,c",false
310,User 310,user310@example.com,Paris,1470.10,plain note 310,solo,true
311,User 311,user311@example.com,Lima,1507.11,plain note 311,solo,false
312,User 312,user312@example.com,Amsterdam,1544.12,plain note 312,"a,b,c",true
313,User 313,user313@example.com,Bratislava,1581.13,plain note 313,solo,false
314,User 314,user314@example.com,Zürich,1618.14,plain note 314,solo,true
315,User 315,user315@example.com,København,1655.15,"said ""hi"", then left","a,b,c",false
316,User 316,user316@example.com,Москва,1692.16,plain note 316,solo,true
317,User 317,user317@example.com,東京,1729.17,plain note 317,solo,false
318,User 318,user318@example.com,Paris,1766.18,plain note 318,"a,b,c",true
319,User 319,user319@example.com,Lima,1803.19,"line one
line two",solo,false
320,User 320,user320@example.com,Amsterdam,1840.20,plain note 320,solo,true
321,User 321,user321@example.com,Bratislava,1877.21,plain note 321,"a,b,c",false
322,User 322,user322@example.com,Zürich,1914.22,"said ""hi"", then left",solo,true
323,User 323,user323@example.com,København,1951.23,plain note 323,solo,false
324,User 324,user324@example.com,Москва,1988.24,plain note 324,"a,b,c",true
325,User 325,user325@example.com,東京,2025.25,plain note 325,solo,false
326,User 326,user326@example.com,Paris,2062.26,plain note 326,solo,true
327,User 327,user327@example.com,Lima,2099.27,plain note 327,"a,b,c",false
328,User 328,user328@example.com,Amsterdam,2136.28,plain note 328,solo,true
329,User 329,user329@example.com,Bratislava,2173.29,"said ""hi"", then left",solo,false
330,User 330,user330@example.com,Zürich,2210.30,"line one
line two","a,b,c",true
331,User 331,user331@example.com,København,2247.31,plain note 331,solo,false
332,User 332,user332@example.com,Москва,2284.32,plain note 332,solo,true
333,User 333,user333@example.com,東京,2321.33,plain note 333,"a,b,c",false
334,User 334,user334@example.com,Paris,2358.34,plain note 334,solo,true
335,User 335,user335@example.com,Lima,2395.35,plain note 335,solo,false
336,User 336,user336@example.com,Amsterdam,2432.36,"said ""hi"", then left","a,b,c",true
337,User 337,user337@example.com,Bratislava,2469.37,plain note 337,solo,false
338,User 338,user338@example.com,Zürich,2506.38,plain note 338,solo,true
339,User 339,user339@example.com,København,2543.39,plain note 339,"a,b,c",false
340,User 340,user340@example.com,Москва,2580.40,plain note 340,solo,true
341,User 341,user341@example.com,東京,2617.41,"line one
line two",solo,false
342,User 342,user342@example.com,Paris,2654.42,plain note 342,"a,b,c",true
343,User 343,user343@example.com,Lima,2691.43,"said ""hi"", then left",solo,false
344,User 344,user344@example.com,Amsterdam,2728.44,plain note 344,solo,true
345,User 345,user345@example.com,Bratislava,2765.45,plain note 345,"a,b,c",false
346,User 346,user346@example.com,Zürich,2802.46,plain note 346,solo,true
347,User 347,user347@example.com,København,2839.47,plain note 347,solo,false
348,User 348,user348@example.com,Москва,2876.48,plain note 348,"a,b,c",true
349,User 349,user349@example.com,東京,2913.49,plain note 349,solo,false
350,User 350,user350@example.com,Paris,2950.50,"said ""hi"", then left",solo,true
351,User 351,user351@example.com,Lima,2987.51,plain note 351,"a,b,c",false
352,User 352,user352@example.com,Amsterdam,3024.52,"line one
line two",solo,true
353,User 353,user353@example.com,Bratislava,3061.53,plain note 353,solo,false
354,User 354,user354@example.com,Zürich,3098.54,plain note 354,"a,b,c",true
355,User 355,user355@example.com,København,3135.55,plain note 355,solo,false
356,User 356,user356@example.com,Москва,3172.56,plain note 356,solo,true
357,User 357,user357@example.com,東京,3209.57,"said ""hi"", then left","a,b,c",false
358,User 358,user358@example.com,Paris,3246.58,plain note 358,solo,true
359,User 359,user359@example.com,Lima,3283.59,plain note 359,solo,false
360,User 360,user360@example.com,Amsterdam,3320.60,plain note 360,"a,b,c",true
361,User 361,user361@example.com,Bratislava,3357.61,plain note 361,solo,false
362,User 362,user362@example.com,Zürich,3394.62,plain note 362,solo,true
363,User 363,user363@example.com,København,3431.63,"line one
line two","a,b,c",false
364,User 364,user364@example.com,Москва,3468.64,"said ""hi"", then left",solo,true
365,User 365,user365@example.com,東京,3505.65,plain note 365,solo,false
366,User 366,user366@example.com,Paris,3542.66,plain note 366,"a,b,c",true
367,User 367,user367@example.com,Lima,3579.67,plain note 367,solo,false
368,User 368,user368@example.com,Amsterdam,3616.68,plain note 368,solo,true
369,User 369,user369@example.com,Bratislava,3653.69,plain note 369,"a,b,c",false
370,User 370,user370@example.com,Zürich,3690.70,plain note 370,solo,true
371,User 371,user371@example.com,København,3727.71,"said ""hi"", then left",solo,false
372,User 372,user372@example.com,Москва,3764.72,plain note 372,"a,b,c",true
373,User 373,user373@example.com,東京,3801.73,plain note 373,solo,false
374,User 374,user374@example.com,Paris,3838.74,"line one
line two",solo,true
375,User 375,user375@example.com,Lima,3875.75,plain note 375,"a,b,c",false
376,User 376,user376@example.com,Amsterdam,3912.76,plain note 376,solo,true
377,User 377,user377@example.com,Bratislava,3949.77,plain note 377,solo,false
378,User 378,user378@example.com,Zürich,3986.78,"said ""hi"", then left","a,b,c",true
379,User 379,user379@example.com,København,4023.79,plain note 379,solo,false
380,User 380,user380@example.com,Москва,4060.80,plain note 380,solo,true
381,User 381,user381@example.com,東京,4097.81,plain note 381,"a,b,c",false
382,User 382,user382@example.com,Paris,4134.82,plain note 382,solo,true
383,User 383,user383@example.com,Lima,4171.83,plain note 383,solo,false
384,User 384,user384@example.com,Amsterdam,4208.84,plain note 384,"a,b,c",true
385,User 385,user385@example.com,Bratislava,4245.85,"said ""hi"", then left",solo,false
386,User 386,user386@example.com,Zürich,4282.86,plain note 386,solo,true
387,User 387,user387@example.com,København,4319.87,plain note 387,"a,b,c",false
388,User 388,user388@example.com,Москва,4356.88,plain note 388,solo,true
389,User 389,user389@example.com,東京,4393.89,plain note 389,solo,false
390,User 390,user390@example.com,Paris,4430.90,plain note 390,"a,b,c",true
391,User 391,user391@example.com,Lima,4467.91,plain note 391,solo,false
392,User 392,user392@example.com,Amsterdam,4504.92,"said ""hi"", then left",solo,true
393,User 393,user393@example.com,Bratislava,4541.93,plain note 393,"a,b,c",false
394,User 394,user394@example.com,Zürich,4578.94,plain note 394,solo,true
395,User 395,user395@example.com,København,4615.95,plain note 395,solo,false
396,User 396,user396@example.com,Москва,4652.96,"line one
line two","a,b,c",true
397,User 397,user397@example.com,東京,4689.97,plain note 397,solo,false
398,User 398,user398@example.com,Paris,4726.98,plain note 398,solo,true
399,User 399,user399@example.com,Lima,4763.99,"said ""hi"", then left","a,b,c",false
400,User 400,user400@example.com,Amsterdam,4800.0,plain note 400,solo,true
401,User 401,user401@example.com,Bratislava,4837.1,plain note 401,solo,false
402,User 402,user402@example.com,Zürich,4874.2,plain note 402,"a,b,c",true
403,User 403,user403@example.com,København,4911.3,plain note 403,solo,false
404,User 404,user404@example.com,Москва,4948.4,plain note 404,solo,true
405,User 405,user405@example.com,東京,4985.5,plain note 405,"a,b,c",false
406,User 406,user406@example.com,Paris,5022.6,"said ""hi"", then left",solo,true
407,User 407,user407@example.com,Lima,5059.7,"line one
line two",solo,false
408,User 408,user408@example.com,Amsterdam,5096.8,plain note 408,"a,b,c",true
409,User 409,user409@example.com,Bratislava,5133.9,plain note 409,solo,false
410,User 410,user410@example.com,Zürich,5170.10,plain note 410,solo,true
411,User 411,user411@example.com,København,5207.11,plain note 411,"a,b,c",false
412,User 412,user412@example.com,Москва,5244.12,plain note 412,solo,true
413,User 413,user413@example.com,東京,5281.13,"said ""hi"", then left",solo,false
414,User 414,user414@example.com,Paris,5318.14,plain note 414,"a,b,c",true
415,User 415,user415@example.com,Lima,5355.15,plain note 415,solo,false
416,User 416,user416@example.com,Amsterdam,5392.16,plain note 416,solo,true
417,User 417,user417@example.com,Bratislava,5429.17,plain note 417,"a,b,c",false
418,User 418,user418@example.com,Zürich,5466.18,"line one
line two",solo,true
419,User 419,user419@example.com,København,5503.19,plain note 419,solo,false
420,User 420,user420@example.com,Москва,5540.20,"said ""hi"", then left","a,b,c",true
421,User 421,user421@example.com,東京,5577.21,plain note 421,solo,false
422,User 422,user422@example.com,Paris,5614.22,plain note 422,solo,true
423,User 423,user423@example.com,Lima,5651.23,plain note 423,"a,b,c",false
424,User 424,user424@example.com,Amsterdam,5688.24,plain note 424,solo,true
425,User 425,user425@example.com,Bratislava,5725.25,plain note 425,solo,false
426,User 426,user426@example.com,Zürich,5762.26,plain note 426,"a,b,c",true
427,User 427,user427@example.com,København,5799.27,"said ""hi"", then left",solo,false
428,User 428,user428@example.com,Москва,5836.28,plain note 428,solo,true
429,User 429,user429@example.com,東京,5873.29,"line one
line two","a,b,c",false
430,User 430,user430@example.com,Paris,5910.30,plain note 430,solo,true
431,User 431,user431@example.com,Lima,5947.31,plain note 431,solo,false
432,User 432,user432@example.com,Amsterdam,5984.32,plain note 432,"a,b,c",true
433,User 433,user433@example.com,Bratislava,6021.33,plain note 433,solo,false
434,User 434,user434@example.com,Zürich,6058.34,"said ""hi"", then left",solo,true
435,User 435,user435@example.com,København,6095.35,plain note 435,"a,b,c",false
436,User 436,user436@example.com,Москва,6132.36,plain note 436,solo,true
437,User 437,user437@example.com,東京,6169.37,plain note 437,solo,false
438,User 438,user438@example.com,Paris,6206.38,plain note 438,"a,b,c",true
439,User 439,user439@example.com,Lima,6243.39,plain note 439,solo,false
440,User 440,user440@example.com,Amsterdam,6280.40,"line one
line two",solo,true
441,User 441,user441@example.com,Bratislava,6317.41,"said ""hi"", then left","a,b,c",false
442,User 442,user442@example.com,Zürich,6354.42,plain note 442,solo,true
443,User 443,user443@example.com,København,6391.43,plain note 443,solo,false
444,User 444,user444@example.com,Москва,6428.44,plain note 444,"a,b,c",true
445,User 445,user445@example.com,東京,6465.45,plain note 445,solo,false
446,User 446,user446@example.com,Paris,6502.46,plain note 446,solo,true
447,User 447,user447@example.com,Lima,6539.47,plain note 447,"a,b,c",false
448,User 448,user448@example.com,Amsterdam,6576.48,"said ""hi"", then left",solo,true
449,User 449,user449@example.com,Bratislava,6613.49,plain note 449,solo,false
450,User 450,user450@example.com,Zürich,6650.50,plain note 450,"a,b,c",true
451,User 451,user451@example.com,København,6687.51,"line one
line two",solo,false
452,User 452,user452@example.com,Москва,6724.52,plain note 452,solo,true
453,User 453,user453@example.com,東京,6761.53,plain note 453,"a,b,c",false
454,User 454,user454@example.com,Paris,6798.54,plain note 454,solo,true
455,User 455,user455@example.com,Lima,6835.55,"said ""hi"", then left",solo,false
456,User 456,user456@example.com,Amsterdam,6872.56,plain note 456,"a,b,c",true
457,User 457,user457@example.com,Bratislava,6909.57,plain note 457,solo,false
458,User 458,user458@example.com,Zürich,6946.58,plain note 458,solo,true
459,User 459,user459@example.com,København,6983.59,plain note 459,"a,b,c",false
460,User 460,user460@example.com,Москва,7020.60,plain note 460,solo,true
461,User 461,user461@example.com,東京,7057.61,plain note 461,solo,false
462,User 462,user462@example.com,Paris,7094.62,"said ""hi"", then left","a,b,c",true
463,User 463,user463@example.com,Lima,7131.63,plain note 463,solo,false
464,User 464,user464@example.com,Amsterdam,7168.64,plain note 464,solo,true
465,User 465,user465@example.com,Bratislava,7205.65,plain note 465,"a,b,c",false
466,User 466,user466@example.com,Zürich,7242.66,plain note 466,solo,true
467,User 467,user467@example.com,København,7279.67,plain note 467,solo,false
468,User 468,user468@example.com,Москва,7316.68,plain note 468,"a,b,c",true
469,User 469,user469@example.com,東京,7353.69,"said ""hi"", then left",solo,false
470,User 470,user470@example.com,Paris,7390.70,plain note 470,solo,true
471,User 471,user471@example.com,Lima,7427.71,plain note 471,"a,b,c",false
472,User 472,user472@example.com,Amsterdam,7464.72,plain note 472,solo,true
473,User 473,user473@example.com,Bratislava,7501.73,"line one
line two",solo,false
474,User 474,user474@example.com,Zürich,7538.74,plain note 474,"a,b,c",true
475,User 475,user475@example.com,København,7575.75,plain note 475,solo,false
476,User 476,user476@example.com,Москва,7612.76,"said ""hi"", then left",solo,true
477,User 477,user477@example.com,東京,7649.77,plain note 477,"a,b,c",false
478,User 478,user478@example.com,Paris,7686.78,plain note 478,solo,true
479,User 479,user479@example.com,Lima,7723.79,plain note 479,solo,false
480,User 480,user480@example.com,Amsterdam,7760.80,plain note 480,"a,b,c",true
481,User 481,user481@example.com,Bratislava,7797.81,plain note 481,solo,false
482,User 482,user482@example.com,Zürich,7834.82,plain note 482,solo,true
483,User 483,user483@example.com,København,7871.83,"said ""hi"", then left","a,b,c",false
484,User 484,user484@example.com,Москва,7908.84,"line one
line two",solo,true
485,User 485,user485@example.com,東京,7945.85,plain note 485,solo,false
486,User 486,user486@example.com,Paris,7982.86,plain note 486,"a,b,c",true
487,User 487,user487@example.com,Lima,8019.87,plain note 487,solo,false
488,User 488,user488@example.com,Amsterdam,8056.88,plain note 488,solo,true
489,User 489,user489@example.com,Bratislava,8093.89,plain note 489,"a,b,c",false
490,User 490,user490@example.com,Zürich,8130.90,"said ""hi"", then left",solo,true
491,User 491,user491@example.com,København,8167.91,plain note 491,solo,false
492,User 492,user492@example.com,Москва,8204.92,plain note 492,"a,b,c",true
493,User 493,user493@example.com,東京,8241.93,plain note 493,solo,false
494,User 494,user494@example.com,Paris,8278.94,plain note 494,solo,true
495,User 495,user495@example.com,Lima,8315.95,"line one
line two","a,b,c",false
496,User 496,user496@example.com,Amsterdam,8352.96,plain note 496,solo,true
497,User 497,user497@example.com,Bratislava,8389.97,"said ""hi"", then left",solo,false
498,User 498,user498@example.com,Zürich,8426.98,plain note 498,"a,b,c",true
499,User 499,user499@example.com,København,8463.99,plain note 499,solo,false
500,User 500,user500@example.com,Москва,8500.0,plain note 500,solo,true
501,User 501,user501@example.com,東京,8537.1,plain note 501,"a,b,c",false
502,User 502,user502@example.com,Paris,8574.2,plain note 502,solo,true
503,User 503,user503@example.com,Lima,8611.3,plain note 503,solo,false
504,User 504,user504@example.com,Amsterdam,8648.4,"said ""hi"", then left","a,b,c",true
505,User 505,user505@example.com,Bratislava,8685.5,plain note 505,solo,false
506,User 506,user506@example.com,Zürich,8722.6,"line one
line two",solo,true
507,User 507,user507@example.com,København,8759.7,plain note 507,"a,b,c",false
508,User 508,user508@example.com,Москва,8796.8,plain note 508,solo,true
509,User 509,user509@example.com,東京,8833.9,plain note 509,solo,false
510,User 510,user510@example.com,Paris,8870.10,plain note 510,"a,b,c",true
511,User 511,user511@example.com,Lima,8907.11,"said ""hi"", then left",solo,false
512,User 512,user512@example.com,Amsterdam,8944.12,plain note 512,solo,true
513,User 513,user513@example.com,Bratislava,8981.13,plain note 513,"a,b,c",false
514,User 514,user514@example.com,Zürich,9018.14,plain note 514,solo,true
515,User 515,user515@example.com,København,9055.15,plain note 515,solo,false
516,User 516,user516@example.com,Москва,9092.16,plain note 516,"a,b,c",true
517,User 517,user517@example.com,東京,9129.17,"line one
line two",solo,false
518,User 518,user518@example.com,Paris,9166.18,"said ""hi"", then left",solo,true
519,User 519,user519@example.com,Lima,9203.19,plain note 519,"a,b,c",false
520,User 520,user520@example.com,Amsterdam,9240.20,plain note 520,solo,true
521,User 521,user521@example.com,Bratislava,9277.21,plain note 521,solo,false
522,User 522,user522@example.com,Zürich,9314.22,plain note 522,"a,b,c",true
523,User 523,user523@example.com,København,9351.23,plain note 523,solo,false
524,User 524,user524@example.com,Москва,9388.24,plain note 524,solo,true
525,User 525,user525@example.com,東京,9425.25,"said ""hi"", then left","a,b,c",false
526,User 526,user526@example.com,Paris,9462.26,plain note 526,solo,true
527,User 527,user527@example.com,Lima,9499.27,plain note 527,solo,false
528,User 528,user528@example.com,Amsterdam,9536.28,"line one
line two","a,b,c",true
529,User 529,user529@example.com,Bratislava,9573.29,plain note 529,solo,false
530,User 530,user530@example.com,Zürich,9610.30,plain note 530,solo,true
531,User 531,user531@example.com,København,9647.31,plain note 531,"a,b,c",false
532,User 532,user532@example.com,Москва,9684.32,"said ""hi"", then left",solo,true
533,User 533,user533@example.com,東京,9721.33,plain note 533,solo,false
534,User 534,user534@example.com,Paris,9758.34,plain note 534,"a,b,c",true
535,User 535,user535@example.com,Lima,9795.35,plain note 535,solo,false
536,User 536,user536@example.com,Amsterdam,9832.36,plain note 536,solo,true
537,User 537,user537@example.com,Bratislava,9869.37,plain note 537,"a,b,c",false
538,User 538,user538@example.com,Zürich,9906.38,plain note 538,solo,true
539,User 539,user539@example.com,København,9943.39,"said ""hi"", then left",solo,false
540,User 540,user540@example.com,Москва,9980.40,plain note 540,"a,b,c",true
541,User 541,user541@example.com,東京,17.41,plain note 541,solo,false
542,User 542,user542@example.com,Paris,54.42,plain note 542,solo,true
543,User 543,user543@example.com,Lima,91.43,plain note 543,"a,b,c",false
544,User 544,user544@example.com,Amsterdam,128.44,plain note 544,solo,true
545,User 545,user545@example.com,Bratislava,165.45,plain note 545,solo,false
546,User 546,user546@example.com,Zürich,202.46,"said ""hi"", then left","a,b,c",true
547,User 547,user547@example.com,København,239.47,plain note 547,solo,false
548,User 548,user548@example.com,Москва,276.48,plain note 548,solo,true
549,User 549,user549@example.com,東京,313.49,plain note 549,"a,b,c",false
550,User 550,user550@example.com,Paris,350.50,"line one
line two",solo,true
551,User 551,user551@example.com,Lima,387.51,plain note 551,solo,false
552,User 552,user552@example.com,Amsterdam,424.52,plain note 552,"a,b,c",true
553,User 553,user553@example.com,Bratislava,461.53,"said ""hi"", then left",solo,false
554,User 554,user554@example.com,Zürich,498.54,plain note 554,solo,true
555,User 555,user555@example.com,København,535.55,plain note 555,"a,b,c",false
556,User 556,user556@example.com,Москва,572.56,plain note 556,solo,true
557,User 557,user557@example.com,東京,609.57,plain note 557,solo,false
558,User 558,user558@example.com,Paris,646.58,plain note 558,"a,b,c",true
559,User 559,user559@example.com,Lima,683.59,plain note 559,solo,false
560,User 560,user560@example.com,Amsterdam,720.60,"said ""hi"", then left",solo,true
561,User 561,user561@example.com,Bratislava,757.61,"line one
line two","a,b,c",false
562,User 562,user562@example.com,Zürich,794.62,plain note 562,solo,true
563,User 563,user563@example.com,København,831.63,plain note 563,solo,false
564,User 564,user564@example.com,Москва,868.64,plain note 564,"a,b,c",true
565,User 565,user565@example.com,東京,905.65,plain note 565,solo,false
566,User 566,user566@example.com,Paris,942.66,plain note 566,solo,true
567,User 567,user567@example.com,Lima,979.67,"said ""hi"", then left","a,b,c",false
568,User 568,user568@example.com,Amsterdam,1016.68,plain note 568,solo,true
569,User 569,user569@example.com,Bratislava,1053.69,plain note 569,solo,false
570,User 570,user570@example.com,Zürich,1090.70,plain note 570,"a,b,c",true
571,User 571,user571@example.com,København,1127.71,plain note 571,solo,false
572,User 572,user572@example.com,Москва,1164.72,"line one
line two",solo,true
573,User 573,user573@example.com,東京,1201.73,plain note 573,"a,b,c",false
574,User 574,user574@example.com,Paris,1238.74,"said ""hi"", then left",solo,true
575,User 575,user575@example.com,Lima,1275.75,plain note 575,solo,false
576,User 576,user576@example.com,Amsterdam,1312.76,plain note 576,"a,b,c",true
577,User 577,user577@example.com,Bratislava,1349.77,plain note 577,solo,false
578,User 578,user578@example.com,Zürich,1386.78,plain note 578,solo,true
579,User 579,user579@example.com,København,1423.79,plain note 579,"a,b,c",false
580,User 580,user580@example.com,Москва,1460.80,plain note 580,solo,true
581,User 581,user581@example.com,東京,1497.81,"said ""hi"", then left",solo,false
582,User 582,user582@example.com,Paris,1534.82,plain note 582,"a,b,c",true
583,User 583,user583@example.com,Lima,1571.83,"line one
line two",solo,false
584,User 584,user584@example.com,Amsterdam,1608.84,plain note 584,solo,true
585,User 585,user585@example.com,Bratislava,1645.85,plain note 585,"a,b,c",false
586,User 586,user586@example.com,Zürich,1682.86,plain note 586,solo,true
587,User 587,user587@example.com,København,1719.87,plain note 587,solo,false
588,User 588,user588@example.com,Москва,1756.88,"said ""hi"", then left","a,b,c",true
589,User 589,user589@example.com,東京,1793.89,plain note 589,solo,false
590,User 590,user590@example.com,Paris,1830.90,plain note 590,solo,true
591,User 591,user591@example.com,Lima,1867.91,plain note 591,"a,b,c",false
592,User 592,user592@example.com,Amsterdam,1904.92,plain note 592,solo,true
593,User 593,user593@example.com,Bratislava,1941.93,plain note 593,solo,false
594,User 594,user594@example.com,Zürich,1978.94,"line one
line two","a,b,c",true
595,User 595,user595@example.com,København,2015.95,"said ""hi"", then left",solo,false
596,User 596,user596@example.com,Москва,2052.96,plain note 596,solo,true
597,User 597,user597@example.com,東京,2089.97,plain note 597,"a,b,c",false
598,User 598,user598@example.com,Paris,2126.98,plain note 598,solo,true
599,User 599,user599@example.com,Lima,2163.99,plain note 599,solo,false
600,User 600,user600@example.com,Amsterdam,2200.0,plain note 600,"a,b,c",true
601,User 601,user601@example.com,Bratislava,2237.1,plain note 601,solo,false
602,User 602,user602@example.com,Zürich,2274.2,"said ""hi"", then left",solo,true
603,User 603,user603@example.com,København,2311.3,plain note 603,"a,b,c",false
604,User 604,user604@example.com,Москва,2348.4,plain note 604,solo,true
605,User 605,user605@example.com,東京,2385.5,"line one
line two",solo,false
606,User 606,user606@example.com,Paris,2422.6,plain note 606,"a,b,c",true
607,User 607,user607@example.com,Lima,2459.7,plain note 607,solo,false
608,User 608,user608@example.com,Amsterdam,2496.8,plain note 608,solo,true
609,User 609,user609@example.com,Bratislava,2533.9,"said ""hi"", then left","a,b,c",false
610,User 610,user610@example.com,Zürich,2570.10,plain note 610,solo,true
611,User 611,user611@example.com,København,2607.11,plain note 611,solo,false
612,User 612,user612@example.com,Москва,2644.12,plain note 612,"a,b,c",true
613,User 613,user613@example.com,東京,2681.13,plain note 613,solo,false
614,User 614,user614@example.com,Paris,2718.14,plain note 614,solo,true
615,User 615,user615@example.com,Lima,2755.15,plain note 615,"a,b,c",false
616,User 616,user616@example.com,Amsterdam,2792.16,"said ""hi"", then left",solo,true
617,User 617,user617@example.com,Bratislava,2829.17,plain note 617,solo,false
618,User 618,user618@example.com,Zürich,2866.18,plain note 618,"a,b,c",true
619,User 619,user619@example.com,København,2903.19,plain note 619,solo,false
620,User 620,user620@example.com,Москва,2940.20,plain note 620,solo,true
621,User 621,user621@example.com,東京,2977.21,plain note 621,"a,b,c",false
622,User 622,user622@example.com,Paris,3014.22,plain note 622,solo,true
623,User 623,user623@example.com,Lima,3051.23,"said ""hi"", then left",solo,false
624,User 624,user624@example.com,Amsterdam,3088.24,plain note 624,"a,b,c",true
625,User 625,user625@example.com,Bratislava,3125.25,plain note 625,solo,false
626,User 626,user626@example.com,Zürich,3162.26,plain note 626,solo,true
627,User 627,user627@example.com,København,3199.27,"line one
line two","a,b,c",false
628,User 628,user628@example.com,Москва,3236.28,plain note 628,solo,true
629,User 629,user629@example.com,東京,3273.29,plain note 629,solo,false
630,User 630,user630@example.com,Paris,3310.30,"said ""hi"", then left","a,b,c",true
631,User 631,user631@example.com,Lima,3347.31,plain note 631,solo,false
632,User 632,user632@example.com,Amsterdam,3384.32,plain note 632,solo,true
633,User 633,user633@example.com,Bratislava,3421.33,plain note 633,"a,b,c",false
634,User 634,user634@example.com,Zürich,3458.34,plain note 634,solo,true
635,User 635,user635@example.com,København,3495.35,plain note 635,solo,false
636,User 636,user636@example.com,Москва,3532.36,plain note 636,"a,b,c",true
637,User 637,user637@example.com,東京,3569.37,"said ""hi"", then left",solo,false
638,User 638,user638@example.com,Paris,3606.38,"line one
line two",solo,true
639,User 639,user639@example.com,Lima,3643.39,plain note 639,"a,b,c",false
640,User 640,user640@example.com,Amsterdam,3680.40,plain note 640,solo,true
641,User 641,user641@example.com,Bratislava,3717.41,plain note 641,solo,false
642,User 642,user642@example.com,Zürich,3754.42,plain note 642,"a,b,c",true
643,User 643,user643@example.com,København,3791.43,plain note 643,solo,false
644,User 644,user644@example.com,Москва,3828.44,"said ""hi"", then left",solo,true
645,User 645,user645@example.com,東京,3865.45,plain note 645,"a,b,c",false
646,User 646,user646@example.com,Paris,3902.46,plain note 646,solo,true
647,User 647,user647@example.com,Lima,3939.47,plain note 647,solo,false
648,User 648,user648@example.com,Amsterdam,3976.48,plain note 648,"a,b,c",true
649,User 649,user649@example.com,Bratislava,4013.49,"line one
line two",solo,false
650,User 650,user650@example.com,Zürich,4050.50,plain note 650,solo,true
651,User 651,user651@example.com,København,4087.51,"said ""hi"", then left","a,b,c",false
652,User 652,user652@example.com,Москва,4124.52,plain note 652,solo,true
653,User 653,user653@example.com,東京,4161.53,plain note 653,solo,false
654,User 654,user654@example.com,Paris,4198.54,plain note 654,"a,b,c",true
655,User 655,user655@example.com,Lima,4235.55,plain note 655,solo,false
656,User 656,user656@example.com,Amsterdam,4272.56,plain note 656,solo,true
657,User 657,user657@example.com,Bratislava,4309.57,plain note 657,"a,b,c",false
658,User 658,user658@example.com,Zürich,4346.58,"said ""hi"", then left",solo,true
659,User 659,user659@example.com,København,4383.59,plain note 659,solo,false
660,User 660,user660@example.com,Москва,4420.60,"line one
line two","a,b,c",true
661,User 661,user661@example.com,東京,4457.61,plain note 661,solo,false
662,User 662,user662@example.com,Paris,4494.62,plain note 662,solo,true
663,User 663,user663@example.com,Lima,4531.63,plain note 663,"a,b,c",false
664,User 664,user664@example.com,Amsterdam,4568.64,plain note 664,solo,true
665,User 665,user665@example.com,Bratislava,4605.65,"said ""hi"", then left",solo,false
666,User 666,user666@example.com,Zürich,4642.66,plain note 666,"a,b,c",true
667,User 667,user667@example.com,København,4679.67,plain note 667,solo,false
668,User 668,user668@example.com,Москва,4716.68,plain note 668,solo,true
669,User 669,user669@example.com,東京,4753.69,plain note 669,"a,b,c",false
670,User 670,user670@example.com,Paris,4790.70,plain note 670,solo,true
671,User 671,user671@example.com,Lima,4827.71,"line one
line two",solo,false
672,User 672,user672@example.com,Amsterdam,4864.72,"said ""hi"", then left","a,b,c",true
673,User 673,user673@example.com,Bratislava,4901.73,plain note 673,solo,false
674,User 674,user674@example.com,Zürich,4938.74,plain note 674,solo,true
675,User 675,user675@example.com,København,4975.75,plain note 675,"a,b,c",false
676,User 676,user676@example.com,Москва,5012.76,plain note 676,solo,true
677,User 677,user677@example.com,東京,5049.77,plain note 677,solo,false
678,User 678,user678@example.com,Paris,5086.78,plain note 678,"a,b,c",true
679,User 679,user679@example.com,Lima,5123.79,"said ""hi"", then left",solo,false
680,User 680,user680@example.com,Amsterdam,5160.80,plain note 680,solo,true
681,User 681,user681@example.com,Bratislava,5197.81,plain note 681,"a,b,c",false
682,User 682,user682@example.com,Zürich,5234.82,"line one
line two",solo,true
683,User 683,user683@example.com,København,5271.83,plain note 683,solo,false
684,User 684,user684@example.com,Москва,5308.84,plain note 684,"a,b,c",true
685,User 685,user685@example.com,東京,5345.85,plain note 685,solo,false
686,User 686,user686@example.com,Paris,5382.86,"said ""hi"", then left",solo,true
687,User 687,user687@example.com,Lima,5419.87,plain note 687,"a,b,c",false
688,User 688,user688@example.com,Amsterdam,5456.88,plain note 688,solo,true
689,User 689,user689@example.com,Bratislava,5493.89,plain note 689,solo,false
690,User 690,user690@example.com,Zürich,5530.90,plain note 690,"a,b,c",true
691,User 691,user691@example.com,København,5567.91,plain note 691,solo,false
692,User 692,user692@example.com,Москва,5604.92,plain note 692,solo,true
693,User 693,user693@example.com,東京,5641.93,"said ""hi"", then left","a,b,c",false
694,User 694,user694@example.com,Paris,5678.94,plain note 694,solo,true
695,User 695,user695@example.com,Lima,5715.95,plain note 695,solo,false
696,User 696,user696@example.com,Amsterdam,5752.96,plain note 696,"a,b,c",true
697,User 697,user697@example.com,Bratislava,5789.97,plain note 697,solo,false
698,User 698,user698@example.com,Zürich,5826.98,plain note 698,solo,true
699,User 699,user699@example.com,København,5863.99,plain note 699,"a,b,c",false
700,User 700,user700@example.com,Москва,5900.0,"said ""hi"", then left",solo,true
701,User 701,user701@example.com,東京,5937.1,plain note 701,solo,false
702,User 702,user702@example.com,Paris,5974.2,plain note 702,"a,b,c",true
703,User 703,user703@example.com,Lima,6011.3,plain note 703,solo,false
704,User 704,user704@example.com,Amsterdam,6048.4,"line one
line two",solo,true
705,User 705,user705@example.com,Bratislava,6085.5,plain note 705,"a,b,c",false
706,User 706,user706@example.com,Zürich,6122.6,plain note 706,solo,true
707,User 707,user707@example.com,København,6159.7,"said ""hi"", then left",solo,false
708,User 708,user708@example.com,Москва,6196.8,plain note 708,"a,b,c",true
709,User 709,user709@example.com,東京,6233.9,plain note 709,solo,false
710,User 710,user710@example.com,Paris,6270.10,plain note 710,solo,true
711,User 711,user711@example.com,Lima,6307.11,plain note 711,"a,b,c",false
712,User 712,user712@example.com,Amsterdam,6344.12,plain note 712,solo,true
713,User 713,user713@example.com,Bratislava,6381.13,plain note 713,solo,false
714,User 714,user714@example.com,Zürich,6418.14,"said ""hi"", then left","a,b,c",true
715,User 715,user715@example.com,København,6455.15,"line one
line two",solo,false
716,User 716,user716@example.com,Москва,6492.16,plain note 716,solo,true
717,User 717,user717@example.com,東京,6529.17,plain note 717,"a,b,c",false
718,User 718,user718@example.com,Paris,6566.18,plain note 718,solo,true
719,User 719,user719@example.com,Lima,6603.19,plain note 719,solo,false
720,User 720,user720@example.com,Amsterdam,6640.20,plain note 720,"a,b,c",true
721,User 721,user721@example.com,Bratislava,6677.21,"said ""hi"", then left",solo,false
722,User 722,user722@example.com,Zürich,6714.22,plain note 722,solo,true
723,User 723,user723@example.com,København,6751.23,plain note 723,"a,b,c",false
724,User 724,user724@example.com,Москва,6788.24,plain note 724,solo,true
725,User 725,user725@example.com,東京,6825.25,plain note 725,solo,false
726,User 726,user726@example.com,Paris,6862.26,"line one
line two","a,b,c",true
727,User 727,user727@example.com,Lima,6899.27,plain note 727,solo,false
728,User 728,user728@example.com,Amsterdam,6936.28,"said ""hi"", then left",solo,true
729,User 729,user729@example.com,Bratislava,6973.29,plain note 729,"a,b,c",false
730,User 730,user730@example.com,Zürich,7010.30,plain note 730,solo,true
731,User 731,user731@example.com,København,7047.31,plain note 731,solo,false
732,User 732,user732@example.com,Москва,7084.32,plain note 732,"a,b,c",true
733,User 733,user733@example.com,東京,7121.33,plain note 733,solo,false
734,User 734,user734@example.com,Paris,7158.34,plain note 734,solo,true
735,User 735,user735@example.com,Lima,7195.35,"said ""hi"", then left","a,b,c",false
736,User 736,user736@example.com,Amsterdam,7232.36,plain note 736,solo,true
737,User 737,user737@example.com,Bratislava,7269.37,"line one
line two",solo,false
738,User 738,user738@example.com,Zürich,7306.38,plain note 738,"a,b,c",true
739,User 739,user739@example.com,København,7343.39,plain note 739,solo,false
740,User 740,user740@example.com,Москва,7380.40,plain note 740,solo,true
741,User 741,user741@example.com,東京,7417.41,plain note 741,"a,b,c",false
742,User 742,user742@example.com,Paris,7454.42,"said ""hi"", then left",solo,true
743,User 743,user743@example.com,Lima,7491.43,plain note 743,solo,false
744,User 744,user744@example.com,Amsterdam,7528.44,plain note 744,"a,b,c",true
745,User 745,user745@example.com,Bratislava,7565.45,plain note 745,solo,false
746,User 746,user746@example.com,Zürich,7602.46,plain note 746,solo,true
747,User 747,user747@example.com,København,7639.47,plain note 747,"a,b,c",false
748,User 748,user748@example.com,Москва,7676.48,"line one
line two",solo,true
749,User 749,user749@example.com,東京,7713.49,"said ""hi"", then left",solo,false
750,User 750,user750@example.com,Paris,7750.50,plain note 750,"a,b,c",true
751,User 751,user751@example.com,Lima,7787.51,plain note 751,solo,false
752,User 752,user752@example.com,Amsterdam,7824.52,plain note 752,solo,true
753,User 753,user753@example.com,Bratislava,7861.53,plain note 753,"a,b,c",false
754,User 754,user754@example.com,Zürich,7898.54,plain note 754,solo,true
755,User 755,user755@example.com,København,7935.55,plain note 755,solo,false
756,User 756,user756@example.com,Москва,7972.56,"said ""hi"", then left","a,b,c",true
757,User 757,user757@example.com,東京,8009.57,plain note 757,solo,false
758,User 758,user758@example.com,Paris,8046.58,plain note 758,solo,true
759,User 759,user759@example.com,Lima,8083.59,"line one
line two","a,b,c",false
760,User 760,user760@example.com,Amsterdam,8120.60,plain note 760,solo,true
761,User 761,user761@example.com,Bratislava,8157.61,plain note 761,solo,false
762,User 762,user762@example.com,Zürich,8194.62,plain note 762,"a,b,c",true
763,User 763,user763@example.com,København,8231.63,"said ""hi"", then left",solo,false
764,User 764,user764@example.com,Москва,8268.64,plain note 764,solo,true
765,User 765,user765@example.com,東京,8305.65,plain note 765,"a,b,c",false
766,User 766,user766@example.com,Paris,8342.66,plain note 766,solo,true
767,User 767,user767@example.com,Lima,8379.67,plain note 767,solo,false
768,User 768,user768@example.com,Amsterdam,8416.68,plain note 768,"a,b,c",true
769,User 769,user769@example.com,Bratislava,8453.69,plain note 769,solo,false
770,User 770,user770@example.com,Zürich,8490.70,"said ""hi"", then left",solo,true
771,User 771,user771@example.com,København,8527.71,plain note 771,"a,b,c",false
772,User 772,user772@example.com,Москва,8564.72,plain note 772,solo,true
773,User 773,user773@example.com,東京,8601.73,plain note 773,solo,false
774,User 774,user774@example.com,Paris,8638.74,plain note 774,"a,b,c",true
775,User 775,user775@example.com,Lima,8675.75,plain note 775,solo,false
776,User 776,user776@example.com,Amsterdam,8712.76,plain note 776,solo,true
777,User 777,user777@example.com,Bratislava,8749.77,"said ""hi"", then left","a,b,c",false
778,User 778,user778@example.com,Zürich,8786.78,plain note 778,solo,true
779,User 779,user779@example.com,København,8823.79,plain note 779,solo,false
780,User 780,user780@example.com,Москва,8860.80,plain note 780,"a,b,c",true
781,User 781,user781@example.com,東京,8897.81,"line one
line two",solo,false
782,User 782,user782@example.com,Paris,8934.82,plain note 782,solo,true
783,User 783,user783@example.com,Lima,8971.83,plain note 783,"a,b,c",false
784,User 784,user784@example.com,Amsterdam,9008.84,"said ""hi"", then left",solo,true
785,User 785,user785@example.com,Bratislava,9045.85,plain note 785,solo,false
786,User 786,user786@example.com,Zürich,9082.86,plain note 786,"a,b,c",true
787,User 787,user787@example.com,København,9119.87,plain note 787,solo,false
788,User 788,user788@example.com,Москва,9156.88,plain note 788,solo,true
789,User 789,user789@example.com,東京,9193.89,plain note 789,"a,b,c",false
790,User 790,user790@example.com,Paris,9230.90,plain note 790,solo,true
791,User 791,user791@example.com,Lima,9267.91,"said ""hi"", then left",solo,false
792,User 792,user792@example.com,Amsterdam,9304.92,"line one
line two","a,b,c",true
793,User 793,user793@example.com,Bratislava,9341.93,plain note 793,solo,false
794,User 794,user794@example.com,Zürich,9378.94,plain note 794,solo,true
795,User 795,user795@example.com,København,9415.95,plain note 795,"a,b,c",false
796,User 796,user796@example.com,Москва,9452.96,plain note 796,solo,true
797,User 797,user797@example.com,東京,9489.97,plain note 797,solo,false
798,User 798,user798@example.com,Paris,9526.98,"said ""hi"", then left","a,b,c",true
799,User 799,user799@example.com,Lima,9563.99,plain note 799,solo,false
800,User 800,user800@example.com,Amsterdam,9600.0,plain note 800,solo,true
801,User 801,user801@example.com,Bratislava,9637.1,plain note 801,"a,b,c",false
802,User 802,user802@example.com,Zürich,9674.2,plain note 802,solo,true
803,User 803,user803@example.com,København,9711.3,"line one
line two",solo,false
804,User 804,user804@example.com,Москва,9748.4,plain note 804,"a,b,c",true
805,User 805,user805@example.com,東京,9785.5,"said ""hi"", then left",solo,false
806,User 806,user806@example.com,Paris,9822.6,plain note 806,solo,true
807,User 807,user807@example.com,Lima,9859.7,plain note 807,"a,b,c",false
808,User 808,user808@example.com,Amsterdam,9896.8,plain note 808,solo,true
809,User 809,user809@example.com,Bratislava,9933.9,plain note 809,solo,false
810,User 810,user810@example.com,Zürich,9970.10,plain note 810,"a,b,c",true
811,User 811,user811@example.com,København,7.11,plain note 811,solo,false
812,User 812,user812@example.com,Москва,44.12,"said ""hi"", then left",solo,true
813,User 813,user813@example.com,東京,81.13,plain note 813,"a,b,c",false
814,User 814,user814@example.com,Paris,118.14,"line one
line two",solo,true
815,User 815,user815@example.com,Lima,155.15,plain note 815,solo,false
816,User 816,user816@example.com,Amsterdam,192.16,plain note 816,"a,b,c",true
817,User 817,user817@example.com,Bratislava,229.17,plain note 817,solo,false
818,User 818,user818@example.com,Zürich,266.18,plain note 818,solo,true
819,User 819,user819@example.com,København,303.19,"said ""hi"", then left","a,b,c",false
820,User 820,user820@example.com,Москва,340.20,plain note 820,solo,true
821,User 821,user821@example.com,東京,377.21,plain note 821,solo,false
822,User 822,user822@example.com,Paris,414.22,plain note 822,"a,b,c",true
823,User 823,user823@example.com,Lima,451.23,plain note 823,solo,false
824,User 824,user824@example.com,Amsterdam,488.24,plain note 824,solo,true
825,User 825,user825@example.com,Bratislava,525.25,"line one
line two","a,b,c",false
826,User 826,user826@example.com,Zürich,562.26,"said ""hi"", then left",solo,true
827,User 827,user827@example.com,København,599.27,plain note 827,solo,false
828,User 828,user828@example.com,Москва,636.28,plain note 828,"a,b,c",true
829,User 829,user829@example.com,東京,673.29,plain note 829,solo,false
830,User 830,user830@example.com,Paris,710.30,plain note 830,solo,true
831,User 831,user831@example.com,Lima,747.31,plain note 831,"a,b,c",false
832,User 832,user832@example.com,Amsterdam,784.32,plain note 832,solo,true
833,User 833,user833@example.com,Bratislava,821.33,"said ""hi"", then left",solo,false
834,User 834,user834@example.com,Zürich,858.34,plain note 834,"a,b,c",true
835,User 835,user835@example.com,København,895.35,plain note 835,solo,false
836,User 836,user836@example.com,Москва,932.36,"line one
line two",solo,true
837,User 837,user837@example.com,東京,969.37,plain note 837,"a,b,c",false
838,User 838,user838@example.com,Paris,1006.38,plain note 838,solo,true
839,User 839,user839@example.com,Lima,1043.39,plain note 839,solo,false
840,User 840,user840@example.com,Amsterdam,1080.40,"said ""hi"", then left","a,b,c",true
841,User 841,user841@example.com,Bratislava,1117.41,plain note 841,solo,false
842,User 842,user842@example.com,Zürich,1154.42,plain note 842,solo,true
843,User 843,user843@example.com,København,1191.43,plain note 843,"a,b,c",false
844,User 844,user844@example.com,Москва,1228.44,plain note 844,solo,true
845,User 845,user845@example.com,東京,1265.45,plain note 845,solo,false
846,User 846,user846@example.com,Paris,1302.46,plain note 846,"a,b,c",true
847,User 847,user847@example.com,Lima,1339.47,"said ""hi"", then left",solo,false
848,User 848,user848@example.com,Amsterdam,1376.48,plain note 848,solo,true
849,User 849,user849@example.com,Bratislava,1413.49,plain note 849,"a,b,c",false
850,User 850,user850@example.com,Zürich,1450.50,plain note 850,solo,true
851,User 851,user851@example.com,København,1487.51,plain note 851,solo,false
852,User 852,user852@example.com,Москва,1524.52,plain note 852,"a,b,c",true
853,User 853,user853@example.com,東京,1561.53,plain note 853,solo,false
854,User 854,user854@example.com,Paris,1598.54,"said ""hi"", then left",solo,true
855,User 855,user855@example.com,Lima,1635.55,plain note 855,"a,b,c",false
856,User 856,user856@example.com,Amsterdam,1672.56,plain note 856,solo,true
857,User 857,user857@example.com,Bratislava,1709.57,plain note 857,solo,false
858,User 858,user858@example.com,Zürich,1746.58,"line one
line two","a,b,c",true
859,User 859,user859@example.com,København,1783.59,plain note 859,solo,false
860,User 860,user860@example.com,Москва,1820.60,plain note 860,solo,true
861,User 861,user861@example.com,東京,1857.61,"said ""hi"", then left","a,b,c",false
862,User 862,user862@example.com,Paris,1894.62,plain note 862,solo,true
863,User 863,user863@example.com,Lima,1931.63,plain note 863,solo,false
864,User 864,user864@example.com,Amsterdam,1968.64,plain note 864,"a,b,c",true
865,User 865,user865@example.com,Bratislava,2005.65,plain note 865,solo,false
866,User 866,user866@example.com,Zürich,2042.66,plain note 866,solo,true
867,User 867,user867@example.com,København,2079.67,plain note 867,"a,b,c",false
868,User 868,user868@example.com,Москва,2116.68,"said ""hi"", then left",solo,true
869,User 869,user869@example.com,東京,2153.69,"line one
line two",solo,false
870,User 870,user870@example.com,Paris,2190.70,plain note 870,"a,b,c",true
871,User 871,user871@example.com,Lima,2227.71,plain note 871,solo,false
872,User 872,user872@example.com,Amsterdam,2264.72,plain note 872,solo,true
873,User 873,user873@example.com,Bratislava,2301.73,plain note 873,"a,b,c",false
874,User 874,user874@example.com,Zürich,2338.74,plain note 874,solo,true
875,User 875,user875@example.com,København,2375.75,"said ""hi"", then left",solo,false
876,User 876,user876@example.com,Москва,2412.76,plain note 876,"a,b,c",true
877,User 877,user877@example.com,東京,2449.77,plain note 877,solo,false
878,User 878,user878@example.com,Paris,2486.78,plain note 878,solo,true
879,User 879,user879@example.com,Lima,2523.79,plain note 879,"a,b,c",false
880,User 880,user880@example.com,Amsterdam,2560.80,"line one
line two",solo,true
881,User 881,user881@example.com,Bratislava,2597.81,plain note 881,solo,false
882,User 882,user882@example.com,Zürich,2634.82,"said ""hi"", then left","a,b,c",true
883,User 883,user883@example.com,København,2671.83,plain note 883,solo,false
884,User 884,user884@example.com,Москва,2708.84,plain note 884,solo,true
885,User 885,user885@example.com,東京,2745.85,plain note 885,"a,b,c",false
886,User 886,user886@example.com,Paris,2782.86,plain note 886,solo,true
887,User 887,user887@example.com,Lima,2819.87,plain note 887,solo,false
888,User 888,user888@example.com,Amsterdam,2856.88,plain note 888,"a,b,c",true
889,User 889,user889@example.com,Bratislava,2893.89,"said ""hi"", then left",solo,false
890,User 890,user890@example.com,Zürich,2930.90,plain note 890,solo,true
891,User 891,user891@example.com,København,2967.91,"line one
line two","a,b,c",false
892,User 892,user892@example.com,Москва,3004.92,plain note 892,solo,true
893,User 893,user893@example.com,東京,3041.93,plain note 893,solo,false
894,User 894,user894@example.com,Paris,3078.94,plain note 894,"a,b,c",true
895,User 895,user895@example.com,Lima,3115.95,plain note 895,solo,false
896,User 896,user896@example.com,Amsterdam,3152.96,"said ""hi"", then left",solo,true
897,User 897,user897@example.com,Bratislava,3189.97,plain note 897,"a,b,c",false
898,User 898,user898@example.com,Zürich,3226.98,plain note 898,solo,true
899,User 899,user899@example.com,København,3263.99,plain note 899,solo,false
900,User 900,user900@example.com,Москва,3300.0,plain note 900,"a,b,c",true
901,User 901,user901@example.com,東京,3337.1,plain note 901,solo,false
902,User 902,user902@example.com,Paris,3374.2,"line one
line two",solo,true
903,User 903,user903@example.com,Lima,3411.3,"said ""hi"", then left","a,b,c",false
904,User 904,user904@example.com,Amsterdam,3448.4,plain note 904,solo,true
905,User 905,user905@example.com,Bratislava,3485.5,plain note 905,solo,false
906,User 906,user906@example.com,Zürich,3522.6,plain note 906,"a,b,c",true
907,User 907,user907@example.com,København,3559.7,plain note 907,solo,false
908,User 908,user908@example.com,Москва,3596.8,plain note 908,solo,true
909,User 909,user909@example.com,東京,3633.9,plain note 909,"a,b,c",false
910,User 910,user910@example.com,Paris,3670.10,"said ""hi"", then left",solo,true
911,User 911,user911@example.com,Lima,3707.11,plain note 911,solo,false
912,User 912,user912@example.com,Amsterdam,3744.12,plain note 912,"a,b,c",true
913,User 913,user913@example.com,Bratislava,3781.13,"line one
line two",solo,false
914,User 914,user914@example.com,Zürich,3818.14,plain note 914,solo,true
915,User 915,user915@example.com,København,3855.15,plain note 915,"a,b,c",false
916,User 916,user916@example.com,Москва,3892.16,plain note 916,solo,true
917,User 917,user917@example.com,東京,3929.17,"said ""hi"", then left",solo,false
918,User 918,user918@example.com,Paris,3966.18,plain note 918,"a,b,c",true
919,User 919,user919@example.com,Lima,4003.19,plain note 919,solo,false
920,User 920,user920@example.com,Amsterdam,4040.20,plain note 920,solo,true
921,User 921,user921@example.com,Bratislava,4077.21,plain note 921,"a,b,c",false
922,User 922,user922@example.com,Zürich,4114.22,plain note 922,solo,true
923,User 923,user923@example.com,København,4151.23,plain note 923,solo,false
924,User 924,user924@example.com,Москва,4188.24,"said ""hi"", then left","a,b,c",true
925,User 925,user925@example.com,東京,4225.25,plain note 925,solo,false
926,User 926,user926@example.com,Paris,4262.26,plain note 926,solo,true
927,User 927,user927@example.com,Lima,4299.27,plain note 927,"a,b,c",false
928,User 928,user928@example.com,Amsterdam,4336.28,plain note 928,solo,true
929,User 929,user929@example.com,Bratislava,4373.29,plain note 929,solo,false
930,User 930,user930@example.com,Zürich,4410.30,plain note 930,"a,b,c",true
931,User 931,user931@example.com,København,4447.31,"said ""hi"", then left",solo,false
932,User 932,user932@example.com,Москва,4484.32,plain note 932,solo,true
933,User 933,user933@example.com,東京,4521.33,plain note 933,"a,b,c",false
934,User 934,user934@example.com,Paris,4558.34,plain note 934,solo,true
935,User 935,user935@example.com,Lima,4595.35,"line one
line two",solo,false
936,User 936,user936@example.com,Amsterdam,4632.36,plain note 936,"a,b,c",true
937,User 937,user937@example.com,Bratislava,4669.37,plain note 937,solo,false
938,User 938,user938@example.com,Zürich,4706.38,"said ""hi"", then left",solo,true
939,User 939,user939@example.com,København,4743.39,plain note 939,"a,b,c",false
940,User 940,user940@example.com,Москва,4780.40,plain note 940,solo,true
941,User 941,user941@example.com,東京,4817.41,plain note 941,solo,false
942,User 942,user942@example.com,Paris,4854.42,plain note 942,"a,b,c",true
943,User 943,user943@example.com,Lima,4891.43,plain note 943,solo,false
944,User 944,user944@example.com,Amsterdam,4928.44,plain note 944,solo,true
945,User 945,user945@example.com,Bratislava,4965.45,"said ""hi"", then left","a,b,c",false
946,User 946,user946@example.com,Zürich,5002.46,"line one
line two",solo,true
947,User 947,user947@example.com,København,5039.47,plain note 947,solo,false
948,User 948,user948@example.com,Москва,5076.48,plain note 948,"a,b,c",true
949,User 949,user949@example.com,東京,5113.49,plain note 949,solo,false
950,User 950,user950@example.com,Paris,5150.50,plain note 950,solo,true
951,User 951,user951@example.com,Lima,5187.51,plain note 951,"a,b,c",false
952,User 952,user952@example.com,Amsterdam,5224.52,"said ""hi"", then left",solo,true
953,User 953,user953@example.com,Bratislava,5261.53,plain note 953,solo,false
954,User 954,user954@example.com,Zürich,5298.54,plain note 954,"a,b,c",true
955,User 955,user955@example.com,København,5335.55,plain note 955,solo,false
956,User 956,user956@example.com,Москва,5372.56,plain note 956,solo,true
957,User 957,user957@example.com,東京,5409.57,"line one
line two","a,b,c",false
958,User 958,user958@example.com,Paris,5446.58,plain note 958,solo,true
959,User 959,user959@example.com,Lima,5483.59,"said ""hi"", then left",solo,false
960,User 960,user960@example.com,Amsterdam,5520.60,plain note 960,"a,b,c",true
961,User 961,user961@example.com,Bratislava,5557.61,plain note 961,solo,false
962,User 962,user962@example.com,Zürich,5594.62,plain note 962,solo,true
963,User 963,user963@example.com,København,5631.63,plain note 963,"a,b,c",false
964,User 964,user964@example.com,Москва,5668.64,plain note 964,solo,true
965,User 965,user965@example.com,東京,5705.65,plain note 965,solo,false
966,User 966,user966@example.com,Paris,5742.66,"said ""hi"", then left","a,b,c",true
967,User 967,user967@example.com,Lima,5779.67,plain note 967,solo,false
968,User 968,user968@example.com,Amsterdam,5816.68,"line one
line two",solo,true
969,User 969,user969@example.com,Bratislava,5853.69,plain note 969,"a,b,c",false
970,User 970,user970@example.com,Zürich,5890.70,plain note 970,solo,true
971,User 971,user971@example.com,København,5927.71,plain note 971,solo,false
972,User 972,user972@example.com,Москва,5964.72,plain note 972,"a,b,c",true
973,User 973,user973@example.com,東京,6001.73,"said ""hi"", then left",solo,false
974,User 974,user974@example.com,Paris,6038.74,plain note 974,solo,true
975,User 975,user975@example.com,Lima,6075.75,plain note 975,"a,b,c",false
976,User 976,user976@example.com,Amsterdam,6112.76,plain note 976,solo,true
977,User 977,user977@example.com,Bratislava,6149.77,plain note 977,solo,false
978,User 978,user978@example.com,Zürich,6186.78,plain note 978,"a,b,c",true
979,User 979,user979@example.com,København,6223.79,"line one
line two",solo,false
980,User 980,user980@example.com,Москва,6260.80,"said ""hi"", then left",solo,true
981,User 981,user981@example.com,東京,6297.81,plain note 981,"a,b,c",false
982,User 982,user982@example.com,Paris,6334.82,plain note 982,solo,true
983,User 983,user983@example.com,Lima,6371.83,plain note 983,solo,false
984,User 984,user984@example.com,Amsterdam,6408.84,plain note 984,"a,b,c",true
985,User 985,user985@example.com,Bratislava,6445.85,plain note 985,solo,false
986,User 986,user986@example.com,Zürich,6482.86,plain note 986,solo,true
987,User 987,user987@example.com,København,6519.87,"said ""hi"", then left","a,b,c",false
988,User 988,user988@example.com,Москва,6556.88,plain note 988,solo,true
989,User 989,user989@example.com,東京,6593.89,plain note 989,solo,false
990,User 990,user990@example.com,Paris,6630.90,"line one
line two","a,b,c",true
991,User 991,user991@example.com,Lima,6667.91,plain note 991,solo,false
992,User 992,user992@example.com,Amsterdam,6704.92,plain note 992,solo,true
993,User 993,user993@example.com,Bratislava,6741.93,plain note 993,"a,b,c",false
994,User 994,user994@example.com,Zürich,6778.94,"said ""hi"", then left",solo,true
995,User 995,user995@example.com,København,6815.95,plain note 995,solo,false
996,User 996,user996@example.com,Москва,6852.96,plain note 996,"a,b,c",true
997,User 997,user997@example.com,東京,6889.97,plain note 997,solo,false
998,User 998,user998@example.com,Paris,6926.98,plain note 998,solo,true
999,User 999,user999@example.com,Lima,6963.99,plain note 999,"a,b,c",false
1000,User 1000,user1000@example.com,Amsterdam,7000.0,plain note 1000,solo,true
1001,User 1001,user1001@example.com,Bratislava,7037.1,"said ""hi"", then left",solo,false
1002,User 1002,user1002@example.com,Zürich,7074.2,plain note 1002,"a,b,c",true
1003,User 1003,user1003@example.com,København,7111.3,plain note 1003,solo,false
1004,User 1004,user1004@example.com,Москва,7148.4,plain note 1004,solo,true
1005,User 1005,user1005@example.com,東京,7185.5,plain note 1005,"a,b,c",false
1006,User 1006,user1006@example.com,Paris,7222.6,plain note 1006,solo,true
1007,User 1007,user1007@example.com,Lima,7259.7,plain note 1007,solo,false
1008,User 1008,user1008@example.com,Amsterdam,7296.8,"said ""hi"", then left","a,b,c",true
1009,User 1009,user1009@example.com,Bratislava,7333.9,plain note 1009,solo,false
1010,User 1010,user1010@example.com,Zürich,7370.10,plain note 1010,solo,true
1011,User 1011,user1011@example.com,København,7407.11,plain note 1011,"a,b,c",false
1012,User 1012,user1012@example.com,Москва,7444.12,"line one
line two",solo,true
1013,User 1013,user1013@example.com,東京,7481.13,plain note 1013,solo,false
1014,User 1014,user1014@example.com,Paris,7518.14,plain note 1014,"a,b,c",true
1015,User 1015,user1015@example.com,Lima,7555.15,"said ""hi"", then left",solo,false
1016,User 1016,user1016@example.com,Amsterdam,7592.16,plain note 1016,solo,true
1017,User 1017,user1017@example.com,Bratislava,7629.17,plain note 1017,"a,b,c",false
1018,User 1018,user1018@example.com,Zürich,7666.18,plain note 1018,solo,true
1019,User 1019,user1019@example.com,København,7703.19,plain note 1019,solo,false
1020,User 1020,user1020@example.com,Москва,7740.20,plain note 1020,"a,b,c",true
1021,User 1021,user1021@example.com,東京,7777.21,plain note 1021,solo,false
1022,User 1022,user1022@example.com,Paris,7814.22,"said ""hi"", then left",solo,true
1023,User 1023,user1023@example.com,Lima,7851.23,"line one
line two","a,b,c",false
1024,User 1024,user1024@example.com,Amsterdam,7888.24,plain note 1024,solo,true
1025,User 1025,user1025@example.com,Bratislava,7925.25,plain note 1025,solo,false
1026,User 1026,user1026@example.com,Zürich,7962.26,plain note 1026,"a,b,c",true
1027,User 1027,user1027@example.com,København,7999.27,plain note 1027,solo,false
1028,User 1028,user1028@example.com,Москва,8036.28,plain note 1028,solo,true
1029,User 1029,user1029@example.com,東京,8073.29,"said ""hi"", then left","a,b,c",false
1030,User 1030,user1030@example.com,Paris,8110.30,plain note 1030,solo,true
1031,User 1031,user1031@example.com,Lima,8147.31,plain note 1031,solo,false
1032,User 1032,user1032@example.com,Amsterdam,8184.32,plain note 1032,"a,b,c",true
1033,User 1033,user1033@example.com,Bratislava,8221.33,plain note 1033,solo,false
1034,User 1034,user1034@example.com,Zürich,8258.34,"line one
line two",solo,true
1035,User 1035,user1035@example.com,København,8295.35,plain note 1035,"a,b,c",false
1036,User 1036,user1036@example.com,Москва,8332.36,"said ""hi"", then left",solo,true
1037,User 1037,user1037@example.com,東京,8369.37,plain note 1037,solo,false
1038,User 1038,user1038@example.com,Paris,8406.38,plain note 1038,"a,b,c",true
1039,User 1039,user1039@example.com,Lima,8443.39,plain note 1039,solo,false
1040,User 1040,user1040@example.com,Amsterdam,8480.40,plain note 1040,solo,true
1041,User 1041,user1041@example.com,Bratislava,8517.41,plain note 1041,"a,b,c",false
1042,User 1042,user1042@example.com,Zürich,8554.42,plain note 1042,solo,true
1043,User 1043,user1043@example.com,København,8591.43,"said ""hi"", then left",solo,false
1044,User 1044,user1044@example.com,Москва,8628.44,plain note 1044,"a,b,c",true
1045,User 1045,user1045@example.com,東京,8665.45,"line one
line two",solo,false
1046,User 1046,user1046@example.com,Paris,8702.46,plain note 1046,solo,true
1047,User 1047,user1047@example.com,Lima,8739.47,plain note 1047,"a,b,c",false
1048,User 1048,user1048@example.com,Amsterdam,8776.48,plain note 1048,solo,true
1049,User 1049,user1049@example.com,Bratislava,8813.49,plain note 1049,solo,false
1050,User 1050,user1050@example.com,Zürich,8850.50,"said ""hi"", then left","a,b,c",true
1051,User 1051,user1051@example.com,København,8887.51,plain note 1051,solo,false
1052,User 1052,user1052@example.com,Москва,8924.52,plain note 1052,solo,true
1053,User 1053,user1053@example.com,東京,8961.53,plain note 1053,"a,b,c",false
1054,User 1054,user1054@example.com,Paris,8998.54,plain note 1054,solo,true
1055,User 1055,user1055@example.com,Lima,9035.55,plain note 1055,solo,false
1056,User 1056,user1056@example.com,Amsterdam,9072.56,"line one
line two","a,b,c",true
1057,User 1057,user1057@example.com,Bratislava,9109.57,"said ""hi"", then left",solo,false
1058,User 1058,user1058@example.com,Zürich,9146.58,plain note 1058,solo,true
1059,User 1059,user1059@example.com,København,9183.59,plain note 1059,"a,b,c",false
1060,User 1060,user1060@example.com,Москва,9220.60,plain note 1060,solo,true
1061,User 1061,user1061@example.com,東京,9257.61,plain note 1061,solo,false
1062,User 1062,user1062@example.com,Paris,9294.62,plain note 1062,"a,b,c",true
1063,User 1063,user1063@example.com,Lima,9331.63,plain note 1063,solo,false
1064,User 1064,user1064@example.com,Amsterdam,9368.64,"said ""hi"", then left",solo,true
1065,User 1065,user1065@example.com,Bratislava,9405.65,plain note 1065,"a,b,c",false
1066,User 1066,user1066@example.com,Zürich,9442.66,plain note 1066,solo,true
1067,User 1067,user1067@example.com,København,9479.67,"line one
line two",solo,false
1068,User 1068,user1068@example.com,Москва,9516.68,plain note 1068,"a,b,c",true
1069,User 1069,user1069@example.com,東京,9553.69,plain note 1069,solo,false
1070,User 1070,user1070@example.com,Paris,9590.70,plain note 1070,solo,true
1071,User 1071,user1071@example.com,Lima,9627.71,"said ""hi"", then left","a,b,c",false
1072,User 1072,user1072@example.com,Amsterdam,9664.72,plain note 1072,solo,true
1073,User 1073,user1073@example.com,Bratislava,9701.73,plain note 1073,solo,false
1074,User 1074,user1074@example.com,Zürich,9738.74,plain note 1074,"a,b,c",true
1075,User 1075,user1075@example.com,København,9775.75,plain note 1075,solo,false
1076,User 1076,user1076@example.com,Москва,9812.76,plain note 1076,solo,true
1077,User 1077,user1077@example.com,東京,9849.77,plain note 1077,"a,b,c",false
1078,User 1078,user1078@example.com,Paris,9886.78,"said ""hi"", then left",solo,true
1079,User 1079,user1079@example.com,Lima,9923.79,plain note 1079,solo,false
1080,User 1080,user1080@example.com,Amsterdam,9960.80,plain note 1080,"a,b,c",true
1081,User 1081,user1081@example.com,Bratislava,9997.81,plain note 1081,solo,false
1082,User 1082,user1082@example.com,Zürich,34.82,plain note 1082,solo,true
1083,User 1083,user1083@example.com,København,71.83,plain note 1083,"a,b,c",false
1084,User 1084,user1084@example.com,Москва,108.84,plain note 1084,solo,true
1085,User 1085,user1085@example.com,東京,145.85,"said ""hi"", then left",solo,false
1086,User 1086,user1086@example.com,Paris,182.86,plain note 1086,"a,b,c",true
1087,User 1087,user1087@example.com,Lima,219.87,plain note 1087,solo,false
1088,User 1088,user1088@example.com,Amsterdam,256.88,plain note 1088,solo,true
1089,User 1089,user1089@example.com,Bratislava,293.89,"line one
line two","a,b,c",false
1090,User 1090,user1090@example.com,Zürich,330.90,plain note 1090,solo,true
1091,User 1091,user1091@example.com,København,367.91,plain note 1091,solo,false
1092,User 1092,user1092@example.com,Москва,404.92,"said ""hi"", then left","a,b,c",true
1093,User 1093,user1093@example.com,東京,441.93,plain note 1093,solo,false
1094,User 1094,user1094@example.com,Paris,478.94,plain note 1094,solo,true
1095,User 1095,user1095@example.com,Lima,515.95,plain note 1095,"a,b,c",false
1096,User 1096,user1096@example.com,Amsterdam,552.96,plain note 1096,solo,true
1097,User 1097,user1097@example.com,Bratislava,589.97,plain note 1097,solo,false
1098,User 1098,user1098@example.com,Zürich,626.98,plain note 1098,"a,b,c",true
1099,User 1099,user1099@example.com,København,663.99,"said ""hi"", then left",solo,false
1100,User 1100,user1100@example.com,Москва,700.0,"line one
line two",solo,true
1101,User 1101,user1101@example.com,東京,737.1,plain note 1101,"a,b,c",false
1102,User 1102,user1102@example.com,Paris,774.2,plain note 1102,solo,true
1103,User 1103,user1103@example.com,Lima,811.3,plain note 1103,solo,false
1104,User 1104,user1104@example.com,Amsterdam,848.4,plain note 1104,"a,b,c",true
1105,User 1105,user1105@example.com,Bratislava,885.5,plain note 1105,solo,false
1106,User 1106,user1106@example.com,Zürich,922.6,"said ""hi"", then left",solo,true
1107,User 1107,user1107@example.com,København,959.7,plain note 1107,"a,b,c",false
1108,User 1108,user1108@example.com,Москва,996.8,plain note 1108,solo,true
1109,User 1109,user1109@example.com,東京,1033.9,plain note 1109,solo,false
1110,User 1110,user1110@example.com,Paris,1070.10,plain note 1110,"a,b,c",true
1111,User 1111,user1111@example.com,Lima,1107.11,"line one
line two",solo,false
1112,User 1112,user1112@example.com,Amsterdam,1144.12,plain note 1112,solo,true
1113,User 1113,user1113@example.com,Bratislava,1181.13,"said ""hi"", then left","a,b,c",false
1114,User 1114,user1114@example.com,Zürich,1218.14,plain note 1114,solo,true
1115,User 1115,user1115@example.com,København,1255.15,plain note 1115,solo,false
1116,User 1116,user1116@example.com,Москва,1292.16,plain note 1116,"a,b,c",true
1117,User 1117,user1117@example.com,東京,1329.17,plain note 1117,solo,false
1118,User 1118,user1118@example.com,Paris,1366.18,plain note 1118,solo,true
1119,User 1119,user1119@example.com,Lima,1403.19,plain note 1119,"a,b,c",false
1120,User 1120,user1120@example.com,Amsterdam,1440.20,"said ""hi"", then left",solo,true
1121,User 1121,user1121@example.com,Bratislava,1477.21,plain note 1121,solo,false
1122,User 1122,user1122@example.com,Zürich,1514.22,"line one
line two","a,b,c",true
1123,User 1123,user1123@example.com,København,1551.23,plain note 1123,solo,false
1124,User 1124,user1124@example.com,Москва,1588.24,plain note 1124,solo,true
1125,User 1125,user1125@example.com,東京,1625.25,plain note 1125,"a,b,c",false
1126,User 1126,user1126@example.com,Paris,1662.26,plain note 1126,solo,true
1127,User 1127,user1127@example.com,Lima,1699.27,"said ""hi"", then left",solo,false
1128,User 1128,user1128@example.com,Amsterdam,1736.28,plain note 1128,"a,b,c",true
1129,User 1129,user1129@example.com,Bratislava,1773.29,plain note 1129,solo,false
1130,User 1130,user1130@example.com,Zürich,1810.30,plain note 1130,solo,true
1131,User 1131,user1131@example.com,København,1847.31,plain note 1131,"a,b,c",false
1132,User 1132,user1132@example.com,Москва,1884.32,plain note 1132,solo,true
1133,User 1133,user1133@example.com,東京,1921.33,"line one
line two",solo,false
1134,User 1134,user1134@example.com,Paris,1958.34,"said ""hi"", then left","a,b,c",true
1135,User 1135,user1135@example.com,Lima,1995.35,plain note 1135,solo,false
1136,User 1136,user1136@example.com,Amsterdam,2032.36,plain note 1136,solo,true
1137,User 1137,user1137@example.com,Bratislava,2069.37,plain note 1137,"a,b,c",false
1138,User 1138,user1138@example.com,Zürich,2106.38,plain note 1138,solo,true
1139,User 1139,user1139@example.com,København,2143.39,plain note 1139,solo,false
1140,User 1140,user1140@example.com,Москва,2180.40,plain note 1140,"a,b,c",true
1141,User 1141,user1141@example.com,東京,2217.41,"said ""hi"", then left",solo,false
1142,User 1142,user1142@example.com,Paris,2254.42,plain note 1142,solo,true
1143,User 1143,user1143@example.com,Lima,2291.43,plain note 1143,"a,b,c",false
1144,User 1144,user1144@example.com,Amsterdam,2328.44,"line one
line two",solo,true
1145,User 1145,user1145@example.com,Bratislava,2365.45,plain note 1145,solo,false
1146,User 1146,user1146@example.com,Zürich,2402.46,plain note 1146,"a,b,c",true
1147,User 1147,user1147@example.com,København,2439.47,plain note 1147,solo,false
1148,User 1148,user1148@example.com,Москва,2476.48,"said ""hi"", then left",solo,true
1149,User 1149,user1149@example.com,東京,2513.49,plain note 1149,"a,b,c",false
1150,User 1150,user1150@example.com,Paris,2550.50,plain note 1150,solo,true
1151,User 1151,user1151@example.com,Lima,2587.51,plain note 1151,solo,false
1152,User 1152,user1152@example.com,Amsterdam,2624.52,plain note 1152,"a,b,c",true
1153,User 1153,user1153@example.com,Bratislava,2661.53,plain note 1153,solo,false
1154,User 1154,user1154@example.com,Zürich,2698.54,plain note 1154,solo,true
1155,User 1155,user1155@example.com,København,2735.55,"said ""hi"", then left","a,b,c",false
1156,User 1156,user1156@example.com,Москва,2772.56,plain note 1156,solo,true
1157,User 1157,user1157@example.com,東京,2809.57,plain note 1157,solo,false
1158,User 1158,user1158@example.com,Paris,2846.58,plain note 1158,"a,b,c",true
1159,User 1159,user1159@example.com,Lima,2883.59,plain note 1159,solo,false
1160,User 1160,user1160@example.com,Amsterdam,2920.60,plain note 1160,solo,true
1161,User 1161,user1161@example.com,Bratislava,2957.61,plain note 1161,"a,b,c",false
1162,User 1162,user1162@example.com,Zürich,2994.62,"said ""hi"", then left",solo,true
1163,User 1163,user1163@example.com,København,3031.63,plain note 1163,solo,false
1164,User 1164,user1164@example.com,Москва,3068.64,plain note 1164,"a,b,c",true
1165,User 1165,user1165@example.com,東京,3105.65,plain note 1165,solo,false
1166,User 1166,user1166@example.com,Paris,3142.66,"line one
line two",solo,true
1167,User 1167,user1167@example.com,Lima,3179.67,plain note 1167,"a,b,c",false
1168,User 1168,user1168@example.com,Amsterdam,3216.68,plain note 1168,solo,true
1169,User 1169,user1169@example.com,Bratislava,3253.69,"said ""hi"", then left",solo,false
1170,User 1170,user1170@example.com,Zürich,3290.70,plain note 1170,"a,b,c",true
1171,User 1171,user1171@example.com,København,3327.71,plain note 1171,solo,false
1172,User 1172,user1172@example.com,Москва,3364.72,plain note 1172,solo,true
1173,User 1173,user1173@example.com,東京,3401.73,plain note 1173,"a,b,c",false
1174,User 1174,user1174@example.com,Paris,3438.74,plain note 1174,solo,true
1175,User 1175,user1175@example.com,Lima,3475.75,plain note 1175,solo,false
1176,User 1176,user1176@example.com,Amsterdam,3512.76,"said ""hi"", then left","a,b,c",true
1177,User 1177,user1177@example.com,Bratislava,3549.77,"line one
line two",solo,false
1178,User 1178,user1178@example.com,Zürich,3586.78,plain note 1178,solo,true
1179,User 1179,user1179@example.com,København,3623.79,plain note 1179,"a,b,c",false
1180,User 1180,user1180@example.com,Москва,3660.80,plain note 1180,solo,true
1181,User 1181,user1181@example.com,東京,3697.81,plain note 1181,solo,false
1182,User 1182,user1182@example.com,Paris,3734.82,plain note 1182,"a,b,c",true
1183,User 1183,user1183@example.com,Lima,3771.83,"said ""hi"", then left",solo,false
1184,User 1184,user1184@example.com,Amsterdam,3808.84,plain note 1184,solo,true
1185,User 1185,user1185@example.com,Bratislava,3845.85,plain note 1185,"a,b,c",false
1186,User 1186,user1186@example.com,Zürich,3882.86,plain note 1186,solo,true
1187,User 1187,user1187@example.com,København,3919.87,plain note 1187,solo,false
1188,User 1188,user1188@example.com,Москва,3956.88,"line one
line two","a,b,c",true
1189,User 1189,user1189@example.com,東京,3993.89,plain note 1189,solo,false
1190,User 1190,user1190@example.com,Paris,4030.90,"said ""hi"", then left",solo,true
1191,User 1191,user1191@example.com,Lima,4067.91,plain note 1191,"a,b,c",false
1192,User 1192,user1192@example.com,Amsterdam,4104.92,plain note 1192,solo,true
1193,User 1193,user1193@example.com,Bratislava,4141.93,plain note 1193,solo,false
1194,User 1194,user1194@example.com,Zürich,4178.94,plain note 1194,"a,b,c",true
1195,User 1195,user1195@example.com,København,4215.95,plain note 1195,solo,false
1196,User 1196,user1196@example.com,Москва,4252.96,plain note 1196,solo,true
1197,User 1197,user1197@example.com,東京,4289.97,"said ""hi"", then left","a,b,c",false
1198,User 1198,user1198@example.com,Paris,4326.98,plain note 1198,solo,true
1199,User 1199,user1199@example.com,Lima,4363.99,"line one
line two",solo,false
1200,User 1200,user1200@example.com,Amsterdam,4400.0,plain note 1200,"a,b,c",true
1201,User 1201,user1201@example.com,Bratislava,4437.1,plain note 1201,solo,false
1202,User 1202,user1202@example.com,Zürich,4474.2,plain note 1202,solo,true
1203,User 1203,user1203@example.com,København,4511.3,plain note 1203,"a,b,c",false
1204,User 1204,user1204@example.com,Москва,4548.4,"said ""hi"", then left",solo,true
1205,User 1205,user1205@example.com,東京,4585.5,plain note 1205,solo,false
1206,User 1206,user1206@example.com,Paris,4622.6,plain note 1206,"a,b,c",true
1207,User 1207,user1207@example.com,Lima,4659.7,plain note 1207,solo,false
1208,User 1208,user1208@example.com,Amsterdam,4696.8,plain note 1208,solo,true
1209,User 1209,user1209@example.com,Bratislava,4733.9,plain note 1209,"a,b,c",false
1210,User 1210,user1210@example.com,Zürich,4770.10,"line one
line two",solo,true
1211,User 1211,user1211@example.com,København,4807.11,"said ""hi"", then left",solo,false
1212,User 1212,user1212@example.com,Москва,4844.12,plain note 1212,"a,b,c",true
1213,User 1213,user1213@example.com,東京,4881.13,plain note 1213,solo,false
1214,User 1214,user1214@example.com,Paris,4918.14,plain note 1214,solo,true
1215,User 1215,user1215@example.com,Lima,4955.15,plain note 1215,"a,b,c",false
1216,User 1216,user1216@example.com,Amsterdam,4992.16,plain note 1216,solo,true
1217,User 1217,user1217@example.com,Bratislava,5029.17,plain note 1217,solo,false
1218,User 1218,user1218@example.com,Zürich,5066.18,"said ""hi"", then left","a,b,c",true
1219,User 1219,user1219@example.com,København,5103.19,plain note 1219,solo,false
1220,User 1220,user1220@example.com,Москва,5140.20,plain note 1220,solo,true
1221,User 1221,user1221@example.com,東京,5177.21,"line one
line two","a,b,c",false
1222,User 1222,user1222@example.com,Paris,5214.22,plain note 1222,solo,true
1223,User 1223,user1223@example.com,Lima,5251.23,plain note 1223,solo,false
1224,User 1224,user1224@example.com,Amsterdam,5288.24,plain note 1224,"a,b,c",true
1225,User 1225,user1225@example.com,Bratislava,5325.25,"said ""hi"", then left",solo,false
1226,User 1226,user1226@example.com,Zürich,5362.26,plain note 1226,solo,true
1227,User 1227,user1227@example.com,København,5399.27,plain note 1227,"a,b,c",false
1228,User 1228,user1228@example.com,Москва,5436.28,plain note 1228,solo,true
1229,User 1229,user1229@example.com,東京,5473.29,plain note 1229,solo,false
1230,User 1230,user1230@example.com,Paris,5510.30,plain note 1230,"a,b,c",true
1231,User 1231,user1231@example.com,Lima,5547.31,plain note 1231,solo,false
1232,User 1232,user1232@example.com,Amsterdam,5584.32,"said ""hi"", then left",solo,true
1233,User 1233,user1233@example.com,Bratislava,5621.33,plain note 1233,"a,b,c",false
1234,User 1234,user1234@example.com,Zürich,5658.34,plain note 1234,solo,true
1235,User 1235,user1235@example.com,København,5695.35,plain note 1235,solo,false
1236,User 1236,user1236@example.com,Москва,5732.36,plain note 1236,"a,b,c",true
1237,User 1237,user1237@example.com,東京,5769.37,plain note 1237,solo,false
1238,User 1238,user1238@example.com,Paris,5806.38,plain note 1238,solo,true
1239,User 1239,user1239@example.com,Lima,5843.39,"said ""hi"", then left","a,b,c",false
1240,User 1240,user1240@example.com,Amsterdam,5880.40,plain note 1240,solo,true
1241,User 1241,user1241@example.com,Bratislava,5917.41,plain note 1241,solo,false
1242,User 1242,user1242@example.com,Zürich,5954.42,plain note 1242,"a,b,c",true
1243,User 1243,user1243@example.com,København,5991.43,"line one
line two",solo,false
1244,User 1244,user1244@example.com,Москва,6028.44,plain note 1244,solo,true
1245,User 1245,user1245@example.com,東京,6065.45,plain note 1245,"a,b,c",false
1246,User 1246,user1246@example.com,Paris,6102.46,"said ""hi"", then left",solo,true
1247,User 1247,user1247@example.com,Lima,6139.47,plain note 1247,solo,false
1248,User 1248,user1248@example.com,Amsterdam,6176.48,plain note 1248,"a,b,c",true
1249,User 1249,user1249@example.com,Bratislava,6213.49,plain note 1249,solo,false
1250,User 1250,user1250@example.com,Zürich,6250.50,plain note 1250,solo,true
1251,User 1251,user1251@example.com,København,6287.51,plain note 1251,"a,b,c",false
1252,User 1252,user1252@example.com,Москва,6324.52,plain note 1252,solo,true
1253,User 1253,user1253@example.com,東京,6361.53,"said ""hi"", then left",solo,false
1254,User 1254,user1254@example.com,Paris,6398.54,"line one
line two","a,b,c",true
1255,User 1255,user1255@example.com,Lima,6435.55,plain note 1255,solo,false
1256,User 1256,user1256@example.com,Amsterdam,6472.56,plain note 1256,solo,true
1257,User 1257,user1257@example.com,Bratislava,6509.57,plain note 1257,"a,b,c",false
1258,User 1258,user1258@example.com,Zürich,6546.58,plain note 1258,solo,true
1259,User 1259,user1259@example.com,København,6583.59,plain note 1259,solo,false
1260,User 1260,user1260@example.com,Москва,6620.60,"said ""hi"", then left","a,b,c",true
1261,User 1261,user1261@example.com,東京,6657.61,plain note 1261,solo,false
1262,User 1262,user1262@example.com,Paris,6694.62,plain note 1262,solo,true
1263,User 1263,user1263@example.com,Lima,6731.63,plain note 1263,"a,b,c",false
1264,User 1264,user1264@example.com,Amsterdam,6768.64,plain note 1264,solo,true
1265,User 1265,user1265@example.com,Bratislava,6805.65,"line one
line two",solo,false
1266,User 1266,user1266@example.com,Zürich,6842.66,plain note 1266,"a,b,c",true
1267,User 1267,user1267@example.com,København,6879.67,"said ""hi"", then left",solo,false
1268,User 1268,user1268@example.com,Москва,6916.68,plain note 1268,solo,true
1269,User 1269,user1269@example.com,東京,6953.69,plain note 1269,"a,b,c",false
1270,User 1270,user1270@example.com,Paris,6990.70,plain note 1270,solo,true
1271,User 1271,user1271@example.com,Lima,7027.71,plain note 1271,solo,false
1272,User 1272,user1272@example.com,Amsterdam,7064.72,plain note 1272,"a,b,c",true
1273,User 1273,user1273@example.com,Bratislava,7101.73,plain note 1273,solo,false
1274,User 1274,user1274@example.com,Zürich,7138.74,"said ""hi"", then left",solo,true
1275,User 1275,user1275@example.com,København,7175.75,plain note 1275,"a,b,c",false
1276,User 1276,user1276@example.com,Москва,7212.76,"line one
line two",solo,true
1277,User 1277,user1277@example.com,東京,7249.77,plain note 1277,solo,false
1278,User 1278,user1278@example.com,Paris,7286.78,plain note 1278,"a,b,c",true
1279,User 1279,user1279@example.com,Lima,7323.79,plain note 1279,solo,false
1280,User 1280,user1280@example.com,Amsterdam,7360.80,plain note 1280,solo,true
1281,User 1281,user1281@example.com,Bratislava,7397.81,"said ""hi"", then left","a,b,c",false
1282,User 1282,user1282@example.com,Zürich,7434.82,plain note 1282,solo,true
1283,User 1283,user1283@example.com,København,7471.83,plain note 1283,solo,false
1284,User 1284,user1284@example.com,Москва,7508.84,plain note 1284,"a,b,c",true
1285,User 1285,user1285@example.com,東京,7545.85,plain note 1285,solo,false
1286,User 1286,user1286@example.com,Paris,7582.86,plain note 1286,solo,true
1287,User 1287,user1287@example.com,Lima,7619.87,"line one
line two","a,b,c",false
1288,User 1288,user1288@example.com,Amsterdam,7656.88,"said ""hi"", then left",solo,true
1289,User 1289,user1289@example.com,Bratislava,7693.89,plain note 1289,solo,false
1290,User 1290,user1290@example.com,Zürich,7730.90,plain note 1290,"a,b,c",true
1291,User 1291,user1291@example.com,København,7767.91,plain note 1291,solo,false
1292,User 1292,user1292@example.com,Москва,7804.92,plain note 1292,solo,true
1293,User 1293,user1293@example.com,東京,7841.93,plain note 1293,"a,b,c",false
1294,User 1294,user1294@example.com,Paris,7878.94,plain note 1294,solo,true
1295,User 1295,user1295@example.com,Lima,7915.95,"said ""hi"", then left",solo,false
1296,User 1296,user1296@example.com,Amsterdam,7952.96,plain note 1296,"a,b,c",true
1297,User 1297,user1297@example.com,Bratislava,7989.97,plain note 1297,solo,false
1298,User 1298,user1298@example.com,Zürich,8026.98,"line one
line two",solo,true
1299,User 1299,user1299@example.com,København,8063.99,plain note 1299,"a,b,c",false
1300,User 1300,user1300@example.com,Москва,8100.0,plain note 1300,solo,true
1301,User 1301,user1301@example.com,東京,8137.1,plain note 1301,solo,false
1302,User 1302,user1302@example.com,Paris,8174.2,"said ""hi"", then left","a,b,c",true
1303,User 1303,user1303@example.com,Lima,8211.3,plain note 1303,solo,false
1304,User 1304,user1304@example.com,Amsterdam,8248.4,plain note 1304,solo,true
1305,User 1305,user1305@example.com,Bratislava,8285.5,plain note 1305,"a,b,c",false
1306,User 1306,user1306@example.com,Zürich,8322.6,plain note 1306,solo,true
1307,User 1307,user1307@example.com,København,8359.7,plain note 1307,solo,false
1308,User 1308,user1308@example.com,Москва,8396.8,plain note 1308,"a,b,c",true
1309,User 1309,user1309@example.com,東京,8433.9,"said ""hi"", then left",solo,false
1310,User 1310,user1310@example.com,Paris,8470.10,plain note 1310,solo,true
1311,User 1311,user1311@example.com,Lima,8507.11,plain note 1311,"a,b,c",false
1312,User 1312,user1312@example.com,Amsterdam,8544.12,plain note 1312,solo,true
1313,User 1313,user1313@example.com,Bratislava,8581.13,plain note 1313,solo,false
1314,User 1314,user1314@example.com,Zürich,8618.14,plain note 1314,"a,b,c",true
1315,User 1315,user1315@example.com,København,8655.15,plain note 1315,solo,false
1316,User 1316,user1316@example.com,Москва,8692.16,"said ""hi"", then left",solo,true
1317,User 1317,user1317@example.com,東京,8729.17,plain note 1317,"a,b,c",false
1318,User 1318,user1318@example.com,Paris,8766.18,plain note 1318,solo,true
1319,User 1319,user1319@example.com,Lima,8803.19,plain note 1319,solo,false
1320,User 1320,user1320@example.com,Amsterdam,8840.20,"line one
line two","a,b,c",true
1321,User 1321,user1321@example.com,Bratislava,8877.21,plain note 1321,solo,false
1322,User 1322,user1322@example.com,Zürich,8914.22,plain note 1322,solo,true
1323,User 1323,user1323@example.com,København,8951.23,"said ""hi"", then left","a,b,c",false
1324,User 1324,user1324@example.com,Москва,8988.24,plain note 1324,solo,true
1325,User 1325,user1325@example.com,東京,9025.25,plain note 1325,solo,false
1326,User 1326,user1326@example.com,Paris,9062.26,plain note 1326,"a,b,c",true
1327,User 1327,user1327@example.com,Lima,9099.27,plain note 1327,solo,false
1328,User 1328,user1328@example.com,Amsterdam,9136.28,plain note 1328,solo,true
1329,User 1329,user1329@example.com,Bratislava,9173.29,plain note 1329,"a,b,c",false
1330,User 1330,user1330@example.com,Zürich,9210.30,"said ""hi"", then left",solo,true
1331,User 1331,user1331@example.com,København,9247.31,"line one
line two",solo,false
1332,User 1332,user1332@example.com,Москва,9284.32,plain note 1332,"a,b,c",true
1333,User 1333,user1333@example.com,東京,9321.33,plain note 1333,solo,false
1334,User 1334,user1334@example.com,Paris,9358.34,plain note 1334,solo,true
1335,User 1335,user1335@example.com,Lima,9395.35,plain note 1335,"a,b,c",false
1336,User 1336,user1336@example.com,Amsterdam,9432.36,plain note 1336,solo,true
1337,User 1337,user1337@example.com,Bratislava,9469.37,"said ""hi"", then left",solo,false
1338,User 1338,user1338@example.com,Zürich,9506.38,plain note 1338,"a,b,c",true
1339,User 1339,user1339@example.com,København,9543.39,plain note 1339,solo,false
1340,User 1340,user1340@example.com,Москва,9580.40,plain note 1340,solo,true
1341,User 1341,user1341@example.com,東京,9617.41,plain note 1341,"a,b,c",false
1342,User 1342,user1342@example.com,Paris,9654.42,"line one
line two",solo,true
1343,User 1343,user1343@example.com,Lima,9691.43,plain note 1343,solo,false
1344,User 1344,user1344@example.com,Amsterdam,9728.44,"said ""hi"", then left","a,b,c",true
1345,User 1345,user1345@example.com,Bratislava,9765.45,plain note 1345,solo,false
1346,User 1346,user1346@example.com,Zürich,9802.46,plain note 1346,solo,true
1347,User 1347,user1347@example.com,København,9839.47,plain note 1347,"a,b,c",false
1348,User 1348,user1348@example.com,Москва,9876.48,plain note 1348,solo,true
1349,User 1349,user1349@example.com,東京,9913.49,plain note 1349,solo,false
1350,User 1350,user1350@example.com,Paris,9950.50,plain note 1350,"a,b,c",true
1351,User 1351,user1351@example.com,Lima,9987.51,"said ""hi"", then left",solo,false
1352,User 1352,user1352@example.com,Amsterdam,24.52,plain note 1352,solo,true
1353,User 1353,user1353@example.com,Bratislava,61.53,"line one
line two","a,b,c",false
1354,User 1354,user1354@example.com,Zürich,98.54,plain note 1354,solo,true
1355,User 1355,user1355@example.com,København,135.55,plain note 1355,solo,false
1356,User 1356,user1356@example.com,Москва,172.56,plain note 1356,"a,b,c",true
1357,User 1357,user1357@example.com,東京,209.57,plain note 1357,solo,false
1358,User 1358,user1358@example.com,Paris,246.58,"said ""hi"", then left",solo,true
1359,User 1359,user1359@example.com,Lima,283.59,plain note 1359,"a,b,c",false
1360,User 1360,user1360@example.com,Amsterdam,320.60,plain note 1360,solo,true
1361,User 1361,user1361@example.com,Bratislava,357.61,plain note 1361,solo,false
1362,User 1362,user1362@example.com,Zürich,394.62,plain note 1362,"a,b,c",true
1363,User 1363,user1363@example.com,København,431.63,plain note 1363,solo,false
1364,User 1364,user1364@example.com,Москва,468.64,"line one
line two",solo,true
1365,User 1365,user1365@example.com,東京,505.65,"said ""hi"", then left","a,b,c",false
1366,User 1366,user1366@example.com,Paris,542.66,plain note 1366,solo,true
1367,User 1367,user1367@example.com,Lima,579.67,plain note 1367,solo,false
1368,User 1368,user1368@example.com,Amsterdam,616.68,plain note 1368,"a,b,c",true
1369,User 1369,user1369@example.com,Bratislava,653.69,plain note 1369,solo,false
1370,User 1370,user1370@example.com,Zürich,690.70,plain note 1370,solo,true
1371,User 1371,user1371@example.com,København,727.71,plain note 1371,"a,b,c",false
1372,User 1372,user1372@example.com,Москва,764.72,"said ""hi"", then left",solo,true
1373,User 1373,user1373@example.com,東京,801.73,plain note 1373,solo,false
1374,User 1374,user1374@example.com,Paris,838.74,plain note 1374,"a,b,c",true
1375,User 1375,user1375@example.com,Lima,875.75,"line one
line two",solo,false
1376,User 1376,user1376@example.com,Amsterdam,912.76,plain note 1376,solo,true
1377,User 1377,user1377@example.com,Bratislava,949.77,plain note 1377,"a,b,c",false
1378,User 1378,user1378@example.com,Zürich,986.78,plain note 1378,solo,true
1379,User 1379,user1379@example.com,København,1023.79,"said ""hi"", then left",solo,false
1380,User 1380,user1380@example.com,Москва,1060.80,plain note 1380,"a,b,c",true
1381,User 1381,user1381@example.com,東京,1097.81,plain note 1381,solo,false
1382,User 1382,user1382@example.com,Paris,1134.82,plain note 1382,solo,true
1383,User 1383,user1383@example.com,Lima,1171.83,plain note 1383,"a,b,c",false
1384,User 1384,user1384@example.com,Amsterdam,1208.84,plain note 1384,solo,true
1385,User 1385,user1385@example.com,Bratislava,1245.85,plain note 1385,solo,false
1386,User 1386,user1386@example.com,Zürich,1282.86,"said ""hi"", then left","a,b,c",true
1387,User 1387,user1387@example.com,København,1319.87,plain note 1387,solo,false
1388,User 1388,user1388@example.com,Москва,1356.88,plain note 1388,solo,true
1389,User 1389,user1389@example.com,東京,1393.89,plain note 1389,"a,b,c",false
1390,User 1390,user1390@example.com,Paris,1430.90,plain note 1390,solo,true
1391,User 1391,user1391@example.com,Lima,1467.91,plain note 1391,solo,false
1392,User 1392,user1392@example.com,Amsterdam,1504.92,plain note 1392,"a,b,c",true
1393,User 1393,user1393@example.com,Bratislava,1541.93,"said ""hi"", then left",solo,false
1394,User 1394,user1394@example.com,Zürich,1578.94,plain note 1394,solo,true
1395,User 1395,user1395@example.com,København,1615.95,plain note 1395,"a,b,c",false
1396,User 1396,user1396@example.com,Москва,1652.96,plain note 1396,solo,true
1397,User 1397,user1397@example.com,東京,1689.97,"line one
line two",solo,false
1398,User 1398,user1398@example.com,Paris,1726.98,plain note 1398,"a,b,c",true
1399,User 1399,user1399@example.com,Lima,1763.99,plain note 1399,solo,false
1400,User 1400,user1400@example.com,Amsterdam,1800.0,"said ""hi"", then left",solo,true
1401,User 1401,user1401@example.com,Bratislava,1837.1,plain note 1401,"a,b,c",false
1402,User 1402,user1402@example.com,Zürich,1874.2,plain note 1402,solo,true
1403,User 1403,user1403@example.com,København,1911.3,plain note 1403,solo,false
1404,User 1404,user1404@example.com,Москва,1948.4,plain note 1404,"a,b,c",true
1405,User 1405,user1405@example.com,東京,1985.5,plain note 1405,solo,false
1406,User 1406,user1406@example.com,Paris,2022.6,plain note 1406,solo,true
1407,User 1407,user1407@example.com,Lima,2059.7,"said ""hi"", then left","a,b,c",false
1408,User 1408,user1408@example.com,Amsterdam,2096.8,"line one
line two",solo,true
1409,User 1409,user1409@example.com,Bratislava,2133.9,plain note 1409,solo,false
1410,User 1410,user1410@example.com,Zürich,2170.10,plain note 1410,"a,b,c",true
1411,User 1411,user1411@example.com,København,2207.11,plain note 1411,solo,false
1412,User 1412,user1412@example.com,Москва,2244.12,plain note 1412,solo,true
1413,User 1413,user1413@example.com,東京,2281.13,plain note 1413,"a,b,c",false
1414,User 1414,user1414@example.com,Paris,2318.14,"said ""hi"", then left",solo,true
1415,User 1415,user1415@example.com,Lima,2355.15,plain note 1415,solo,false
1416,User 1416,user1416@example.com,Amsterdam,2392.16,plain note 1416,"a,b,c",true
1417,User 1417,user1417@example.com,Bratislava,2429.17,plain note 1417,solo,false
1418,User 1418,user1418@example.com,Zürich,2466.18,plain note 1418,solo,true
1419,User 1419,user1419@example.com,København,2503.19,"line one
line two","a,b,c",false
1420,User 1420,user1420@example.com,Москва,2540.20,plain note 1420,solo,true
1421,User 1421,user1421@example.com,東京,2577.21,"said ""hi"", then left",solo,false
1422,User 1422,user1422@example.com,Paris,2614.22,plain note 1422,"a,b,c",true
1423,User 1423,user1423@example.com,Lima,2651.23,plain note 1423,solo,false
1424,User 1424,user1424@example.com,Amsterdam,2688.24,plain note 1424,solo,true
1425,User 1425,user1425@example.com,Bratislava,2725.25,plain note 1425,"a,b,c",false
1426,User 1426,user1426@example.com,Zürich,2762.26,plain note 1426,solo,true
1427,User 1427,user1427@example.com,København,2799.27,plain note 1427,solo,false
1428,User 1428,user1428@example.com,Москва,2836.28,"said ""hi"", then left","a,b,c",true
1429,User 1429,user1429@example.com,東京,2873.29,plain note 1429,solo,false
1430,User 1430,user1430@example.com,Paris,2910.30,"line one
line two",solo,true
1431,User 1431,user1431@example.com,Lima,2947.31,plain note 1431,"a,b,c",false
1432,User 1432,user1432@example.com,Amsterdam,2984.32,plain note 1432,solo,true
1433,User 1433,user1433@example.com,Bratislava,3021.33,plain note 1433,solo,false
1434,User 1434,user1434@example.com,Zürich,3058.34,plain note 1434,"a,b,c",true
1435,User 1435,user1435@example.com,København,3095.35,"said ""hi"", then left",solo,false
1436,User 1436,user1436@example.com,Москва,3132.36,plain note 1436,solo,true
1437,User 1437,user1437@example.com,東京,3169.37,plain note 1437,"a,b,c",false
1438,User 1438,user1438@example.com,Paris,3206.38,plain note 1438,solo,true
1439,User 1439,user1439@example.com,Lima,3243.39,plain note 1439,solo,false
1440,User 1440,user1440@example.com,Amsterdam,3280.40,plain note 1440,"a,b,c",true
1441,User 1441,user1441@example.com,Bratislava,3317.41,"line one
line two",solo,false
1442,User 1442,user1442@example.com,Zürich,3354.42,"said ""hi"", then left",solo,true
1443,User 1443,user1443@example.com,København,3391.43,plain note 1443,"a,b,c",false
1444,User 1444,user1444@example.com,Москва,3428.44,plain note 1444,solo,true
1445,User 1445,user1445@example.com,東京,3465.45,plain note 1445,solo,false
1446,User 1446,user1446@example.com,Paris,3502.46,plain note 1446,"a,b,c",true
1447,User 1447,user1447@example.com,Lima,3539.47,plain note 1447,solo,false
1448,User 1448,user1448@example.com,Amsterdam,3576.48,plain note 1448,solo,true
1449,User 1449,user1449@example.com,Bratislava,3613.49,"said ""hi"", then left","a,b,c",false
1450,User 1450,user1450@example.com,Zürich,3650.50,plain note 1450,solo,true
1451,User 1451,user1451@example.com,København,3687.51,plain note 1451,solo,false
1452,User 1452,user1452@example.com,Москва,3724.52,"line one
line two","a,b,c",true
1453,User 1453,user1453@example.com,東京,3761.53,plain note 1453,solo,false
1454,User 1454,user1454@example.com,Paris,3798.54,plain note 1454,solo,true
1455,User 1455,user1455@example.com,Lima,3835.55,plain note 1455,"a,b,c",false
1456,User 1456,user1456@example.com,Amsterdam,3872.56,"said ""hi"", then left",solo,true
1457,User 1457,user1457@example.com,Bratislava,3909.57,plain note 1457,solo,false
1458,User 1458,user1458@example.com,Zürich,3946.58,plain note 1458,"a,b,c",true
1459,User 1459,user1459@example.com,København,3983.59,plain note 1459,solo,false
1460,User 1460,user1460@example.com,Москва,4020.60,plain note 1460,solo,true
1461,User 1461,user1461@example.com,東京,4057.61,plain note 1461,"a,b,c",false
1462,User 1462,user1462@example.com,Paris,4094.62,plain note 1462,solo,true
1463,User 1463,user1463@example.com,Lima,4131.63,"said ""hi"", then left",solo,false
1464,User 1464,user1464@example.com,Amsterdam,4168.64,plain note 1464,"a,b,c",true
1465,User 1465,user1465@example.com,Bratislava,4205.65,plain note 1465,solo,false
1466,User 1466,user1466@example.com,Zürich,4242.66,plain note 1466,solo,true
1467,User 1467,user1467@example.com,København,4279.67,plain note 1467,"a,b,c",false
1468,User 1468,user1468@example.com,Москва,4316.68,plain note 1468,solo,true
1469,User 1469,user1469@example.com,東京,4353.69,plain note 1469,solo,false
1470,User 1470,user1470@example.com,Paris,4390.70,"said ""hi"", then left","a,b,c",true
1471,User 1471,user1471@example.com,Lima,4427.71,plain note 1471,solo,false
1472,User 1472,user1472@example.com,Amsterdam,4464.72,plain note 1472,solo,true
1473,User 1473,user1473@example.com,Bratislava,4501.73,plain note 1473,"a,b,c",false
1474,User 1474,user1474@example.com,Zürich,4538.74,"line one
line two",solo,true
1475,User 1475,user1475@example.com,København,4575.75,plain note 1475,solo,false
1476,User 1476,user1476@example.com,Москва,4612.76,plain note 1476,"a,b,c",true
1477,User 1477,user1477@example.com,東京,4649.77,"said ""hi"", then left",solo,false
1478,User 1478,user1478@example.com,Paris,4686.78,plain note 1478,solo,true
1479,User 1479,user1479@example.com,Lima,4723.79,plain note 1479,"a,b,c",false
1480,User 1480,user1480@example.com,Amsterdam,4760.80,plain note 1480,solo,true
1481,User 1481,user1481@example.com,Bratislava,4797.81,plain note 1481,solo,false
1482,User 1482,user1482@example.com,Zürich,4834.82,plain note 1482,"a,b,c",true
1483,User 1483,user1483@example.com,København,4871.83,plain note 1483,solo,false
1484,User 1484,user1484@example.com,Москва,4908.84,"said ""hi"", then left",solo,true
1485,User 1485,user1485@example.com,東京,4945.85,"line one
line two","a,b,c",false
1486,User 1486,user1486@example.com,Paris,4982.86,plain note 1486,solo,true
1487,User 1487,user1487@example.com,Lima,5019.87,plain note 1487,solo,false
1488,User 1488,user1488@example.com,Amsterdam,5056.88,plain note 1488,"a,b,c",true
1489,User 1489,user1489@example.com,Bratislava,5093.89,plain note 1489,solo,false
1490,User 1490,user1490@example.com,Zürich,5130.90,plain note 1490,solo,true
1491,User 1491,user1491@example.com,København,5167.91,"said ""hi"", then left","a,b,c",false
1492,User 1492,user1492@example.com,Москва,5204.92,plain note 1492,solo,true
1493,User 1493,user1493@example.com,東京,5241.93,plain note 1493,solo,false
1494,User 1494,user1494@example.com,Paris,5278.94,plain note 1494,"a,b,c",true
1495,User 1495,user1495@example.com,Lima,5315.95,plain note 1495,solo,false
1496,User 1496,user1496@example.com,Amsterdam,5352.96,"line one
line two",solo,true
1497,User 1497,user1497@example.com,Bratislava,5389.97,plain note 1497,"a,b,c",false
1498,User 1498,user1498@example.com,Zürich,5426.98,"said ""hi"", then left",solo,true
1499,User 1499,user1499@example.com,København,5463.99,plain note 1499,solo,false
1500,User 1500,user1500@example.com,Москва,5500.0,plain note 1500,"a,b,c",true
1501,User 1501,user1501@example.com,東京,5537.1,plain note 1501,solo,false
1502,User 1502,user1502@example.com,Paris,5574.2,plain note 1502,solo,true
1503,User 1503,user1503@example.com,Lima,5611.3,plain note 1503,"a,b,c",false
1504,User 1504,user1504@example.com,Amsterdam,5648.4,plain note 1504,solo,true
1505,User 1505,user1505@example.com,Bratislava,5685.5,"said ""hi"", then left",solo,false
1506,User 1506,user1506@example.com,Zürich,5722.6,plain note 1506,"a,b,c",true
1507,User 1507,user1507@example.com,København,5759.7,"line one
line two",solo,false
1508,User 1508,user1508@example.com,Москва,5796.8,plain note 1508,solo,true
1509,User 1509,user1509@example.com,東京,5833.9,plain note 1509,"a,b,c",false
1510,User 1510,user1510@example.com,Paris,5870.10,plain note 1510,solo,true
1511,User 1511,user1511@example.com,Lima,5907.11,plain note 1511,solo,false
1512,User 1512,user1512@example.com,Amsterdam,5944.12,"said ""hi"", then left","a,b,c",true
1513,User 1513,user1513@example.com,Bratislava,5981.13,plain note 1513,solo,false
1514,User 1514,user1514@example.com,Zürich,6018.14,plain note 1514,solo,true
1515,User 1515,user1515@example.com,København,6055.15,plain note 1515,"a,b,c",false
1516,User 1516,user1516@example.com,Москва,6092.16,plain note 1516,solo,true
1517,User 1517,user1517@example.com,東京,6129.17,plain note 1517,solo,false
1518,User 1518,user1518@example.com,Paris,6166.18,"line one
line two","a,b,c",true
1519,User 1519,user1519@example.com,Lima,6203.19,"said ""hi"", then left",solo,false
1520,User 1520,user1520@example.com,Amsterdam,6240.20,plain note 1520,solo,true
1521,User 1521,user1521@example.com,Bratislava,6277.21,plain note 1521,"a,b,c",false
1522,User 1522,user1522@example.com,Zürich,6314.22,plain note 1522,solo,true
1523,User 1523,user1523@example.com,København,6351.23,plain note 1523,solo,false
1524,User 1524,user1524@example.com,Москва,6388.24,plain note 1524,"a,b,c",true
1525,User 1525,user1525@example.com,東京,6425.25,plain note 1525,solo,false
1526,User 1526,user1526@example.com,Paris,6462.26,"said ""hi"", then left",solo,true
1527,User 1527,user1527@example.com,Lima,6499.27,plain note 1527,"a,b,c",false
1528,User 1528,user1528@example.com,Amsterdam,6536.28,plain note 1528,solo,true
1529,User 1529,user1529@example.com,Bratislava,6573.29,"line one
line two",solo,false
1530,User 1530,user1530@example.com,Zürich,6610.30,plain note 1530,"a,b,c",true
1531,User 1531,user1531@example.com,København,6647.31,plain note 1531,solo,false
1532,User 1532,user1532@example.com,Москва,6684.32,plain note 1532,solo,true
1533,User 1533,user1533@example.com,東京,6721.33,"said ""hi"", then left","a,b,c",false
1534,User 1534,user1534@example.com,Paris,6758.34,plain note 1534,solo,true
1535,User 1535,user1535@example.com,Lima,6795.35,plain note 1535,solo,false
1536,User 1536,user1536@example.com,Amsterdam,6832.36,plain note 1536,"a,b,c",true
1537,User 1537,user1537@example.com,Bratislava,6869.37,plain note 1537,solo,false
1538,User 1538,user1538@example.com,Zürich,6906.38,plain note 1538,solo,true
1539,User 1539,user1539@example.com,København,6943.39,plain note 1539,"a,b,c",false
1540,User 1540,user1540@example.com,Москва,6980.40,"said ""hi"", then left",solo,true
1541,User 1541,user1541@example.com,東京,7017.41,plain note 1541,solo,false
1542,User 1542,user1542@example.com,Paris,7054.42,plain note 1542,"a,b,c",true
1543,User 1543,user1543@example.com,Lima,7091.43,plain note 1543,solo,false
1544,User 1544,user1544@example.com,Amsterdam,7128.44,plain note 1544,solo,true
1545,User 1545,user1545@example.com,Bratislava,7165.45,plain note 1545,"a,b,c",false
1546,User 1546,user1546@example.com,Zürich,7202.46,plain note 1546,solo,true
1547,User 1547,user1547@example.com,København,7239.47,"said ""hi"", then left",solo,false
1548,User 1548,user1548@example.com,Москва,7276.48,plain note 1548,"a,b,c",true
1549,User 1549,user1549@example.com,東京,7313.49,plain note 1549,solo,false
1550,User 1550,user1550@example.com,Paris,7350.50,plain note 1550,solo,true
1551,User 1551,user1551@example.com,Lima,7387.51,"line one
line two","a,b,c",false
1552,User 1552,user1552@example.com,Amsterdam,7424.52,plain note 1552,solo,true
1553,User 1553,user1553@example.com,Bratislava,7461.53,plain note 1553,solo,false
1554,User 1554,user1554@example.com,Zürich,7498.54,"said ""hi"", then left","a,b,c",true
1555,User 1555,user1555@example.com,København,7535.55,plain note 1555,solo,false
1556,User 1556,user1556@example.com,Москва,7572.56,plain note 1556,solo,true
1557,User 1557,user1557@example.com,東京,7609.57,plain note 1557,"a,b,c",false
1558,User 1558,user1558@example.com,Paris,7646.58,plain note 1558,solo,true
1559,User 1559,user1559@example.com,Lima,7683.59,plain note 1559,solo,false
1560,User 1560,user1560@example.com,Amsterdam,7720.60,plain note 1560,"a,b,c",true
1561,User 1561,user1561@example.com,Bratislava,7757.61,"said ""hi"", then left",solo,false
1562,User 1562,user1562@example.com,Zürich,7794.62,"line one
line two",solo,true
1563,User 1563,user1563@example.com,København,7831.63,plain note 1563,"a,b,c",false
1564,User 1564,user1564@example.com,Москва,7868.64,plain note 1564,solo,true
1565,User 1565,user1565@example.com,東京,7905.65,plain note 1565,solo,false
1566,User 1566,user1566@example.com,Paris,7942.66,plain note 1566,"a,b,c",true
1567,User 1567,user1567@example.com,Lima,7979.67,plain note 1567,solo,false
1568,User 1568,user1568@example.com,Amsterdam,8016.68,"said ""hi"", then left",solo,true
1569,User 1569,user1569@example.com,Bratislava,8053.69,plain note 1569,"a,b,c",false
1570,User 1570,user1570@example.com,Zürich,8090.70,plain note 1570,solo,true
1571,User 1571,user1571@example.com,København,8127.71,plain note 1571,solo,false
1572,User 1572,user1572@example.com,Москва,8164.72,plain note 1572,"a,b,c",true
1573,User 1573,user1573@example.com,東京,8201.73,"line one
line two",solo,false
1574,User 1574,user1574@example.com,Paris,8238.74,plain note 1574,solo,true
1575,User 1575,user1575@example.com,Lima,8275.75,"said ""hi"", then left","a,b,c",false
1576,User 1576,user1576@example.com,Amsterdam,8312.76,plain note 1576,solo,true
1577,User 1577,user1577@example.com,Bratislava,8349.77,plain note 1577,solo,false
1578,User 1578,user1578@example.com,Zürich,8386.78,plain note 1578,"a,b,c",true
1579,User 1579,user1579@example.com,København,8423.79,plain note 1579,solo,false
1580,User 1580,user1580@example.com,Москва,8460.80,plain note 1580,solo,true
1581,User 1581,user1581@example.com,東京,8497.81,plain note 1581,"a,b,c",false
1582,User 1582,user1582@example.com,Paris,8534.82,"said ""hi"", then left",solo,true
1583,User 1583,user1583@example.com,Lima,8571.83,plain note 1583,solo,false
1584,User 1584,user1584@example.com,Amsterdam,8608.84,"line one
line two","a,b,c",true
1585,User 1585,user1585@example.com,Bratislava,8645.85,plain note 1585,solo,false
1586,User 1586,user1586@example.com,Zürich,8682.86,plain note 1586,solo,true
1587,User 1587,user1587@example.com,København,8719.87,plain note 1587,"a,b,c",false
1588,User 1588,user1588@example.com,Москва,8756.88,plain note 1588,solo,true
1589,User 1589,user1589@example.com,東京,8793.89,"said ""hi"", then left",solo,false
1590,User 1590,user1590@example.com,Paris,8830.90,plain note 1590,"a,b,c",true
1591,User 1591,user1591@example.com,Lima,8867.91,plain note 1591,solo,false
1592,User 1592,user1592@example.com,Amsterdam,8904.92,plain note 1592,solo,true
1593,User 1593,user1593@example.com,Bratislava,8941.93,plain note 1593,"a,b,c",false
1594,User 1594,user1594@example.com,Zürich,8978.94,plain note 1594,solo,true
1595,User 1595,user1595@example.com,København,9015.95,"line one
line two",solo,false
1596,User 1596,user1596@example.com,Москва,9052.96,"said ""hi"", then left","a,b,c",true
1597,User 1597,user1597@example.com,東京,9089.97,plain note 1597,solo,false
1598,User 1598,user1598@example.com,Paris,9126.98,plain note 1598,solo,true
1599,User 1599,user1599@example.com,Lima,9163.99,plain note 1599,"a,b,c",false
1600,User 1600,user1600@example.com,Amsterdam,9200.0,plain note 1600,solo,true
1601,User 1601,user1601@example.com,Bratislava,9237.1,plain note 1601,solo,false
1602,User 1602,user1602@example.com,Zürich,9274.2,plain note 1602,"a,b,c",true
1603,User 1603,user1603@example.com,København,9311.3,"said ""hi"", then left",solo,false
1604,User 1604,user1604@example.com,Москва,9348.4,plain note 1604,solo,true
1605,User 1605,user1605@example.com,東京,9385.5,plain note 1605,"a,b,c",false
1606,User 1606,user1606@example.com,Paris,9422.6,"line one
line two",solo,true
1607,User 1607,user1607@example.com,Lima,9459.7,plain note 1607,solo,false
1608,User 1608,user1608@example.com,Amsterdam,9496.8,plain note 1608,"a,b,c",true
1609,User 1609,user1609@example.com,Bratislava,9533.9,plain note 1609,solo,false
1610,User 1610,user1610@example.com,Zürich,9570.10,"said ""hi"", then left",solo,true
1611,User 1611,user1611@example.com,København,9607.11,plain note 1611,"a,b,c",false
1612,User 1612,user1612@example.com,Москва,9644.12,plain note 1612,solo,true
1613,User 1613,user1613@example.com,東京,9681.13,plain note 1613,solo,false
1614,User 1614,user1614@example.com,Paris,9718.14,plain note 1614,"a,b,c",true
1615,User 1615,user1615@example.com,Lima,9755.15,plain note 1615,solo,false
1616,User 1616,user1616@example.com,Amsterdam,9792.16,plain note 1616,solo,true
1617,User 1617,user1617@example.com,Bratislava,9829.17,"said ""hi"", then left","a,b,c",false
1618,User 1618,user1618@example.com,Zürich,9866.18,plain note 1618,solo,true
1619,User 1619,user1619@example.com,København,9903.19,plain note 1619,solo,false
1620,User 1620,user1620@example.com,Москва,9940.20,plain note 1620,"a,b,c",true
1621,User 1621,user1621@example.com,東京,9977.21,plain note 1621,solo,false
1622,User 1622,user1622@example.com,Paris,14.22,plain note 1622,solo,true
1623,User 1623,user1623@example.com,Lima,51.23,plain note 1623,"a,b,c",false
1624,User 1624,user1624@example.com,Amsterdam,88.24,"said ""hi"", then left",solo,true
1625,User 1625,user1625@example.com,Bratislava,125.25,plain note 1625,solo,false
1626,User 1626,user1626@example.com,Zürich,162.26,plain note 1626,"a,b,c",true
1627,User 1627,user1627@example.com,København,199.27,plain note 1627,solo,false
1628,User 1628,user1628@example.com,Москва,236.28,"line one
line two",solo,true
1629,User 1629,user1629@example.com,東京,273.29,plain note 1629,"a,b,c",false
1630,User 1630,user1630@example.com,Paris,310.30,plain note 1630,solo,true
1631,User 1631,user1631@example.com,Lima,347.31,"said ""hi"", then left",solo,false
1632,User 1632,user1632@example.com,Amsterdam,384.32,plain note 1632,"a,b,c",true
1633,User 1633,user1633@example.com,Bratislava,421.33,plain note 1633,solo,false
1634,User 1634,user1634@example.com,Zürich,458.34,plain note 1634,solo,true
1635,User 1635,user1635@example.com,København,495.35,plain note 1635,"a,b,c",false
1636,User 1636,user1636@example.com,Москва,532.36,plain note 1636,solo,true
1637,User 1637,user1637@example.com,東京,569.37,plain note 1637,solo,false
1638,User 1638,user1638@example.com,Paris,606.38,"said ""hi"", then left","a,b,c",true
1639,User 1639,user1639@example.com,Lima,643.39,"line one
line two",solo,false
1640,User 1640,user1640@example.com,Amsterdam,680.40,plain note 1640,solo,true
1641,User 1641,user1641@example.com,Bratislava,717.41,plain note 1641,"a,b,c",false
1642,User 1642,user1642@example.com,Zürich,754.42,plain note 1642,solo,true
1643,User 1643,user1643@example.com,København,791.43,plain note 1643,solo,false
1644,User 1644,user1644@example.com,Москва,828.44,plain note 1644,"a,b,c",true
1645,User 1645,user1645@example.com,東京,865.45,"said ""hi"", then left",solo,false
1646,User 1646,user1646@example.com,Paris,902.46,plain note 1646,solo,true
1647,User 1647,user1647@example.com,Lima,939.47,plain note 1647,"a,b,c",false
1648,User 1648,user1648@example.com,Amsterdam,976.48,plain note 1648,solo,true
1649,User 1649,user1649@example.com,Bratislava,1013.49,plain note 1649,solo,false
1650,User 1650,user1650@example.com,Zürich,1050.50,"line one
line two","a,b,c",true
1651,User 1651,user1651@example.com,København,1087.51,plain note 1651,solo,false
1652,User 1652,user1652@example.com,Москва,1124.52,"said ""hi"", then left",solo,true
1653,User 1653,user1653@example.com,東京,1161.53,plain note 1653,"a,b,c",false
1654,User 1654,user1654@example.com,Paris,1198.54,plain note 1654,solo,true
1655,User 1655,user1655@example.com,Lima,1235.55,plain note 1655,solo,false
1656,User 1656,user1656@example.com,Amsterdam,1272.56,plain note 1656,"a,b,c",true
1657,User 1657,user1657@example.com,Bratislava,1309.57,plain note 1657,solo,false
1658,User 1658,user1658@example.com,Zürich,1346.58,plain note 1658,solo,true
1659,User 1659,user1659@example.com,København,1383.59,"said ""hi"", then left","a,b,c",false
1660,User 1660,user1660@example.com,Москва,1420.60,plain note 1660,solo,true
1661,User 1661,user1661@example.com,東京,1457.61,"line one
line two",solo,false
1662,User 1662,user1662@example.com,Paris,1494.62,plain note 1662,"a,b,c",true
1663,User 1663,user1663@example.com,Lima,1531.63,plain note 1663,solo,false
1664,User 1664,user1664@example.com,Amsterdam,1568.64,plain note 1664,solo,true
1665,User 1665,user1665@example.com,Bratislava,1605.65,plain note 1665,"a,b,c",false
1666,User 1666,user1666@example.com,Zürich,1642.66,"said ""hi"", then left",solo,true
1667,User 1667,user1667@example.com,København,1679.67,plain note 1667,solo,false
1668,User 1668,user1668@example.com,Москва,1716.68,plain note 1668,"a,b,c",true
1669,User 1669,user1669@example.com,東京,1753.69,plain note 1669,solo,false
1670,User 1670,user1670@example.com,Paris,1790.70,plain note 1670,solo,true
1671,User 1671,user1671@example.com,Lima,1827.71,plain note 1671,"a,b,c",false
1672,User 1672,user1672@example.com,Amsterdam,1864.72,"line one
line two",solo,true
1673,User 1673,user1673@example.com,Bratislava,1901.73,"said ""hi"", then left",solo,false
1674,User 1674,user1674@example.com,Zürich,1938.74,plain note 1674,"a,b,c",true
1675,User 1675,user1675@example.com,København,1975.75,plain note 1675,solo,false
1676,User 1676,user1676@example.com,Москва,2012.76,plain note 1676,solo,true
1677,User 1677,user1677@example.com,東京,2049.77,plain note 1677,"a,b,c",false
1678,User 1678,user1678@example.com,Paris,2086.78,plain note 1678,solo,true
1679,User 1679,user1679@example.com,Lima,2123.79,plain note 1679,solo,false
1680,User 1680,user1680@example.com,Amsterdam,2160.80,"said ""hi"", then left","a,b,c",true
1681,User 1681,user1681@example.com,Bratislava,2197.81,plain note 1681,solo,false
1682,User 1682,user1682@example.com,Zürich,2234.82,plain note 1682,solo,true
1683,User 1683,user1683@example.com,København,2271.83,"line one
line two","a,b,c",false
1684,User 1684,user1684@example.com,Москва,2308.84,plain note 1684,solo,true
1685,User 1685,user1685@example.com,東京,2345.85,plain note 1685,solo,false
1686,User 1686,user1686@example.com,Paris,2382.86,plain note 1686,"a,b,c",true
1687,User 1687,user1687@example.com,Lima,2419.87,"said ""hi"", then left",solo,false
1688,User 1688,user1688@example.com,Amsterdam,2456.88,plain note 1688,solo,true
1689,User 1689,user1689@example.com,Bratislava,2493.89,plain note 1689,"a,b,c",false
1690,User 1690,user1690@example.com,Zürich,2530.90,plain note 1690,solo,true
1691,User 1691,user1691@example.com,København,2567.91,plain note 1691,solo,false
1692,User 1692,user1692@example.com,Москва,2604.92,plain note 1692,"a,b,c",true
1693,User 1693,user1693@example.com,東京,2641.93,plain note 1693,solo,false
1694,User 1694,user1694@example.com,Paris,2678.94,"said ""hi"", then left",solo,true
1695,User 1695,user1695@example.com,Lima,2715.95,plain note 1695,"a,b,c",false
1696,User 1696,user1696@example.com,Amsterdam,2752.96,plain note 1696,solo,true
1697,User 1697,user1697@example.com,Bratislava,2789.97,plain note 1697,solo,false
1698,User 1698,user1698@example.com,Zürich,2826.98,plain note 1698,"a,b,c",true
1699,User 1699,user1699@example.com,København,2863.99,plain note 1699,solo,false
1700,User 1700,user1700@example.com,Москва,2900.0,plain note 1700,solo,true
1701,User 1701,user1701@example.com,東京,2937.1,"said ""hi"", then left","a,b,c",false
1702,User 1702,user1702@example.com,Paris,2974.2,plain note 1702,solo,true
1703,User 1703,user1703@example.com,Lima,3011.3,plain note 1703,solo,false
1704,User 1704,user1704@example.com,Amsterdam,3048.4,plain note 1704,"a,b,c",true
1705,User 1705,user1705@example.com,Bratislava,3085.5,"line one
line two",solo,false
1706,User 1706,user1706@example.com,Zürich,3122.6,plain note 1706,solo,true
1707,User 1707,user1707@example.com,København,3159.7,plain note 1707,"a,b,c",false
1708,User 1708,user1708@example.com,Москва,3196.8,"said ""hi"", then left",solo,true
1709,User 1709,user1709@example.com,東京,3233.9,plain note 1709,solo,false
1710,User 1710,user1710@example.com,Paris,3270.10,plain note 1710,"a,b,c",true
1711,User 1711,user1711@example.com,Lima,3307.11,plain note 1711,solo,false
1712,User 1712,user1712@example.com,Amsterdam,3344.12,plain note 1712,solo,true
1713,User 1713,user1713@example.com,Bratislava,3381.13,plain note 1713,"a,b,c",false
1714,User 1714,user1714@example.com,Zürich,3418.14,plain note 1714,solo,true
1715,User 1715,user1715@example.com,København,3455.15,"said ""hi"", then left",solo,false
1716,User 1716,user1716@example.com,Москва,3492.16,"line one
line two","a,b,c",true
1717,User 1717,user1717@example.com,東京,3529.17,plain note 1717,solo,false
1718,User 1718,user1718@example.com,Paris,3566.18,plain note 1718,solo,true
1719,User 1719,user1719@example.com,Lima,3603.19,plain note 1719,"a,b,c",false
1720,User 1720,user1720@example.com,Amsterdam,3640.20,plain note 1720,solo,true
1721,User 1721,user1721@example.com,Bratislava,3677.21,plain note 1721,solo,false
1722,User 1722,user1722@example.com,Zürich,3714.22,"said ""hi"", then left","a,b,c",true
1723,User 1723,user1723@example.com,København,3751.23,plain note 1723,solo,false
1724,User 1724,user1724@example.com,Москва,3788.24,plain note 1724,solo,true
1725,User 1725,user1725@example.com,東京,3825.25,plain note 1725,"a,b,c",false
1726,User 1726,user1726@example.com,Paris,3862.26,plain note 1726,solo,true
1727,User 1727,user1727@example.com,Lima,3899.27,"line one
line two",solo,false
1728,User 1728,user1728@example.com,Amsterdam,3936.28,plain note 1728,"a,b,c",true
1729,User 1729,user1729@example.com,Bratislava,3973.29,"said ""hi"", then left",solo,false
1730,User 1730,user1730@example.com,Zürich,4010.30,plain note 1730,solo,true
1731,User 1731,user1731@example.com,København,4047.31,plain note 1731,"a,b,c",false
1732,User 1732,user1732@example.com,Москва,4084.32,plain note 1732,solo,true
1733,User 1733,user1733@example.com,東京,4121.33,plain note 1733,solo,false
1734,User 1734,user1734@example.com,Paris,4158.34,plain note 1734,"a,b,c",true
1735,User 1735,user1735@example.com,Lima,4195.35,plain note 1735,solo,false
1736,User 1736,user1736@example.com,Amsterdam,4232.36,"said ""hi"", then left",solo,true
1737,User 1737,user1737@example.com,Bratislava,4269.37,plain note 1737,"a,b,c",false
1738,User 1738,user1738@example.com,Zürich,4306.38,"line one
line two",solo,true
1739,User 1739,user1739@example.com,København,4343.39,plain note 1739,solo,false
1740,User 1740,user1740@example.com,Москва,4380.40,plain note 1740,"a,b,c",true
1741,User 1741,user1741@example.com,東京,4417.41,plain note 1741,solo,false
1742,User 1742,user1742@example.com,Paris,4454.42,plain note 1742,solo,true
1743,User 1743,user1743@example.com,Lima,4491.43,"said ""hi"", then left","a,b,c",false
1744,User 1744,user1744@example.com,Amsterdam,4528.44,plain note 1744,solo,true
1745,User 1745,user1745@example.com,Bratislava,4565.45,plain note 1745,solo,false
1746,User 1746,user1746@example.com,Zürich,4602.46,plain note 1746,"a,b,c",true
1747,User 1747,user1747@example.com,København,4639.47,plain note 1747,solo,false
1748,User 1748,user1748@example.com,Москва,4676.48,plain note 1748,solo,true
1749,User 1749,user1749@example.com,東京,4713.49,"line one
line two","a,b,c",false
1750,User 1750,user1750@example.com,Paris,4750.50,"said ""hi"", then left",solo,true
1751,User 1751,user1751@example.com,Lima,4787.51,plain note 1751,solo,false
1752,User 1752,user1752@example.com,Amsterdam,4824.52,plain note 1752,"a,b,c",true
1753,User 1753,user1753@example.com,Bratislava,4861.53,plain note 1753,solo,false
1754,User 1754,user1754@example.com,Zürich,4898.54,plain note 1754,solo,true
1755,User 1755,user1755@example.com,København,4935.55,plain note 1755,"a,b,c",false
1756,User 1756,user1756@example.com,Москва,4972.56,plain note 1756,solo,true
1757,User 1757,user1757@example.com,東京,5009.57,"said ""hi"", then left",solo,false
1758,User 1758,user1758@example.com,Paris,5046.58,plain note 1758,"a,b,c",true
1759,User 1759,user1759@example.com,Lima,5083.59,plain note 1759,solo,false
1760,User 1760,user1760@example.com,Amsterdam,5120.60,"line one
line two",solo,true
1761,User 1761,user1761@example.com,Bratislava,5157.61,plain note 1761,"a,b,c",false
1762,User 1762,user1762@example.com,Zürich,5194.62,plain note 1762,solo,true
1763,User 1763,user1763@example.com,København,5231.63,plain note 1763,solo,false
1764,User 1764,user1764@example.com,Москва,5268.64,"said ""hi"", then left","a,b,c",true
1765,User 1765,user1765@example.com,東京,5305.65,plain note 1765,solo,false
1766,User 1766,user1766@example.com,Paris,5342.66,plain note 1766,solo,true
1767,User 1767,user1767@example.com,Lima,5379.67,plain note 1767,"a,b,c",false
1768,User 1768,user1768@example.com,Amsterdam,5416.68,plain note 1768,solo,true
1769,User 1769,user1769@example.com,Bratislava,5453.69,plain note 1769,solo,false
1770,User 1770,user1770@example.com,Zürich,5490.70,plain note 1770,"a,b,c",true
1771,User 1771,user1771@example.com,København,5527.71,"said ""hi"", then left",solo,false
1772,User 1772,user1772@example.com,Москва,5564.72,plain note 1772,solo,true
1773,User 1773,user1773@example.com,東京,5601.73,plain note 1773,"a,b,c",false
1774,User 1774,user1774@example.com,Paris,5638.74,plain note 1774,solo,true
1775,User 1775,user1775@example.com,Lima,5675.75,plain note 1775,solo,false
1776,User 1776,user1776@example.com,Amsterdam,5712.76,plain note 1776,"a,b,c",true
1777,User 1777,user1777@example.com,Bratislava,5749.77,plain note 1777,solo,false
1778,User 1778,user1778@example.com,Zürich,5786.78,"said ""hi"", then left",solo,true
1779,User 1779,user1779@example.com,København,5823.79,plain note 1779,"a,b,c",false
1780,User 1780,user1780@example.com,Москва,5860.80,plain note 1780,solo,true
1781,User 1781,user1781@example.com,東京,5897.81,plain note 1781,solo,false
1782,User 1782,user1782@example.com,Paris,5934.82,"line one
line two","a,b,c",true
1783,User 1783,user1783@example.com,Lima,5971.83,plain note 1783,solo,false
1784,User 1784,user1784@example.com,Amsterdam,6008.84,plain note 1784,solo,true
1785,User 1785,user1785@example.com,Bratislava,6045.85,"said ""hi"", then left","a,b,c",false
1786,User 1786,user1786@example.com,Zürich,6082.86,plain note 1786,solo,true
1787,User 1787,user1787@example.com,København,6119.87,plain note 1787,solo,false
1788,User 1788,user1788@example.com,Москва,6156.88,plain note 1788,"a,b,c",true
1789,User 1789,user1789@example.com,東京,6193.89,plain note 1789,solo,false
1790,User 1790,user1790@example.com,Paris,6230.90,plain note 1790,solo,true
1791,User 1791,user1791@example.com,Lima,6267.91,plain note 1791,"a,b,c",false
1792,User 1792,user1792@example.com,Amsterdam,6304.92,"said ""hi"", then left",solo,true
1793,User 1793,user1793@example.com,Bratislava,6341.93,"line one
line two",solo,false
1794,User 1794,user1794@example.com,Zürich,6378.94,plain note 1794,"a,b,c",true
1795,User 1795,user1795@example.com,København,6415.95,plain note 1795,solo,false
1796,User 1796,user1796@example.com,Москва,6452.96,plain note 1796,solo,true
1797,User 1797,user1797@example.com,東京,6489.97,plain note 1797,"a,b,c",false
1798,User 1798,user1798@example.com,Paris,6526.98,plain note 1798,solo,true
1799,User 1799,user1799@example.com,Lima,6563.99,"said ""hi"", then left",solo,false
1800,User 1800,user1800@example.com,Amsterdam,6600.0,plain note 1800,"a,b,c",true
1801,User 1801,user1801@example.com,Bratislava,6637.1,plain note 1801,solo,false
1802,User 1802,user1802@example.com,Zürich,6674.2,plain note 1802,solo,true
1803,User 1803,user1803@example.com,København,6711.3,plain note 1803,"a,b,c",false
1804,User 1804,user1804@example.com,Москва,6748.4,"line one
line two",solo,true
1805,User 1805,user1805@example.com,東京,6785.5,plain note 1805,solo,false
1806,User 1806,user1806@example.com,Paris,6822.6,"said ""hi"", then left","a,b,c",true
1807,User 1807,user1807@example.com,Lima,6859.7,plain note 1807,solo,false
1808,User 1808,user1808@example.com,Amsterdam,6896.8,plain note 1808,solo,true
1809,User 1809,user1809@example.com,Bratislava,6933.9,plain note 1809,"a,b,c",false
1810,User 1810,user1810@example.com,Zürich,6970.10,plain note 1810,solo,true
1811,User 1811,user1811@example.com,København,7007.11,plain note 1811,solo,false
1812,User 1812,user1812@example.com,Москва,7044.12,plain note 1812,"a,b,c",true
1813,User 1813,user1813@example.com,東京,7081.13,"said ""hi"", then left",solo,false
1814,User 1814,user1814@example.com,Paris,7118.14,plain note 1814,solo,true
1815,User 1815,user1815@example.com,Lima,7155.15,"line one
line two","a,b,c",false
1816,User 1816,user1816@example.com,Amsterdam,7192.16,plain note 1816,solo,true
1817,User 1817,user1817@example.com,Bratislava,7229.17,plain note 1817,solo,false
1818,User 1818,user1818@example.com,Zürich,7266.18,plain note 1818,"a,b,c",true
1819,User 1819,user1819@example.com,København,7303.19,plain note 1819,solo,false
1820,User 1820,user1820@example.com,Москва,7340.20,"said ""hi"", then left",solo,true
1821,User 1821,user1821@example.com,東京,7377.21,plain note 1821,"a,b,c",false
1822,User 1822,user1822@example.com,Paris,7414.22,plain note 1822,solo,true
1823,User 1823,user1823@example.com,Lima,7451.23,plain note 1823,solo,false
1824,User 1824,user1824@example.com,Amsterdam,7488.24,plain note 1824,"a,b,c",true
1825,User 1825,user1825@example.com,Bratislava,7525.25,plain note 1825,solo,false
1826,User 1826,user1826@example.com,Zürich,7562.26,"line one
line two",solo,true
1827,User 1827,user1827@example.com,København,7599.27,"said ""hi"", then left","a,b,c",false
1828,User 1828,user1828@example.com,Москва,7636.28,plain note 1828,solo,true
1829,User 1829,user1829@example.com,東京,7673.29,plain note 1829,solo,false
1830,User 1830,user1830@example.com,Paris,7710.30,plain note 1830,"a,b,c",true
1831,User 1831,user1831@example.com,Lima,7747.31,plain note 1831,solo,false
1832,User 1832,user1832@example.com,Amsterdam,7784.32,plain note 1832,solo,true
1833,User 1833,user1833@example.com,Bratislava,7821.33,plain note 1833,"a,b,c",false
1834,User 1834,user1834@example.com,Zürich,7858.34,"said ""hi"", then left",solo,true
1835,User 1835,user1835@example.com,København,7895.35,plain note 1835,solo,false
1836,User 1836,user1836@example.com,Москва,7932.36,plain note 1836,"a,b,c",true
1837,User 1837,user1837@example.com,東京,7969.37,"line one
line two",solo,false
1838,User 1838,user1838@example.com,Paris,8006.38,plain note 1838,solo,true
1839,User 1839,user1839@example.com,Lima,8043.39,plain note 1839,"a,b,c",false
1840,User 1840,user1840@example.com,Amsterdam,8080.40,plain note 1840,solo,true
1841,User 1841,user1841@example.com,Bratislava,8117.41,"said ""hi"", then left",solo,false
1842,User 1842,user1842@example.com,Zürich,8154.42,plain note 1842,"a,b,c",true
1843,User 1843,user1843@example.com,København,8191.43,plain note 1843,solo,false
1844,User 1844,user1844@example.com,Москва,8228.44,plain note 1844,solo,true
1845,User 1845,user1845@example.com,東京,8265.45,plain note 1845,"a,b,c",false
1846,User 1846,user1846@example.com,Paris,8302.46,plain note 1846,solo,true
1847,User 1847,user1847@example.com,Lima,8339.47,plain note 1847,solo,false
1848,User 1848,user1848@example.com,Amsterdam,8376.48,"said ""hi"", then left","a,b,c",true
1849,User 1849,user1849@example.com,Bratislava,8413.49,plain note 1849,solo,false
1850,User 1850,user1850@example.com,Zürich,8450.50,plain note 1850,solo,true
1851,User 1851,user1851@example.com,København,8487.51,plain note 1851,"a,b,c",false
1852,User 1852,user1852@example.com,Москва,8524.52,plain note 1852,solo,true
1853,User 1853,user1853@example.com,東京,8561.53,plain note 1853,solo,false
1854,User 1854,user1854@example.com,Paris,8598.54,plain note 1854,"a,b,c",true
1855,User 1855,user1855@example.com,Lima,8635.55,"said ""hi"", then left",solo,false
1856,User 1856,user1856@example.com,Amsterdam,8672.56,plain note 1856,solo,true
1857,User 1857,user1857@example.com,Bratislava,8709.57,plain note 1857,"a,b,c",false
1858,User 1858,user1858@example.com,Zürich,8746.58,plain note 1858,solo,true
1859,User 1859,user1859@example.com,København,8783.59,"line one
line two",solo,false
1860,User 1860,user1860@example.com,Москва,8820.60,plain note 1860,"a,b,c",true
1861,User 1861,user1861@example.com,東京,8857.61,plain note 1861,solo,false
1862,User 1862,user1862@example.com,Paris,8894.62,"said ""hi"", then left",solo,true
1863,User 1863,user1863@example.com,Lima,8931.63,plain note 1863,"a,b,c",false
1864,User 1864,user1864@example.com,Amsterdam,8968.64,plain note 1864,solo,true
1865,User 1865,user1865@example.com,Bratislava,9005.65,plain note 1865,solo,false
1866,User 1866,user1866@example.com,Zürich,9042.66,plain note 1866,"a,b,c",true
1867,User 1867,user1867@example.com,København,9079.67,plain note 1867,solo,false
1868,User 1868,user1868@example.com,Москва,9116.68,plain note 1868,solo,true
1869,User 1869,user1869@example.com,東京,9153.69,"said ""hi"", then left","a,b,c",false
1870,User 1870,user1870@example.com,Paris,9190.70,"line one
line two",solo,true
1871,User 1871,user1871@example.com,Lima,9227.71,plain note 1871,solo,false
1872,User 1872,user1872@example.com,Amsterdam,9264.72,plain note 1872,"a,b,c",true
1873,User 1873,user1873@example.com,Bratislava,9301.73,plain note 1873,solo,false
1874,User 1874,user1874@example.com,Zürich,9338.74,plain note 1874,solo,true
1875,User 1875,user1875@example.com,København,9375.75,plain note 1875,"a,b,c",false
1876,User 1876,user1876@example.com,Москва,9412.76,"said ""hi"", then left",solo,true
1877,User 1877,user1877@example.com,東京,9449.77,plain note 1877,solo,false
1878,User 1878,user1878@example.com,Paris,9486.78,plain note 1878,"a,b,c",true
1879,User 1879,user1879@example.com,Lima,9523.79,plain note 1879,solo,false
1880,User 1880,user1880@example.com,Amsterdam,9560.80,plain note 1880,solo,true
1881,User 1881,user1881@example.com,Bratislava,9597.81,"line one
line two","a,b,c",false
1882,User 1882,user1882@example.com,Zürich,9634.82,plain note 1882,solo,true
1883,User 1883,user1883@example.com,København,9671.83,"said ""hi"", then left",solo,false
1884,User 1884,user1884@example.com,Москва,9708.84,plain note 1884,"a,b,c",true
1885,User 1885,user1885@example.com,東京,9745.85,plain note 1885,solo,false
1886,User 1886,user1886@example.com,Paris,9782.86,plain note 1886,solo,true
1887,User 1887,user1887@example.com,Lima,9819.87,plain note 1887,"a,b,c",false
1888,User 1888,user1888@example.com,Amsterdam,9856.88,plain note 1888,solo,true
1889,User 1889,user1889@example.com,Bratislava,9893.89,plain note 1889,solo,false
1890,User 1890,user1890@example.com,Zürich,9930.90,"said ""hi"", then left","a,b,c",true
1891,User 1891,user1891@example.com,København,9967.91,plain note 1891,solo,false
1892,User 1892,user1892@example.com,Москва,4.92,"line one
line two",solo,true
1893,User 1893,user1893@example.com,東京,41.93,plain note 1893,"a,b,c",false
1894,User 1894,user1894@example.com,Paris,78.94,plain note 1894,solo,true
1895,User 1895,user1895@example.com,Lima,115.95,plain note 1895,solo,false
1896,User 1896,user1896@example.com,Amsterdam,152.96,plain note 1896,"a,b,c",true
1897,User 1897,user1897@example.com,Bratislava,189.97,"said ""hi"", then left",solo,false
1898,User 1898,user1898@example.com,Zürich,226.98,plain note 1898,solo,true
1899,User 1899,user1899@example.com,København,263.99,plain note 1899,"a,b,c",false
1900,User 1900,user1900@example.com,Москва,300.0,plain note 1900,solo,true
1901,User 1901,user1901@example.com,東京,337.1,plain note 1901,solo,false
1902,User 1902,user1902@example.com,Paris,374.2,plain note 1902,"a,b,c",true
1903,User 1903,user1903@example.com,Lima,411.3,"line one
line two",solo,false
1904,User 1904,user1904@example.com,Amsterdam,448.4,"said ""hi"", then left",solo,true
1905,User 1905,user1905@example.com,Bratislava,485.5,plain note 1905,"a,b,c",false
1906,User 1906,user1906@example.com,Zürich,522.6,plain note 1906,solo,true
1907,User 1907,user1907@example.com,København,559.7,plain note 1907,solo,false
1908,User 1908,user1908@example.com,Москва,596.8,plain note 1908,"a,b,c",true
1909,User 1909,user1909@example.com,東京,633.9,plain note 1909,solo,false
1910,User 1910,user1910@example.com,Paris,670.10,plain note 1910,solo,true
1911,User 1911,user1911@example.com,Lima,707.11,"said ""hi"", then left","a,b,c",false
1912,User 1912,user1912@example.com,Amsterdam,744.12,plain note 1912,solo,true
1913,User 1913,user1913@example.com,Bratislava,781.13,plain note 1913,solo,false
1914,User 1914,user1914@example.com,Zürich,818.14,"line one
line two","a,b,c",true
1915,User 1915,user1915@example.com,København,855.15,plain note 1915,solo,false
1916,User 1916,user1916@example.com,Москва,892.16,plain note 1916,solo,true
1917,User 1917,user1917@example.com,東京,929.17,plain note 1917,"a,b,c",false
1918,User 1918,user1918@example.com,Paris,966.18,"said ""hi"", then left",solo,true
1919,User 1919,user1919@example.com,Lima,1003.19,plain note 1919,solo,false
1920,User 1920,user1920@example.com,Amsterdam,1040.20,plain note 1920,"a,b,c",true
1921,User 1921,user1921@example.com,Bratislava,1077.21,plain note 1921,solo,false
1922,User 1922,user1922@example.com,Zürich,1114.22,plain note 1922,solo,true
1923,User 1923,user1923@example.com,København,1151.23,plain note 1923,"a,b,c",false
1924,User 1924,user1924@example.com,Москва,1188.24,plain note 1924,solo,true
1925,User 1925,user1925@example.com,東京,1225.25,"said ""hi"", then left",solo,false
1926,User 1926,user1926@example.com,Paris,1262.26,plain note 1926,"a,b,c",true
1927,User 1927,user1927@example.com,Lima,1299.27,plain note 1927,solo,false
1928,User 1928,user1928@example.com,Amsterdam,1336.28,plain note 1928,solo,true
1929,User 1929,user1929@example.com,Bratislava,1373.29,plain note 1929,"a,b,c",false
1930,User 1930,user1930@example.com,Zürich,1410.30,plain note 1930,solo,true
1931,User 1931,user1931@example.com,København,1447.31,plain note 1931,solo,false
1932,User 1932,user1932@example.com,Москва,1484.32,"said ""hi"", then left","a,b,c",true
1933,User 1933,user1933@example.com,東京,1521.33,plain note 1933,solo,false
1934,User 1934,user1934@example.com,Paris,1558.34,plain note 1934,solo,true
1935,User 1935,user1935@example.com,Lima,1595.35,plain note 1935,"a,b,c",false
1936,User 1936,user1936@example.com,Amsterdam,1632.36,"line one
line two",solo,true
1937,User 1937,user1937@example.com,Bratislava,1669.37,plain note 1937,solo,false
1938,User 1938,user1938@example.com,Zürich,1706.38,plain note 1938,"a,b,c",true
1939,User 1939,user1939@example.com,København,1743.39,"said ""hi"", then left",solo,false
1940,User 1940,user1940@example.com,Москва,1780.40,plain note 1940,solo,true
1941,User 1941,user1941@example.com,東京,1817.41,plain note 1941,"a,b,c",false
1942,User 1942,user1942@example.com,Paris,1854.42,plain note 1942,solo,true
1943,User 1943,user1943@example.com,Lima,1891.43,plain note 1943,solo,false
1944,User 1944,user1944@example.com,Amsterdam,1928.44,plain note 1944,"a,b,c",true
1945,User 1945,user1945@example.com,Bratislava,1965.45,plain note 1945,solo,false
1946,User 1946,user1946@example.com,Zürich,2002.46,"said ""hi"", then left",solo,true
1947,User 1947,user1947@example.com,København,2039.47,"line one
line two","a,b,c",false
1948,User 1948,user1948@example.com,Москва,2076.48,plain note 1948,solo,true
1949,User 1949,user1949@example.com,東京,2113.49,plain note 1949,solo,false
1950,User 1950,user1950@example.com,Paris,2150.50,plain note 1950,"a,b,c",true
1951,User 1951,user1951@example.com,Lima,2187.51,plain note 1951,solo,false
1952,User 1952,user1952@example.com,Amsterdam,2224.52,plain note 1952,solo,true
1953,User 1953,user1953@example.com,Bratislava,2261.53,"said ""hi"", then left","a,b,c",false
1954,User 1954,user1954@example.com,Zürich,2298.54,plain note 1954,solo,true
1955,User 1955,user1955@example.com,København,2335.55,plain note 1955,solo,false
1956,User 1956,user1956@example.com,Москва,2372.56,plain note 1956,"a,b,c",true
1957,User 1957,user1957@example.com,東京,2409.57,plain note 1957,solo,false
1958,User 1958,user1958@example.com,Paris,2446.58,"line one
line two",solo,true
1959,User 1959,user1959@example.com,Lima,2483.59,plain note 1959,"a,b,c",false
1960,User 1960,user1960@example.com,Amsterdam,2520.60,"said ""hi"", then left",solo,true
1961,User 1961,user1961@example.com,Bratislava,2557.61,plain note 1961,solo,false
1962,User 1962,user1962@example.com,Zürich,2594.62,plain note 1962,"a,b,c",true
1963,User 1963,user1963@example.com,København,2631.63,plain note 1963,solo,false
1964,User 1964,user1964@example.com,Москва,2668.64,plain note 1964,solo,true
1965,User 1965,user1965@example.com,東京,2705.65,plain note 1965,"a,b,c",false
1966,User 1966,user1966@example.com,Paris,2742.66,plain note 1966,solo,true
1967,User 1967,user1967@example.com,Lima,2779.67,"said ""hi"", then left",solo,false
1968,User 1968,user1968@example.com,Amsterdam,2816.68,plain note 1968,"a,b,c",true
1969,User 1969,user1969@example.com,Bratislava,2853.69,"line one
line two",solo,false
1970,User 1970,user1970@example.com,Zürich,2890.70,plain note 1970,solo,true
1971,User 1971,user1971@example.com,København,2927.71,plain note 1971,"a,b,c",false
1972,User 1972,user1972@example.com,Москва,2964.72,plain note 1972,solo,true
1973,User 1973,user1973@example.com,東京,3001.73,plain note 1973,solo,false
1974,User 1974,user1974@example.com,Paris,3038.74,"said ""hi"", then left","a,b,c",true
1975,User 1975,user1975@example.com,Lima,3075.75,plain note 1975,solo,false
1976,User 1976,user1976@example.com,Amsterdam,3112.76,plain note 1976,solo,true
1977,User 1977,user1977@example.com,Bratislava,3149.77,plain note 1977,"a,b,c",false
1978,User 1978,user1978@example.com,Zürich,3186.78,plain note 1978,solo,true
1979,User 1979,user1979@example.com,København,3223.79,plain note 1979,solo,false
1980,User 1980,user1980@example.com,Москва,3260.80,"line one
line two","a,b,c",true
1981,User 1981,user1981@example.com,東京,3297.81,"said ""hi"", then left",solo,false
1982,User 1982,user1982@example.com,Paris,3334.82,plain note 1982,solo,true
1983,User 1983,user1983@example.com,Lima,3371.83,plain note 1983,"a,b,c",false
1984,User 1984,user1984@example.com,Amsterdam,3408.84,plain note 1984,solo,true
1985,User 1985,user1985@example.com,Bratislava,3445.85,plain note 1985,solo,false
1986,User 1986,user1986@example.com,Zürich,3482.86,plain note 1986,"a,b,c",true
1987,User 1987,user1987@example.com,København,3519.87,plain note 1987,solo,false
1988,User 1988,user1988@example.com,Москва,3556.88,"said ""hi"", then left",solo,true
1989,User 1989,user1989@example.com,東京,3593.89,plain note 1989,"a,b,c",false
1990,User 1990,user1990@example.com,Paris,3630.90,plain note 1990,solo,true
1991,User 1991,user1991@example.com,Lima,3667.91,"line one
line two",solo,false
1992,User 1992,user1992@example.com,Amsterdam,3704.92,plain note 1992,"a,b,c",true
1993,User 1993,user1993@example.com,Bratislava,3741.93,plain note 1993,solo,false
1994,User 1994,user1994@example.com,Zürich,3778.94,plain note 1994,solo,true
1995,User 1995,user1995@example.com,København,3815.95,"said ""hi"", then left","a,b,c",false
1996,User 1996,user1996@example.com,Москва,3852.96,plain note 1996,solo,true
1997,User 1997,user1997@example.com,東京,3889.97,plain note 1997,solo,false
1998,User 1998,user1998@example.com,Paris,3926.98,plain note 1998,"a,b,c",true
1999,User 1999,user1999@example.com,Lima,3963.99,plain note 1999,solo,false
2000,User 2000,user2000@example.com,Amsterdam,4000.0,plain note 2000,solo,true
2001,User 2001,user2001@example.com,Bratislava,4037.1,plain note 2001,"a,b,c",false
2002,User 2002,user2002@example.com,Zürich,4074.2,"said ""hi"", then left",solo,true
2003,User 2003,user2003@example.com,København,4111.3,plain note 2003,solo,false
2004,User 2004,user2004@example.com,Москва,4148.4,plain note 2004,"a,b,c",true
2005,User 2005,user2005@example.com,東京,4185.5,plain note 2005,solo,false
2006,User 2006,user2006@example.com,Paris,4222.6,plain note 2006,solo,true
2007,User 2007,user2007@example.com,Lima,4259.7,plain note 2007,"a,b,c",false
2008,User 2008,user2008@example.com,Amsterdam,4296.8,plain note 2008,solo,true
2009,User 2009,user2009@example.com,Bratislava,4333.9,"said ""hi"", then left",solo,false
2010,User 2010,user2010@example.com,Zürich,4370.10,plain note 2010,"a,b,c",true
2011,User 2011,user2011@example.com,København,4407.11,plain note 2011,solo,false
2012,User 2012,user2012@example.com,Москва,4444.12,plain note 2012,solo,true
2013,User 2013,user2013@example.com,東京,4481.13,"line one
line two","a,b,c",false
2014,User 2014,user2014@example.com,Paris,4518.14,plain note 2014,solo,true
2015,User 2015,user2015@example.com,Lima,4555.15,plain note 2015,solo,false
2016,User 2016,user2016@example.com,Amsterdam,4592.16,"said ""hi"", then left","a,b,c",true
2017,User 2017,user2017@example.com,Bratislava,4629.17,plain note 2017,solo,false
2018,User 2018,user2018@example.com,Zürich,4666.18,plain note 2018,solo,true
2019,User 2019,user2019@example.com,København,4703.19,plain note 2019,"a,b,c",false
2020,User 2020,user2020@example.com,Москва,4740.20,plain note 2020,solo,true
2021,User 2021,user2021@example.com,東京,4777.21,plain note 2021,solo,false
2022,User 2022,user2022@example.com,Paris,4814.22,plain note 2022,"a,b,c",true
2023,User 2023,user2023@example.com,Lima,4851.23,"said ""hi"", then left",solo,false
2024,User 2024,user2024@example.com,Amsterdam,4888.24,"line one
line two",solo,true
2025,User 2025,user2025@example.com,Bratislava,4925.25,plain note 2025,"a,b,c",false
2026,User 2026,user2026@example.com,Zürich,4962.26,plain note 2026,solo,true
2027,User 2027,user2027@example.com,København,4999.27,plain note 2027,solo,false
2028,User 2028,user2028@example.com,Москва,5036.28,plain note 2028,"a,b,c",true
2029,User 2029,user2029@example.com,東京,5073.29,plain note 2029,solo,false
2030,User 2030,user2030@example.com,Paris,5110.30,"said ""hi"", then left",solo,true
2031,User 2031,user2031@example.com,Lima,5147.31,plain note 2031,"a,b,c",false
2032,User 2032,user2032@example.com,Amsterdam,5184.32,plain note 2032,solo,true
2033,User 2033,user2033@example.com,Bratislava,5221.33,plain note 2033,solo,false
2034,User 2034,user2034@example.com,Zürich,5258.34,plain note 2034,"a,b,c",true
2035,User 2035,user2035@example.com,København,5295.35,"line one
line two",solo,false
2036,User 2036,user2036@example.com,Москва,5332.36,plain note 2036,solo,true
2037,User 2037,user2037@example.com,東京,5369.37,"said ""hi"", then left","a,b,c",false
2038,User 2038,user2038@example.com,Paris,5406.38,plain note 2038,solo,true
2039,User 2039,user2039@example.com,Lima,5443.39,plain note 2039,solo,false
2040,User 2040,user2040@example.com,Amsterdam,5480.40,plain note 2040,"a,b,c",true
2041,User 2041,user2041@example.com,Bratislava,5517.41,plain note 2041,solo,false
2042,User 2042,user2042@example.com,Zürich,5554.42,plain note 2042,solo,true
2043,User 2043,user2043@example.com,København,5591.43,plain note 2043,"a,b,c",false
2044,User 2044,user2044@example.com,Москва,5628.44,"said ""hi"", then left",solo,true
2045,User 2045,user2045@example.com,東京,5665.45,plain note 2045,solo,false
2046,User 2046,user2046@example.com,Paris,5702.46,"line one
line two","a,b,c",true
2047,User 2047,user2047@example.com,Lima,5739.47,plain note 2047,solo,false
2048,User 2048,user2048@example.com,Amsterdam,5776.48,plain note 2048,solo,true
2049,User 2049,user2049@example.com,Bratislava,5813.49,plain note 2049,"a,b,c",false
2050,User 2050,user2050@example.com,Zürich,5850.50,plain note 2050,solo,true
2051,User 2051,user2051@example.com,København,5887.51,"said ""hi"", then left",solo,false
2052,User 2052,user2052@example.com,Москва,5924.52,plain note 2052,"a,b,c",true
2053,User 2053,user2053@example.com,東京,5961.53,plain note 2053,solo,false
2054,User 2054,user2054@example.com,Paris,5998.54,plain note 2054,solo,true
2055,User 2055,user2055@example.com,Lima,6035.55,plain note 2055,"a,b,c",false
2056,User 2056,user2056@example.com,Amsterdam,6072.56,plain note 2056,solo,true
2057,User 2057,user2057@example.com,Bratislava,6109.57,"line one
line two",solo,false
2058,User 2058,user2058@example.com,Zürich,6146.58,"said ""hi"", then left","a,b,c",true
2059,User 2059,user2059@example.com,København,6183.59,plain note 2059,solo,false
2060,User 2060,user2060@example.com,Москва,6220.60,plain note 2060,solo,true
2061,User 2061,user2061@example.com,東京,6257.61,plain note 2061,"a,b,c",false
2062,User 2062,user2062@example.com,Paris,6294.62,plain note 2062,solo,true
2063,User 2063,user2063@example.com,Lima,6331.63,plain note 2063,solo,false
2064,User 2064,user2064@example.com,Amsterdam,6368.64,plain note 2064,"a,b,c",true
2065,User 2065,user2065@example.com,Bratislava,6405.65,"said ""hi"", then left",solo,false
2066,User 2066,user2066@example.com,Zürich,6442.66,plain note 2066,solo,true
2067,User 2067,user2067@example.com,København,6479.67,plain note 2067,"a,b,c",false
2068,User 2068,user2068@example.com,Москва,6516.68,"line one
line two",solo,true
2069,User 2069,user2069@example.com,東京,6553.69,plain note 2069,solo,false
2070,User 2070,user2070@example.com,Paris,6590.70,plain note 2070,"a,b,c",true
2071,User 2071,user2071@example.com,Lima,6627.71,plain note 2071,solo,false
2072,User 2072,user2072@example.com,Amsterdam,6664.72,"said ""hi"", then left",solo,true
2073,User 2073,user2073@example.com,Bratislava,6701.73,plain note 2073,"a,b,c",false
2074,User 2074,user2074@example.com,Zürich,6738.74,plain note 2074,solo,true
2075,User 2075,user2075@example.com,København,6775.75,plain note 2075,solo,false
2076,User 2076,user2076@example.com,Москва,6812.76,plain note 2076,"a,b,c",true
2077,User 2077,user2077@example.com,東京,6849.77,plain note 2077,solo,false
2078,User 2078,user2078@example.com,Paris,6886.78,plain note 2078,solo,true
2079,User 2079,user2079@example.com,Lima,6923.79,"said ""hi"", then left","a,b,c",false
2080,User 2080,user2080@example.com,Amsterdam,6960.80,plain note 2080,solo,true
2081,User 2081,user2081@example.com,Bratislava,6997.81,plain note 2081,solo,false
2082,User 2082,user2082@example.com,Zürich,7034.82,plain note 2082,"a,b,c",true
2083,User 2083,user2083@example.com,København,7071.83,plain note 2083,solo,false
2084,User 2084,user2084@example.com,Москва,7108.84,plain note 2084,solo,true
2085,User 2085,user2085@example.com,東京,7145.85,plain note 2085,"a,b,c",false
2086,User 2086,user2086@example.com,Paris,7182.86,"said ""hi"", then left",solo,true
2087,User 2087,user2087@example.com,Lima,7219.87,plain note 2087,solo,false
2088,User 2088,user2088@example.com,Amsterdam,7256.88,plain note 2088,"a,b,c",true
2089,User 2089,user2089@example.com,Bratislava,7293.89,plain note 2089,solo,false
2090,User 2090,user2090@example.com,Zürich,7330.90,"line one
line two",solo,true
2091,User 2091,user2091@example.com,København,7367.91,plain note 2091,"a,b,c",false
2092,User 2092,user2092@example.com,Москва,7404.92,plain note 2092,solo,true
2093,User 2093,user2093@example.com,東京,7441.93,"said ""hi"", then left",solo,false
2094,User 2094,user2094@example.com,Paris,7478.94,plain note 2094,"a,b,c",true
2095,User 2095,user2095@example.com,Lima,7515.95,plain note 2095,solo,false
2096,User 2096,user2096@example.com,Amsterdam,7552.96,plain note 2096,solo,true
2097,User 2097,user2097@example.com,Bratislava,7589.97,plain note 2097,"a,b,c",false
2098,User 2098,user2098@example.com,Zürich,7626.98,plain note 2098,solo,true
2099,User 2099,user2099@example.com,København,7663.99,plain note 2099,solo,false
2100,User 2100,user2100@example.com,Москва,7700.0,"said ""hi"", then left","a,b,c",true
2101,User 2101,user2101@example.com,東京,7737.1,"line one
line two",solo,false
2102,User 2102,user2102@example.com,Paris,7774.2,plain note 2102,solo,true
2103,User 2103,user2103@example.com,Lima,7811.3,plain note 2103,"a,b,c",false
2104,User 2104,user2104@example.com,Amsterdam,7848.4,plain note 2104,solo,true
2105,User 2105,user2105@example.com,Bratislava,7885.5,plain note 2105,solo,false
2106,User 2106,user2106@example.com,Zürich,7922.6,plain note 2106,"a,b,c",true
2107,User 2107,user2107@example.com,København,7959.7,"said ""hi"", then left",solo,false
2108,User 2108,user2108@example.com,Москва,7996.8,plain note 2108,solo,true
2109,User 2109,user2109@example.com,東京,8033.9,plain note 2109,"a,b,c",false
2110,User 2110,user2110@example.com,Paris,8070.10,plain note 2110,solo,true
2111,User 2111,user2111@example.com,Lima,8107.11,plain note 2111,solo,false
2112,User 2112,user2112@example.com,Amsterdam,8144.12,"line one
line two","a,b,c",true
2113,User 2113,user2113@example.com,Bratislava,8181.13,plain note 2113,solo,false
2114,User 2114,user2114@example.com,Zürich,8218.14,"said ""hi"", then left",solo,true
2115,User 2115,user2115@example.com,København,8255.15,plain note 2115,"a,b,c",false
2116,User 2116,user2116@example.com,Москва,8292.16,plain note 2116,solo,true
2117,User 2117,user2117@example.com,東京,8329.17,plain note 2117,solo,false
2118,User 2118,user2118@example.com,Paris,8366.18,plain note 2118,"a,b,c",true
2119,User 2119,user2119@example.com,Lima,8403.19,plain note 2119,solo,false
2120,User 2120,user2120@example.com,Amsterdam,8440.20,plain note 2120,solo,true
2121,User 2121,user2121@example.com,Bratislava,8477.21,"said ""hi"", then left","a,b,c",false
2122,User 2122,user2122@example.com,Zürich,8514.22,plain note 2122,solo,true
2123,User 2123,user2123@example.com,København,8551.23,"line one
line two",solo,false
2124,User 2124,user2124@example.com,Москва,8588.24,plain note 2124,"a,b,c",true
2125,User 2125,user2125@example.com,東京,8625.25,plain note 2125,solo,false
2126,User 2126,user2126@example.com,Paris,8662.26,plain note 2126,solo,true
2127,User 2127,user2127@example.com,Lima,8699.27,plain note 2127,"a,b,c",false
2128,User 2128,user2128@example.com,Amsterdam,8736.28,"said ""hi"", then left",solo,true
2129,User 2129,user2129@example.com,Bratislava,8773.29,plain note 2129,solo,false
2130,User 2130,user2130@example.com,Zürich,8810.30,plain note 2130,"a,b,c",true
2131,User 2131,user2131@example.com,København,8847.31,plain note 2131,solo,false
2132,User 2132,user2132@example.com,Москва,8884.32,plain note 2132,solo,true
2133,User 2133,user2133@example.com,東京,8921.33,plain note 2133,"a,b,c",false
2134,User 2134,user2134@example.com,Paris,8958.34,"line one
line two",solo,true
2135,User 2135,user2135@example.com,Lima,8995.35,"said ""hi"", then left",solo,false
2136,User 2136,user2136@example.com,Amsterdam,9032.36,plain note 2136,"a,b,c",true
2137,User 2137,user2137@example.com,Bratislava,9069.37,plain note 2137,solo,false
2138,User 2138,user2138@example.com,Zürich,9106.38,plain note 2138,solo,true
2139,User 2139,user2139@example.com,København,9143.39,plain note 2139,"a,b,c",false
2140,User 2140,user2140@example.com,Москва,9180.40,plain note 2140,solo,true
2141,User 2141,user2141@example.com,東京,9217.41,plain note 2141,solo,false
2142,User 2142,user2142@example.com,Paris,9254.42,"said ""hi"", then left","a,b,c",true
2143,User 2143,user2143@example.com,Lima,9291.43,plain note 2143,solo,false
2144,User 2144,user2144@example.com,Amsterdam,9328.44,plain note 2144,solo,true
2145,User 2145,user2145@example.com,Bratislava,9365.45,"line one
line two","a,b,c",false
2146,User 2146,user2146@example.com,Zürich,9402.46,plain note 2146,solo,true
2147,User 2147,user2147@example.com,København,9439.47,plain note 2147,solo,false
2148,User 2148,user2148@example.com,Москва,9476.48,plain note 2148,"a,b,c",true
2149,User 2149,user2149@example.com,東京,9513.49,"said ""hi"", then left",solo,false
2150,User 2150,user2150@example.com,Paris,9550.50,plain note 2150,solo,true
2151,User 2151,user2151@example.com,Lima,9587.51,plain note 2151,"a,b,c",false
2152,User 2152,user2152@example.com,Amsterdam,9624.52,plain note 2152,solo,true
2153,User 2153,user2153@example.com,Bratislava,9661.53,plain note 2153,solo,false
2154,User 2154,user2154@example.com,Zürich,9698.54,plain note 2154,"a,b,c",true
2155,User 2155,user2155@example.com,København,9735.55,plain note 2155,solo,false
2156,User 2156,user2156@example.com,Москва,9772.56,"said ""hi"", then left",solo,true
2157,User 2157,user2157@example.com,東京,9809.57,plain note 2157,"a,b,c",false
2158,User 2158,user2158@example.com,Paris,9846.58,plain note 2158,solo,true
2159,User 2159,user2159@example.com,Lima,9883.59,plain note 2159,solo,false
2160,User 2160,user2160@example.com,Amsterdam,9920.60,plain note 2160,"a,b,c",true
2161,User 2161,user2161@example.com,Bratislava,9957.61,plain note 2161,solo,false
2162,User 2162,user2162@example.com,Zürich,9994.62,plain note 2162,solo,true
2163,User 2163,user2163@example.com,København,31.63,"said ""hi"", then left","a,b,c",false
2164,User 2164,user2164@example.com,Москва,68.64,plain note 2164,solo,true
2165,User 2165,user2165@example.com,東京,105.65,plain note 2165,solo,false
2166,User 2166,user2166@example.com,Paris,142.66,plain note 2166,"a,b,c",true
2167,User 2167,user2167@example.com,Lima,179.67,"line one
line two",solo,false
2168,User 2168,user2168@example.com,Amsterdam,216.68,plain note 2168,solo,true
2169,User 2169,user2169@example.com,Bratislava,253.69,plain note 2169,"a,b,c",false
2170,User 2170,user2170@example.com,Zürich,290.70,"said ""hi"", then left",solo,true
2171,User 2171,user2171@example.com,København,327.71,plain note 2171,solo,false
2172,User 2172,user2172@example.com,Москва,364.72,plain note 2172,"a,b,c",true
2173,User 2173,user2173@example.com,東京,401.73,plain note 2173,solo,false
2174,User 2174,user2174@example.com,Paris,438.74,plain note 2174,solo,true
2175,User 2175,user2175@example.com,Lima,475.75,plain note 2175,"a,b,c",false
2176,User 2176,user2176@example.com,Amsterdam,512.76,plain note 2176,solo,true
2177,User 2177,user2177@example.com,Bratislava,549.77,"said ""hi"", then left",solo,false
2178,User 2178,user2178@example.com,Zürich,586.78,"line one
line two","a,b,c",true
2179,User 2179,user2179@example.com,København,623.79,plain note 2179,solo,false
2180,User 2180,user2180@example.com,Москва,660.80,plain note 2180,solo,true
2181,User 2181,user2181@example.com,東京,697.81,plain note 2181,"a,b,c",false
2182,User 2182,user2182@example.com,Paris,734.82,plain note 2182,solo,true
2183,User 2183,user2183@example.com,Lima,771.83,plain note 2183,solo,false
2184,User 2184,user2184@example.com,Amsterdam,808.84,"said ""hi"", then left","a,b,c",true
2185,User 2185,user2185@example.com,Bratislava,845.85,plain note 2185,solo,false
2186,User 2186,user2186@example.com,Zürich,882.86,plain note 2186,solo,true
2187,User 2187,user2187@example.com,København,919.87,plain note 2187,"a,b,c",false
2188,User 2188,user2188@example.com,Москва,956.88,plain note 2188,solo,true
2189,User 2189,user2189@example.com,東京,993.89,"line one
line two",solo,false
2190,User 2190,user2190@example.com,Paris,1030.90,plain note 2190,"a,b,c",true
2191,User 2191,user2191@example.com,Lima,1067.91,"said ""hi"", then left",solo,false
2192,User 2192,user2192@example.com,Amsterdam,1104.92,plain note 2192,solo,true
2193,User 2193,user2193@example.com,Bratislava,1141.93,plain note 2193,"a,b,c",false
2194,User 2194,user2194@example.com,Zürich,1178.94,plain note 2194,solo,true
2195,User 2195,user2195@example.com,København,1215.95,plain note 2195,solo,false
2196,User 2196,user2196@example.com,Москва,1252.96,plain note 2196,"a,b,c",true
2197,User 2197,user2197@example.com,東京,1289.97,plain note 2197,solo,false
2198,User 2198,user2198@example.com,Paris,1326.98,"said ""hi"", then left",solo,true
2199,User 2199,user2199@example.com,Lima,1363.99,plain note 2199,"a,b,c",false
2200,User 2200,user2200@example.com,Amsterdam,1400.0,"line one
line two",solo,true
2201,User 2201,user2201@example.com,Bratislava,1437.1,plain note 2201,solo,false
2202,User 2202,user2202@example.com,Zürich,1474.2,plain note 2202,"a,b,c",true
2203,User 2203,user2203@example.com,København,1511.3,plain note 2203,solo,false
2204,User 2204,user2204@example.com,Москва,1548.4,plain note 2204,solo,true
2205,User 2205,user2205@example.com,東京,1585.5,"said ""hi"", then left","a,b,c",false
2206,User 2206,user2206@example.com,Paris,1622.6,plain note 2206,solo,true
2207,User 2207,user2207@example.com,Lima,1659.7,plain note 2207,solo,false
2208,User 2208,user2208@example.com,Amsterdam,1696.8,plain note 2208,"a,b,c",true
2209,User 2209,user2209@example.com,Bratislava,1733.9,plain note 2209,solo,false
2210,User 2210,user2210@example.com,Zürich,1770.10,plain note 2210,solo,true
2211,User 2211,user2211@example.com,København,1807.11,"line one
line two","a,b,c",false
2212,User 2212,user2212@example.com,Москва,1844.12,"said ""hi"", then left",solo,true
2213,User 2213,user2213@example.com,東京,1881.13,plain note 2213,solo,false
2214,User 2214,user2214@example.com,Paris,1918.14,plain note 2214,"a,b,c",true
2215,User 2215,user2215@example.com,Lima,1955.15,plain note 2215,solo,false
2216,User 2216,user2216@example.com,Amsterdam,1992.16,plain note 2216,solo,true
2217,User 2217,user2217@example.com,Bratislava,2029.17,plain note 2217,"a,b,c",false
2218,User 2218,user2218@example.com,Zürich,2066.18,plain note 2218,solo,true
2219,User 2219,user2219@example.com,København,2103.19,"said ""hi"", then left",solo,false
2220,User 2220,user2220@example.com,Москва,2140.20,plain note 2220,"a,b,c",true
2221,User 2221,user2221@example.com,東京,2177.21,plain note 2221,solo,false
2222,User 2222,user2222@example.com,Paris,2214.22,"line one
line two",solo,true
2223,User 2223,user2223@example.com,Lima,2251.23,plain note 2223,"a,b,c",false
2224,User 2224,user2224@example.com,Amsterdam,2288.24,plain note 2224,solo,true
2225,User 2225,user2225@example.com,Bratislava,2325.25,plain note 2225,solo,false
2226,User 2226,user2226@example.com,Zürich,2362.26,"said ""hi"", then left","a,b,c",true
2227,User 2227,user2227@example.com,København,2399.27,plain note 2227,solo,false
2228,User 2228,user2228@example.com,Москва,2436.28,plain note 2228,solo,true
2229,User 2229,user2229@example.com,東京,2473.29,plain note 2229,"a,b,c",false
2230,User 2230,user2230@example.com,Paris,2510.30,plain note 2230,solo,true
2231,User 2231,user2231@example.com,Lima,2547.31,plain note 2231,solo,false
2232,User 2232,user2232@example.com,Amsterdam,2584.32,plain note 2232,"a,b,c",true
2233,User 2233,user2233@example.com,Bratislava,2621.33,"said ""hi"", then left",solo,false
2234,User 2234,user2234@example.com,Zürich,2658.34,plain note 2234,solo,true
2235,User 2235,user2235@example.com,København,2695.35,plain note 2235,"a,b,c",false
2236,User 2236,user2236@example.com,Москва,2732.36,plain note 2236,solo,true
2237,User 2237,user2237@example.com,東京,2769.37,plain note 2237,solo,false
2238,User 2238,user2238@example.com,Paris,2806.38,plain note 2238,"a,b,c",true
2239,User 2239,user2239@example.com,Lima,2843.39,plain note 2239,solo,false
2240,User 2240,user2240@example.com,Amsterdam,2880.40,"said ""hi"", then left",solo,true
2241,User 2241,user2241@example.com,Bratislava,2917.41,plain note 2241,"a,b,c",false
2242,User 2242,user2242@example.com,Zürich,2954.42,plain note 2242,solo,true
2243,User 2243,user2243@example.com,København,2991.43,plain note 2243,solo,false
2244,User 2244,user2244@example.com,Москва,3028.44,"line one
line two","a,b,c",true
2245,User 2245,user2245@example.com,東京,3065.45,plain note 2245,solo,false
2246,User 2246,user2246@example.com,Paris,3102.46,plain note 2246,solo,true
2247,User 2247,user2247@example.com,Lima,3139.47,"said ""hi"", then left","a,b,c",false
2248,User 2248,user2248@example.com,Amsterdam,3176.48,plain note 2248,solo,true
2249,User 2249,user2249@example.com,Bratislava,3213.49,plain note 2249,solo,false
2250,User 2250,user2250@example.com,Zürich,3250.50,plain note 2250,"a,b,c",true
2251,User 2251,user2251@example.com,København,3287.51,plain note 2251,solo,false
2252,User 2252,user2252@example.com,Москва,3324.52,plain note 2252,solo,true
2253,User 2253,user2253@example.com,東京,3361.53,plain note 2253,"a,b,c",false
2254,User 2254,user2254@example.com,Paris,3398.54,"said ""hi"", then left",solo,true
2255,User 2255,user2255@example.com,Lima,3435.55,"line one
line two",solo,false
2256,User 2256,user2256@example.com,Amsterdam,3472.56,plain note 2256,"a,b,c",true
2257,User 2257,user2257@example.com,Bratislava,3509.57,plain note 2257,solo,false
2258,User 2258,user2258@example.com,Zürich,3546.58,plain note 2258,solo,true
2259,User 2259,user2259@example.com,København,3583.59,plain note 2259,"a,b,c",false
2260,User 2260,user2260@example.com,Москва,3620.60,plain note 2260,solo,true
2261,User 2261,user2261@example.com,東京,3657.61,"said ""hi"", then left",solo,false
2262,User 2262,user2262@example.com,Paris,3694.62,plain note 2262,"a,b,c",true
2263,User 2263,user2263@example.com,Lima,3731.63,plain note 2263,solo,false
2264,User 2264,user2264@example.com,Amsterdam,3768.64,plain note 2264,solo,true
2265,User 2265,user2265@example.com,Bratislava,3805.65,plain note 2265,"a,b,c",false
2266,User 2266,user2266@example.com,Zürich,3842.66,"line one
line two",solo,true
2267,User 2267,user2267@example.com,København,3879.67,plain note 2267,solo,false
2268,User 2268,user2268@example.com,Москва,3916.68,"said ""hi"", then left","a,b,c",true
2269,User 2269,user2269@example.com,東京,3953.69,plain note 2269,solo,false
2270,User 2270,user2270@example.com,Paris,3990.70,plain note 2270,solo,true
2271,User 2271,user2271@example.com,Lima,4027.71,plain note 2271,"a,b,c",false
2272,User 2272,user2272@example.com,Amsterdam,4064.72,plain note 2272,solo,true
2273,User 2273,user2273@example.com,Bratislava,4101.73,plain note 2273,solo,false
2274,User 2274,user2274@example.com,Zürich,4138.74,plain note 2274,"a,b,c",true
2275,User 2275,user2275@example.com,København,4175.75,"said ""hi"", then left",solo,false
2276,User 2276,user2276@example.com,Москва,4212.76,plain note 2276,solo,true
2277,User 2277,user2277@example.com,東京,4249.77,"line one
line two","a,b,c",false
2278,User 2278,user2278@example.com,Paris,4286.78,plain note 2278,solo,true
2279,User 2279,user2279@example.com,Lima,4323.79,plain note 2279,solo,false
2280,User 2280,user2280@example.com,Amsterdam,4360.80,plain note 2280,"a,b,c",true
2281,User 2281,user2281@example.com,Bratislava,4397.81,plain note 2281,solo,false
2282,User 2282,user2282@example.com,Zürich,4434.82,"said ""hi"", then left",solo,true
2283,User 2283,user2283@example.com,København,4471.83,plain note 2283,"a,b,c",false
2284,User 2284,user2284@example.com,Москва,4508.84,plain note 2284,solo,true
2285,User 2285,user2285@example.com,東京,4545.85,plain note 2285,solo,false
2286,User 2286,user2286@example.com,Paris,4582.86,plain note 2286,"a,b,c",true
2287,User 2287,user2287@example.com,Lima,4619.87,plain note 2287,solo,false
2288,User 2288,user2288@example.com,Amsterdam,4656.88,"line one
line two",solo,true
2289,User 2289,user2289@example.com,Bratislava,4693.89,"said ""hi"", then left","a,b,c",false
2290,User 2290,user2290@example.com,Zürich,4730.90,plain note 2290,solo,true
2291,User 2291,user2291@example.com,København,4767.91,plain note 2291,solo,false
2292,User 2292,user2292@example.com,Москва,4804.92,plain note 2292,"a,b,c",true
2293,User 2293,user2293@example.com,東京,4841.93,plain note 2293,solo,false
2294,User 2294,user2294@example.com,Paris,4878.94,plain note 2294,solo,true
2295,User 2295,user2295@example.com,Lima,4915.95,plain note 2295,"a,b,c",false
2296,User 2296,user2296@example.com,Amsterdam,4952.96,"said ""hi"", then left",solo,true
2297,User 2297,user2297@example.com,Bratislava,4989.97,plain note 2297,solo,false
2298,User 2298,user2298@example.com,Zürich,5026.98,plain note 2298,"a,b,c",true
2299,User 2299,user2299@example.com,København,5063.99,"line one
line two",solo,false
2300,User 2300,user2300@example.com,Москва,5100.0,plain note 2300,solo,true
2301,User 2301,user2301@example.com,東京,5137.1,plain note 2301,"a,b,c",false
2302,User 2302,user2302@example.com,Paris,5174.2,plain note 2302,solo,true
2303,User 2303,user2303@example.com,Lima,5211.3,"said ""hi"", then left",solo,false
2304,User 2304,user2304@example.com,Amsterdam,5248.4,plain note 2304,"a,b,c",true
2305,User 2305,user2305@example.com,Bratislava,5285.5,plain note 2305,solo,false
2306,User 2306,user2306@example.com,Zürich,5322.6,plain note 2306,solo,true
2307,User 2307,user2307@example.com,København,5359.7,plain note 2307,"a,b,c",false
2308,User 2308,user2308@example.com,Москва,5396.8,plain note 2308,solo,true
2309,User 2309,user2309@example.com,東京,5433.9,plain note 2309,solo,false
2310,User 2310,user2310@example.com,Paris,5470.10,"said ""hi"", then left","a,b,c",true
2311,User 2311,user2311@example.com,Lima,5507.11,plain note 2311,solo,false
2312,User 2312,user2312@example.com,Amsterdam,5544.12,plain note 2312,solo,true
2313,User 2313,user2313@example.com,Bratislava,5581.13,plain note 2313,"a,b,c",false
2314,User 2314,user2314@example.com,Zürich,5618.14,plain note 2314,solo,true
2315,User 2315,user2315@example.com,København,5655.15,plain note 2315,solo,false
2316,User 2316,user2316@example.com,Москва,5692.16,plain note 2316,"a,b,c",true
2317,User 2317,user2317@example.com,東京,5729.17,"said ""hi"", then left",solo,false
2318,User 2318,user2318@example.com,Paris,5766.18,plain note 2318,solo,true
2319,User 2319,user2319@example.com,Lima,5803.19,plain note 2319,"a,b,c",false
2320,User 2320,user2320@example.com,Amsterdam,5840.20,plain note 2320,solo,true
2321,User 2321,user2321@example.com,Bratislava,5877.21,"line one
line two",solo,false
2322,User 2322,user2322@example.com,Zürich,5914.22,plain note 2322,"a,b,c",true
2323,User 2323,user2323@example.com,København,5951.23,plain note 2323,solo,false
2324,User 2324,user2324@example.com,Москва,5988.24,"said ""hi"", then left",solo,true
2325,User 2325,user2325@example.com,東京,6025.25,plain note 2325,"a,b,c",false
2326,User 2326,user2326@example.com,Paris,6062.26,plain note 2326,solo,true
2327,User 2327,user2327@example.com,Lima,6099.27,plain note 2327,solo,false
2328,User 2328,user2328@example.com,Amsterdam,6136.28,plain note 2328,"a,b,c",true
2329,User 2329,user2329@example.com,Bratislava,6173.29,plain note 2329,solo,false
2330,User 2330,user2330@example.com,Zürich,6210.30,plain note 2330,solo,true
2331,User 2331,user2331@example.com,København,6247.31,"said ""hi"", then left","a,b,c",false
2332,User 2332,user2332@example.com,Москва,6284.32,"line one
line two",solo,true
2333,User 2333,user2333@example.com,東京,6321.33,plain note 2333,solo,false
2334,User 2334,user2334@example.com,Paris,6358.34,plain note 2334,"a,b,c",true
2335,User 2335,user2335@example.com,Lima,6395.35,plain note 2335,solo,false
2336,User 2336,user2336@example.com,Amsterdam,6432.36,plain note 2336,solo,true
2337,User 2337,user2337@example.com,Bratislava,6469.37,plain note 2337,"a,b,c",false
2338,User 2338,user2338@example.com,Zürich,6506.38,"said ""hi"", then left",solo,true
2339,User 2339,user2339@example.com,København,6543.39,plain note 2339,solo,false
2340,User 2340,user2340@example.com,Москва,6580.40,plain note 2340,"a,b,c",true
2341,User 2341,user2341@example.com,東京,6617.41,plain note 2341,solo,false
2342,User 2342,user2342@example.com,Paris,6654.42,plain note 2342,solo,true
2343,User 2343,user2343@example.com,Lima,6691.43,"line one
line two","a,b,c",false
2344,User 2344,user2344@example.com,Amsterdam,6728.44,plain note 2344,solo,true
2345,User 2345,user2345@example.com,Bratislava,6765.45,"said ""hi"", then left",solo,false
2346,User 2346,user2346@example.com,Zürich,6802.46,plain note 2346,"a,b,c",true
2347,User 2347,user2347@example.com,København,6839.47,plain note 2347,solo,false
2348,User 2348,user2348@example.com,Москва,6876.48,plain note 2348,solo,true
2349,User 2349,user2349@example.com,東京,6913.49,plain note 2349,"a,b,c",false
2350,User 2350,user2350@example.com,Paris,6950.50,plain note 2350,solo,true
2351,User 2351,user2351@example.com,Lima,6987.51,plain note 2351,solo,false
2352,User 2352,user2352@example.com,Amsterdam,7024.52,"said ""hi"", then left","a,b,c",true
2353,User 2353,user2353@example.com,Bratislava,7061.53,plain note 2353,solo,false
2354,User 2354,user2354@example.com,Zürich,7098.54,"line one
line two",solo,true
2355,User 2355,user2355@example.com,København,7135.55,plain note 2355,"a,b,c",false
2356,User 2356,user2356@example.com,Москва,7172.56,plain note 2356,solo,true
2357,User 2357,user2357@example.com,東京,7209.57,plain note 2357,solo,false
2358,User 2358,user2358@example.com,Paris,7246.58,plain note 2358,"a,b,c",true
2359,User 2359,user2359@example.com,Lima,7283.59,"said ""hi"", then left",solo,false
2360,User 2360,user2360@example.com,Amsterdam,7320.60,plain note 2360,solo,true
2361,User 2361,user2361@example.com,Bratislava,7357.61,plain note 2361,"a,b,c",false
2362,User 2362,user2362@example.com,Zürich,7394.62,plain note 2362,solo,true
2363,User 2363,user2363@example.com,København,7431.63,plain note 2363,solo,false
2364,User 2364,user2364@example.com,Москва,7468.64,plain note 2364,"a,b,c",true
2365,User 2365,user2365@example.com,東京,7505.65,"line one
line two",solo,false
2366,User 2366,user2366@example.com,Paris,7542.66,"said ""hi"", then left",solo,true
2367,User 2367,user2367@example.com,Lima,7579.67,plain note 2367,"a,b,c",false
2368,User 2368,user2368@example.com,Amsterdam,7616.68,plain note 2368,solo,true
2369,User 2369,user2369@example.com,Bratislava,7653.69,plain note 2369,solo,false
2370,User 2370,user2370@example.com,Zürich,7690.70,plain note 2370,"a,b,c",true
2371,User 2371,user2371@example.com,København,7727.71,plain note 2371,solo,false
2372,User 2372,user2372@example.com,Москва,7764.72,plain note 2372,solo,true
2373,User 2373,user2373@example.com,東京,7801.73,"said ""hi"", then left","a,b,c",false
2374,User 2374,user2374@example.com,Paris,7838.74,plain note 2374,solo,true
2375,User 2375,user2375@example.com,Lima,7875.75,plain note 2375,solo,false
2376,User 2376,user2376@example.com,Amsterdam,7912.76,"line one
line two","a,b,c",true
2377,User 2377,user2377@example.com,Bratislava,7949.77,plain note 2377,solo,false
2378,User 2378,user2378@example.com,Zürich,7986.78,plain note 2378,solo,true
2379,User 2379,user2379@example.com,København,8023.79,plain note 2379,"a,b,c",false
2380,User 2380,user2380@example.com,Москва,8060.80,"said ""hi"", then left",solo,true
2381,User 2381,user2381@example.com,東京,8097.81,plain note 2381,solo,false
2382,User 2382,user2382@example.com,Paris,8134.82,plain note 2382,"a,b,c",true
2383,User 2383,user2383@example.com,Lima,8171.83,plain note 2383,solo,false
2384,User 2384,user2384@example.com,Amsterdam,8208.84,plain note 2384,solo,true
2385,User 2385,user2385@example.com,Bratislava,8245.85,plain note 2385,"a,b,c",false
2386,User 2386,user2386@example.com,Zürich,8282.86,plain note 2386,solo,true
2387,User 2387,user2387@example.com,København,8319.87,"said ""hi"", then left",solo,false
2388,User 2388,user2388@example.com,Москва,8356.88,plain note 2388,"a,b,c",true
2389,User 2389,user2389@example.com,東京,8393.89,plain note 2389,solo,false
2390,User 2390,user2390@example.com,Paris,8430.90,plain note 2390,solo,true
2391,User 2391,user2391@example.com,Lima,8467.91,plain note 2391,"a,b,c",false
2392,User 2392,user2392@example.com,Amsterdam,8504.92,plain note 2392,solo,true
2393,User 2393,user2393@example.com,Bratislava,8541.93,plain note 2393,solo,false
2394,User 2394,user2394@example.com,Zürich,8578.94,"said ""hi"", then left","a,b,c",true
2395,User 2395,user2395@example.com,København,8615.95,plain note 2395,solo,false
2396,User 2396,user2396@example.com,Москва,8652.96,plain note 2396,solo,true
2397,User 2397,user2397@example.com,東京,8689.97,plain note 2397,"a,b,c",false
2398,User 2398,user2398@example.com,Paris,8726.98,"line one
line two",solo,true
2399,User 2399,user2399@example.com,Lima,8763.99,plain note 2399,solo,false
2400,User 2400,user2400@example.com,Amsterdam,8800.0,plain note 2400,"a,b,c",true
2401,User 2401,user2401@example.com,Bratislava,8837.1,"said ""hi"", then left",solo,false
2402,User 2402,user2402@example.com,Zürich,8874.2,plain note 2402,solo,true
2403,User 2403,user2403@example.com,København,8911.3,plain note 2403,"a,b,c",false
2404,User 2404,user2404@example.com,Москва,8948.4,plain note 2404,solo,true
2405,User 2405,user2405@example.com,東京,8985.5,plain note 2405,solo,false
2406,User 2406,user2406@example.com,Paris,9022.6,plain note 2406,"a,b,c",true
2407,User 2407,user2407@example.com,Lima,9059.7,plain note 2407,solo,false
2408,User 2408,user2408@example.com,Amsterdam,9096.8,"said ""hi"", then left",solo,true
2409,User 2409,user2409@example.com,Bratislava,9133.9,"line one
line two","a,b,c",false
2410,User 2410,user2410@example.com,Zürich,9170.10,plain note 2410,solo,true
2411,User 2411,user2411@example.com,København,9207.11,plain note 2411,solo,false
2412,User 2412,user2412@example.com,Москва,9244.12,plain note 2412,"a,b,c",true
2413,User 2413,user2413@example.com,東京,9281.13,plain note 2413,solo,false
2414,User 2414,user2414@example.com,Paris,9318.14,plain note 2414,solo,true
2415,User 2415,user2415@example.com,Lima,9355.15,"said ""hi"", then left","a,b,c",false
2416,User 2416,user2416@example.com,Amsterdam,9392.16,plain note 2416,solo,true
2417,User 2417,user2417@example.com,Bratislava,9429.17,plain note 2417,solo,false
2418,User 2418,user2418@example.com,Zürich,9466.18,plain note 2418,"a,b,c",true
2419,User 2419,user2419@example.com,København,9503.19,plain note 2419,solo,false
2420,User 2420,user2420@example.com,Москва,9540.20,"line one
line two",solo,true
2421,User 2421,user2421@example.com,東京,9577.21,plain note 2421,"a,b,c",false
2422,User 2422,user2422@example.com,Paris,9614.22,"said ""hi"", then left",solo,true
2423,User 2423,user2423@example.com,Lima,9651.23,plain note 2423,solo,false
2424,User 2424,user2424@example.com,Amsterdam,9688.24,plain note 2424,"a,b,c",true
2425,User 2425,user2425@example.com,Bratislava,9725.25,plain note 2425,solo,false
2426,User 2426,user2426@example.com,Zürich,9762.26,plain note 2426,solo,true
2427,User 2427,user2427@example.com,København,9799.27,plain note 2427,"a,b,c",false
2428,User 2428,user2428@example.com,Москва,9836.28,plain note 2428,solo,true
2429,User 2429,user2429@example.com,東京,9873.29,"said ""hi"", then left",solo,false
2430,User 2430,user2430@example.com,Paris,9910.30,plain note 2430,"a,b,c",true
2431,User 2431,user2431@example.com,Lima,9947.31,"line one
line two",solo,false
2432,User 2432,user2432@example.com,Amsterdam,9984.32,plain note 2432,solo,true
2433,User 2433,user2433@example.com,Bratislava,21.33,plain note 2433,"a,b,c",false
2434,User 2434,user2434@example.com,Zürich,58.34,plain note 2434,solo,true
2435,User 2435,user2435@example.com,København,95.35,plain note 2435,solo,false
2436,User 2436,user2436@example.com,Москва,132.36,"said ""hi"", then left","a,b,c",true
2437,User 2437,user2437@example.com,東京,169.37,plain note 2437,solo,false
2438,User 2438,user2438@example.com,Paris,206.38,plain note 2438,solo,true
2439,User 2439,user2439@example.com,Lima,243.39,plain note 2439,"a,b,c",false
2440,User 2440,user2440@example.com,Amsterdam,280.40,plain note 2440,solo,true
2441,User 2441,user2441@example.com,Bratislava,317.41,plain note 2441,solo,false
2442,User 2442,user2442@example.com,Zürich,354.42,"line one
line two","a,b,c",true
2443,User 2443,user2443@example.com,København,391.43,"said ""hi"", then left",solo,false
2444,User 2444,user2444@example.com,Москва,428.44,plain note 2444,solo,true
2445,User 2445,user2445@example.com,東京,465.45,plain note 2445,"a,b,c",false
2446,User 2446,user2446@example.com,Paris,502.46,plain note 2446,solo,true
2447,User 2447,user2447@example.com,Lima,539.47,plain note 2447,solo,false
2448,User 2448,user2448@example.com,Amsterdam,576.48,plain note 2448,"a,b,c",true
2449,User 2449,user2449@example.com,Bratislava,613.49,plain note 2449,solo,false
2450,User 2450,user2450@example.com,Zürich,650.50,"said ""hi"", then left",solo,true
2451,User 2451,user2451@example.com,København,687.51,plain note 2451,"a,b,c",false
2452,User 2452,user2452@example.com,Москва,724.52,plain note 2452,solo,true
2453,User 2453,user2453@example.com,東京,761.53,"line one
line two",solo,false
2454,User 2454,user2454@example.com,Paris,798.54,plain note 2454,"a,b,c",true
2455,User 2455,user2455@example.com,Lima,835.55,plain note 2455,solo,false
2456,User 2456,user2456@example.com,Amsterdam,872.56,plain note 2456,solo,true
2457,User 2457,user2457@example.com,Bratislava,909.57,"said ""hi"", then left","a,b,c",false
2458,User 2458,user2458@example.com,Zürich,946.58,plain note 2458,solo,true
2459,User 2459,user2459@example.com,København,983.59,plain note 2459,solo,false
2460,User 2460,user2460@example.com,Москва,1020.60,plain note 2460,"a,b,c",true
2461,User 2461,user2461@example.com,東京,1057.61,plain note 2461,solo,false
2462,User 2462,user2462@example.com,Paris,1094.62,plain note 2462,solo,true
2463,User 2463,user2463@example.com,Lima,1131.63,plain note 2463,"a,b,c",false
2464,User 2464,user2464@example.com,Amsterdam,1168.64,"said ""hi"", then left",solo,true
2465,User 2465,user2465@example.com,Bratislava,1205.65,plain note 2465,solo,false
2466,User 2466,user2466@example.com,Zürich,1242.66,plain note 2466,"a,b,c",true
2467,User 2467,user2467@example.com,København,1279.67,plain note 2467,solo,false
2468,User 2468,user2468@example.com,Москва,1316.68,plain note 2468,solo,true
2469,User 2469,user2469@example.com,東京,1353.69,plain note 2469,"a,b,c",false
2470,User 2470,user2470@example.com,Paris,1390.70,plain note 2470,solo,true
2471,User 2471,user2471@example.com,Lima,1427.71,"said ""hi"", then left",solo,false
2472,User 2472,user2472@example.com,Amsterdam,1464.72,plain note 2472,"a,b,c",true
2473,User 2473,user2473@example.com,Bratislava,1501.73,plain note 2473,solo,false
2474,User 2474,user2474@example.com,Zürich,1538.74,plain note 2474,solo,true
2475,User 2475,user2475@example.com,København,1575.75,"line one
line two","a,b,c",false
2476,User 2476,user2476@example.com,Москва,1612.76,plain note 2476,solo,true
2477,User 2477,user2477@example.com,東京,1649.77,plain note 2477,solo,false
2478,User 2478,user2478@example.com,Paris,1686.78,"said ""hi"", then left","a,b,c",true
2479,User 2479,user2479@example.com,Lima,1723.79,plain note 2479,solo,false
2480,User 2480,user2480@example.com,Amsterdam,1760.80,plain note 2480,solo,true
2481,User 2481,user2481@example.com,Bratislava,1797.81,plain note 2481,"a,b,c",false
2482,User 2482,user2482@example.com,Zürich,1834.82,plain note 2482,solo,true
2483,User 2483,user2483@example.com,København,1871.83,plain note 2483,solo,false
2484,User 2484,user2484@example.com,Москва,1908.84,plain note 2484,"a,b,c",true
2485,User 2485,user2485@example.com,東京,1945.85,"said ""hi"", then left",solo,false
2486,User 2486,user2486@example.com,Paris,1982.86,"line one
line two",solo,true
2487,User 2487,user2487@example.com,Lima,2019.87,plain note 2487,"a,b,c",false
2488,User 2488,user2488@example.com,Amsterdam,2056.88,plain note 2488,solo,true
2489,User 2489,user2489@example.com,Bratislava,2093.89,plain note 2489,solo,false
2490,User 2490,user2490@example.com,Zürich,2130.90,plain note 2490,"a,b,c",true
2491,User 2491,user2491@example.com,København,2167.91,plain note 2491,solo,false
2492,User 2492,user2492@example.com,Москва,2204.92,"said ""hi"", then left",solo,true
2493,User 2493,user2493@example.com,東京,2241.93,plain note 2493,"a,b,c",false
2494,User 2494,user2494@example.com,Paris,2278.94,plain note 2494,solo,true
2495,User 2495,user2495@example.com,Lima,2315.95,plain note 2495,solo,false
2496,User 2496,user2496@example.com,Amsterdam,2352.96,plain note 2496,"a,b,c",true
2497,User 2497,user2497@example.com,Bratislava,2389.97,"line one
line two",solo,false
2498,User 2498,user2498@example.com,Zürich,2426.98,plain note 2498,solo,true
2499,User 2499,user2499@example.com,København,2463.99,"said ""hi"", then left","a,b,c",false
2500,User 2500,user2500@example.com,Москва,2500.0,plain note 2500,solo,true
2501,User 2501,user2501@example.com,東京,2537.1,plain note 2501,solo,false
2502,User 2502,user2502@example.com,Paris,2574.2,plain note 2502,"a,b,c",true
2503,User 2503,user2503@example.com,Lima,2611.3,plain note 2503,solo,false
2504,User 2504,user2504@example.com,Amsterdam,2648.4,plain note 2504,solo,true
2505,User 2505,user2505@example.com,Bratislava,2685.5,plain note 2505,"a,b,c",false
2506,User 2506,user2506@example.com,Zürich,2722.6,"said ""hi"", then left",solo,true
2507,User 2507,user2507@example.com,København,2759.7,plain note 2507,solo,false
2508,User 2508,user2508@example.com,Москва,2796.8,"line one
line two","a,b,c",true
2509,User 2509,user2509@example.com,東京,2833.9,plain note 2509,solo,false
2510,User 2510,user2510@example.com,Paris,2870.10,plain note 2510,solo,true
2511,User 2511,user2511@example.com,Lima,2907.11,plain note 2511,"a,b,c",false
2512,User 2512,user2512@example.com,Amsterdam,2944.12,plain note 2512,solo,true
2513,User 2513,user2513@example.com,Bratislava,2981.13,"said ""hi"", then left",solo,false
2514,User 2514,user2514@example.com,Zürich,3018.14,plain note 2514,"a,b,c",true
2515,User 2515,user2515@example.com,København,3055.15,plain note 2515,solo,false
2516,User 2516,user2516@example.com,Москва,3092.16,plain note 2516,solo,true
2517,User 2517,user2517@example.com,東京,3129.17,plain note 2517,"a,b,c",false
2518,User 2518,user2518@example.com,Paris,3166.18,plain note 2518,solo,true
2519,User 2519,user2519@example.com,Lima,3203.19,"line one
line two",solo,false
2520,User 2520,user2520@example.com,Amsterdam,3240.20,"said ""hi"", then left","a,b,c",true
2521,User 2521,user2521@example.com,Bratislava,3277.21,plain note 2521,solo,false
2522,User 2522,user2522@example.com,Zürich,3314.22,plain note 2522,solo,true
2523,User 2523,user2523@example.com,København,3351.23,plain note 2523,"a,b,c",false
2524,User 2524,user2524@example.com,Москва,3388.24,plain note 2524,solo,true
2525,User 2525,user2525@example.com,東京,3425.25,plain note 2525,solo,false
2526,User 2526,user2526@example.com,Paris,3462.26,plain note 2526,"a,b,c",true
2527,User 2527,user2527@example.com,Lima,3499.27,"said ""hi"", then left",solo,false
2528,User 2528,user2528@example.com,Amsterdam,3536.28,plain note 2528,solo,true
2529,User 2529,user2529@example.com,Bratislava,3573.29,plain note 2529,"a,b,c",false
2530,User 2530,user2530@example.com,Zürich,3610.30,"line one
line two",solo,true
2531,User 2531,user2531@example.com,København,3647.31,plain note 2531,solo,false
2532,User 2532,user2532@example.com,Москва,3684.32,plain note 2532,"a,b,c",true
2533,User 2533,user2533@example.com,東京,3721.33,plain note 2533,solo,false
2534,User 2534,user2534@example.com,Paris,3758.34,"said ""hi"", then left",solo,true
2535,User 2535,user2535@example.com,Lima,3795.35,plain note 2535,"a,b,c",false
2536,User 2536,user2536@example.com,Amsterdam,3832.36,plain note 2536,solo,true
2537,User 2537,user2537@example.com,Bratislava,3869.37,plain note 2537,solo,false
2538,User 2538,user2538@example.com,Zürich,3906.38,plain note 2538,"a,b,c",true
2539,User 2539,user2539@example.com,København,3943.39,plain note 2539,solo,false
2540,User 2540,user2540@example.com,Москва,3980.40,plain note 2540,solo,true
2541,User 2541,user2541@example.com,東京,4017.41,"said ""hi"", then left","a,b,c",false
2542,User 2542,user2542@example.com,Paris,4054.42,plain note 2542,solo,true
2543,User 2543,user2543@example.com,Lima,4091.43,plain note 2543,solo,false
2544,User 2544,user2544@example.com,Amsterdam,4128.44,plain note 2544,"a,b,c",true
2545,User 2545,user2545@example.com,Bratislava,4165.45,plain note 2545,solo,false
2546,User 2546,user2546@example.com,Zürich,4202.46,plain note 2546,solo,true
2547,User 2547,user2547@example.com,København,4239.47,plain note 2547,"a,b,c",false
2548,User 2548,user2548@example.com,Москва,4276.48,"said ""hi"", then left",solo,true
2549,User 2549,user2549@example.com,東京,4313.49,plain note 2549,solo,false
2550,User 2550,user2550@example.com,Paris,4350.50,plain note 2550,"a,b,c",true
2551,User 2551,user2551@example.com,Lima,4387.51,plain note 2551,solo,false
2552,User 2552,user2552@example.com,Amsterdam,4424.52,"line one
line two",solo,true
2553,User 2553,user2553@example.com,Bratislava,4461.53,plain note 2553,"a,b,c",false
2554,User 2554,user2554@example.com,Zürich,4498.54,plain note 2554,solo,true
2555,User 2555,user2555@example.com,København,4535.55,"said ""hi"", then left",solo,false
2556,User 2556,user2556@example.com,Москва,4572.56,plain note 2556,"a,b,c",true
2557,User 2557,user2557@example.com,東京,4609.57,plain note 2557,solo,false
2558,User 2558,user2558@example.com,Paris,4646.58,plain note 2558,solo,true
2559,User 2559,user2559@example.com,Lima,4683.59,plain note 2559,"a,b,c",false
2560,User 2560,user2560@example.com,Amsterdam,4720.60,plain note 2560,solo,true
2561,User 2561,user2561@example.com,Bratislava,4757.61,plain note 2561,solo,false
2562,User 2562,user2562@example.com,Zürich,4794.62,"said ""hi"", then left","a,b,c",true
2563,User 2563,user2563@example.com,København,4831.63,"line one
line two",solo,false
2564,User 2564,user2564@example.com,Москва,4868.64,plain note 2564,solo,true
2565,User 2565,user2565@example.com,東京,4905.65,plain note 2565,"a,b,c",false
2566,User 2566,user2566@example.com,Paris,4942.66,plain note 2566,solo,true
2567,User 2567,user2567@example.com,Lima,4979.67,plain note 2567,solo,false
2568,User 2568,user2568@example.com,Amsterdam,5016.68,plain note 2568,"a,b,c",true
2569,User 2569,user2569@example.com,Bratislava,5053.69,"said ""hi"", then left",solo,false
2570,User 2570,user2570@example.com,Zürich,5090.70,plain note 2570,solo,true
2571,User 2571,user2571@example.com,København,5127.71,plain note 2571,"a,b,c",false
2572,User 2572,user2572@example.com,Москва,5164.72,plain note 2572,solo,true
2573,User 2573,user2573@example.com,東京,5201.73,plain note 2573,solo,false
2574,User 2574,user2574@example.com,Paris,5238.74,"line one
line two","a,b,c",true
2575,User 2575,user2575@example.com,Lima,5275.75,plain note 2575,solo,false
2576,User 2576,user2576@example.com,Amsterdam,5312.76,"said ""hi"", then left",solo,true
2577,User 2577,user2577@example.com,Bratislava,5349.77,plain note 2577,"a,b,c",false
2578,User 2578,user2578@example.com,Zürich,5386.78,plain note 2578,solo,true
2579,User 2579,user2579@example.com,København,5423.79,plain note 2579,solo,false
2580,User 2580,user2580@example.com,Москва,5460.80,plain note 2580,"a,b,c",true
2581,User 2581,user2581@example.com,東京,5497.81,plain note 2581,solo,false
2582,User 2582,user2582@example.com,Paris,5534.82,plain note 2582,solo,true
2583,User 2583,user2583@example.com,Lima,5571.83,"said ""hi"", then left","a,b,c",false
2584,User 2584,user2584@example.com,Amsterdam,5608.84,plain note 2584,solo,true
2585,User 2585,user2585@example.com,Bratislava,5645.85,"line one
line two",solo,false
2586,User 2586,user2586@example.com,Zürich,5682.86,plain note 2586,"a,b,c",true
2587,User 2587,user2587@example.com,København,5719.87,plain note 2587,solo,false
2588,User 2588,user2588@example.com,Москва,5756.88,plain note 2588,solo,true
2589,User 2589,user2589@example.com,東京,5793.89,plain note 2589,"a,b,c",false
2590,User 2590,user2590@example.com,Paris,5830.90,"said ""hi"", then left",solo,true
2591,User 2591,user2591@example.com,Lima,5867.91,plain note 2591,solo,false
2592,User 2592,user2592@example.com,Amsterdam,5904.92,plain note 2592,"a,b,c",true
2593,User 2593,user2593@example.com,Bratislava,5941.93,plain note 2593,solo,false
2594,User 2594,user2594@example.com,Zürich,5978.94,plain note 2594,solo,true
2595,User 2595,user2595@example.com,København,6015.95,plain note 2595,"a,b,c",false
2596,User 2596,user2596@example.com,Москва,6052.96,"line one
line two",solo,true
2597,User 2597,user2597@example.com,東京,6089.97,"said ""hi"", then left",solo,false
2598,User 2598,user2598@example.com,Paris,6126.98,plain note 2598,"a,b,c",true
2599,User 2599,user2599@example.com,Lima,6163.99,plain note 2599,solo,false
2600,User 2600,user2600@example.com,Amsterdam,6200.0,plain note 2600,solo,true
2601,User 2601,user2601@example.com,Bratislava,6237.1,plain note 2601,"a,b,c",false
2602,User 2602,user2602@example.com,Zürich,6274.2,plain note 2602,solo,true
2603,User 2603,user2603@example.com,København,6311.3,plain note 2603,solo,false
2604,User 2604,user2604@example.com,Москва,6348.4,"said ""hi"", then left","a,b,c",true
2605,User 2605,user2605@example.com,東京,6385.5,plain note 2605,solo,false
2606,User 2606,user2606@example.com,Paris,6422.6,plain note 2606,solo,true
2607,User 2607,user2607@example.com,Lima,6459.7,"line one
line two","a,b,c",false
2608,User 2608,user2608@example.com,Amsterdam,6496.8,plain note 2608,solo,true
2609,User 2609,user2609@example.com,Bratislava,6533.9,plain note 2609,solo,false
2610,User 2610,user2610@example.com,Zürich,6570.10,plain note 2610,"a,b,c",true
2611,User 2611,user2611@example.com,København,6607.11,"said ""hi"", then left",solo,false
2612,User 2612,user2612@example.com,Москва,6644.12,plain note 2612,solo,true
2613,User 2613,user2613@example.com,東京,6681.13,plain note 2613,"a,b,c",false
2614,User 2614,user2614@example.com,Paris,6718.14,plain note 2614,solo,true
2615,User 2615,user2615@example.com,Lima,6755.15,plain note 2615,solo,false
2616,User 2616,user2616@example.com,Amsterdam,6792.16,plain note 2616,"a,b,c",true
2617,User 2617,user2617@example.com,Bratislava,6829.17,plain note 2617,solo,false
2618,User 2618,user2618@example.com,Zürich,6866.18,"said ""hi"", then left",solo,true
2619,User 2619,user2619@example.com,København,6903.19,plain note 2619,"a,b,c",false
2620,User 2620,user2620@example.com,Москва,6940.20,plain note 2620,solo,true
2621,User 2621,user2621@example.com,東京,6977.21,plain note 2621,solo,false
2622,User 2622,user2622@example.com,Paris,7014.22,plain note 2622,"a,b,c",true
2623,User 2623,user2623@example.com,Lima,7051.23,plain note 2623,solo,false
2624,User 2624,user2624@example.com,Amsterdam,7088.24,plain note 2624,solo,true
2625,User 2625,user2625@example.com,Bratislava,7125.25,"said ""hi"", then left","a,b,c",false
2626,User 2626,user2626@example.com,Zürich,7162.26,plain note 2626,solo,true
2627,User 2627,user2627@example.com,København,7199.27,plain note 2627,solo,false
2628,User 2628,user2628@example.com,Москва,7236.28,plain note 2628,"a,b,c",true
2629,User 2629,user2629@example.com,東京,7273.29,"line one
line two",solo,false
2630,User 2630,user2630@example.com,Paris,7310.30,plain note 2630,solo,true
2631,User 2631,user2631@example.com,Lima,7347.31,plain note 2631,"a,b,c",false
2632,User 2632,user2632@example.com,Amsterdam,7384.32,"said ""hi"", then left",solo,true
2633,User 2633,user2633@example.com,Bratislava,7421.33,plain note 2633,solo,false
2634,User 2634,user2634@example.com,Zürich,7458.34,plain note 2634,"a,b,c",true
2635,User 2635,user2635@example.com,København,7495.35,plain note 2635,solo,false
2636,User 2636,user2636@example.com,Москва,7532.36,plain note 2636,solo,true
2637,User 2637,user2637@example.com,東京,7569.37,plain note 2637,"a,b,c",false
2638,User 2638,user2638@example.com,Paris,7606.38,plain note 2638,solo,true
2639,User 2639,user2639@example.com,Lima,7643.39,"said ""hi"", then left",solo,false
2640,User 2640,user2640@example.com,Amsterdam,7680.40,"line one
line two","a,b,c",true
2641,User 2641,user2641@example.com,Bratislava,7717.41,plain note 2641,solo,false
2642,User 2642,user2642@example.com,Zürich,7754.42,plain note 2642,solo,true
2643,User 2643,user2643@example.com,København,7791.43,plain note 2643,"a,b,c",false
2644,User 2644,user2644@example.com,Москва,7828.44,plain note 2644,solo,true
2645,User 2645,user2645@example.com,東京,7865.45,plain note 2645,solo,false
2646,User 2646,user2646@example.com,Paris,7902.46,"said ""hi"", then left","a,b,c",true
2647,User 2647,user2647@example.com,Lima,7939.47,plain note 2647,solo,false
2648,User 2648,user2648@example.com,Amsterdam,7976.48,plain note 2648,solo,true
2649,User 2649,user2649@example.com,Bratislava,8013.49,plain note 2649,"a,b,c",false
2650,User 2650,user2650@example.com,Zürich,8050.50,plain note 2650,solo,true
2651,User 2651,user2651@example.com,København,8087.51,"line one
line two",solo,false
2652,User 2652,user2652@example.com,Москва,8124.52,plain note 2652,"a,b,c",true
2653,User 2653,user2653@example.com,東京,8161.53,"said ""hi"", then left",solo,false
2654,User 2654,user2654@example.com,Paris,8198.54,plain note 2654,solo,true
2655,User 2655,user2655@example.com,Lima,8235.55,plain note 2655,"a,b,c",false
2656,User 2656,user2656@example.com,Amsterdam,8272.56,plain note 2656,solo,true
2657,User 2657,user2657@example.com,Bratislava,8309.57,plain note 2657,solo,false
2658,User 2658,user2658@example.com,Zürich,8346.58,plain note 2658,"a,b,c",true
2659,User 2659,user2659@example.com,København,8383.59,plain note 2659,solo,false
2660,User 2660,user2660@example.com,Москва,8420.60,"said ""hi"", then left",solo,true
2661,User 2661,user2661@example.com,東京,8457.61,plain note 2661,"a,b,c",false
2662,User 2662,user2662@example.com,Paris,8494.62,"line one
line two",solo,true
2663,User 2663,user2663@example.com,Lima,8531.63,plain note 2663,solo,false
2664,User 2664,user2664@example.com,Amsterdam,8568.64,plain note 2664,"a,b,c",true
2665,User 2665,user2665@example.com,Bratislava,8605.65,plain note 2665,solo,false
2666,User 2666,user2666@example.com,Zürich,8642.66,plain note 2666,solo,true
2667,User 2667,user2667@example.com,København,8679.67,"said ""hi"", then left","a,b,c",false
2668,User 2668,user2668@example.com,Москва,8716.68,plain note 2668,solo,true
2669,User 2669,user2669@example.com,東京,8753.69,plain note 2669,solo,false
2670,User 2670,user2670@example.com,Paris,8790.70,plain note 2670,"a,b,c",true
2671,User 2671,user2671@example.com,Lima,8827.71,plain note 2671,solo,false
2672,User 2672,user2672@example.com,Amsterdam,8864.72,plain note 2672,solo,true
2673,User 2673,user2673@example.com,Bratislava,8901.73,"line one
line two","a,b,c",false
2674,User 2674,user2674@example.com,Zürich,8938.74,"said ""hi"", then left",solo,true
2675,User 2675,user2675@example.com,København,8975.75,plain note 2675,solo,false
2676,User 2676,user2676@example.com,Москва,9012.76,plain note 2676,"a,b,c",true
2677,User 2677,user2677@example.com,東京,9049.77,plain note 2677,solo,false
2678,User 2678,user2678@example.com,Paris,9086.78,plain note 2678,solo,true
2679,User 2679,user2679@example.com,Lima,9123.79,plain note 2679,"a,b,c",false
2680,User 2680,user2680@example.com,Amsterdam,9160.80,plain note 2680,solo,true
2681,User 2681,user2681@example.com,Bratislava,9197.81,"said ""hi"", then left",solo,false
2682,User 2682,user2682@example.com,Zürich,9234.82,plain note 2682,"a,b,c",true
2683,User 2683,user2683@example.com,København,9271.83,plain note 2683,solo,false
2684,User 2684,user2684@example.com,Москва,9308.84,"line one
line two",solo,true
2685,User 2685,user2685@example.com,東京,9345.85,plain note 2685,"a,b,c",false
2686,User 2686,user2686@example.com,Paris,9382.86,plain note 2686,solo,true
2687,User 2687,user2687@example.com,Lima,9419.87,plain note 2687,solo,false
2688,User 2688,user2688@example.com,Amsterdam,9456.88,"said ""hi"", then left","a,b,c",true
2689,User 2689,user2689@example.com,Bratislava,9493.89,plain note 2689,solo,false
2690,User 2690,user2690@example.com,Zürich,9530.90,plain note 2690,solo,true
2691,User 2691,user2691@example.com,København,9567.91,plain note 2691,"a,b,c",false
2692,User 2692,user2692@example.com,Москва,9604.92,plain note 2692,solo,true
2693,User 2693,user2693@example.com,東京,9641.93,plain note 2693,solo,false
2694,User 2694,user2694@example.com,Paris,9678.94,plain note 2694,"a,b,c",true
2695,User 2695,user2695@example.com,Lima,9715.95,"said ""hi"", then left",solo,false
2696,User 2696,user2696@example.com,Amsterdam,9752.96,plain note 2696,solo,true
2697,User 2697,user2697@example.com,Bratislava,9789.97,plain note 2697,"a,b,c",false
2698,User 2698,user2698@example.com,Zürich,9826.98,plain note 2698,solo,true
2699,User 2699,user2699@example.com,København,9863.99,plain note 2699,solo,false
2700,User 2700,user2700@example.com,Москва,9900.0,plain note 2700,"a,b,c",true
2701,User 2701,user2701@example.com,東京,9937.1,plain note 2701,solo,false
2702,User 2702,user2702@example.com,Paris,9974.2,"said ""hi"", then left",solo,true
2703,User 2703,user2703@example.com,Lima,11.3,plain note 2703,"a,b,c",false
2704,User 2704,user2704@example.com,Amsterdam,48.4,plain note 2704,solo,true
2705,User 2705,user2705@example.com,Bratislava,85.5,plain note 2705,solo,false
2706,User 2706,user2706@example.com,Zürich,122.6,"line one
line two","a,b,c",true
2707,User 2707,user2707@example.com,København,159.7,plain note 2707,solo,false
2708,User 2708,user2708@example.com,Москва,196.8,plain note 2708,solo,true
2709,User 2709,user2709@example.com,東京,233.9,"said ""hi"", then left","a,b,c",false
2710,User 2710,user2710@example.com,Paris,270.10,plain note 2710,solo,true
2711,User 2711,user2711@example.com,Lima,307.11,plain note 2711,solo,false
2712,User 2712,user2712@example.com,Amsterdam,344.12,plain note 2712,"a,b,c",true
2713,User 2713,user2713@example.com,Bratislava,381.13,plain note 2713,solo,false
2714,User 2714,user2714@example.com,Zürich,418.14,plain note 2714,solo,true
2715,User 2715,user2715@example.com,København,455.15,plain note 2715,"a,b,c",false
2716,User 2716,user2716@example.com,Москва,492.16,"said ""hi"", then left",solo,true
2717,User 2717,user2717@example.com,東京,529.17,"line one
line two",solo,false
2718,User 2718,user2718@example.com,Paris,566.18,plain note 2718,"a,b,c",true
2719,User 2719,user2719@example.com,Lima,603.19,plain note 2719,solo,false
2720,User 2720,user2720@example.com,Amsterdam,640.20,plain note 2720,solo,true
2721,User 2721,user2721@example.com,Bratislava,677.21,plain note 2721,"a,b,c",false
2722,User 2722,user2722@example.com,Zürich,714.22,plain note 2722,solo,true
2723,User 2723,user2723@example.com,København,751.23,"said ""hi"", then left",solo,false
2724,User 2724,user2724@example.com,Москва,788.24,plain note 2724,"a,b,c",true
2725,User 2725,user2725@example.com,東京,825.25,plain note 2725,solo,false
2726,User 2726,user2726@example.com,Paris,862.26,plain note 2726,solo,true
2727,User 2727,user2727@example.com,Lima,899.27,plain note 2727,"a,b,c",false
2728,User 2728,user2728@example.com,Amsterdam,936.28,"line one
line two",solo,true
2729,User 2729,user2729@example.com,Bratislava,973.29,plain note 2729,solo,false
2730,User 2730,user2730@example.com,Zürich,1010.30,"said ""hi"", then left","a,b,c",true
2731,User 2731,user2731@example.com,København,1047.31,plain note 2731,solo,false
2732,User 2732,user2732@example.com,Москва,1084.32,plain note 2732,solo,true
2733,User 2733,user2733@example.com,東京,1121.33,plain note 2733,"a,b,c",false
2734,User 2734,user2734@example.com,Paris,1158.34,plain note 2734,solo,true
2735,User 2735,user2735@example.com,Lima,1195.35,plain note 2735,solo,false
2736,User 2736,user2736@example.com,Amsterdam,1232.36,plain note 2736,"a,b,c",true
2737,User 2737,user2737@example.com,Bratislava,1269.37,"said ""hi"", then left",solo,false
2738,User 2738,user2738@example.com,Zürich,1306.38,plain note 2738,solo,true
2739,User 2739,user2739@example.com,København,1343.39,"line one
line two","a,b,c",false
2740,User 2740,user2740@example.com,Москва,1380.40,plain note 2740,solo,true
2741,User 2741,user2741@example.com,東京,1417.41,plain note 2741,solo,false
2742,User 2742,user2742@example.com,Paris,1454.42,plain note 2742,"a,b,c",true
2743,User 2743,user2743@example.com,Lima,1491.43,plain note 2743,solo,false
2744,User 2744,user2744@example.com,Amsterdam,1528.44,"said ""hi"", then left",solo,true
2745,User 2745,user2745@example.com,Bratislava,1565.45,plain note 2745,"a,b,c",false
2746,User 2746,user2746@example.com,Zürich,1602.46,plain note 2746,solo,true
2747,User 2747,user2747@example.com,København,1639.47,plain note 2747,solo,false
2748,User 2748,user2748@example.com,Москва,1676.48,plain note 2748,"a,b,c",true
2749,User 2749,user2749@example.com,東京,1713.49,plain note 2749,solo,false
2750,User 2750,user2750@example.com,Paris,1750.50,"line one
line two",solo,true
2751,User 2751,user2751@example.com,Lima,1787.51,"said ""hi"", then left","a,b,c",false
2752,User 2752,user2752@example.com,Amsterdam,1824.52,plain note 2752,solo,true
2753,User 2753,user2753@example.com,Bratislava,1861.53,plain note 2753,solo,false
2754,User 2754,user2754@example.com,Zürich,1898.54,plain note 2754,"a,b,c",true
2755,User 2755,user2755@example.com,København,1935.55,plain note 2755,solo,false
2756,User 2756,user2756@example.com,Москва,1972.56,plain note 2756,solo,true
2757,User 2757,user2757@example.com,東京,2009.57,plain note 2757,"a,b,c",false
2758,User 2758,user2758@example.com,Paris,2046.58,"said ""hi"", then left",solo,true
2759,User 2759,user2759@example.com,Lima,2083.59,plain note 2759,solo,false
2760,User 2760,user2760@example.com,Amsterdam,2120.60,plain note 2760,"a,b,c",true
2761,User 2761,user2761@example.com,Bratislava,2157.61,"line one
line two",solo,false
2762,User 2762,user2762@example.com,Zürich,2194.62,plain note 2762,solo,true
2763,User 2763,user2763@example.com,København,2231.63,plain note 2763,"a,b,c",false
2764,User 2764,user2764@example.com,Москва,2268.64,plain note 2764,solo,true
2765,User 2765,user2765@example.com,東京,2305.65,"said ""hi"", then left",solo,false
2766,User 2766,user2766@example.com,Paris,2342.66,plain note 2766,"a,b,c",true
2767,User 2767,user2767@example.com,Lima,2379.67,plain note 2767,solo,false
2768,User 2768,user2768@example.com,Amsterdam,2416.68,plain note 2768,solo,true
2769,User 2769,user2769@example.com,Bratislava,2453.69,plain note 2769,"a,b,c",false
2770,User 2770,user2770@example.com,Zürich,2490.70,plain note 2770,solo,true
2771,User 2771,user2771@example.com,København,2527.71,plain note 2771,solo,false
2772,User 2772,user2772@example.com,Москва,2564.72,"said ""hi"", then left","a,b,c",true
2773,User 2773,user2773@example.com,東京,2601.73,plain note 2773,solo,false
2774,User 2774,user2774@example.com,Paris,2638.74,plain note 2774,solo,true
2775,User 2775,user2775@example.com,Lima,2675.75,plain note 2775,"a,b,c",false
2776,User 2776,user2776@example.com,Amsterdam,2712.76,plain note 2776,solo,true
2777,User 2777,user2777@example.com,Bratislava,2749.77,plain note 2777,solo,false
2778,User 2778,user2778@example.com,Zürich,2786.78,plain note 2778,"a,b,c",true
2779,User 2779,user2779@example.com,København,2823.79,"said ""hi"", then left",solo,false
2780,User 2780,user2780@example.com,Москва,2860.80,plain note 2780,solo,true
2781,User 2781,user2781@example.com,東京,2897.81,plain note 2781,"a,b,c",false
2782,User 2782,user2782@example.com,Paris,2934.82,plain note 2782,solo,true
2783,User 2783,user2783@example.com,Lima,2971.83,"line one
line two",solo,false
2784,User 2784,user2784@example.com,Amsterdam,3008.84,plain note 2784,"a,b,c",true
2785,User 2785,user2785@example.com,Bratislava,3045.85,plain note 2785,solo,false
2786,User 2786,user2786@example.com,Zürich,3082.86,"said ""hi"", then left",solo,true
2787,User 2787,user2787@example.com,København,3119.87,plain note 2787,"a,b,c",false
2788,User 2788,user2788@example.com,Москва,3156.88,plain note 2788,solo,true
2789,User 2789,user2789@example.com,東京,3193.89,plain note 2789,solo,false
2790,User 2790,user2790@example.com,Paris,3230.90,plain note 2790,"a,b,c",true
2791,User 2791,user2791@example.com,Lima,3267.91,plain note 2791,solo,false
2792,User 2792,user2792@example.com,Amsterdam,3304.92,plain note 2792,solo,true
2793,User 2793,user2793@example.com,Bratislava,3341.93,"said ""hi"", then left","a,b,c",false
2794,User 2794,user2794@example.com,Zürich,3378.94,"line one
line two",solo,true
2795,User 2795,user2795@example.com,København,3415.95,plain note 2795,solo,false
2796,User 2796,user2796@example.com,Москва,3452.96,plain note 2796,"a,b,c",true
2797,User 2797,user2797@example.com,東京,3489.97,plain note 2797,solo,false
2798,User 2798,user2798@example.com,Paris,3526.98,plain note 2798,solo,true
2799,User 2799,user2799@example.com,Lima,3563.99,plain note 2799,"a,b,c",false
2800,User 2800,user2800@example.com,Amsterdam,3600.0,"said ""hi"", then left",solo,true
2801,User 2801,user2801@example.com,Bratislava,3637.1,plain note 2801,solo,false
2802,User 2802,user2802@example.com,Zürich,3674.2,plain note 2802,"a,b,c",true
2803,User 2803,user2803@example.com,København,3711.3,plain note 2803,solo,false
2804,User 2804,user2804@example.com,Москва,3748.4,plain note 2804,solo,true
2805,User 2805,user2805@example.com,東京,3785.5,"line one
line two","a,b,c",false
2806,User 2806,user2806@example.com,Paris,3822.6,plain note 2806,solo,true
2807,User 2807,user2807@example.com,Lima,3859.7,"said ""hi"", then left",solo,false
2808,User 2808,user2808@example.com,Amsterdam,3896.8,plain note 2808,"a,b,c",true
2809,User 2809,user2809@example.com,Bratislava,3933.9,plain note 2809,solo,false
2810,User 2810,user2810@example.com,Zürich,3970.10,plain note 2810,solo,true
2811,User 2811,user2811@example.com,København,4007.11,plain note 2811,"a,b,c",false
2812,User 2812,user2812@example.com,Москва,4044.12,plain note 2812,solo,true
2813,User 2813,user2813@example.com,東京,4081.13,plain note 2813,solo,false
2814,User 2814,user2814@example.com,Paris,4118.14,"said ""hi"", then left","a,b,c",true
2815,User 2815,user2815@example.com,Lima,4155.15,plain note 2815,solo,false
2816,User 2816,user2816@example.com,Amsterdam,4192.16,"line one
line two",solo,true
2817,User 2817,user2817@example.com,Bratislava,4229.17,plain note 2817,"a,b,c",false
2818,User 2818,user2818@example.com,Zürich,4266.18,plain note 2818,solo,true
2819,User 2819,user2819@example.com,København,4303.19,plain note 2819,solo,false
2820,User 2820,user2820@example.com,Москва,4340.20,plain note 2820,"a,b,c",true
2821,User 2821,user2821@example.com,東京,4377.21,"said ""hi"", then left",solo,false
2822,User 2822,user2822@example.com,Paris,4414.22,plain note 2822,solo,true
2823,User 2823,user2823@example.com,Lima,4451.23,plain note 2823,"a,b,c",false
2824,User 2824,user2824@example.com,Amsterdam,4488.24,plain note 2824,solo,true
2825,User 2825,user2825@example.com,Bratislava,4525.25,plain note 2825,solo,false
2826,User 2826,user2826@example.com,Zürich,4562.26,plain note 2826,"a,b,c",true
2827,User 2827,user2827@example.com,København,4599.27,"line one
line two",solo,false
2828,User 2828,user2828@example.com,Москва,4636.28,"said ""hi"", then left",solo,true
2829,User 2829,user2829@example.com,東京,4673.29,plain note 2829,"a,b,c",false
2830,User 2830,user2830@example.com,Paris,4710.30,plain note 2830,solo,true
2831,User 2831,user2831@example.com,Lima,4747.31,plain note 2831,solo,false
2832,User 2832,user2832@example.com,Amsterdam,4784.32,plain note 2832,"a,b,c",true
2833,User 2833,user2833@example.com,Bratislava,4821.33,plain note 2833,solo,false
2834,User 2834,user2834@example.com,Zürich,4858.34,plain note 2834,solo,true
2835,User 2835,user2835@example.com,København,4895.35,"said ""hi"", then left","a,b,c",false
2836,User 2836,user2836@example.com,Москва,4932.36,plain note 2836,solo,true
2837,User 2837,user2837@example.com,東京,4969.37,plain note 2837,solo,false
2838,User 2838,user2838@example.com,Paris,5006.38,"line one
line two","a,b,c",true
2839,User 2839,user2839@example.com,Lima,5043.39,plain note 2839,solo,false
2840,User 2840,user2840@example.com,Amsterdam,5080.40,plain note 2840,solo,true
2841,User 2841,user2841@example.com,Bratislava,5117.41,plain note 2841,"a,b,c",false
2842,User 2842,user2842@example.com,Zürich,5154.42,"said ""hi"", then left",solo,true
2843,User 2843,user2843@example.com,København,5191.43,plain note 2843,solo,false
2844,User 2844,user2844@example.com,Москва,5228.44,plain note 2844,"a,b,c",true
2845,User 2845,user2845@example.com,東京,5265.45,plain note 2845,solo,false
2846,User 2846,user2846@example.com,Paris,5302.46,plain note 2846,solo,true
2847,User 2847,user2847@example.com,Lima,5339.47,plain note 2847,"a,b,c",false
2848,User 2848,user2848@example.com,Amsterdam,5376.48,plain note 2848,solo,true
2849,User 2849,user2849@example.com,Bratislava,5413.49,"said ""hi"", then left",solo,false
2850,User 2850,user2850@example.com,Zürich,5450.50,plain note 2850,"a,b,c",true
2851,User 2851,user2851@example.com,København,5487.51,plain note 2851,solo,false
2852,User 2852,user2852@example.com,Москва,5524.52,plain note 2852,solo,true
2853,User 2853,user2853@example.com,東京,5561.53,plain note 2853,"a,b,c",false
2854,User 2854,user2854@example.com,Paris,5598.54,plain note 2854,solo,true
2855,User 2855,user2855@example.com,Lima,5635.55,plain note 2855,solo,false
2856,User 2856,user2856@example.com,Amsterdam,5672.56,"said ""hi"", then left","a,b,c",true
2857,User 2857,user2857@example.com,Bratislava,5709.57,plain note 2857,solo,false
2858,User 2858,user2858@example.com,Zürich,5746.58,plain note 2858,solo,true
2859,User 2859,user2859@example.com,København,5783.59,plain note 2859,"a,b,c",false
2860,User 2860,user2860@example.com,Москва,5820.60,"line one
line two",solo,true
2861,User 2861,user2861@example.com,東京,5857.61,plain note 2861,solo,false
2862,User 2862,user2862@example.com,Paris,5894.62,plain note 2862,"a,b,c",true
2863,User 2863,user2863@example.com,Lima,5931.63,"said ""hi"", then left",solo,false
2864,User 2864,user2864@example.com,Amsterdam,5968.64,plain note 2864,solo,true
2865,User 2865,user2865@example.com,Bratislava,6005.65,plain note 2865,"a,b,c",false
2866,User 2866,user2866@example.com,Zürich,6042.66,plain note 2866,solo,true
2867,User 2867,user2867@example.com,København,6079.67,plain note 2867,solo,false
2868,User 2868,user2868@example.com,Москва,6116.68,plain note 2868,"a,b,c",true
2869,User 2869,user2869@example.com,東京,6153.69,plain note 2869,solo,false
2870,User 2870,user2870@example.com,Paris,6190.70,"said ""hi"", then left",solo,true
2871,User 2871,user2871@example.com,Lima,6227.71,"line one
line two","a,b,c",false
2872,User 2872,user2872@example.com,Amsterdam,6264.72,plain note 2872,solo,true
2873,User 2873,user2873@example.com,Bratislava,6301.73,plain note 2873,solo,false
2874,User 2874,user2874@example.com,Zürich,6338.74,plain note 2874,"a,b,c",true
2875,User 2875,user2875@example.com,København,6375.75,plain note 2875,solo,false
2876,User 2876,user2876@example.com,Москва,6412.76,plain note 2876,solo,true
2877,User 2877,user2877@example.com,東京,6449.77,"said ""hi"", then left","a,b,c",false
2878,User 2878,user2878@example.com,Paris,6486.78,plain note 2878,solo,true
2879,User 2879,user2879@example.com,Lima,6523.79,plain note 2879,solo,false
2880,User 2880,user2880@example.com,Amsterdam,6560.80,plain note 2880,"a,b,c",true
2881,User 2881,user2881@example.com,Bratislava,6597.81,plain note 2881,solo,false
2882,User 2882,user2882@example.com,Zürich,6634.82,"line one
line two",solo,true
2883,User 2883,user2883@example.com,København,6671.83,plain note 2883,"a,b,c",false
2884,User 2884,user2884@example.com,Москва,6708.84,"said ""hi"", then left",solo,true
2885,User 2885,user2885@example.com,東京,6745.85,plain note 2885,solo,false
2886,User 2886,user2886@example.com,Paris,6782.86,plain note 2886,"a,b,c",true
2887,User 2887,user2887@example.com,Lima,6819.87,plain note 2887,solo,false
2888,User 2888,user2888@example.com,Amsterdam,6856.88,plain note 2888,solo,true
2889,User 2889,user2889@example.com,Bratislava,6893.89,plain note 2889,"a,b,c",false
2890,User 2890,user2890@example.com,Zürich,6930.90,plain note 2890,solo,true
2891,User 2891,user2891@example.com,København,6967.91,"said ""hi"", then left",solo,false
2892,User 2892,user2892@example.com,Москва,7004.92,plain note 2892,"a,b,c",true
2893,User 2893,user2893@example.com,東京,7041.93,"line one
line two",solo,false
2894,User 2894,user2894@example.com,Paris,7078.94,plain note 2894,solo,true
2895,User 2895,user2895@example.com,Lima,7115.95,plain note 2895,"a,b,c",false
2896,User 2896,user2896@example.com,Amsterdam,7152.96,plain note 2896,solo,true
2897,User 2897,user2897@example.com,Bratislava,7189.97,plain note 2897,solo,false
2898,User 2898,user2898@example.com,Zürich,7226.98,"said ""hi"", then left","a,b,c",true
2899,User 2899,user2899@example.com,København,7263.99,plain note 2899,solo,false
2900,User 2900,user2900@example.com,Москва,7300.0,plain note 2900,solo,true
2901,User 2901,user2901@example.com,東京,7337.1,plain note 2901,"a,b,c",false
2902,User 2902,user2902@example.com,Paris,7374.2,plain note 2902,solo,true
2903,User 2903,user2903@example.com,Lima,7411.3,plain note 2903,solo,false
2904,User 2904,user2904@example.com,Amsterdam,7448.4,"line one
line two","a,b,c",true
2905,User 2905,user2905@example.com,Bratislava,7485.5,"said ""hi"", then left",solo,false
2906,User 2906,user2906@example.com,Zürich,7522.6,plain note 2906,solo,true
2907,User 2907,user2907@example.com,København,7559.7,plain note 2907,"a,b,c",false
2908,User 2908,user2908@example.com,Москва,7596.8,plain note 2908,solo,true
2909,User 2909,user2909@example.com,東京,7633.9,plain note 2909,solo,false
2910,User 2910,user2910@example.com,Paris,7670.10,plain note 2910,"a,b,c",true
2911,User 2911,user2911@example.com,Lima,7707.11,plain note 2911,solo,false
2912,User 2912,user2912@example.com,Amsterdam,7744.12,"said ""hi"", then left",solo,true
2913,User 2913,user2913@example.com,Bratislava,7781.13,plain note 2913,"a,b,c",false
2914,User 2914,user2914@example.com,Zürich,7818.14,plain note 2914,solo,true
2915,User 2915,user2915@example.com,København,7855.15,"line one
line two",solo,false
2916,User 2916,user2916@example.com,Москва,7892.16,plain note 2916,"a,b,c",true
2917,User 2917,user2917@example.com,東京,7929.17,plain note 2917,solo,false
2918,User 2918,user2918@example.com,Paris,7966.18,plain note 2918,solo,true
2919,User 2919,user2919@example.com,Lima,8003.19,"said ""hi"", then left","a,b,c",false
2920,User 2920,user2920@example.com,Amsterdam,8040.20,plain note 2920,solo,true
2921,User 2921,user2921@example.com,Bratislava,8077.21,plain note 2921,solo,false
2922,User 2922,user2922@example.com,Zürich,8114.22,plain note 2922,"a,b,c",true
2923,User 2923,user2923@example.com,København,8151.23,plain note 2923,solo,false
2924,User 2924,user2924@example.com,Москва,8188.24,plain note 2924,solo,true
2925,User 2925,user2925@example.com,東京,8225.25,plain note 2925,"a,b,c",false
2926,User 2926,user2926@example.com,Paris,8262.26,"said ""hi"", then left",solo,true
2927,User 2927,user2927@example.com,Lima,8299.27,plain note 2927,solo,false
2928,User 2928,user2928@example.com,Amsterdam,8336.28,plain note 2928,"a,b,c",true
2929,User 2929,user2929@example.com,Bratislava,8373.29,plain note 2929,solo,false
2930,User 2930,user2930@example.com,Zürich,8410.30,plain note 2930,solo,true
2931,User 2931,user2931@example.com,København,8447.31,plain note 2931,"a,b,c",false
2932,User 2932,user2932@example.com,Москва,8484.32,plain note 2932,solo,true
2933,User 2933,user2933@example.com,東京,8521.33,"said ""hi"", then left",solo,false
2934,User 2934,user2934@example.com,Paris,8558.34,plain note 2934,"a,b,c",true
2935,User 2935,user2935@example.com,Lima,8595.35,plain note 2935,solo,false
2936,User 2936,user2936@example.com,Amsterdam,8632.36,plain note 2936,solo,true
2937,User 2937,user2937@example.com,Bratislava,8669.37,"line one
line two","a,b,c",false
2938,User 2938,user2938@example.com,Zürich,8706.38,plain note 2938,solo,true
2939,User 2939,user2939@example.com,København,8743.39,plain note 2939,solo,false
2940,User 2940,user2940@example.com,Москва,8780.40,"said ""hi"", then left","a,b,c",true
2941,User 2941,user2941@example.com,東京,8817.41,plain note 2941,solo,false
2942,User 2942,user2942@example.com,Paris,8854.42,plain note 2942,solo,true
2943,User 2943,user2943@example.com,Lima,8891.43,plain note 2943,"a,b,c",false
2944,User 2944,user2944@example.com,Amsterdam,8928.44,plain note 2944,solo,true
2945,User 2945,user2945@example.com,Bratislava,8965.45,plain note 2945,solo,false
2946,User 2946,user2946@example.com,Zürich,9002.46,plain note 2946,"a,b,c",true
2947,User 2947,user2947@example.com,København,9039.47,"said ""hi"", then left",solo,false
2948,User 2948,user2948@example.com,Москва,9076.48,"line one
line two",solo,true
2949,User 2949,user2949@example.com,東京,9113.49,plain note 2949,"a,b,c",false
2950,User 2950,user2950@example.com,Paris,9150.50,plain note 2950,solo,true
2951,User 2951,user2951@example.com,Lima,9187.51,plain note 2951,solo,false
2952,User 2952,user2952@example.com,Amsterdam,9224.52,plain note 2952,"a,b,c",true
2953,User 2953,user2953@example.com,Bratislava,9261.53,plain note 2953,solo,false
2954,User 2954,user2954@example.com,Zürich,9298.54,"said ""hi"", then left",solo,true
2955,User 2955,user2955@example.com,København,9335.55,plain note 2955,"a,b,c",false
2956,User 2956,user2956@example.com,Москва,9372.56,plain note 2956,solo,true
2957,User 2957,user2957@example.com,東京,9409.57,plain note 2957,solo,false
2958,User 2958,user2958@example.com,Paris,9446.58,plain note 2958,"a,b,c",true
2959,User 2959,user2959@example.com,Lima,9483.59,"line one
line two",solo,false
2960,User 2960,user2960@example.com,Amsterdam,9520.60,plain note 2960,solo,true
2961,User 2961,user2961@example.com,Bratislava,9557.61,"said ""hi"", then left","a,b,c",false
2962,User 2962,user2962@example.com,Zürich,9594.62,plain note 2962,solo,true
2963,User 2963,user2963@example.com,København,9631.63,plain note 2963,solo,false
2964,User 2964,user2964@example.com,Москва,9668.64,plain note 2964,"a,b,c",true
2965,User 2965,user2965@example.com,東京,9705.65,plain note 2965,solo,false
2966,User 2966,user2966@example.com,Paris,9742.66,plain note 2966,solo,true
2967,User 2967,user2967@example.com,Lima,9779.67,plain note 2967,"a,b,c",false
2968,User 2968,user2968@example.com,Amsterdam,9816.68,"said ""hi"", then left",solo,true
2969,User 2969,user2969@example.com,Bratislava,9853.69,plain note 2969,solo,false
2970,User 2970,user2970@example.com,Zürich,9890.70,"line one
line two","a,b,c",true
2971,User 2971,user2971@example.com,København,9927.71,plain note 2971,solo,false
2972,User 2972,user2972@example.com,Москва,9964.72,plain note 2972,solo,true
2973,User 2973,user2973@example.com,東京,1.73,plain note 2973,"a,b,c",false
2974,User 2974,user2974@example.com,Paris,38.74,plain note 2974,solo,true
2975,User 2975,user2975@example.com,Lima,75.75,"said ""hi"", then left",solo,false
2976,User 2976,user2976@example.com,Amsterdam,112.76,plain note 2976,"a,b,c",true
2977,User 2977,user2977@example.com,Bratislava,149.77,plain note 2977,solo,false
2978,User 2978,user2978@example.com,Zürich,186.78,plain note 2978,solo,true
2979,User 2979,user2979@example.com,København,223.79,plain note 2979,"a,b,c",false
2980,User 2980,user2980@example.com,Москва,260.80,plain note 2980,solo,true
2981,User 2981,user2981@example.com,東京,297.81,"line one
line two",solo,false
2982,User 2982,user2982@example.com,Paris,334.82,"said ""hi"", then left","a,b,c",true
2983,User 2983,user2983@example.com,Lima,371.83,plain note 2983,solo,false
2984,User 2984,user2984@example.com,Amsterdam,408.84,plain note 2984,solo,true
2985,User 2985,user2985@example.com,Bratislava,445.85,plain note 2985,"a,b,c",false
2986,User 2986,user2986@example.com,Zürich,482.86,plain note 2986,solo,true
2987,User 2987,user2987@example.com,København,519.87,plain note 2987,solo,false
2988,User 2988,user2988@example.com,Москва,556.88,plain note 2988,"a,b,c",true
2989,User 2989,user2989@example.com,東京,593.89,"said ""hi"", then left",solo,false
2990,User 2990,user2990@example.com,Paris,630.90,plain note 2990,solo,true
2991,User 2991,user2991@example.com,Lima,667.91,plain note 2991,"a,b,c",false
2992,User 2992,user2992@example.com,Amsterdam,704.92,"line one
line two",solo,true
2993,User 2993,user2993@example.com,Bratislava,741.93,plain note 2993,solo,false
2994,User 2994,user2994@example.com,Zürich,778.94,plain note 2994,"a,b,c",true
2995,User 2995,user2995@example.com,København,815.95,plain note 2995,solo,false
2996,User 2996,user2996@example.com,Москва,852.96,"said ""hi"", then left",solo,true
2997,User 2997,user2997@example.com,東京,889.97,plain note 2997,"a,b,c",false
2998,User 2998,user2998@example.com,Paris,926.98,plain note 2998,solo,true
2999,User 2999,user2999@example.com,Lima,963.99,plain note 2999,solo,false
3000,User 3000,user3000@example.com,Amsterdam,1000.0,plain note 3000,"a,b,c",true
3001,User 3001,user3001@example.com,Bratislava,1037.1,plain note 3001,solo,false
3002,User 3002,user3002@example.com,Zürich,1074.2,plain note 3002,solo,true
3003,User 3003,user3003@example.com,København,1111.3,"said ""hi"", then left","a,b,c",false
3004,User 3004,user3004@example.com,Москва,1148.4,plain note 3004,solo,true
3005,User 3005,user3005@example.com,東京,1185.5,plain note 3005,solo,false
3006,User 3006,user3006@example.com,Paris,1222.6,plain note 3006,"a,b,c",true
3007,User 3007,user3007@example.com,Lima,1259.7,plain note 3007,solo,false
3008,User 3008,user3008@example.com,Amsterdam,1296.8,plain note 3008,solo,true
3009,User 3009,user3009@example.com,Bratislava,1333.9,plain note 3009,"a,b,c",false
3010,User 3010,user3010@example.com,Zürich,1370.10,"said ""hi"", then left",solo,true
3011,User 3011,user3011@example.com,København,1407.11,plain note 3011,solo,false
3012,User 3012,user3012@example.com,Москва,1444.12,plain note 3012,"a,b,c",true
3013,User 3013,user3013@example.com,東京,1481.13,plain note 3013,solo,false
3014,User 3014,user3014@example.com,Paris,1518.14,"line one
line two",solo,true
3015,User 3015,user3015@example.com,Lima,1555.15,plain note 3015,"a,b,c",false
3016,User 3016,user3016@example.com,Amsterdam,1592.16,plain note 3016,solo,true
3017,User 3017,user3017@example.com,Bratislava,1629.17,"said ""hi"", then left",solo,false
3018,User 3018,user3018@example.com,Zürich,1666.18,plain note 3018,"a,b,c",true
3019,User 3019,user3019@example.com,København,1703.19,plain note 3019,solo,false
3020,User 3020,user3020@example.com,Москва,1740.20,plain note 3020,solo,true
3021,User 3021,user3021@example.com,東京,1777.21,plain note 3021,"a,b,c",false
3022,User 3022,user3022@example.com,Paris,1814.22,plain note 3022,solo,true
3023,User 3023,user3023@example.com,Lima,1851.23,plain note 3023,solo,false
3024,User 3024,user3024@example.com,Amsterdam,1888.24,"said ""hi"", then left","a,b,c",true
3025,User 3025,user3025@example.com,Bratislava,1925.25,"line one
line two",solo,false
3026,User 3026,user3026@example.com,Zürich,1962.26,plain note 3026,solo,true
3027,User 3027,user3027@example.com,København,1999.27,plain note 3027,"a,b,c",false
3028,User 3028,user3028@example.com,Москва,2036.28,plain note 3028,solo,true
3029,User 3029,user3029@example.com,東京,2073.29,plain note 3029,solo,false
3030,User 3030,user3030@example.com,Paris,2110.30,plain note 3030,"a,b,c",true
3031,User 3031,user3031@example.com,Lima,2147.31,"said ""hi"", then left",solo,false
3032,User 3032,user3032@example.com,Amsterdam,2184.32,plain note 3032,solo,true
3033,User 3033,user3033@example.com,Bratislava,2221.33,plain note 3033,"a,b,c",false
3034,User 3034,user3034@example.com,Zürich,2258.34,plain note 3034,solo,true
3035,User 3035,user3035@example.com,København,2295.35,plain note 3035,solo,false
3036,User 3036,user3036@example.com,Москва,2332.36,"line one
line two","a,b,c",true
3037,User 3037,user3037@example.com,東京,2369.37,plain note 3037,solo,false
3038,User 3038,user3038@example.com,Paris,2406.38,"said ""hi"", then left",solo,true
3039,User 3039,user3039@example.com,Lima,2443.39,plain note 3039,"a,b,c",false
3040,User 3040,user3040@example.com,Amsterdam,2480.40,plain note 3040,solo,true
3041,User 3041,user3041@example.com,Bratislava,2517.41,plain note 3041,solo,false
3042,User 3042,user3042@example.com,Zürich,2554.42,plain note 3042,"a,b,c",true
3043,User 3043,user3043@example.com,København,2591.43,plain note 3043,solo,false
3044,User 3044,user3044@example.com,Москва,2628.44,plain note 3044,solo,true
3045,User 3045,user3045@example.com,東京,2665.45,"said ""hi"", then left","a,b,c",false
3046,User 3046,user3046@example.com,Paris,2702.46,plain note 3046,solo,true
3047,User 3047,user3047@example.com,Lima,2739.47,"line one
line two",solo,false
3048,User 3048,user3048@example.com,Amsterdam,2776.48,plain note 3048,"a,b,c",true
3049,User 3049,user3049@example.com,Bratislava,2813.49,plain note 3049,solo,false
3050,User 3050,user3050@example.com,Zürich,2850.50,plain note 3050,solo,true
3051,User 3051,user3051@example.com,København,2887.51,plain note 3051,"a,b,c",false
3052,User 3052,user3052@example.com,Москва,2924.52,"said ""hi"", then left",solo,true
3053,User 3053,user3053@example.com,東京,2961.53,plain note 3053,solo,false
3054,User 3054,user3054@example.com,Paris,2998.54,plain note 3054,"a,b,c",true
3055,User 3055,user3055@example.com,Lima,3035.55,plain note 3055,solo,false
3056,User 3056,user3056@example.com,Amsterdam,3072.56,plain note 3056,solo,true
3057,User 3057,user3057@example.com,Bratislava,3109.57,plain note 3057,"a,b,c",false
3058,User 3058,user3058@example.com,Zürich,3146.58,"line one
line two",solo,true
3059,User 3059,user3059@example.com,København,3183.59,"said ""hi"", then left",solo,false
3060,User 3060,user3060@example.com,Москва,3220.60,plain note 3060,"a,b,c",true
3061,User 3061,user3061@example.com,東京,3257.61,plain note 3061,solo,false
3062,User 3062,user3062@example.com,Paris,3294.62,plain note 3062,solo,true
3063,User 3063,user3063@example.com,Lima,3331.63,plain note 3063,"a,b,c",false
3064,User 3064,user3064@example.com,Amsterdam,3368.64,plain note 3064,solo,true
3065,User 3065,user3065@example.com,Bratislava,3405.65,plain note 3065,solo,false
3066,User 3066,user3066@example.com,Zürich,3442.66,"said ""hi"", then left","a,b,c",true
3067,User 3067,user3067@example.com,København,3479.67,plain note 3067,solo,false
3068,User 3068,user3068@example.com,Москва,3516.68,plain note 3068,solo,true
3069,User 3069,user3069@example.com,東京,3553.69,"line one
line two","a,b,c",false
3070,User 3070,user3070@example.com,Paris,3590.70,plain note 3070,solo,true
3071,User 3071,user3071@example.com,Lima,3627.71,plain note 3071,solo,false
3072,User 3072,user3072@example.com,Amsterdam,3664.72,plain note 3072,"a,b,c",true
3073,User 3073,user3073@example.com,Bratislava,3701.73,"said ""hi"", then left",solo,false
3074,User 3074,user3074@example.com,Zürich,3738.74,plain note 3074,solo,true
3075,User 3075,user3075@example.com,København,3775.75,plain note 3075,"a,b,c",false
3076,User 3076,user3076@example.com,Москва,3812.76,plain note 3076,solo,true
3077,User 3077,user3077@example.com,東京,3849.77,plain note 3077,solo,false
3078,User 3078,user3078@example.com,Paris,3886.78,plain note 3078,"a,b,c",true
3079,User 3079,user3079@example.com,Lima,3923.79,plain note 3079,solo,false
3080,User 3080,user3080@example.com,Amsterdam,3960.80,"said ""hi"", then left",solo,true
3081,User 3081,user3081@example.com,Bratislava,3997.81,plain note 3081,"a,b,c",false
3082,User 3082,user3082@example.com,Zürich,4034.82,plain note 3082,solo,true
3083,User 3083,user3083@example.com,København,4071.83,plain note 3083,solo,false
3084,User 3084,user3084@example.com,Москва,4108.84,plain note 3084,"a,b,c",true
3085,User 3085,user3085@example.com,東京,4145.85,plain note 3085,solo,false
3086,User 3086,user3086@example.com,Paris,4182.86,plain note 3086,solo,true
3087,User 3087,user3087@example.com,Lima,4219.87,"said ""hi"", then left","a,b,c",false
3088,User 3088,user3088@example.com,Amsterdam,4256.88,plain note 3088,solo,true
3089,User 3089,user3089@example.com,Bratislava,4293.89,plain note 3089,solo,false
3090,User 3090,user3090@example.com,Zürich,4330.90,plain note 3090,"a,b,c",true
3091,User 3091,user3091@example.com,København,4367.91,"line one
line two",solo,false
3092,User 3092,user3092@example.com,Москва,4404.92,plain note 3092,solo,true
3093,User 3093,user3093@example.com,東京,4441.93,plain note 3093,"a,b,c",false
3094,User 3094,user3094@example.com,Paris,4478.94,"said ""hi"", then left",solo,true
3095,User 3095,user3095@example.com,Lima,4515.95,plain note 3095,solo,false
3096,User 3096,user3096@example.com,Amsterdam,4552.96,plain note 3096,"a,b,c",true
3097,User 3097,user3097@example.com,Bratislava,4589.97,plain note 3097,solo,false
3098,User 3098,user3098@example.com,Zürich,4626.98,plain note 3098,solo,true
3099,User 3099,user3099@example.com,København,4663.99,plain note 3099,"a,b,c",false
3100,User 3100,user3100@example.com,Москва,4700.0,plain note 3100,solo,true
3101,User 3101,user3101@example.com,東京,4737.1,"said ""hi"", then left",solo,false
3102,User 3102,user3102@example.com,Paris,4774.2,"line one
line two","a,b,c",true
3103,User 3103,user3103@example.com,Lima,4811.3,plain note 3103,solo,false
3104,User 3104,user3104@example.com,Amsterdam,4848.4,plain note 3104,solo,true
3105,User 3105,user3105@example.com,Bratislava,4885.5,plain note 3105,"a,b,c",false
3106,User 3106,user3106@example.com,Zürich,4922.6,plain note 3106,solo,true
3107,User 3107,user3107@example.com,København,4959.7,plain note 3107,solo,false
3108,User 3108,user3108@example.com,Москва,4996.8,"said ""hi"", then left","a,b,c",true
3109,User 3109,user3109@example.com,東京,5033.9,plain note 3109,solo,false
3110,User 3110,user3110@example.com,Paris,5070.10,plain note 3110,solo,true
3111,User 3111,user3111@example.com,Lima,5107.11,plain note 3111,"a,b,c",false
3112,User 3112,user3112@example.com,Amsterdam,5144.12,plain note 3112,solo,true
3113,User 3113,user3113@example.com,Bratislava,5181.13,"line one
line two",solo,false
3114,User 3114,user3114@example.com,Zürich,5218.14,plain note 3114,"a,b,c",true
3115,User 3115,user3115@example.com,København,5255.15,"said ""hi"", then left",solo,false
3116,User 3116,user3116@example.com,Москва,5292.16,plain note 3116,solo,true
3117,User 3117,user3117@example.com,東京,5329.17,plain note 3117,"a,b,c",false
3118,User 3118,user3118@example.com,Paris,5366.18,plain note 3118,solo,true
3119,User 3119,user3119@example.com,Lima,5403.19,plain note 3119,solo,false
3120,User 3120,user3120@example.com,Amsterdam,5440.20,plain note 3120,"a,b,c",true
3121,User 3121,user3121@example.com,Bratislava,5477.21,plain note 3121,solo,false
3122,User 3122,user3122@example.com,Zürich,5514.22,"said ""hi"", then left",solo,true
3123,User 3123,user3123@example.com,København,5551.23,plain note 3123,"a,b,c",false
3124,User 3124,user3124@example.com,Москва,5588.24,"line one
line two",solo,true
3125,User 3125,user3125@example.com,東京,5625.25,plain note 3125,solo,false
3126,User 3126,user3126@example.com,Paris,5662.26,plain note 3126,"a,b,c",true
3127,User 3127,user3127@example.com,Lima,5699.27,plain note 3127,solo,false
3128,User 3128,user3128@example.com,Amsterdam,5736.28,plain note 3128,solo,true
3129,User 3129,user3129@example.com,Bratislava,5773.29,"said ""hi"", then left","a,b,c",false
3130,User 3130,user3130@example.com,Zürich,5810.30,plain note 3130,solo,true
3131,User 3131,user3131@example.com,København,5847.31,plain note 3131,solo,false
3132,User 3132,user3132@example.com,Москва,5884.32,plain note 3132,"a,b,c",true
3133,User 3133,user3133@example.com,東京,5921.33,plain note 3133,solo,false
3134,User 3134,user3134@example.com,Paris,5958.34,plain note 3134,solo,true
3135,User 3135,user3135@example.com,Lima,5995.35,"line one
line two","a,b,c",false
3136,User 3136,user3136@example.com,Amsterdam,6032.36,"said ""hi"", then left",solo,true
3137,User 3137,user3137@example.com,Bratislava,6069.37,plain note 3137,solo,false
3138,User 3138,user3138@example.com,Zürich,6106.38,plain note 3138,"a,b,c",true
3139,User 3139,user3139@example.com,København,6143.39,plain note 3139,solo,false
3140,User 3140,user3140@example.com,Москва,6180.40,plain note 3140,solo,true
3141,User 3141,user3141@example.com,東京,6217.41,plain note 3141,"a,b,c",false
3142,User 3142,user3142@example.com,Paris,6254.42,plain note 3142,solo,true
3143,User 3143,user3143@example.com,Lima,6291.43,"said ""hi"", then left",solo,false
3144,User 3144,user3144@example.com,Amsterdam,6328.44,plain note 3144,"a,b,c",true
3145,User 3145,user3145@example.com,Bratislava,6365.45,plain note 3145,solo,false
3146,User 3146,user3146@example.com,Zürich,6402.46,"line one
line two",solo,true
3147,User 3147,user3147@example.com,København,6439.47,plain note 3147,"a,b,c",false
3148,User 3148,user3148@example.com,Москва,6476.48,plain note 3148,solo,true
3149,User 3149,user3149@example.com,東京,6513.49,plain note 3149,solo,false
3150,User 3150,user3150@example.com,Paris,6550.50,"said ""hi"", then left","a,b,c",true
3151,User 3151,user3151@example.com,Lima,6587.51,plain note 3151,solo,false
3152,User 3152,user3152@example.com,Amsterdam,6624.52,plain note 3152,solo,true
3153,User 3153,user3153@example.com,Bratislava,6661.53,plain note 3153,"a,b,c",false
3154,User 3154,user3154@example.com,Zürich,6698.54,plain note 3154,solo,true
3155,User 3155,user3155@example.com,København,6735.55,plain note 3155,solo,false
3156,User 3156,user3156@example.com,Москва,6772.56,plain note 3156,"a,b,c",true
3157,User 3157,user3157@example.com,東京,6809.57,"said ""hi"", then left",solo,false
3158,User 3158,user3158@example.com,Paris,6846.58,plain note 3158,solo,true
3159,User 3159,user3159@example.com,Lima,6883.59,plain note 3159,"a,b,c",false
3160,User 3160,user3160@example.com,Amsterdam,6920.60,plain note 3160,solo,true
3161,User 3161,user3161@example.com,Bratislava,6957.61,plain note 3161,solo,false
3162,User 3162,user3162@example.com,Zürich,6994.62,plain note 3162,"a,b,c",true
3163,User 3163,user3163@example.com,København,7031.63,plain note 3163,solo,false
3164,User 3164,user3164@example.com,Москва,7068.64,"said ""hi"", then left",solo,true
3165,User 3165,user3165@example.com,東京,7105.65,plain note 3165,"a,b,c",false
3166,User 3166,user3166@example.com,Paris,7142.66,plain note 3166,solo,true
3167,User 3167,user3167@example.com,Lima,7179.67,plain note 3167,solo,false
3168,User 3168,user3168@example.com,Amsterdam,7216.68,"line one
line two","a,b,c",true
3169,User 3169,user3169@example.com,Bratislava,7253.69,plain note 3169,solo,false
3170,User 3170,user3170@example.com,Zürich,7290.70,plain note 3170,solo,true
3171,User 3171,user3171@example.com,København,7327.71,"said ""hi"", then left","a,b,c",false
3172,User 3172,user3172@example.com,Москва,7364.72,plain note 3172,solo,true
3173,User 3173,user3173@example.com,東京,7401.73,plain note 3173,solo,false
3174,User 3174,user3174@example.com,Paris,7438.74,plain note 3174,"a,b,c",true
3175,User 3175,user3175@example.com,Lima,7475.75,plain note 3175,solo,false
3176,User 3176,user3176@example.com,Amsterdam,7512.76,plain note 3176,solo,true
3177,User 3177,user3177@example.com,Bratislava,7549.77,plain note 3177,"a,b,c",false
3178,User 3178,user3178@example.com,Zürich,7586.78,"said ""hi"", then left",solo,true
3179,User 3179,user3179@example.com,København,7623.79,"line one
line two",solo,false
3180,User 3180,user3180@example.com,Москва,7660.80,plain note 3180,"a,b,c",true
3181,User 3181,user3181@example.com,東京,7697.81,plain note 3181,solo,false
3182,User 3182,user3182@example.com,Paris,7734.82,plain note 3182,solo,true
3183,User 3183,user3183@example.com,Lima,7771.83,plain note 3183,"a,b,c",false
3184,User 3184,user3184@example.com,Amsterdam,7808.84,plain note 3184,solo,true
3185,User 3185,user3185@example.com,Bratislava,7845.85,"said ""hi"", then left",solo,false
3186,User 3186,user3186@example.com,Zürich,7882.86,plain note 3186,"a,b,c",true
3187,User 3187,user3187@example.com,København,7919.87,plain note 3187,solo,false
3188,User 3188,user3188@example.com,Москва,7956.88,plain note 3188,solo,true
3189,User 3189,user3189@example.com,東京,7993.89,plain note 3189,"a,b,c",false
3190,User 3190,user3190@example.com,Paris,8030.90,"line one
line two",solo,true
3191,User 3191,user3191@example.com,Lima,8067.91,plain note 3191,solo,false
3192,User 3192,user3192@example.com,Amsterdam,8104.92,"said ""hi"", then left","a,b,c",true
3193,User 3193,user3193@example.com,Bratislava,8141.93,plain note 3193,solo,false
3194,User 3194,user3194@example.com,Zürich,8178.94,plain note 3194,solo,true
3195,User 3195,user3195@example.com,København,8215.95,plain note 3195,"a,b,c",false
3196,User 3196,user3196@example.com,Москва,8252.96,plain note 3196,solo,true
3197,User 3197,user3197@example.com,東京,8289.97,plain note 3197,solo,false
3198,User 3198,user3198@example.com,Paris,8326.98,plain note 3198,"a,b,c",true
3199,User 3199,user3199@example.com,Lima,8363.99,"said ""hi"", then left",solo,false
3200,User 3200,user3200@example.com,Amsterdam,8400.0,plain note 3200,solo,true
3201,User 3201,user3201@example.com,Bratislava,8437.1,"line one
line two","a,b,c",false
3202,User 3202,user3202@example.com,Zürich,8474.2,plain note 3202,solo,true
3203,User 3203,user3203@example.com,København,8511.3,plain note 3203,solo,false
3204,User 3204,user3204@example.com,Москва,8548.4,plain note 3204,"a,b,c",true
3205,User 3205,user3205@example.com,東京,8585.5,plain note 3205,solo,false
3206,User 3206,user3206@example.com,Paris,8622.6,"said ""hi"", then left",solo,true
3207,User 3207,user3207@example.com,Lima,8659.7,plain note 3207,"a,b,c",false
3208,User 3208,user3208@example.com,Amsterdam,8696.8,plain note 3208,solo,true
3209,User 3209,user3209@example.com,Bratislava,8733.9,plain note 3209,solo,false
3210,User 3210,user3210@example.com,Zürich,8770.10,plain note 3210,"a,b,c",true
3211,User 3211,user3211@example.com,København,8807.11,plain note 3211,solo,false
3212,User 3212,user3212@example.com,Москва,8844.12,"line one
line two",solo,true
3213,User 3213,user3213@example.com,東京,8881.13,"said ""hi"", then left","a,b,c",false
3214,User 3214,user3214@example.com,Paris,8918.14,plain note 3214,solo,true
3215,User 3215,user3215@example.com,Lima,8955.15,plain note 3215,solo,false
3216,User 3216,user3216@example.com,Amsterdam,8992.16,plain note 3216,"a,b,c",true
3217,User 3217,user3217@example.com,Bratislava,9029.17,plain note 3217,solo,false
3218,User 3218,user3218@example.com,Zürich,9066.18,plain note 3218,solo,true
3219,User 3219,user3219@example.com,København,9103.19,plain note 3219,"a,b,c",false
3220,User 3220,user3220@example.com,Москва,9140.20,"said ""hi"", then left",solo,true
3221,User 3221,user3221@example.com,東京,9177.21,plain note 3221,solo,false
3222,User 3222,user3222@example.com,Paris,9214.22,plain note 3222,"a,b,c",true
3223,User 3223,user3223@example.com,Lima,9251.23,"line one
line two",solo,false
3224,User 3224,user3224@example.com,Amsterdam,9288.24,plain note 3224,solo,true
3225,User 3225,user3225@example.com,Bratislava,9325.25,plain note 3225,"a,b,c",false
3226,User 3226,user3226@example.com,Zürich,9362.26,plain note 3226,solo,true
3227,User 3227,user3227@example.com,København,9399.27,"said ""hi"", then left",solo,false
3228,User 3228,user3228@example.com,Москва,9436.28,plain note 3228,"a,b,c",true
3229,User 3229,user3229@example.com,東京,9473.29,plain note 3229,solo,false
3230,User 3230,user3230@example.com,Paris,9510.30,plain note 3230,solo,true
3231,User 3231,user3231@example.com,Lima,9547.31,plain note 3231,"a,b,c",false
3232,User 3232,user3232@example.com,Amsterdam,9584.32,plain note 3232,solo,true
3233,User 3233,user3233@example.com,Bratislava,9621.33,plain note 3233,solo,false
3234,User 3234,user3234@example.com,Zürich,9658.34,"said ""hi"", then left","a,b,c",true
3235,User 3235,user3235@example.com,København,9695.35,plain note 3235,solo,false
3236,User 3236,user3236@example.com,Москва,9732.36,plain note 3236,solo,true
3237,User 3237,user3237@example.com,東京,9769.37,plain note 3237,"a,b,c",false
3238,User 3238,user3238@example.com,Paris,9806.38,plain note 3238,solo,true
3239,User 3239,user3239@example.com,Lima,9843.39,plain note 3239,solo,false
3240,User 3240,user3240@example.com,Amsterdam,9880.40,plain note 3240,"a,b,c",true
3241,User 3241,user3241@example.com,Bratislava,9917.41,"said ""hi"", then left",solo,false
3242,User 3242,user3242@example.com,Zürich,9954.42,plain note 3242,solo,true
3243,User 3243,user3243@example.com,København,9991.43,plain note 3243,"a,b,c",false
3244,User 3244,user3244@example.com,Москва,28.44,plain note 3244,solo,true
3245,User 3245,user3245@example.com,東京,65.45,"line one
line two",solo,false
3246,User 3246,user3246@example.com,Paris,102.46,plain note 3246,"a,b,c",true
3247,User 3247,user3247@example.com,Lima,139.47,plain note 3247,solo,false
3248,User 3248,user3248@example.com,Amsterdam,176.48,"said ""hi"", then left",solo,true
3249,User 3249,user3249@example.com,Bratislava,213.49,plain note 3249,"a,b,c",false
3250,User 3250,user3250@example.com,Zürich,250.50,plain note 3250,solo,true
3251,User 3251,user3251@example.com,København,287.51,plain note 3251,solo,false
3252,User 3252,user3252@example.com,Москва,324.52,plain note 3252,"a,b,c",true
3253,User 3253,user3253@example.com,東京,361.53,plain note 3253,solo,false
3254,User 3254,user3254@example.com,Paris,398.54,plain note 3254,solo,true
3255,User 3255,user3255@example.com,Lima,435.55,"said ""hi"", then left","a,b,c",false
3256,User 3256,user3256@example.com,Amsterdam,472.56,"line one
line two",solo,true
3257,User 3257,user3257@example.com,Bratislava,509.57,plain note 3257,solo,false
3258,User 3258,user3258@example.com,Zürich,546.58,plain note 3258,"a,b,c",true
3259,User 3259,user3259@example.com,København,583.59,plain note 3259,solo,false
3260,User 3260,user3260@example.com,Москва,620.60,plain note 3260,solo,true
3261,User 3261,user3261@example.com,東京,657.61,plain note 3261,"a,b,c",false
3262,User 3262,user3262@example.com,Paris,694.62,"said ""hi"", then left",solo,true
3263,User 3263,user3263@example.com,Lima,731.63,plain note 3263,solo,false
3264,User 3264,user3264@example.com,Amsterdam,768.64,plain note 3264,"a,b,c",true
3265,User 3265,user3265@example.com,Bratislava,805.65,plain note 3265,solo,false
3266,User 3266,user3266@example.com,Zürich,842.66,plain note 3266,solo,true
3267,User 3267,user3267@example.com,København,879.67,"line one
line two","a,b,c",false
3268,User 3268,user3268@example.com,Москва,916.68,plain note 3268,solo,true
3269,User 3269,user3269@example.com,東京,953.69,"said ""hi"", then left",solo,false
3270,User 3270,user3270@example.com,Paris,990.70,plain note 3270,"a,b,c",true
3271,User 3271,user3271@example.com,Lima,1027.71,plain note 3271,solo,false
3272,User 3272,user3272@example.com,Amsterdam,1064.72,plain note 3272,solo,true
3273,User 3273,user3273@example.com,Bratislava,1101.73,plain note 3273,"a,b,c",false
3274,User 3274,user3274@example.com,Zürich,1138.74,plain note 3274,solo,true
3275,User 3275,user3275@example.com,København,1175.75,plain note 3275,solo,false
3276,User 3276,user3276@example.com,Москва,1212.76,"said ""hi"", then left","a,b,c",true
3277,User 3277,user3277@example.com,東京,1249.77,plain note 3277,solo,false
3278,User 3278,user3278@example.com,Paris,1286.78,"line one
line two",solo,true
3279,User 3279,user3279@example.com,Lima,1323.79,plain note 3279,"a,b,c",false
3280,User 3280,user3280@example.com,Amsterdam,1360.80,plain note 3280,solo,true
3281,User 3281,user3281@example.com,Bratislava,1397.81,plain note 3281,solo,false
3282,User 3282,user3282@example.com,Zürich,1434.82,plain note 3282,"a,b,c",true
3283,User 3283,user3283@example.com,København,1471.83,"said ""hi"", then left",solo,false
3284,User 3284,user3284@example.com,Москва,1508.84,plain note 3284,solo,true
3285,User 3285,user3285@example.com,東京,1545.85,plain note 3285,"a,b,c",false
3286,User 3286,user3286@example.com,Paris,1582.86,plain note 3286,solo,true
3287,User 3287,user3287@example.com,Lima,1619.87,plain note 3287,solo,false
3288,User 3288,user3288@example.com,Amsterdam,1656.88,plain note 3288,"a,b,c",true
3289,User 3289,user3289@example.com,Bratislava,1693.89,"line one
line two",solo,false
3290,User 3290,user3290@example.com,Zürich,1730.90,"said ""hi"", then left",solo,true
3291,User 3291,user3291@example.com,København,1767.91,plain note 3291,"a,b,c",false
3292,User 3292,user3292@example.com,Москва,1804.92,plain note 3292,solo,true
3293,User 3293,user3293@example.com,東京,1841.93,plain note 3293,solo,false
3294,User 3294,user3294@example.com,Paris,1878.94,plain note 3294,"a,b,c",true
3295,User 3295,user3295@example.com,Lima,1915.95,plain note 3295,solo,false
3296,User 3296,user3296@example.com,Amsterdam,1952.96,plain note 3296,solo,true
3297,User 3297,user3297@example.com,Bratislava,1989.97,"said ""hi"", then left","a,b,c",false
3298,User 3298,user3298@example.com,Zürich,2026.98,plain note 3298,solo,true
3299,User 3299,user3299@example.com,København,2063.99,plain note 3299,solo,false
3300,User 3300,user3300@example.com,Москва,2100.0,"line one
line two","a,b,c",true
3301,User 3301,user3301@example.com,東京,2137.1,plain note 3301,solo,false
3302,User 3302,user3302@example.com,Paris,2174.2,plain note 3302,solo,true
3303,User 3303,user3303@example.com,Lima,2211.3,plain note 3303,"a,b,c",false
3304,User 3304,user3304@example.com,Amsterdam,2248.4,"said ""hi"", then left",solo,true
3305,User 3305,user3305@example.com,Bratislava,2285.5,plain note 3305,solo,false
3306,User 3306,user3306@example.com,Zürich,2322.6,plain note 3306,"a,b,c",true
3307,User 3307,user3307@example.com,København,2359.7,plain note 3307,solo,false
3308,User 3308,user3308@example.com,Москва,2396.8,plain note 3308,solo,true
3309,User 3309,user3309@example.com,東京,2433.9,plain note 3309,"a,b,c",false
3310,User 3310,user3310@example.com,Paris,2470.10,plain note 3310,solo,true
3311,User 3311,user3311@example.com,Lima,2507.11,"said ""hi"", then left",solo,false
3312,User 3312,user3312@example.com,Amsterdam,2544.12,plain note 3312,"a,b,c",true
3313,User 3313,user3313@example.com,Bratislava,2581.13,plain note 3313,solo,false
3314,User 3314,user3314@example.com,Zürich,2618.14,plain note 3314,solo,true
3315,User 3315,user3315@example.com,København,2655.15,plain note 3315,"a,b,c",false
3316,User 3316,user3316@example.com,Москва,2692.16,plain note 3316,solo,true
3317,User 3317,user3317@example.com,東京,2729.17,plain note 3317,solo,false
3318,User 3318,user3318@example.com,Paris,2766.18,"said ""hi"", then left","a,b,c",true
3319,User 3319,user3319@example.com,Lima,2803.19,plain note 3319,solo,false
3320,User 3320,user3320@example.com,Amsterdam,2840.20,plain note 3320,solo,true
3321,User 3321,user3321@example.com,Bratislava,2877.21,plain note 3321,"a,b,c",false
3322,User 3322,user3322@example.com,Zürich,2914.22,"line one
line two",solo,true
3323,User 3323,user3323@example.com,København,2951.23,plain note 3323,solo,false
3324,User 3324,user3324@example.com,Москва,2988.24,plain note 3324,"a,b,c",true
3325,User 3325,user3325@example.com,東京,3025.25,"said ""hi"", then left",solo,false
3326,User 3326,user3326@example.com,Paris,3062.26,plain note 3326,solo,true
3327,User 3327,user3327@example.com,Lima,3099.27,plain note 3327,"a,b,c",false
3328,User 3328,user3328@example.com,Amsterdam,3136.28,plain note 3328,solo,true
3329,User 3329,user3329@example.com,Bratislava,3173.29,plain note 3329,solo,false
3330,User 3330,user3330@example.com,Zürich,3210.30,plain note 3330,"a,b,c",true
3331,User 3331,user3331@example.com,København,3247.31,plain note 3331,solo,false
3332,User 3332,user3332@example.com,Москва,3284.32,"said ""hi"", then left",solo,true
3333,User 3333,user3333@example.com,東京,3321.33,"line one
line two","a,b,c",false
3334,User 3334,user3334@example.com,Paris,3358.34,plain note 3334,solo,true
3335,User 3335,user3335@example.com,Lima,3395.35,plain note 3335,solo,false
3336,User 3336,user3336@example.com,Amsterdam,3432.36,plain note 3336,"a,b,c",true
3337,User 3337,user3337@example.com,Bratislava,3469.37,plain note 3337,solo,false
3338,User 3338,user3338@example.com,Zürich,3506.38,plain note 3338,solo,true
3339,User 3339,user3339@example.com,København,3543.39,"said ""hi"", then left","a,b,c",false
3340,User 3340,user3340@example.com,Москва,3580.40,plain note 3340,solo,true
3341,User 3341,user3341@example.com,東京,3617.41,plain note 3341,solo,false
3342,User 3342,user3342@example.com,Paris,3654.42,plain note 3342,"a,b,c",true
3343,User 3343,user3343@example.com,Lima,3691.43,plain note 3343,solo,false
3344,User 3344,user3344@example.com,Amsterdam,3728.44,"line one
line two",solo,true
3345,User 3345,user3345@example.com,Bratislava,3765.45,plain note 3345,"a,b,c",false
3346,User 3346,user3346@example.com,Zürich,3802.46,"said ""hi"", then left",solo,true
3347,User 3347,user3347@example.com,København,3839.47,plain note 3347,solo,false
3348,User 3348,user3348@example.com,Москва,3876.48,plain note 3348,"a,b,c",true
3349,User 3349,user3349@example.com,東京,3913.49,plain note 3349,solo,false
3350,User 3350,user3350@example.com,Paris,3950.50,plain note 3350,solo,true
3351,User 3351,user3351@example.com,Lima,3987.51,plain note 3351,"a,b,c",false
3352,User 3352,user3352@example.com,Amsterdam,4024.52,plain note 3352,solo,true
3353,User 3353,user3353@example.com,Bratislava,4061.53,"said ""hi"", then left",solo,false
3354,User 3354,user3354@example.com,Zürich,4098.54,plain note 3354,"a,b,c",true
3355,User 3355,user3355@example.com,København,4135.55,"line one
line two",solo,false
3356,User 3356,user3356@example.com,Москва,4172.56,plain note 3356,solo,true
3357,User 3357,user3357@example.com,東京,4209.57,plain note 3357,"a,b,c",false
3358,User 3358,user3358@example.com,Paris,4246.58,plain note 3358,solo,true
3359,User 3359,user3359@example.com,Lima,4283.59,plain note 3359,solo,false
3360,User 3360,user3360@example.com,Amsterdam,4320.60,"said ""hi"", then left","a,b,c",true
3361,User 3361,user3361@example.com,Bratislava,4357.61,plain note 3361,solo,false
3362,User 3362,user3362@example.com,Zürich,4394.62,plain note 3362,solo,true
3363,User 3363,user3363@example.com,København,4431.63,plain note 3363,"a,b,c",false
3364,User 3364,user3364@example.com,Москва,4468.64,plain note 3364,solo,true
3365,User 3365,user3365@example.com,東京,4505.65,plain note 3365,solo,false
3366,User 3366,user3366@example.com,Paris,4542.66,"line one
line two","a,b,c",true
3367,User 3367,user3367@example.com,Lima,4579.67,"said ""hi"", then left",solo,false
3368,User 3368,user3368@example.com,Amsterdam,4616.68,plain note 3368,solo,true
3369,User 3369,user3369@example.com,Bratislava,4653.69,plain note 3369,"a,b,c",false
3370,User 3370,user3370@example.com,Zürich,4690.70,plain note 3370,solo,true
3371,User 3371,user3371@example.com,København,4727.71,plain note 3371,solo,false
3372,User 3372,user3372@example.com,Москва,4764.72,plain note 3372,"a,b,c",true
3373,User 3373,user3373@example.com,東京,4801.73,plain note 3373,solo,false
3374,User 3374,user3374@example.com,Paris,4838.74,"said ""hi"", then left",solo,true
3375,User 3375,user3375@example.com,Lima,4875.75,plain note 3375,"a,b,c",false
3376,User 3376,user3376@example.com,Amsterdam,4912.76,plain note 3376,solo,true
3377,User 3377,user3377@example.com,Bratislava,4949.77,"line one
line two",solo,false
3378,User 3378,user3378@example.com,Zürich,4986.78,plain note 3378,"a,b,c",true
3379,User 3379,user3379@example.com,København,5023.79,plain note 3379,solo,false
3380,User 3380,user3380@example.com,Москва,5060.80,plain note 3380,solo,true
3381,User 3381,user3381@example.com,東京,5097.81,"said ""hi"", then left","a,b,c",false
3382,User 3382,user3382@example.com,Paris,5134.82,plain note 3382,solo,true
3383,User 3383,user3383@example.com,Lima,5171.83,plain note 3383,solo,false
3384,User 3384,user3384@example.com,Amsterdam,5208.84,plain note 3384,"a,b,c",true
3385,User 3385,user3385@example.com,Bratislava,5245.85,plain note 3385,solo,false
3386,User 3386,user3386@example.com,Zürich,5282.86,plain note 3386,solo,true
3387,User 3387,user3387@example.com,København,5319.87,plain note 3387,"a,b,c",false
3388,User 3388,user3388@example.com,Москва,5356.88,"said ""hi"", then left",solo,true
3389,User 3389,user3389@example.com,東京,5393.89,plain note 3389,solo,false
3390,User 3390,user3390@example.com,Paris,5430.90,plain note 3390,"a,b,c",true
3391,User 3391,user3391@example.com,Lima,5467.91,plain note 3391,solo,false
3392,User 3392,user3392@example.com,Amsterdam,5504.92,plain note 3392,solo,true
3393,User 3393,user3393@example.com,Bratislava,5541.93,plain note 3393,"a,b,c",false
3394,User 3394,user3394@example.com,Zürich,5578.94,plain note 3394,solo,true
3395,User 3395,user3395@example.com,København,5615.95,"said ""hi"", then left",solo,false
3396,User 3396,user3396@example.com,Москва,5652.96,plain note 3396,"a,b,c",true
3397,User 3397,user3397@example.com,東京,5689.97,plain note 3397,solo,false
3398,User 3398,user3398@example.com,Paris,5726.98,plain note 3398,solo,true
3399,User 3399,user3399@example.com,Lima,5763.99,"line one
line two","a,b,c",false
3400,User 3400,user3400@example.com,Amsterdam,5800.0,plain note 3400,solo,true
3401,User 3401,user3401@example.com,Bratislava,5837.1,plain note 3401,solo,false
3402,User 3402,user3402@example.com,Zürich,5874.2,"said ""hi"", then left","a,b,c",true
3403,User 3403,user3403@example.com,København,5911.3,plain note 3403,solo,false
3404,User 3404,user3404@example.com,Москва,5948.4,plain note 3404,solo,true
3405,User 3405,user3405@example.com,東京,5985.5,plain note 3405,"a,b,c",false
3406,User 3406,user3406@example.com,Paris,6022.6,plain note 3406,solo,true
3407,User 3407,user3407@example.com,Lima,6059.7,plain note 3407,solo,false
3408,User 3408,user3408@example.com,Amsterdam,6096.8,plain note 3408,"a,b,c",true
3409,User 3409,user3409@example.com,Bratislava,6133.9,"said ""hi"", then left",solo,false
3410,User 3410,user3410@example.com,Zürich,6170.10,"line one
line two",solo,true
3411,User 3411,user3411@example.com,København,6207.11,plain note 3411,"a,b,c",false
3412,User 3412,user3412@example.com,Москва,6244.12,plain note 3412,solo,true
3413,User 3413,user3413@example.com,東京,6281.13,plain note 3413,solo,false
3414,User 3414,user3414@example.com,Paris,6318.14,plain note 3414,"a,b,c",true
3415,User 3415,user3415@example.com,Lima,6355.15,plain note 3415,solo,false
3416,User 3416,user3416@example.com,Amsterdam,6392.16,"said ""hi"", then left",solo,true
3417,User 3417,user3417@example.com,Bratislava,6429.17,plain note 3417,"a,b,c",false
3418,User 3418,user3418@example.com,Zürich,6466.18,plain note 3418,solo,true
3419,User 3419,user3419@example.com,København,6503.19,plain note 3419,solo,false
3420,User 3420,user3420@example.com,Москва,6540.20,plain note 3420,"a,b,c",true
3421,User 3421,user3421@example.com,東京,6577.21,"line one
line two",solo,false
3422,User 3422,user3422@example.com,Paris,6614.22,plain note 3422,solo,true
3423,User 3423,user3423@example.com,Lima,6651.23,"said ""hi"", then left","a,b,c",false
3424,User 3424,user3424@example.com,Amsterdam,6688.24,plain note 3424,solo,true
3425,User 3425,user3425@example.com,Bratislava,6725.25,plain note 3425,solo,false
3426,User 3426,user3426@example.com,Zürich,6762.26,plain note 3426,"a,b,c",true
3427,User 3427,user3427@example.com,København,6799.27,plain note 3427,solo,false
3428,User 3428,user3428@example.com,Москва,6836.28,plain note 3428,solo,true
3429,User 3429,user3429@example.com,東京,6873.29,plain note 3429,"a,b,c",false
3430,User 3430,user3430@example.com,Paris,6910.30,"said ""hi"", then left",solo,true
3431,User 3431,user3431@example.com,Lima,6947.31,plain note 3431,solo,false
3432,User 3432,user3432@example.com,Amsterdam,6984.32,"line one
line two","a,b,c",true
3433,User 3433,user3433@example.com,Bratislava,7021.33,plain note 3433,solo,false
3434,User 3434,user3434@example.com,Zürich,7058.34,plain note 3434,solo,true
3435,User 3435,user3435@example.com,København,7095.35,plain note 3435,"a,b,c",false
3436,User 3436,user3436@example.com,Москва,7132.36,plain note 3436,solo,true
3437,User 3437,user3437@example.com,東京,7169.37,"said ""hi"", then left",solo,false
3438,User 3438,user3438@example.com,Paris,7206.38,plain note 3438,"a,b,c",true
3439,User 3439,user3439@example.com,Lima,7243.39,plain note 3439,solo,false
3440,User 3440,user3440@example.com,Amsterdam,7280.40,plain note 3440,solo,true
3441,User 3441,user3441@example.com,Bratislava,7317.41,plain note 3441,"a,b,c",false
3442,User 3442,user3442@example.com,Zürich,7354.42,plain note 3442,solo,true
3443,User 3443,user3443@example.com,København,7391.43,"line one
line two",solo,false
3444,User 3444,user3444@example.com,Москва,7428.44,"said ""hi"", then left","a,b,c",true
3445,User 3445,user3445@example.com,東京,7465.45,plain note 3445,solo,false
3446,User 3446,user3446@example.com,Paris,7502.46,plain note 3446,solo,true
3447,User 3447,user3447@example.com,Lima,7539.47,plain note 3447,"a,b,c",false
3448,User 3448,user3448@example.com,Amsterdam,7576.48,plain note 3448,solo,true
3449,User 3449,user3449@example.com,Bratislava,7613.49,plain note 3449,solo,false
3450,User 3450,user3450@example.com,Zürich,7650.50,plain note 3450,"a,b,c",true
3451,User 3451,user3451@example.com,København,7687.51,"said ""hi"", then left",solo,false
3452,User 3452,user3452@example.com,Москва,7724.52,plain note 3452,solo,true
3453,User 3453,user3453@example.com,東京,7761.53,plain note 3453,"a,b,c",false
3454,User 3454,user3454@example.com,Paris,7798.54,"line one
line two",solo,true
3455,User 3455,user3455@example.com,Lima,7835.55,plain note 3455,solo,false
3456,User 3456,user3456@example.com,Amsterdam,7872.56,plain note 3456,"a,b,c",true
3457,User 3457,user3457@example.com,Bratislava,7909.57,plain note 3457,solo,false
3458,User 3458,user3458@example.com,Zürich,7946.58,"said ""hi"", then left",solo,true
3459,User 3459,user3459@example.com,København,7983.59,plain note 3459,"a,b,c",false
3460,User 3460,user3460@example.com,Москва,8020.60,plain note 3460,solo,true
3461,User 3461,user3461@example.com,東京,8057.61,plain note 3461,solo,false
3462,User 3462,user3462@example.com,Paris,8094.62,plain note 3462,"a,b,c",true
3463,User 3463,user3463@example.com,Lima,8131.63,plain note 3463,solo,false
3464,User 3464,user3464@example.com,Amsterdam,8168.64,plain note 3464,solo,true
3465,User 3465,user3465@example.com,Bratislava,8205.65,"said ""hi"", then left","a,b,c",false
3466,User 3466,user3466@example.com,Zürich,8242.66,plain note 3466,solo,true
3467,User 3467,user3467@example.com,København,8279.67,plain note 3467,solo,false
3468,User 3468,user3468@example.com,Москва,8316.68,plain note 3468,"a,b,c",true
3469,User 3469,user3469@example.com,東京,8353.69,plain note 3469,solo,false
3470,User 3470,user3470@example.com,Paris,8390.70,plain note 3470,solo,true
3471,User 3471,user3471@example.com,Lima,8427.71,plain note 3471,"a,b,c",false
3472,User 3472,user3472@example.com,Amsterdam,8464.72,"said ""hi"", then left",solo,true
3473,User 3473,user3473@example.com,Bratislava,8501.73,plain note 3473,solo,false
3474,User 3474,user3474@example.com,Zürich,8538.74,plain note 3474,"a,b,c",true
3475,User 3475,user3475@example.com,København,8575.75,plain note 3475,solo,false
3476,User 3476,user3476@example.com,Москва,8612.76,"line one
line two",solo,true
3477,User 3477,user3477@example.com,東京,8649.77,plain note 3477,"a,b,c",false
3478,User 3478,user3478@example.com,Paris,8686.78,plain note 3478,solo,true
3479,User 3479,user3479@example.com,Lima,8723.79,"said ""hi"", then left",solo,false
3480,User 3480,user3480@example.com,Amsterdam,8760.80,plain note 3480,"a,b,c",true
3481,User 3481,user3481@example.com,Bratislava,8797.81,plain note 3481,solo,false
3482,User 3482,user3482@example.com,Zürich,8834.82,plain note 3482,solo,true
3483,User 3483,user3483@example.com,København,8871.83,plain note 3483,"a,b,c",false
3484,User 3484,user3484@example.com,Москва,8908.84,plain note 3484,solo,true
3485,User 3485,user3485@example.com,東京,8945.85,plain note 3485,solo,false
3486,User 3486,user3486@example.com,Paris,8982.86,"said ""hi"", then left","a,b,c",true
3487,User 3487,user3487@example.com,Lima,9019.87,"line one
line two",solo,false
3488,User 3488,user3488@example.com,Amsterdam,9056.88,plain note 3488,solo,true
3489,User 3489,user3489@example.com,Bratislava,9093.89,plain note 3489,"a,b,c",false
3490,User 3490,user3490@example.com,Zürich,9130.90,plain note 3490,solo,true
3491,User 3491,user3491@example.com,København,9167.91,plain note 3491,solo,false
3492,User 3492,user3492@example.com,Москва,9204.92,plain note 3492,"a,b,c",true
3493,User 3493,user3493@example.com,東京,9241.93,"said ""hi"", then left",solo,false
3494,User 3494,user3494@example.com,Paris,9278.94,plain note 3494,solo,true
3495,User 3495,user3495@example.com,Lima,9315.95,plain note 3495,"a,b,c",false
3496,User 3496,user3496@example.com,Amsterdam,9352.96,plain note 3496,solo,true
3497,User 3497,user3497@example.com,Bratislava,9389.97,plain note 3497,solo,false
3498,User 3498,user3498@example.com,Zürich,9426.98,"line one
line two","a,b,c",true
3499,User 3499,user3499@example.com,København,9463.99,plain note 3499,solo,false
3500,User 3500,user3500@example.com,Москва,9500.0,"said ""hi"", then left",solo,true
3501,User 3501,user3501@example.com,東京,9537.1,plain note 3501,"a,b,c",false
3502,User 3502,user3502@example.com,Paris,9574.2,plain note 3502,solo,true
3503,User 3503,user3503@example.com,Lima,9611.3,plain note 3503,solo,false
3504,User 3504,user3504@example.com,Amsterdam,9648.4,plain note 3504,"a,b,c",true
3505,User 3505,user3505@example.com,Bratislava,9685.5,plain note 3505,solo,false
3506,User 3506,user3506@example.com,Zürich,9722.6,plain note 3506,solo,true
3507,User 3507,user3507@example.com,København,9759.7,"said ""hi"", then left","a,b,c",false
3508,User 3508,user3508@example.com,Москва,9796.8,plain note 3508,solo,true
3509,User 3509,user3509@example.com,東京,9833.9,"line one
line two",solo,false
3510,User 3510,user3510@example.com,Paris,9870.10,plain note 3510,"a,b,c",true
3511,User 3511,user3511@example.com,Lima,9907.11,plain note 3511,solo,false
3512,User 3512,user3512@example.com,Amsterdam,9944.12,plain note 3512,solo,true
3513,User 3513,user3513@example.com,Bratislava,9981.13,plain note 3513,"a,b,c",false
3514,User 3514,user3514@example.com,Zürich,18.14,"said ""hi"", then left",solo,true
3515,User 3515,user3515@example.com,København,55.15,plain note 3515,solo,false
3516,User 3516,user3516@example.com,Москва,92.16,plain note 3516,"a,b,c",true
3517,User 3517,user3517@example.com,東京,129.17,plain note 3517,solo,false
3518,User 3518,user3518@example.com,Paris,166.18,plain note 3518,solo,true
3519,User 3519,user3519@example.com,Lima,203.19,plain note 3519,"a,b,c",false
3520,User 3520,user3520@example.com,Amsterdam,240.20,"line one
line two",solo,true
3521,User 3521,user3521@example.com,Bratislava,277.21,"said ""hi"", then left",solo,false
3522,User 3522,user3522@example.com,Zürich,314.22,plain note 3522,"a,b,c",true
3523,User 3523,user3523@example.com,København,351.23,plain note 3523,solo,false
3524,User 3524,user3524@example.com,Москва,388.24,plain note 3524,solo,true
3525,User 3525,user3525@example.com,東京,425.25,plain note 3525,"a,b,c",false
3526,User 3526,user3526@example.com,Paris,462.26,plain note 3526,solo,true
3527,User 3527,user3527@example.com,Lima,499.27,plain note 3527,solo,false
3528,User 3528,user3528@example.com,Amsterdam,536.28,"said ""hi"", then left","a,b,c",true
3529,User 3529,user3529@example.com,Bratislava,573.29,plain note 3529,solo,false
3530,User 3530,user3530@example.com,Zürich,610.30,plain note 3530,solo,true
3531,User 3531,user3531@example.com,København,647.31,"line one
line two","a,b,c",false
3532,User 3532,user3532@example.com,Москва,684.32,plain note 3532,solo,true
3533,User 3533,user3533@example.com,東京,721.33,plain note 3533,solo,false
3534,User 3534,user3534@example.com,Paris,758.34,plain note 3534,"a,b,c",true
3535,User 3535,user3535@example.com,Lima,795.35,"said ""hi"", then left",solo,false
3536,User 3536,user3536@example.com,Amsterdam,832.36,plain note 3536,solo,true
3537,User 3537,user3537@example.com,Bratislava,869.37,plain note 3537,"a,b,c",false
3538,User 3538,user3538@example.com,Zürich,906.38,plain note 3538,solo,true
3539,User 3539,user3539@example.com,København,943.39,plain note 3539,solo,false
3540,User 3540,user3540@example.com,Москва,980.40,plain note 3540,"a,b,c",true
3541,User 3541,user3541@example.com,東京,1017.41,plain note 3541,solo,false
3542,User 3542,user3542@example.com,Paris,1054.42,"said ""hi"", then left",solo,true
3543,User 3543,user3543@example.com,Lima,1091.43,plain note 3543,"a,b,c",false
3544,User 3544,user3544@example.com,Amsterdam,1128.44,plain note 3544,solo,true
3545,User 3545,user3545@example.com,Bratislava,1165.45,plain note 3545,solo,false
3546,User 3546,user3546@example.com,Zürich,1202.46,plain note 3546,"a,b,c",true
3547,User 3547,user3547@example.com,København,1239.47,plain note 3547,solo,false
3548,User 3548,user3548@example.com,Москва,1276.48,plain note 3548,solo,true
3549,User 3549,user3549@example.com,東京,1313.49,"said ""hi"", then left","a,b,c",false
3550,User 3550,user3550@example.com,Paris,1350.50,plain note 3550,solo,true
3551,User 3551,user3551@example.com,Lima,1387.51,plain note 3551,solo,false
3552,User 3552,user3552@example.com,Amsterdam,1424.52,plain note 3552,"a,b,c",true
3553,User 3553,user3553@example.com,Bratislava,1461.53,"line one
line two",solo,false
3554,User 3554,user3554@example.com,Zürich,1498.54,plain note 3554,solo,true
3555,User 3555,user3555@example.com,København,1535.55,plain note 3555,"a,b,c",false
3556,User 3556,user3556@example.com,Москва,1572.56,"said ""hi"", then left",solo,true
3557,User 3557,user3557@example.com,東京,1609.57,plain note 3557,solo,false
3558,User 3558,user3558@example.com,Paris,1646.58,plain note 3558,"a,b,c",true
3559,User 3559,user3559@example.com,Lima,1683.59,plain note 3559,solo,false
3560,User 3560,user3560@example.com,Amsterdam,1720.60,plain note 3560,solo,true
3561,User 3561,user3561@example.com,Bratislava,1757.61,plain note 3561,"a,b,c",false
3562,User 3562,user3562@example.com,Zürich,1794.62,plain note 3562,solo,true
3563,User 3563,user3563@example.com,København,1831.63,"said ""hi"", then left",solo,false
3564,User 3564,user3564@example.com,Москва,1868.64,"line one
line two","a,b,c",true
3565,User 3565,user3565@example.com,東京,1905.65,plain note 3565,solo,false
3566,User 3566,user3566@example.com,Paris,1942.66,plain note 3566,solo,true
3567,User 3567,user3567@example.com,Lima,1979.67,plain note 3567,"a,b,c",false
3568,User 3568,user3568@example.com,Amsterdam,2016.68,plain note 3568,solo,true
3569,User 3569,user3569@example.com,Bratislava,2053.69,plain note 3569,solo,false
3570,User 3570,user3570@example.com,Zürich,2090.70,"said ""hi"", then left","a,b,c",true
3571,User 3571,user3571@example.com,København,2127.71,plain note 3571,solo,false
3572,User 3572,user3572@example.com,Москва,2164.72,plain note 3572,solo,true
3573,User 3573,user3573@example.com,東京,2201.73,plain note 3573,"a,b,c",false
3574,User 3574,user3574@example.com,Paris,2238.74,plain note 3574,solo,true
3575,User 3575,user3575@example.com,Lima,2275.75,"line one
line two",solo,false
3576,User 3576,user3576@example.com,Amsterdam,2312.76,plain note 3576,"a,b,c",true
3577,User 3577,user3577@example.com,Bratislava,2349.77,"said ""hi"", then left",solo,false
3578,User 3578,user3578@example.com,Zürich,2386.78,plain note 3578,solo,true
3579,User 3579,user3579@example.com,København,2423.79,plain note 3579,"a,b,c",false
3580,User 3580,user3580@example.com,Москва,2460.80,plain note 3580,solo,true
3581,User 3581,user3581@example.com,東京,2497.81,plain note 3581,solo,false
3582,User 3582,user3582@example.com,Paris,2534.82,plain note 3582,"a,b,c",true
3583,User 3583,user3583@example.com,Lima,2571.83,plain note 3583,solo,false
3584,User 3584,user3584@example.com,Amsterdam,2608.84,"said ""hi"", then left",solo,true
3585,User 3585,user3585@example.com,Bratislava,2645.85,plain note 3585,"a,b,c",false
3586,User 3586,user3586@example.com,Zürich,2682.86,"line one
line two",solo,true
3587,User 3587,user3587@example.com,København,2719.87,plain note 3587,solo,false
3588,User 3588,user3588@example.com,Москва,2756.88,plain note 3588,"a,b,c",true
3589,User 3589,user3589@example.com,東京,2793.89,plain note 3589,solo,false
3590,User 3590,user3590@example.com,Paris,2830.90,plain note 3590,solo,true
3591,User 3591,user3591@example.com,Lima,2867.91,"said ""hi"", then left","a,b,c",false
3592,User 3592,user3592@example.com,Amsterdam,2904.92,plain note 3592,solo,true
3593,User 3593,user3593@example.com,Bratislava,2941.93,plain note 3593,solo,false
3594,User 3594,user3594@example.com,Zürich,2978.94,plain note 3594,"a,b,c",true
3595,User 3595,user3595@example.com,København,3015.95,plain note 3595,solo,false
3596,User 3596,user3596@example.com,Москва,3052.96,plain note 3596,solo,true
3597,User 3597,user3597@example.com,東京,3089.97,"line one
line two","a,b,c",false
3598,User 3598,user3598@example.com,Paris,3126.98,"said ""hi"", then left",solo,true
3599,User 3599,user3599@example.com,Lima,3163.99,plain note 3599,solo,false
3600,User 3600,user3600@example.com,Amsterdam,3200.0,plain note 3600,"a,b,c",true
3601,User 3601,user3601@example.com,Bratislava,3237.1,plain note 3601,solo,false
3602,User 3602,user3602@example.com,Zürich,3274.2,plain note 3602,solo,true
3603,User 3603,user3603@example.com,København,3311.3,plain note 3603,"a,b,c",false
3604,User 3604,user3604@example.com,Москва,3348.4,plain note 3604,solo,true
3605,User 3605,user3605@example.com,東京,3385.5,"said ""hi"", then left",solo,false
3606,User 3606,user3606@example.com,Paris,3422.6,plain note 3606,"a,b,c",true
3607,User 3607,user3607@example.com,Lima,3459.7,plain note 3607,solo,false
3608,User 3608,user3608@example.com,Amsterdam,3496.8,"line one
line two",solo,true
3609,User 3609,user3609@example.com,Bratislava,3533.9,plain note 3609,"a,b,c",false
3610,User 3610,user3610@example.com,Zürich,3570.10,plain note 3610,solo,true
3611,User 3611,user3611@example.com,København,3607.11,plain note 3611,solo,false
3612,User 3612,user3612@example.com,Москва,3644.12,"said ""hi"", then left","a,b,c",true
3613,User 3613,user3613@example.com,東京,3681.13,plain note 3613,solo,false
3614,User 3614,user3614@example.com,Paris,3718.14,plain note 3614,solo,true
3615,User 3615,user3615@example.com,Lima,3755.15,plain note 3615,"a,b,c",false
3616,User 3616,user3616@example.com,Amsterdam,3792.16,plain note 3616,solo,true
3617,User 3617,user3617@example.com,Bratislava,3829.17,plain note 3617,solo,false
3618,User 3618,user3618@example.com,Zürich,3866.18,plain note 3618,"a,b,c",true
3619,User 3619,user3619@example.com,København,3903.19,"said ""hi"", then left",solo,false
3620,User 3620,user3620@example.com,Москва,3940.20,plain note 3620,solo,true
3621,User 3621,user3621@example.com,東京,3977.21,plain note 3621,"a,b,c",false
3622,User 3622,user3622@example.com,Paris,4014.22,plain note 3622,solo,true
3623,User 3623,user3623@example.com,Lima,4051.23,plain note 3623,solo,false
3624,User 3624,user3624@example.com,Amsterdam,4088.24,plain note 3624,"a,b,c",true
3625,User 3625,user3625@example.com,Bratislava,4125.25,plain note 3625,solo,false
3626,User 3626,user3626@example.com,Zürich,4162.26,"said ""hi"", then left",solo,true
3627,User 3627,user3627@example.com,København,4199.27,plain note 3627,"a,b,c",false
3628,User 3628,user3628@example.com,Москва,4236.28,plain note 3628,solo,true
3629,User 3629,user3629@example.com,東京,4273.29,plain note 3629,solo,false
3630,User 3630,user3630@example.com,Paris,4310.30,"line one
line two","a,b,c",true
3631,User 3631,user3631@example.com,Lima,4347.31,plain note 3631,solo,false
3632,User 3632,user3632@example.com,Amsterdam,4384.32,plain note 3632,solo,true
3633,User 3633,user3633@example.com,Bratislava,4421.33,"said ""hi"", then left","a,b,c",false
3634,User 3634,user3634@example.com,Zürich,4458.34,plain note 3634,solo,true
3635,User 3635,user3635@example.com,København,4495.35,plain note 3635,solo,false
3636,User 3636,user3636@example.com,Москва,4532.36,plain note 3636,"a,b,c",true
3637,User 3637,user3637@example.com,東京,4569.37,plain note 3637,solo,false
3638,User 3638,user3638@example.com,Paris,4606.38,plain note 3638,solo,true
3639,User 3639,user3639@example.com,Lima,4643.39,plain note 3639,"a,b,c",false
3640,User 3640,user3640@example.com,Amsterdam,4680.40,"said ""hi"", then left",solo,true
3641,User 3641,user3641@example.com,Bratislava,4717.41,"line one
line two",solo,false
3642,User 3642,user3642@example.com,Zürich,4754.42,plain note 3642,"a,b,c",true
3643,User 3643,user3643@example.com,København,4791.43,plain note 3643,solo,false
3644,User 3644,user3644@example.com,Москва,4828.44,plain note 3644,solo,true
3645,User 3645,user3645@example.com,東京,4865.45,plain note 3645,"a,b,c",false
3646,User 3646,user3646@example.com,Paris,4902.46,plain note 3646,solo,true
3647,User 3647,user3647@example.com,Lima,4939.47,"said ""hi"", then left",solo,false
3648,User 3648,user3648@example.com,Amsterdam,4976.48,plain note 3648,"a,b,c",true
3649,User 3649,user3649@example.com,Bratislava,5013.49,plain note 3649,solo,false
3650,User 3650,user3650@example.com,Zürich,5050.50,plain note 3650,solo,true
3651,User 3651,user3651@example.com,København,5087.51,plain note 3651,"a,b,c",false
3652,User 3652,user3652@example.com,Москва,5124.52,"line one
line two",solo,true
3653,User 3653,user3653@example.com,東京,5161.53,plain note 3653,solo,false
3654,User 3654,user3654@example.com,Paris,5198.54,"said ""hi"", then left","a,b,c",true
3655,User 3655,user3655@example.com,Lima,5235.55,plain note 3655,solo,false
3656,User 3656,user3656@example.com,Amsterdam,5272.56,plain note 3656,solo,true
3657,User 3657,user3657@example.com,Bratislava,5309.57,plain note 3657,"a,b,c",false
3658,User 3658,user3658@example.com,Zürich,5346.58,plain note 3658,solo,true
3659,User 3659,user3659@example.com,København,5383.59,plain note 3659,solo,false
3660,User 3660,user3660@example.com,Москва,5420.60,plain note 3660,"a,b,c",true
3661,User 3661,user3661@example.com,東京,5457.61,"said ""hi"", then left",solo,false
3662,User 3662,user3662@example.com,Paris,5494.62,plain note 3662,solo,true
3663,User 3663,user3663@example.com,Lima,5531.63,"line one
line two","a,b,c",false
3664,User 3664,user3664@example.com,Amsterdam,5568.64,plain note 3664,solo,true
3665,User 3665,user3665@example.com,Bratislava,5605.65,plain note 3665,solo,false
3666,User 3666,user3666@example.com,Zürich,5642.66,plain note 3666,"a,b,c",true
3667,User 3667,user3667@example.com,København,5679.67,plain note 3667,solo,false
3668,User 3668,user3668@example.com,Москва,5716.68,"said ""hi"", then left",solo,true
3669,User 3669,user3669@example.com,東京,5753.69,plain note 3669,"a,b,c",false
3670,User 3670,user3670@example.com,Paris,5790.70,plain note 3670,solo,true
3671,User 3671,user3671@example.com,Lima,5827.71,plain note 3671,solo,false
3672,User 3672,user3672@example.com,Amsterdam,5864.72,plain note 3672,"a,b,c",true
3673,User 3673,user3673@example.com,Bratislava,5901.73,plain note 3673,solo,false
3674,User 3674,user3674@example.com,Zürich,5938.74,"line one
line two",solo,true
3675,User 3675,user3675@example.com,København,5975.75,"said ""hi"", then left","a,b,c",false
3676,User 3676,user3676@example.com,Москва,6012.76,plain note 3676,solo,true
3677,User 3677,user3677@example.com,東京,6049.77,plain note 3677,solo,false
3678,User 3678,user3678@example.com,Paris,6086.78,plain note 3678,"a,b,c",true
3679,User 3679,user3679@example.com,Lima,6123.79,plain note 3679,solo,false
3680,User 3680,user3680@example.com,Amsterdam,6160.80,plain note 3680,solo,true
3681,User 3681,user3681@example.com,Bratislava,6197.81,plain note 3681,"a,b,c",false
3682,User 3682,user3682@example.com,Zürich,6234.82,"said ""hi"", then left",solo,true
3683,User 3683,user3683@example.com,København,6271.83,plain note 3683,solo,false
3684,User 3684,user3684@example.com,Москва,6308.84,plain note 3684,"a,b,c",true
3685,User 3685,user3685@example.com,東京,6345.85,"line one
line two",solo,false
3686,User 3686,user3686@example.com,Paris,6382.86,plain note 3686,solo,true
3687,User 3687,user3687@example.com,Lima,6419.87,plain note 3687,"a,b,c",false
3688,User 3688,user3688@example.com,Amsterdam,6456.88,plain note 3688,solo,true
3689,User 3689,user3689@example.com,Bratislava,6493.89,"said ""hi"", then left",solo,false
3690,User 3690,user3690@example.com,Zürich,6530.90,plain note 3690,"a,b,c",true
3691,User 3691,user3691@example.com,København,6567.91,plain note 3691,solo,false
3692,User 3692,user3692@example.com,Москва,6604.92,plain note 3692,solo,true
3693,User 3693,user3693@example.com,東京,6641.93,plain note 3693,"a,b,c",false
3694,User 3694,user3694@example.com,Paris,6678.94,plain note 3694,solo,true
3695,User 3695,user3695@example.com,Lima,6715.95,plain note 3695,solo,false
3696,User 3696,user3696@example.com,Amsterdam,6752.96,"said ""hi"", then left","a,b,c",true
3697,User 3697,user3697@example.com,Bratislava,6789.97,plain note 3697,solo,false
3698,User 3698,user3698@example.com,Zürich,6826.98,plain note 3698,solo,true
3699,User 3699,user3699@example.com,København,6863.99,plain note 3699,"a,b,c",false
3700,User 3700,user3700@example.com,Москва,6900.0,plain note 3700,solo,true
3701,User 3701,user3701@example.com,東京,6937.1,plain note 3701,solo,false
3702,User 3702,user3702@example.com,Paris,6974.2,plain note 3702,"a,b,c",true
3703,User 3703,user3703@example.com,Lima,7011.3,"said ""hi"", then left",solo,false
3704,User 3704,user3704@example.com,Amsterdam,7048.4,plain note 3704,solo,true
3705,User 3705,user3705@example.com,Bratislava,7085.5,plain note 3705,"a,b,c",false
3706,User 3706,user3706@example.com,Zürich,7122.6,plain note 3706,solo,true
3707,User 3707,user3707@example.com,København,7159.7,"line one
line two",solo,false
3708,User 3708,user3708@example.com,Москва,7196.8,plain note 3708,"a,b,c",true
3709,User 3709,user3709@example.com,東京,7233.9,plain note 3709,solo,false
3710,User 3710,user3710@example.com,Paris,7270.10,"said ""hi"", then left",solo,true
3711,User 3711,user3711@example.com,Lima,7307.11,plain note 3711,"a,b,c",false
3712,User 3712,user3712@example.com,Amsterdam,7344.12,plain note 3712,solo,true
3713,User 3713,user3713@example.com,Bratislava,7381.13,plain note 3713,solo,false
3714,User 3714,user3714@example.com,Zürich,7418.14,plain note 3714,"a,b,c",true
3715,User 3715,user3715@example.com,København,7455.15,plain note 3715,solo,false
3716,User 3716,user3716@example.com,Москва,7492.16,plain note 3716,solo,true
3717,User 3717,user3717@example.com,東京,7529.17,"said ""hi"", then left","a,b,c",false
3718,User 3718,user3718@example.com,Paris,7566.18,"line one
line two",solo,true
3719,User 3719,user3719@example.com,Lima,7603.19,plain note 3719,solo,false
3720,User 3720,user3720@example.com,Amsterdam,7640.20,plain note 3720,"a,b,c",true
3721,User 3721,user3721@example.com,Bratislava,7677.21,plain note 3721,solo,false
3722,User 3722,user3722@example.com,Zürich,7714.22,plain note 3722,solo,true
3723,User 3723,user3723@example.com,København,7751.23,plain note 3723,"a,b,c",false
3724,User 3724,user3724@example.com,Москва,7788.24,"said ""hi"", then left",solo,true
3725,User 3725,user3725@example.com,東京,7825.25,plain note 3725,solo,false
3726,User 3726,user3726@example.com,Paris,7862.26,plain note 3726,"a,b,c",true
3727,User 3727,user3727@example.com,Lima,7899.27,plain note 3727,solo,false
3728,User 3728,user3728@example.com,Amsterdam,7936.28,plain note 3728,solo,true
3729,User 3729,user3729@example.com,Bratislava,7973.29,"line one
line two","a,b,c",false
3730,User 3730,user3730@example.com,Zürich,8010.30,plain note 3730,solo,true
3731,User 3731,user3731@example.com,København,8047.31,"said ""hi"", then left",solo,false
3732,User 3732,user3732@example.com,Москва,8084.32,plain note 3732,"a,b,c",true
3733,User 3733,user3733@example.com,東京,8121.33,plain note 3733,solo,false
3734,User 3734,user3734@example.com,Paris,8158.34,plain note 3734,solo,true
3735,User 3735,user3735@example.com,Lima,8195.35,plain note 3735,"a,b,c",false
3736,User 3736,user3736@example.com,Amsterdam,8232.36,plain note 3736,solo,true
3737,User 3737,user3737@example.com,Bratislava,8269.37,plain note 3737,solo,false
3738,User 3738,user3738@example.com,Zürich,8306.38,"said ""hi"", then left","a,b,c",true
3739,User 3739,user3739@example.com,København,8343.39,plain note 3739,solo,false
3740,User 3740,user3740@example.com,Москва,8380.40,"line one
line two",solo,true
3741,User 3741,user3741@example.com,東京,8417.41,plain note 3741,"a,b,c",false
3742,User 3742,user3742@example.com,Paris,8454.42,plain note 3742,solo,true
3743,User 3743,user3743@example.com,Lima,8491.43,plain note 3743,solo,false
3744,User 3744,user3744@example.com,Amsterdam,8528.44,plain note 3744,"a,b,c",true
3745,User 3745,user3745@example.com,Bratislava,8565.45,"said ""hi"", then left",solo,false
3746,User 3746,user3746@example.com,Zürich,8602.46,plain note 3746,solo,true
3747,User 3747,user3747@example.com,København,8639.47,plain note 3747,"a,b,c",false
3748,User 3748,user3748@example.com,Москва,8676.48,plain note 3748,solo,true
3749,User 3749,user3749@example.com,東京,8713.49,plain note 3749,solo,false
3750,User 3750,user3750@example.com,Paris,8750.50,plain note 3750,"a,b,c",true
3751,User 3751,user3751@example.com,Lima,8787.51,"line one
line two",solo,false
3752,User 3752,user3752@example.com,Amsterdam,8824.52,"said ""hi"", then left",solo,true
3753,User 3753,user3753@example.com,Bratislava,8861.53,plain note 3753,"a,b,c",false
3754,User 3754,user3754@example.com,Zürich,8898.54,plain note 3754,solo,true
3755,User 3755,user3755@example.com,København,8935.55,plain note 3755,solo,false
3756,User 3756,user3756@example.com,Москва,8972.56,plain note 3756,"a,b,c",true
3757,User 3757,user3757@example.com,東京,9009.57,plain note 3757,solo,false
3758,User 3758,user3758@example.com,Paris,9046.58,plain note 3758,solo,true
3759,User 3759,user3759@example.com,Lima,9083.59,"said ""hi"", then left","a,b,c",false
3760,User 3760,user3760@example.com,Amsterdam,9120.60,plain note 3760,solo,true
3761,User 3761,user3761@example.com,Bratislava,9157.61,plain note 3761,solo,false
3762,User 3762,user3762@example.com,Zürich,9194.62,"line one
line two","a,b,c",true
3763,User 3763,user3763@example.com,København,9231.63,plain note 3763,solo,false
3764,User 3764,user3764@example.com,Москва,9268.64,plain note 3764,solo,true
3765,User 3765,user3765@example.com,東京,9305.65,plain note 3765,"a,b,c",false
3766,User 3766,user3766@example.com,Paris,9342.66,"said ""hi"", then left",solo,true
3767,User 3767,user3767@example.com,Lima,9379.67,plain note 3767,solo,false
3768,User 3768,user3768@example.com,Amsterdam,9416.68,plain note 3768,"a,b,c",true
3769,User 3769,user3769@example.com,Bratislava,9453.69,plain note 3769,solo,false
3770,User 3770,user3770@example.com,Zürich,9490.70,plain note 3770,solo,true
3771,User 3771,user3771@example.com,København,9527.71,plain note 3771,"a,b,c",false
3772,User 3772,user3772@example.com,Москва,9564.72,plain note 3772,solo,true
3773,User 3773,user3773@example.com,東京,9601.73,"said ""hi"", then left",solo,false
3774,User 3774,user3774@example.com,Paris,9638.74,plain note 3774,"a,b,c",true
3775,User 3775,user3775@example.com,Lima,9675.75,plain note 3775,solo,false
3776,User 3776,user3776@example.com,Amsterdam,9712.76,plain note 3776,solo,true
3777,User 3777,user3777@example.com,Bratislava,9749.77,plain note 3777,"a,b,c",false
3778,User 3778,user3778@example.com,Zürich,9786.78,plain note 3778,solo,true
3779,User 3779,user3779@example.com,København,9823.79,plain note 3779,solo,false
3780,User 3780,user3780@example.com,Москва,9860.80,"said ""hi"", then left","a,b,c",true
3781,User 3781,user3781@example.com,東京,9897.81,plain note 3781,solo,false
3782,User 3782,user3782@example.com,Paris,9934.82,plain note 3782,solo,true
3783,User 3783,user3783@example.com,Lima,9971.83,plain note 3783,"a,b,c",false
3784,User 3784,user3784@example.com,Amsterdam,8.84,"line one
line two",solo,true
3785,User 3785,user3785@example.com,Bratislava,45.85,plain note 3785,solo,false
3786,User 3786,user3786@example.com,Zürich,82.86,plain note 3786,"a,b,c",true
3787,User 3787,user3787@example.com,København,119.87,"said ""hi"", then left",solo,false
3788,User 3788,user3788@example.com,Москва,156.88,plain note 3788,solo,true
3789,User 3789,user3789@example.com,東京,193.89,plain note 3789,"a,b,c",false
3790,User 3790,user3790@example.com,Paris,230.90,plain note 3790,solo,true
3791,User 3791,user3791@example.com,Lima,267.91,plain note 3791,solo,false
3792,User 3792,user3792@example.com,Amsterdam,304.92,plain note 3792,"a,b,c",true
3793,User 3793,user3793@example.com,Bratislava,341.93,plain note 3793,solo,false
3794,User 3794,user3794@example.com,Zürich,378.94,"said ""hi"", then left",solo,true
3795,User 3795,user3795@example.com,København,415.95,"line one
line two","a,b,c",false
3796,User 3796,user3796@example.com,Москва,452.96,plain note 3796,solo,true
3797,User 3797,user3797@example.com,東京,489.97,plain note 3797,solo,false
3798,User 3798,user3798@example.com,Paris,526.98,plain note 3798,"a,b,c",true
3799,User 3799,user3799@example.com,Lima,563.99,plain note 3799,solo,false
3800,User 3800,user3800@example.com,Amsterdam,600.0,plain note 3800,solo,true
3801,User 3801,user3801@example.com,Bratislava,637.1,"said ""hi"", then left","a,b,c",false
3802,User 3802,user3802@example.com,Zürich,674.2,plain note 3802,solo,true
3803,User 3803,user3803@example.com,København,711.3,plain note 3803,solo,false
3804,User 3804,user3804@example.com,Москва,748.4,plain note 3804,"a,b,c",true
3805,User 3805,user3805@example.com,東京,785.5,plain note 3805,solo,false
3806,User 3806,user3806@example.com,Paris,822.6,"line one
line two",solo,true
3807,User 3807,user3807@example.com,Lima,859.7,plain note 3807,"a,b,c",false
3808,User 3808,user3808@example.com,Amsterdam,896.8,"said ""hi"", then left",solo,true
3809,User 3809,user3809@example.com,Bratislava,933.9,plain note 3809,solo,false
3810,User 3810,user3810@example.com,Zürich,970.10,plain note 3810,"a,b,c",true
3811,User 3811,user3811@example.com,København,1007.11,plain note 3811,solo,false
3812,User 3812,user3812@example.com,Москва,1044.12,plain note 3812,solo,true
3813,User 3813,user3813@example.com,東京,1081.13,plain note 3813,"a,b,c",false
3814,User 3814,user3814@example.com,Paris,1118.14,plain note 3814,solo,true
3815,User 3815,user3815@example.com,Lima,1155.15,"said ""hi"", then left",solo,false
3816,User 3816,user3816@example.com,Amsterdam,1192.16,plain note 3816,"a,b,c",true
3817,User 3817,user3817@example.com,Bratislava,1229.17,"line one
line two",solo,false
3818,User 3818,user3818@example.com,Zürich,1266.18,plain note 3818,solo,true
3819,User 3819,user3819@example.com,København,1303.19,plain note 3819,"a,b,c",false
3820,User 3820,user3820@example.com,Москва,1340.20,plain note 3820,solo,true
3821,User 3821,user3821@example.com,東京,1377.21,plain note 3821,solo,false
3822,User 3822,user3822@example.com,Paris,1414.22,"said ""hi"", then left","a,b,c",true
3823,User 3823,user3823@example.com,Lima,1451.23,plain note 3823,solo,false
3824,User 3824,user3824@example.com,Amsterdam,1488.24,plain note 3824,solo,true
3825,User 3825,user3825@example.com,Bratislava,1525.25,plain note 3825,"a,b,c",false
3826,User 3826,user3826@example.com,Zürich,1562.26,plain note 3826,solo,true
3827,User 3827,user3827@example.com,København,1599.27,plain note 3827,solo,false
3828,User 3828,user3828@example.com,Москва,1636.28,"line one
line two","a,b,c",true
3829,User 3829,user3829@example.com,東京,1673.29,"said ""hi"", then left",solo,false
3830,User 3830,user3830@example.com,Paris,1710.30,plain note 3830,solo,true
3831,User 3831,user3831@example.com,Lima,1747.31,plain note 3831,"a,b,c",false
3832,User 3832,user3832@example.com,Amsterdam,1784.32,plain note 3832,solo,true
3833,User 3833,user3833@example.com,Bratislava,1821.33,plain note 3833,solo,false
3834,User 3834,user3834@example.com,Zürich,1858.34,plain note 3834,"a,b,c",true
3835,User 3835,user3835@example.com,København,1895.35,plain note 3835,solo,false
3836,User 3836,user3836@example.com,Москва,1932.36,"said ""hi"", then left",solo,true
3837,User 3837,user3837@example.com,東京,1969.37,plain note 3837,"a,b,c",false
3838,User 3838,user3838@example.com,Paris,2006.38,plain note 3838,solo,true
3839,User 3839,user3839@example.com,Lima,2043.39,"line one
line two",solo,false
3840,User 3840,user3840@example.com,Amsterdam,2080.40,plain note 3840,"a,b,c",true
3841,User 3841,user3841@example.com,Bratislava,2117.41,plain note 3841,solo,false
3842,User 3842,user3842@example.com,Zürich,2154.42,plain note 3842,solo,true
3843,User 3843,user3843@example.com,København,2191.43,"said ""hi"", then left","a,b,c",false
3844,User 3844,user3844@example.com,Москва,2228.44,plain note 3844,solo,true
3845,User 3845,user3845@example.com,東京,2265.45,plain note 3845,solo,false
3846,User 3846,user3846@example.com,Paris,2302.46,plain note 3846,"a,b,c",true
3847,User 3847,user3847@example.com,Lima,2339.47,plain note 3847,solo,false
3848,User 3848,user3848@example.com,Amsterdam,2376.48,plain note 3848,solo,true
3849,User 3849,user3849@example.com,Bratislava,2413.49,plain note 3849,"a,b,c",false
3850,User 3850,user3850@example.com,Zürich,2450.50,"said ""hi"", then left",solo,true
3851,User 3851,user3851@example.com,København,2487.51,plain note 3851,solo,false
3852,User 3852,user3852@example.com,Москва,2524.52,plain note 3852,"a,b,c",true
3853,User 3853,user3853@example.com,東京,2561.53,plain note 3853,solo,false
3854,User 3854,user3854@example.com,Paris,2598.54,plain note 3854,solo,true
3855,User 3855,user3855@example.com,Lima,2635.55,plain note 3855,"a,b,c",false
3856,User 3856,user3856@example.com,Amsterdam,2672.56,plain note 3856,solo,true
3857,User 3857,user3857@example.com,Bratislava,2709.57,"said ""hi"", then left",solo,false
3858,User 3858,user3858@example.com,Zürich,2746.58,plain note 3858,"a,b,c",true
3859,User 3859,user3859@example.com,København,2783.59,plain note 3859,solo,false
3860,User 3860,user3860@example.com,Москва,2820.60,plain note 3860,solo,true
3861,User 3861,user3861@example.com,東京,2857.61,"line one
line two","a,b,c",false
3862,User 3862,user3862@example.com,Paris,2894.62,plain note 3862,solo,true
3863,User 3863,user3863@example.com,Lima,2931.63,plain note 3863,solo,false
3864,User 3864,user3864@example.com,Amsterdam,2968.64,"said ""hi"", then left","a,b,c",true
3865,User 3865,user3865@example.com,Bratislava,3005.65,plain note 3865,solo,false
3866,User 3866,user3866@example.com,Zürich,3042.66,plain note 3866,solo,true
3867,User 3867,user3867@example.com,København,3079.67,plain note 3867,"a,b,c",false
3868,User 3868,user3868@example.com,Москва,3116.68,plain note 3868,solo,true
3869,User 3869,user3869@example.com,東京,3153.69,plain note 3869,solo,false
3870,User 3870,user3870@example.com,Paris,3190.70,plain note 3870,"a,b,c",true
3871,User 3871,user3871@example.com,Lima,3227.71,"said ""hi"", then left",solo,false
3872,User 3872,user3872@example.com,Amsterdam,3264.72,"line one
line two",solo,true
3873,User 3873,user3873@example.com,Bratislava,3301.73,plain note 3873,"a,b,c",false
3874,User 3874,user3874@example.com,Zürich,3338.74,plain note 3874,solo,true
3875,User 3875,user3875@example.com,København,3375.75,plain note 3875,solo,false
3876,User 3876,user3876@example.com,Москва,3412.76,plain note 3876,"a,b,c",true
3877,User 3877,user3877@example.com,東京,3449.77,plain note 3877,solo,false
3878,User 3878,user3878@example.com,Paris,3486.78,"said ""hi"", then left",solo,true
3879,User 3879,user3879@example.com,Lima,3523.79,plain note 3879,"a,b,c",false
3880,User 3880,user3880@example.com,Amsterdam,3560.80,plain note 3880,solo,true
3881,User 3881,user3881@example.com,Bratislava,3597.81,plain note 3881,solo,false
3882,User 3882,user3882@example.com,Zürich,3634.82,plain note 3882,"a,b,c",true
3883,User 3883,user3883@example.com,København,3671.83,"line one
line two",solo,false
3884,User 3884,user3884@example.com,Москва,3708.84,plain note 3884,solo,true
3885,User 3885,user3885@example.com,東京,3745.85,"said ""hi"", then left","a,b,c",false
3886,User 3886,user3886@example.com,Paris,3782.86,plain note 3886,solo,true
3887,User 3887,user3887@example.com,Lima,3819.87,plain note 3887,solo,false
3888,User 3888,user3888@example.com,Amsterdam,3856.88,plain note 3888,"a,b,c",true
3889,User 3889,user3889@example.com,Bratislava,3893.89,plain note 3889,solo,false
3890,User 3890,user3890@example.com,Zürich,3930.90,plain note 3890,solo,true
3891,User 3891,user3891@example.com,København,3967.91,plain note 3891,"a,b,c",false
3892,User 3892,user3892@example.com,Москва,4004.92,"said ""hi"", then left",solo,true
3893,User 3893,user3893@example.com,東京,4041.93,plain note 3893,solo,false
3894,User 3894,user3894@example.com,Paris,4078.94,"line one
line two","a,b,c",true
3895,User 3895,user3895@example.com,Lima,4115.95,plain note 3895,solo,false
3896,User 3896,user3896@example.com,Amsterdam,4152.96,plain note 3896,solo,true
3897,User 3897,user3897@example.com,Bratislava,4189.97,plain note 3897,"a,b,c",false
3898,User 3898,user3898@example.com,Zürich,4226.98,plain note 3898,solo,true
3899,User 3899,user3899@example.com,København,4263.99,"said ""hi"", then left",solo,false
3900,User 3900,user3900@example.com,Москва,4300.0,plain note 3900,"a,b,c",true
3901,User 3901,user3901@example.com,東京,4337.1,plain note 3901,solo,false
3902,User 3902,user3902@example.com,Paris,4374.2,plain note 3902,solo,true
3903,User 3903,user3903@example.com,Lima,4411.3,plain note 3903,"a,b,c",false
3904,User 3904,user3904@example.com,Amsterdam,4448.4,plain note 3904,solo,true
3905,User 3905,user3905@example.com,Bratislava,4485.5,"line one
line two",solo,false
3906,User 3906,user3906@example.com,Zürich,4522.6,"said ""hi"", then left","a,b,c",true
3907,User 3907,user3907@example.com,København,4559.7,plain note 3907,solo,false
3908,User 3908,user3908@example.com,Москва,4596.8,plain note 3908,solo,true
3909,User 3909,user3909@example.com,東京,4633.9,plain note 3909,"a,b,c",false
3910,User 3910,user3910@example.com,Paris,4670.10,plain note 3910,solo,true
3911,User 3911,user3911@example.com,Lima,4707.11,plain note 3911,solo,false
3912,User 3912,user3912@example.com,Amsterdam,4744.12,plain note 3912,"a,b,c",true
3913,User 3913,user3913@example.com,Bratislava,4781.13,"said ""hi"", then left",solo,false
3914,User 3914,user3914@example.com,Zürich,4818.14,plain note 3914,solo,true
3915,User 3915,user3915@example.com,København,4855.15,plain note 3915,"a,b,c",false
3916,User 3916,user3916@example.com,Москва,4892.16,"line one
line two",solo,true
3917,User 3917,user3917@example.com,東京,4929.17,plain note 3917,solo,false
3918,User 3918,user3918@example.com,Paris,4966.18,plain note 3918,"a,b,c",true
3919,User 3919,user3919@example.com,Lima,5003.19,plain note 3919,solo,false
3920,User 3920,user3920@example.com,Amsterdam,5040.20,"said ""hi"", then left",solo,true
3921,User 3921,user3921@example.com,Bratislava,5077.21,plain note 3921,"a,b,c",false
3922,User 3922,user3922@example.com,Zürich,5114.22,plain note 3922,solo,true
3923,User 3923,user3923@example.com,København,5151.23,plain note 3923,solo,false
3924,User 3924,user3924@example.com,Москва,5188.24,plain note 3924,"a,b,c",true
3925,User 3925,user3925@example.com,東京,5225.25,plain note 3925,solo,false
3926,User 3926,user3926@example.com,Paris,5262.26,plain note 3926,solo,true
3927,User 3927,user3927@example.com,Lima,5299.27,"said ""hi"", then left","a,b,c",false
3928,User 3928,user3928@example.com,Amsterdam,5336.28,plain note 3928,solo,true
3929,User 3929,user3929@example.com,Bratislava,5373.29,plain note 3929,solo,false
3930,User 3930,user3930@example.com,Zürich,5410.30,plain note 3930,"a,b,c",true
3931,User 3931,user3931@example.com,København,5447.31,plain note 3931,solo,false
3932,User 3932,user3932@example.com,Москва,5484.32,plain note 3932,solo,true
3933,User 3933,user3933@example.com,東京,5521.33,plain note 3933,"a,b,c",false
3934,User 3934,user3934@example.com,Paris,5558.34,"said ""hi"", then left",solo,true
3935,User 3935,user3935@example.com,Lima,5595.35,plain note 3935,solo,false
3936,User 3936,user3936@example.com,Amsterdam,5632.36,plain note 3936,"a,b,c",true
3937,User 3937,user3937@example.com,Bratislava,5669.37,plain note 3937,solo,false
3938,User 3938,user3938@example.com,Zürich,5706.38,"line one
line two",solo,true
3939,User 3939,user3939@example.com,København,5743.39,plain note 3939,"a,b,c",false
3940,User 3940,user3940@example.com,Москва,5780.40,plain note 3940,solo,true
3941,User 3941,user3941@example.com,東京,5817.41,"said ""hi"", then left",solo,false
3942,User 3942,user3942@example.com,Paris,5854.42,plain note 3942,"a,b,c",true
3943,User 3943,user3943@example.com,Lima,5891.43,plain note 3943,solo,false
3944,User 3944,user3944@example.com,Amsterdam,5928.44,plain note 3944,solo,true
3945,User 3945,user3945@example.com,Bratislava,5965.45,plain note 3945,"a,b,c",false
3946,User 3946,user3946@example.com,Zürich,6002.46,plain note 3946,solo,true
3947,User 3947,user3947@example.com,København,6039.47,plain note 3947,solo,false
3948,User 3948,user3948@example.com,Москва,6076.48,"said ""hi"", then left","a,b,c",true
3949,User 3949,user3949@example.com,東京,6113.49,"line one
line two",solo,false
3950,User 3950,user3950@example.com,Paris,6150.50,plain note 3950,solo,true
3951,User 3951,user3951@example.com,Lima,6187.51,plain note 3951,"a,b,c",false
3952,User 3952,user3952@example.com,Amsterdam,6224.52,plain note 3952,solo,true
3953,User 3953,user3953@example.com,Bratislava,6261.53,plain note 3953,solo,false
3954,User 3954,user3954@example.com,Zürich,6298.54,plain note 3954,"a,b,c",true
3955,User 3955,user3955@example.com,København,6335.55,"said ""hi"", then left",solo,false
3956,User 3956,user3956@example.com,Москва,6372.56,plain note 3956,solo,true
3957,User 3957,user3957@example.com,東京,6409.57,plain note 3957,"a,b,c",false
3958,User 3958,user3958@example.com,Paris,6446.58,plain note 3958,solo,true
3959,User 3959,user3959@example.com,Lima,6483.59,plain note 3959,solo,false
3960,User 3960,user3960@example.com,Amsterdam,6520.60,"line one
line two","a,b,c",true
3961,User 3961,user3961@example.com,Bratislava,6557.61,plain note 3961,solo,false
3962,User 3962,user3962@example.com,Zürich,6594.62,"said ""hi"", then left",solo,true
3963,User 3963,user3963@example.com,København,6631.63,plain note 3963,"a,b,c",false
3964,User 3964,user3964@example.com,Москва,6668.64,plain note 3964,solo,true
3965,User 3965,user3965@example.com,東京,6705.65,plain note 3965,solo,false
3966,User 3966,user3966@example.com,Paris,6742.66,plain note 3966,"a,b,c",true
3967,User 3967,user3967@example.com,Lima,6779.67,plain note 3967,solo,false
3968,User 3968,user3968@example.com,Amsterdam,6816.68,plain note 3968,solo,true
3969,User 3969,user3969@example.com,Bratislava,6853.69,"said ""hi"", then left","a,b,c",false
3970,User 3970,user3970@example.com,Zürich,6890.70,plain note 3970,solo,true
3971,User 3971,user3971@example.com,København,6927.71,"line one
line two",solo,false
3972,User 3972,user3972@example.com,Москва,6964.72,plain note 3972,"a,b,c",true
3973,User 3973,user3973@example.com,東京,7001.73,plain note 3973,solo,false
3974,User 3974,user3974@example.com,Paris,7038.74,plain note 3974,solo,true
3975,User 3975,user3975@example.com,Lima,7075.75,plain note 3975,"a,b,c",false
3976,User 3976,user3976@example.com,Amsterdam,7112.76,"said ""hi"", then left",solo,true
3977,User 3977,user3977@example.com,Bratislava,7149.77,plain note 3977,solo,false
3978,User 3978,user3978@example.com,Zürich,7186.78,plain note 3978,"a,b,c",true
3979,User 3979,user3979@example.com,København,7223.79,plain note 3979,solo,false
3980,User 3980,user3980@example.com,Москва,7260.80,plain note 3980,solo,true
3981,User 3981,user3981@example.com,東京,7297.81,plain note 3981,"a,b,c",false
3982,User 3982,user3982@example.com,Paris,7334.82,"line one
line two",solo,true
3983,User 3983,user3983@example.com,Lima,7371.83,"said ""hi"", then left",solo,false
3984,User 3984,user3984@example.com,Amsterdam,7408.84,plain note 3984,"a,b,c",true
3985,User 3985,user3985@example.com,Bratislava,7445.85,plain note 3985,solo,false
3986,User 3986,user3986@example.com,Zürich,7482.86,plain note 3986,solo,true
3987,User 3987,user3987@example.com,København,7519.87,plain note 3987,"a,b,c",false
3988,User 3988,user3988@example.com,Москва,7556.88,plain note 3988,solo,true
3989,User 3989,user3989@example.com,東京,7593.89,plain note 3989,solo,false
3990,User 3990,user3990@example.com,Paris,7630.90,"said ""hi"", then left","a,b,c",true
3991,User 3991,user3991@example.com,Lima,7667.91,plain note 3991,solo,false
3992,User 3992,user3992@example.com,Amsterdam,7704.92,plain note 3992,solo,true
3993,User 3993,user3993@example.com,Bratislava,7741.93,"line one
line two","a,b,c",false
3994,User 3994,user3994@example.com,Zürich,7778.94,plain note 3994,solo,true
3995,User 3995,user3995@example.com,København,7815.95,plain note 3995,solo,false
3996,User 3996,user3996@example.com,Москва,7852.96,plain note 3996,"a,b,c",true
3997,User 3997,user3997@example.com,東京,7889.97,"said ""hi"", then left",solo,false
3998,User 3998,user3998@example.com,Paris,7926.98,plain note 3998,solo,true
3999,User 3999,user3999@example.com,Lima,7963.99,plain note 3999,"a,b,c",false
