id,name,email,city,amount,note,tags,active
0,User 0,user0@example.com,Amsterdam,0.0,"said ""hi"", then left","a,b,c",true
1,User 1,user1@example.com,Bratislava,37.1,plain note 1,solo,false
2,User 2,user2@example.com,Zürich,74.2,plain note 2,solo,true
3,User 3,user3@example.com,København,111.3,plain note 3,"a,b,c",false
4,User 4,user4@example.com,Москва,148.4,plain note 4,solo,true
5,User 5,user5@example.com,東京,185.5,plain note 5,solo,false
6,User 6,user6@example.com,Paris,222.6,plain note 6,"a,b,c",true
7,User 7,user7@example.com,Lima,259.7,"said ""hi"", then left",solo,false
8,User 8,user8@example.com,Amsterdam,296.8,plain note 8,solo,true
9,User 9,user9@example.com,Bratislava,333.9,plain note 9,"a,b,c",false
10,User 10,user10@example.com,Zürich,370.10,plain note 10,solo,true
11,User 11,user11@example.com,København,407.11,"line one
line two",solo,false
12,User 12,user12@example.com,Москва,444.12,plain note 12,"a,b,c",true
13,User 13,user13@example.com,東京,481.13,plain note 13,solo,false
14,User 14,user14@example.com,Paris,518.14,"said ""hi"", then left",solo,true
15,User 15,user15@example.com,Lima,555.15,plain note 15,"a,b,c",false
16,User 16,user16@example.com,Amsterdam,592.16,plain note 16,solo,true
17,User 17,user17@example.com,Bratislava,629.17,plain note 17,solo,false
18,User 18,user18@example.com,Zürich,666.18,plain note 18,"a,b,c",true
19,User 19,user19@example.com,København,703.19,plain note 19,solo,false
20,User 20,user20@example.com,Москва,740.20,plain note 20,solo,true
21,User 21,user21@example.com,東京,777.21,"said ""hi"", then left","a,b,c",false
22,User 22,user22@example.com,Paris,814.22,"line one
line two",solo,true
23,User 23,user23@example.com,Lima,851.23,plain note 23,solo,false
24,User 24,user24@example.com,Amsterdam,888.24,plain note 24,"a,b,c",true
25,User 25,user25@example.com,Bratislava,925.25,plain note 25,solo,false
26,User 26,user26@example.com,Zürich,962.26,plain note 26,solo,true
27,User 27,user27@example.com,København,999.27,plain note 27,"a,b,c",false
28,User 28,user28@example.com,Москва,1036.28,"said ""hi"", then left",solo,true
29,User 29,user29@example.com,東京,1073.29,plain note 29,solo,false
30,User 30,user30@example.com,Paris,1110.30,plain note 30,"a,b,c",true
31,User 31,user31@example.com,Lima,1147.31,plain note 31,solo,false
32,User 32,user32@example.com,Amsterdam,1184.32,plain note 32,solo,true
33,User 33,user33@example.com,Bratislava,1221.33,"line one
line two","a,b,c",false
34,User 34,user34@example.com,Zürich,1258.34,plain note 34,solo,true
35,User 35,user35@example.com,København,1295.35,"said ""hi"", then left",solo,false
36,User 36,user36@example.com,Москва,1332.36,plain note 36,"a,b,c",true
37,User 37,user37@example.com,東京,1369.37,plain note 37,solo,false
38,User 38,user38@example.com,Paris,1406.38,plain note 38,solo,true
39,User 39,user39@example.com,Lima,1443.39,plain note 39,"a,b,c",false
40,User 40,user40@example.com,Amsterdam,1480.40,plain note 40,solo,true
41,User 41,user41@example.com,Bratislava,1517.41,plain note 41,solo,false
42,User 42,user42@example.com,Zürich,1554.42,"said ""hi"", then left","a,b,c",true
43,User 43,user43@example.com,København,1591.43,plain note 43,solo,false
44,User 44,user44@example.com,Москва,1628.44,"line one
line two",solo,true
45,User 45,user45@example.com,東京,1665.45,plain note 45,"a,b,c",false
46,User 46,user46@example.com,Paris,1702.46,plain note 46,solo,true
47,User 47,user47@example.com,Lima,1739.47,plain note 47,solo,false
48,User 48,user48@example.com,Amsterdam,1776.48,plain note 48,"a,b,c",true
49,User 49,user49@example.com,Bratislava,1813.49,"said ""hi"", then left",solo,false
50,User 50,user50@example.com,Zürich,1850.50,plain note 50,solo,true
51,User 51,user51@example.com,København,1887.51,plain note 51,"a,b,c",false
52,User 52,user52@example.com,Москва,1924.52,plain note 52,solo,true
53,User 53,user53@example.com,東京,1961.53,plain note 53,solo,false
54,User 54,user54@example.com,Paris,1998.54,plain note 54,"a,b,c",true
55,User 55,user55@example.com,Lima,2035.55,"line one
line two",solo,false
56,User 56,user56@example.com,Amsterdam,2072.56,"said ""hi"", then left",solo,true
57,User 57,user57@example.com,Bratislava,2109.57,plain note 57,"a,b,c",false
58,User 58,user58@example.com,Zürich,2146.58,plain note 58,solo,true
59,User 59,user59@example.com,København,2183.59,plain note 59,solo,false
60,User 60,user60@example.com,Москва,2220.60,plain note 60,"a,b,c",true
61,User 61,user61@example.com,東京,2257.61,plain note 61,solo,false
62,User 62,user62@example.com,Paris,2294.62,plain note 62,solo,true
63,User 63,user63@example.com,Lima,2331.63,"said ""hi"", then left","a,b,c",false
64,User 64,user64@example.com,Amsterdam,2368.64,plain note 64,solo,true
65,User 65,user65@example.com,Bratislava,2405.65,plain note 65,solo,false
66,User 66,user66@example.com,Zürich,2442.66,"line one
line two","a,b,c",true
67,User 67,user67@example.com,København,2479.67,plain note 67,solo,false
68,User 68,user68@example.com,Москва,2516.68,plain note 68,solo,true
69,User 69,user69@example.com,東京,2553.69,plain note 69,"a,b,c",false
70,User 70,user70@example.com,Paris,2590.70,"said ""hi"", then left",solo,true
71,User 71,user71@example.com,Lima,2627.71,plain note 71,solo,false
72,User 72,user72@example.com,Amsterdam,2664.72,plain note 72,"a,b,c",true
73,User 73,user73@example.com,Bratislava,2701.73,plain note 73,solo,false
74,User 74,user74@example.com,Zürich,2738.74,plain note 74,solo,true
75,User 75,user75@example.com,København,2775.75,plain note 75,"a,b,c",false
76,User 76,user76@example.com,Москва,2812.76,plain note 76,solo,true
77,User 77,user77@example.com,東京,2849.77,"said ""hi"", then left",solo,false
78,User 78,user78@example.com,Paris,2886.78,plain note 78,"a,b,c",true
79,User 79,user79@example.com,Lima,2923.79,plain note 79,solo,false
80,User 80,user80@example.com,Amsterdam,2960.80,plain note 80,solo,true
81,User 81,user81@example.com,Bratislava,2997.81,plain note 81,"a,b,c",false
82,User 82,user82@example.com,Zürich,3034.82,plain note 82,solo,true
83,User 83,user83@example.com,København,3071.83,plain note 83,solo,false
84,User 84,user84@example.com,Москва,3108.84,"said ""hi"", then left","a,b,c",true
85,User 85,user85@example.com,東京,3145.85,plain note 85,solo,false
86,User 86,user86@example.com,Paris,3182.86,plain note 86,solo,true
87,User 87,user87@example.com,Lima,3219.87,plain note 87,"a,b,c",false
88,User 88,user88@example.com,Amsterdam,3256.88,"line one
line two",solo,true
89,User 89,user89@example.com,Bratislava,3293.89,plain note 89,solo,false
90,User 90,user90@example.com,Zürich,3330.90,plain note 90,"a,b,c",true
91,User 91,user91@example.com,København,3367.91,"said ""hi"", then left",solo,false
92,User 92,user92@example.com,Москва,3404.92,plain note 92,solo,true
93,User 93,user93@example.com,東京,3441.93,plain note 93,"a,b,c",false
94,User 94,user94@example.com,Paris,3478.94,plain note 94,solo,true
95,User 95,user95@example.com,Lima,3515.95,plain note 95,solo,false
96,User 96,user96@example.com,Amsterdam,3552.96,plain note 96,"a,b,c",true
97,User 97,user97@example.com,Bratislava,3589.97,plain note 97,solo,false
98,User 98,user98@example.com,Zürich,3626.98,"said ""hi"", then left",solo,true
99,User 99,user99@example.com,København,3663.99,"line one
line two","a,b,c",false
100,User 100,user100@example.com,Москва,3700.0,plain note 100,solo,true
101,User 101,user101@example.com,東京,3737.1,plain note 101,solo,false
102,User 102,user102@example.com,Paris,3774.2,plain note 102,"a,b,c",true
103,User 103,user103@example.com,Lima,3811.3,plain note 103,solo,false
104,User 104,user104@example.com,Amsterdam,3848.4,plain note 104,solo,true
105,User 105,user105@example.com,Bratislava,3885.5,"said ""hi"", then left","a,b,c",false
106,User 106,user106@example.com,Zürich,3922.6,plain note 106,solo,true
107,User 107,user107@example.com,København,3959.7,plain note 107,solo,false
108,User 108,user108@example.com,Москва,3996.8,plain note 108,"a,b,c",true
109,User 109,user109@example.com,東京,4033.9,plain note 109,solo,false
110,User 110,user110@example.com,Paris,4070.10,"line one
line two",solo,true
111,User 111,user111@example.com,Lima,4107.11,plain note 111,"a,b,c",false
112,User 112,user112@example.com,Amsterdam,4144.12,"said ""hi"", then left",solo,true
113,User 113,user113@example.com,Bratislava,4181.13,plain note 113,solo,false
114,User 114,user114@example.com,Zürich,4218.14,plain note 114,"a,b,c",true
115,User 115,user115@example.com,København,4255.15,plain note 115,solo,false
116,User 116,user116@example.com,Москва,4292.16,plain note 116,solo,true
117,User 117,user117@example.com,東京,4329.17,plain note 117,"a,b,c",false
118,User 118,user118@example.com,Paris,4366.18,plain note 118,solo,true
119,User 119,user119@example.com,Lima,4403.19,"said ""hi"", then left",solo,false
120,User 120,user120@example.com,Amsterdam,4440.20,plain note 120,"a,b,c",true
121,User 121,user121@example.com,Bratislava,4477.21,"line one
line two",solo,false
122,User 122,user122@example.com,Zürich,4514.22,plain note 122,solo,true
123,User 123,user123@example.com,København,4551.23,plain note 123,"a,b,c",false
124,User 124,user124@example.com,Москва,4588.24,plain note 124,solo,true
125,User 125,user125@example.com,東京,4625.25,plain note 125,solo,false
126,User 126,user126@example.com,Paris,4662.26,"said ""hi"", then left","a,b,c",true
127,User 127,user127@example.com,Lima,4699.27,plain note 127,solo,false
128,User 128,user128@example.com,Amsterdam,4736.28,plain note 128,solo,true
129,User 129,user129@example.com,Bratislava,4773.29,plain note 129,"a,b,c",false
130,User 130,user130@example.com,Zürich,4810.30,plain note 130,solo,true
131,User 131,user131@example.com,København,4847.31,plain note 131,solo,false
132,User 132,user132@example.com,Москва,4884.32,"line one
line two","a,b,c",true
133,User 133,user133@example.com,東京,4921.33,"said ""hi"", then left",solo,false
134,User 134,user134@example.com,Paris,4958.34,plain note 134,solo,true
135,User 135,user135@example.com,Lima,4995.35,plain note 135,"a,b,c",false
136,User 136,user136@example.com,Amsterdam,5032.36,plain note 136,solo,true
137,User 137,user137@example.com,Bratislava,5069.37,plain note 137,solo,false
138,User 138,user138@example.com,Zürich,5106.38,plain note 138,"a,b,c",true
139,User 139,user139@example.com,København,5143.39,plain note 139,solo,false
140,User 140,user140@example.com,Москва,5180.40,"said ""hi"", then left",solo,true
141,User 141,user141@example.com,東京,5217.41,plain note 141,"a,b,c",false
142,User 142,user142@example.com,Paris,5254.42,plain note 142,solo,true
143,User 143,user143@example.com,Lima,5291.43,"line one
line two",solo,false
144,User 144,user144@example.com,Amsterdam,5328.44,plain note 144,"a,b,c",true
145,User 145,user145@example.com,Bratislava,5365.45,plain note 145,solo,false
146,User 146,user146@example.com,Zürich,5402.46,plain note 146,solo,true
147,User 147,user147@example.com,København,5439.47,"said ""hi"", then left","a,b,c",false
148,User 148,user148@example.com,Москва,5476.48,plain note 148,solo,true
149,User 149,user149@example.com,東京,5513.49,plain note 149,solo,false
150,User 150,user150@example.com,Paris,5550.50,plain note 150,"a,b,c",true
151,User 151,user151@example.com,Lima,5587.51,plain note 151,solo,false
152,User 152,user152@example.com,Amsterdam,5624.52,plain note 152,solo,true
153,User 153,user153@example.com,Bratislava,5661.53,plain note 153,"a,b,c",false
154,User 154,user154@example.com,Zürich,5698.54,"said ""hi"", then left",solo,true
155,User 155,user155@example.com,København,5735.55,plain note 155,solo,false
156,User 156,user156@example.com,Москва,5772.56,plain note 156,"a,b,c",true
157,User 157,user157@example.com,東京,5809.57,plain note 157,solo,false
158,User 158,user158@example.com,Paris,5846.58,plain note 158,solo,true
159,User 159,user159@example.com,Lima,5883.59,plain note 159,"a,b,c",false
160,User 160,user160@example.com,Amsterdam,5920.60,plain note 160,solo,true
161,User 161,user161@example.com,Bratislava,5957.61,"said ""hi"", then left",solo,false
162,User 162,user162@example.com,Zürich,5994.62,plain note 162,"a,b,c",true
163,User 163,user163@example.com,København,6031.63,plain note 163,solo,false
164,User 164,user164@example.com,Москва,6068.64,plain note 164,solo,true
165,User 165,user165@example.com,東京,6105.65,"line one
line two","a,b,c",false
166,User 166,user166@example.com,Paris,6142.66,plain note 166,solo,true
167,User 167,user167@example.com,Lima,6179.67,plain note 167,solo,false
168,User 168,user168@example.com,Amsterdam,6216.68,"said ""hi"", then left","a,b,c",true
169,User 169,user169@example.com,Bratislava,6253.69,plain note 169,solo,false
170,User 170,user170@example.com,Zürich,6290.70,plain note 170,solo,true
171,User 171,user171@example.com,København,6327.71,plain note 171,"a,b,c",false
172,User 172,user172@example.com,Москва,6364.72,plain note 172,solo,true
173,User 173,user173@example.com,東京,6401.73,plain note 173,solo,false
174,User 174,user174@example.com,Paris,6438.74,plain note 174,"a,b,c",true
175,User 175,user175@example.com,Lima,6475.75,"said ""hi"", then left",solo,false
176,User 176,user176@example.com,Amsterdam,6512.76,"line one
line two",solo,true
177,User 177,user177@example.com,Bratislava,6549.77,plain note 177,"a,b,c",false
178,User 178,user178@example.com,Zürich,6586.78,plain note 178,solo,true
179,User 179,user179@example.com,København,6623.79,plain note 179,solo,false
180,User 180,user180@example.com,Москва,6660.80,plain note 180,"a,b,c",true
181,User 181,user181@example.com,東京,6697.81,plain note 181,solo,false
182,User 182,user182@example.com,Paris,6734.82,"said ""hi"", then left",solo,true
183,User 183,user183@example.com,Lima,6771.83,plain note 183,"a,b,c",false
184,User 184,user184@example.com,Amsterdam,6808.84,plain note 184,solo,true
185,User 185,user185@example.com,Bratislava,6845.85,plain note 185,solo,false
186,User 186,user186@example.com,Zürich,6882.86,plain note 186,"a,b,c",true
187,User 187,user187@example.com,København,6919.87,"line one
line two",solo,false
188,User 188,user188@example.com,Москва,6956.88,plain note 188,solo,true
189,User 189,user189@example.com,東京,6993.89,"said ""hi"", then left","a,b,c",false
190,User 190,user190@example.com,Paris,7030.90,plain note 190,solo,true
191,User 191,user191@example.com,Lima,7067.91,plain note 191,solo,false
192,User 192,user192@example.com,Amsterdam,7104.92,plain note 192,"a,b,c",true
193,User 193,user193@example.com,Bratislava,7141.93,plain note 193,solo,false
194,User 194,user194@example.com,Zürich,7178.94,plain note 194,solo,true
195,User 195,user195@example.com,København,7215.95,plain note 195,"a,b,c",false
196,User 196,user196@example.com,Москва,7252.96,"said ""hi"", then left",solo,true
197,User 197,user197@example.com,東京,7289.97,plain note 197,solo,false
198,User 198,user198@example.com,Paris,7326.98,"line one
line two","a,b,c",true
199,User 199,user199@example.com,Lima,7363.99,plain note 199,solo,false
200,User 200,user200@example.com,Amsterdam,7400.0,plain note 200,solo,true
201,User 201,user201@example.com,Bratislava,7437.1,plain note 201,"a,b,c",false
202,User 202,user202@example.com,Zürich,7474.2,plain note 202,solo,true
203,User 203,user203@example.com,København,7511.3,"said ""hi"", then left",solo,false
204,User 204,user204@example.com,Москва,7548.4,plain note 204,"a,b,c",true
205,User 205,user205@example.com,東京,7585.5,plain note 205,solo,false
206,User 206,user206@example.com,Paris,7622.6,plain note 206,solo,true
207,User 207,user207@example.com,Lima,7659.7,plain note 207,"a,b,c",false
208,User 208,user208@example.com,Amsterdam,7696.8,plain note 208,solo,true
209,User 209,user209@example.com,Bratislava,7733.9,"line one
line two",solo,false
210,User 210,user210@example.com,Zürich,7770.10,"said ""hi"", then left","a,b,c",true
211,User 211,user211@example.com,København,7807.11,plain note 211,solo,false
212,User 212,user212@example.com,Москва,7844.12,plain note 212,solo,true
213,User 213,user213@example.com,東京,7881.13,plain note 213,"a,b,c",false
214,User 214,user214@example.com,Paris,7918.14,plain note 214,solo,true
215,User 215,user215@example.com,Lima,7955.15,plain note 215,solo,false
216,User 216,user216@example.com,Amsterdam,7992.16,plain note 216,"a,b,c",true
217,User 217,user217@example.com,Bratislava,8029.17,"said ""hi"", then left",solo,false
218,User 218,user218@example.com,Zürich,8066.18,plain note 218,solo,true
219,User 219,user219@example.com,København,8103.19,plain note 219,"a,b,c",false
220,User 220,user220@example.com,Москва,8140.20,"line one
line two",solo,true
221,User 221,user221@example.com,東京,8177.21,plain note 221,solo,false
222,User 222,user222@example.com,Paris,8214.22,plain note 222,"a,b,c",true
223,User 223,user223@example.com,Lima,8251.23,plain note 223,solo,false
224,User 224,user224@example.com,Amsterdam,8288.24,"said ""hi"", then left",solo,true
225,User 225,user225@example.com,Bratislava,8325.25,plain note 225,"a,b,c",false
226,User 226,user226@example.com,Zürich,8362.26,plain note 226,solo,true
227,User 227,user227@example.com,København,8399.27,plain note 227,solo,false
228,User 228,user228@example.com,Москва,8436.28,plain note 228,"a,b,c",true
229,User 229,user229@example.com,東京,8473.29,plain note 229,solo,false
230,User 230,user230@example.com,Paris,8510.30,plain note 230,solo,true
231,User 231,user231@example.com,Lima,8547.31,"said ""hi"", then left","a,b,c",false
232,User 232,user232@example.com,Amsterdam,8584.32,plain note 232,solo,true
233,User 233,user233@example.com,Bratislava,8621.33,plain note 233,solo,false
234,User 234,user234@example.com,Zürich,8658.34,plain note 234,"a,b,c",true
235,User 235,user235@example.com,København,8695.35,plain note 235,solo,false
236,User 236,user236@example.com,Москва,8732.36,plain note 236,solo,true
237,User 237,user237@example.com,東京,8769.37,plain note 237,"a,b,c",false
238,User 238,user238@example.com,Paris,8806.38,"said ""hi"", then left",solo,true
239,User 239,user239@example.com,Lima,8843.39,plain note 239,solo,false
240,User 240,user240@example.com,Amsterdam,8880.40,plain note 240,"a,b,c",true
241,User 241,user241@example.com,Bratislava,8917.41,plain note 241,solo,false
242,User 242,user242@example.com,Zürich,8954.42,"line one
line two",solo,true
243,User 243,user243@example.com,København,8991.43,plain note 243,"a,b,c",false
244,User 244,user244@example.com,Москва,9028.44,plain note 244,solo,true
245,User 245,user245@example.com,東京,9065.45,"said ""hi"", then left",solo,false
246,User 246,user246@example.com,Paris,9102.46,plain note 246,"a,b,c",true
247,User 247,user247@example.com,Lima,9139.47,plain note 247,solo,false
248,User 248,user248@example.com,Amsterdam,9176.48,plain note 248,solo,true
249,User 249,user249@example.com,Bratislava,9213.49,plain note 249,"a,b,c",false
250,User 250,user250@example.com,Zürich,9250.50,plain note 250,solo,true
251,User 251,user251@example.com,København,9287.51,plain note 251,solo,false
252,User 252,user252@example.com,Москва,9324.52,"said ""hi"", then left","a,b,c",true
253,User 253,user253@example.com,東京,9361.53,"line one
line two",solo,false
254,User 254,user254@example.com,Paris,9398.54,plain note 254,solo,true
255,User 255,user255@example.com,Lima,9435.55,plain note 255,"a,b,c",false
256,User 256,user256@example.com,Amsterdam,9472.56,plain note 256,solo,true
257,User 257,user257@example.com,Bratislava,9509.57,plain note 257,solo,false
258,User 258,user258@example.com,Zürich,9546.58,plain note 258,"a,b,c",true
259,User 259,user259@example.com,København,9583.59,"said ""hi"", then left",solo,false
260,User 260,user260@example.com,Москва,9620.60,plain note 260,solo,true
261,User 261,user261@example.com,東京,9657.61,plain note 261,"a,b,c",false
262,User 262,user262@example.com,Paris,9694.62,plain note 262,solo,true
263,User 263,user263@example.com,Lima,9731.63,plain note 263,solo,false
264,User 264,user264@example.com,Amsterdam,9768.64,"line one
line two","a,b,c",true
265,User 265,user265@example.com,Bratislava,9805.65,plain note 265,solo,false
266,User 266,user266@example.com,Zürich,9842.66,"said ""hi"", then left",solo,true
267,User 267,user267@example.com,København,9879.67,plain note 267,"a,b,c",false
268,User 268,user268@example.com,Москва,9916.68,plain note 268,solo,true
269,User 269,user269@example.com,東京,9953.69,plain note 269,solo,false
270,User 270,user270@example.com,Paris,9990.70,plain note 270,"a,b,c",true
271,User 271,user271@example.com,Lima,27.71,plain note 271,solo,false
272,User 272,user272@example.com,Amsterdam,64.72,plain note 272,solo,true
273,User 273,user273@example.com,Bratislava,101.73,"said ""hi"", then left","a,b,c",false
274,User 274,user274@example.com,Zürich,138.74,plain note 274,solo,true
275,User 275,user275@example.com,København,175.75,"line one
line two",solo,false
276,User 276,user276@example.com,Москва,212.76,plain note 276,"a,b,c",true
277,User 277,user277@example.com,東京,249.77,plain note 277,solo,false
278,User 278,user278@example.com,Paris,286.78,plain note 278,solo,true
279,User 279,user279@example.com,Lima,323.79,plain note 279,"a,b,c",false
280,User 280,user280@example.com,Amsterdam,360.80,"said ""hi"", then left",solo,true
281,User 281,user281@example.com,Bratislava,397.81,plain note 281,solo,false
282,User 282,user282@example.com,Zürich,434.82,plain note 282,"a,b,c",true
283,User 283,user283@example.com,København,471.83,plain note 283,solo,false
284,User 284,user284@example.com,Москва,508.84,plain note 284,solo,true
285,User 285,user285@example.com,東京,545.85,plain note 285,"a,b,c",false
286,User 286,user286@example.com,Paris,582.86,"line one
line two",solo,true
287,User 287,user287@example.com,Lima,619.87,"said ""hi"", then left",solo,false
288,User 288,user288@example.com,Amsterdam,656.88,plain note 288,"a,b,c",true
289,User 289,user289@example.com,Bratislava,693.89,plain note 289,solo,false
290,User 290,user290@example.com,Zürich,730.90,plain note 290,solo,true
291,User 291,user291@example.com,København,767.91,plain note 291,"a,b,c",false
292,User 292,user292@example.com,Москва,804.92,plain note 292,solo,true
293,User 293,user293@example.com,東京,841.93,plain note 293,solo,false
294,User 294,user294@example.com,Paris,878.94,"said ""hi"", then left","a,b,c",true
295,User 295,user295@example.com,Lima,915.95,plain note 295,solo,false
296,User 296,user296@example.com,Amsterdam,952.96,plain note 296,solo,true
297,User 297,user297@example.com,Bratislava,989.97,"line one
line two","a,b,c",false
298,User 298,user298@example.com,Zürich,1026.98,plain note 298,solo,true
299,User 299,user299@example.com,København,1063.99,plain note 299,solo,false
300,User 300,user300@example.com,Москва,1100.0,plain note 300,"a,b,c",true
301,User 301,user301@example.com,東京,1137.1,"said ""hi"", then left",solo,false
302,User 302,user302@example.com,Paris,1174.2,plain note 302,solo,true
303,User 303,user303@example.com,Lima,1211.3,plain note 303,"a,b,c",false
304,User 304,user304@example.com,Amsterdam,1248.4,plain note 304,solo,true
305,User 305,user305@example.com,Bratislava,1285.5,plain note 305,solo,false
306,User 306,user306@example.com,Zürich,1322.6,plain note 306,"a,b,c",true
307,User 307,user307@example.com,København,1359.7,plain note 307,solo,false
308,User 308,user308@example.com,Москва,1396.8,"said ""hi"", then left",solo,true
309,User 309,user309@example.com,東京,1433.9,plain note 309,"a,b,c",false
310,User 310,user310@example.com,Paris,1470.10,plain note 310,solo,true
311,User 311,user311@example.com,Lima,1507.11,plain note 311,solo,false
312,User 312,user312@example.com,Amsterdam,1544.12,plain note 312,"a,b,c",true
313,User 313,user313@example.com,Bratislava,1581.13,plain note 313,solo,false
314,User 314,user314@example.com,Zürich,1618.14,plain note 314,solo,true
315,User 315,user315@example.com,København,1655.15,"said ""hi"", then left","a,b,c",false
316,User 316,user316@example.com,Москва,1692.16,plain note 316,solo,true
317,User 317,user317@example.com,東京,1729.17,plain note 317,solo,false
318,User 318,user318@example.com,Paris,1766.18,plain note 318,"a,b,c",true
319,User 319,user319@example.com,Lima,1803.19,"line one
line two",solo,false
320,User 320,user320@example.com,Amsterdam,1840.20,plain note 320,solo,true
321,User 321,user321@example.com,Bratislava,1877.21,plain note 321,"a,b,c",false
322,User 322,user322@example.com,Zürich,1914.22,"said ""hi"", then left",solo,true
323,User 323,user323@example.com,København,1951.23,plain note 323,solo,false
324,User 324,user324@example.com,Москва,1988.24,plain note 324,"a,b,c",true
325,User 325,user325@example.com,東京,2025.25,plain note 325,solo,false
326,User 326,user326@example.com,Paris,2062.26,plain note 326,solo,true
327,User 327,user327@example.com,Lima,2099.27,plain note 327,"a,b,c",false
328,User 328,user328@example.com,Amsterdam,2136.28,plain note 328,solo,true
329,User 329,user329@example.com,Bratislava,2173.29,"said ""hi"", then left",solo,false
330,User 330,user330@example.com,Zürich,2210.30,"line one
line two","a,b,c",true
331,User 331,user331@example.com,København,2247.31,plain note 331,solo,false
332,User 332,user332@example.com,Москва,2284.32,plain note 332,solo,true
333,User 333,user333@example.com,東京,2321.33,plain note 333,"a,b,c",false
334,User 334,user334@example.com,Paris,2358.34,plain note 334,solo,true
335,User 335,user335@example.com,Lima,2395.35,plain note 335,solo,false
336,User 336,user336@example.com,Amsterdam,2432.36,"said ""hi"", then left","a,b,c",true
337,User 337,user337@example.com,Bratislava,2469.37,plain note 337,solo,false
338,User 338,user338@example.com,Zürich,2506.38,plain note 338,solo,true
339,User 339,user339@example.com,København,2543.39,plain note 339,"a,b,c",false
340,User 340,user340@example.com,Москва,2580.40,plain note 340,solo,true
341,User 341,user341@example.com,東京,2617.41,"line one
line two",solo,false
342,User 342,user342@example.com,Paris,2654.42,plain note 342,"a,b,c",true
343,User 343,user343@example.com,Lima,2691.43,"said ""hi"", then left",solo,false
344,User 344,user344@example.com,Amsterdam,2728.44,plain note 344,solo,true
345,User 345,user345@example.com,Bratislava,2765.45,plain note 345,"a,b,c",false
346,User 346,user346@example.com,Zürich,2802.46,plain note 346,solo,true
347,User 347,user347@example.com,København,2839.47,plain note 347,solo,false
348,User 348,user348@example.com,Москва,2876.48,plain note 348,"a,b,c",true
349,User 349,user349@example.com,東京,2913.49,plain note 349,solo,false
350,User 350,user350@example.com,Paris,2950.50,"said ""hi"", then left",solo,true
351,User 351,user351@example.com,Lima,2987.51,plain note 351,"a,b,c",false
352,User 352,user352@example.com,Amsterdam,3024.52,"line one
line two",solo,true
353,User 353,user353@example.com,Bratislava,3061.53,plain note 353,solo,false
354,User 354,user354@example.com,Zürich,3098.54,plain note 354,"a,b,c",true
355,User 355,user355@example.com,København,3135.55,plain note 355,solo,false
356,User 356,user356@example.com,Москва,3172.56,plain note 356,solo,true
357,User 357,user357@example.com,東京,3209.57,"said ""hi"", then left","a,b,c",false
358,User 358,user358@example.com,Paris,3246.58,plain note 358,solo,true
359,User 359,user359@example.com,Lima,3283.59,plain note 359,solo,false
360,User 360,user360@example.com,Amsterdam,3320.60,plain note 360,"a,b,c",true
361,User 361,user361@example.com,Bratislava,3357.61,plain note 361,solo,false
362,User 362,user362@example.com,Zürich,3394.62,plain note 362,solo,true
363,User 363,user363@example.com,København,3431.63,"line one
line two","a,b,c",false
364,User 364,user364@example.com,Москва,3468.64,"said ""hi"", then left",solo,true
365,User 365,user365@example.com,東京,3505.65,plain note 365,solo,false
366,User 366,user366@example.com,Paris,3542.66,plain note 366,"a,b,c",true
367,User 367,user367@example.com,Lima,3579.67,plain note 367,solo,false
368,User 368,user368@example.com,Amsterdam,3616.68,plain note 368,solo,true
369,User 369,user369@example.com,Bratislava,3653.69,plain note 369,"a,b,c",false
370,User 370,user370@example.com,Zürich,3690.70,plain note 370,solo,true
371,User 371,user371@example.com,København,3727.71,"said ""hi"", then left",solo,false
372,User 372,user372@example.com,Москва,3764.72,plain note 372,"a,b,c",true
373,User 373,user373@example.com,東京,3801.73,plain note 373,solo,false
374,User 374,user374@example.com,Paris,3838.74,"line one
line two",solo,true
375,User 375,user375@example.com,Lima,3875.75,plain note 375,"a,b,c",false
376,User 376,user376@example.com,Amsterdam,3912.76,plain note 376,solo,true
377,User 377,user377@example.com,Bratislava,3949.77,plain note 377,solo,false
378,User 378,user378@example.com,Zürich,3986.78,"said ""hi"", then left","a,b,c",true
379,User 379,user379@example.com,København,4023.79,plain note 379,solo,false
380,User 380,user380@example.com,Москва,4060.80,plain note 380,solo,true
381,User 381,user381@example.com,東京,4097.81,plain note 381,"a,b,c",false
382,User 382,user382@example.com,Paris,4134.82,plain note 382,solo,true
383,User 383,user383@example.com,Lima,4171.83,plain note 383,solo,false
384,User 384,user384@example.com,Amsterdam,4208.84,plain note 384,"a,b,c",true
385,User 385,user385@example.com,Bratislava,4245.85,"said ""hi"", then left",solo,false
386,User 386,user386@example.com,Zürich,4282.86,plain note 386,solo,true
387,User 387,user387@example.com,København,4319.87,plain note 387,"a,b,c",false
388,User 388,user388@example.com,Москва,4356.88,plain note 388,solo,true
389,User 389,user389@example.com,東京,4393.89,plain note 389,solo,false
390,User 390,user390@example.com,Paris,4430.90,plain note 390,"a,b,c",true
391,User 391,user391@example.com,Lima,4467.91,plain note 391,solo,false
392,User 392,user392@example.com,Amsterdam,4504.92,"said ""hi"", then left",solo,true
393,User 393,user393@example.com,Bratislava,4541.93,plain note 393,"a,b,c",false
394,User 394,user394@example.com,Zürich,4578.94,plain note 394,solo,true
395,User 395,user395@example.com,København,4615.95,plain note 395,solo,false
396,User 396,user396@example.com,Москва,4652.96,"line one
line two","a,b,c",true
397,User 397,user397@example.com,東京,4689.97,plain note 397,solo,false
398,User 398,user398@example.com,Paris,4726.98,plain note 398,solo,true
399,User 399,user399@example.com,Lima,4763.99,"said ""hi"", then left","a,b,c",false
400,User 400,user400@example.com,Amsterdam,4800.0,plain note 400,solo,true
401,User 401,user401@example.com,Bratislava,4837.1,plain note 401,solo,false
402,User 402,user402@example.com,Zürich,4874.2,plain note 402,"a,b,c",true
403,User 403,user403@example.com,København,4911.3,plain note 403,solo,false
404,User 404,user404@example.com,Москва,4948.4,plain note 404,solo,true
405,User 405,user405@example.com,東京,4985.5,plain note 405,"a,b,c",false
406,User 406,user406@example.com,Paris,5022.6,"said ""hi"", then left",solo,true
407,User 407,user407@example.com,Lima,5059.7,"line one
line two",solo,false
408,User 408,user408@example.com,Amsterdam,5096.8,plain note 408,"a,b,c",true
409,User 409,user409@example.com,Bratislava,5133.9,plain note 409,solo,false
410,User 410,user410@example.com,Zürich,5170.10,plain note 410,solo,true
411,User 411,user411@example.com,København,5207.11,plain note 411,"a,b,c",false
412,User 412,user412@example.com,Москва,5244.12,plain note 412,solo,true
413,User 413,user413@example.com,東京,5281.13,"said ""hi"", then left",solo,false
414,User 414,user414@example.com,Paris,5318.14,plain note 414,"a,b,c",true
415,User 415,user415@example.com,Lima,5355.15,plain note 415,solo,false
416,User 416,user416@example.com,Amsterdam,5392.16,plain note 416,solo,true
417,User 417,user417@example.com,Bratislava,5429.17,plain note 417,"a,b,c",false
418,User 418,user418@example.com,Zürich,5466.18,"line one
line two",solo,true
419,User 419,user419@example.com,København,5503.19,plain note 419,solo,false
420,User 420,user420@example.com,Москва,5540.20,"said ""hi"", then left","a,b,c",true
421,User 421,user421@example.com,東京,5577.21,plain note 421,solo,false
422,User 422,user422@example.com,Paris,5614.22,plain note 422,solo,true
423,User 423,user423@example.com,Lima,5651.23,plain note 423,"a,b,c",false
424,User 424,user424@example.com,Amsterdam,5688.24,plain note 424,solo,true
425,User 425,user425@example.com,Bratislava,5725.25,plain note 425,solo,false
426,User 426,user426@example.com,Zürich,5762.26,plain note 426,"a,b,c",true
427,User 427,user427@example.com,København,5799.27,"said ""hi"", then left",solo,false
428,User 428,user428@example.com,Москва,5836.28,plain note 428,solo,true
429,User 429,user429@example.com,東京,5873.29,"line one
line two","a,b,c",false
430,User 430,user430@example.com,Paris,5910.30,plain note 430,solo,true
431,User 431,user431@example.com,Lima,5947.31,plain note 431,solo,false
432,User 432,user432@example.com,Amsterdam,5984.32,plain note 432,"a,b,c",true
433,User 433,user433@example.com,Bratislava,6021.33,plain note 433,solo,false
434,User 434,user434@example.com,Zürich,6058.34,"said ""hi"", then left",solo,true
435,User 435,user435@example.com,København,6095.35,plain note 435,"a,b,c",false
436,User 436,user436@example.com,Москва,6132.36,plain note 436,solo,true
437,User 437,user437@example.com,東京,6169.37,plain note 437,solo,false
438,User 438,user438@example.com,Paris,6206.38,plain note 438,"a,b,c",true
439,User 439,user439@example.com,Lima,6243.39,plain note 439,solo,false
440,User 440,user440@example.com,Amsterdam,6280.40,"line one
line two",solo,true
441,User 441,user441@example.com,Bratislava,6317.41,"said ""hi"", then left","a,b,c",false
442,User 442,user442@example.com,Zürich,6354.42,plain note 442,solo,true
443,User 443,user443@example.com,København,6391.43,plain note 443,solo,false
444,User 444,user444@example.com,Москва,6428.44,plain note 444,"a,b,c",true
445,User 445,user445@example.com,東京,6465.45,plain note 445,solo,false
446,User 446,user446@example.com,Paris,6502.46,plain note 446,solo,true
447,User 447,user447@example.com,Lima,6539.47,plain note 447,"a,b,c",false
448,User 448,user448@example.com,Amsterdam,6576.48,"said ""hi"", then left",solo,true
449,User 449,user449@example.com,Bratislava,6613.49,plain note 449,solo,false
450,User 450,user450@example.com,Zürich,6650.50,plain note 450,"a,b,c",true
451,User 451,user451@example.com,København,6687.51,"line one
line two",solo,false
452,User 452,user452@example.com,Москва,6724.52,plain note 452,solo,true
453,User 453,user453@example.com,東京,6761.53,plain note 453,"a,b,c",false
454,User 454,user454@example.com,Paris,6798.54,plain note 454,solo,true
455,User 455,user455@example.com,Lima,6835.55,"said ""hi"", then left",solo,false
456,User 456,user456@example.com,Amsterdam,6872.56,plain note 456,"a,b,c",true
457,User 457,user457@example.com,Bratislava,6909.57,plain note 457,solo,false
458,User 458,user458@example.com,Zürich,6946.58,plain note 458,solo,true
459,User 459,user459@example.com,København,6983.59,plain note 459,"a,b,c",false
460,User 460,user460@example.com,Москва,7020.60,plain note 460,solo,true
461,User 461,user461@example.com,東京,7057.61,plain note 461,solo,false
462,User 462,user462@example.com,Paris,7094.62,"said ""hi"", then left","a,b,c",true
463,User 463,user463@example.com,Lima,7131.63,plain note 463,solo,false
464,User 464,user464@example.com,Amsterdam,7168.64,plain note 464,solo,true
465,User 465,user465@example.com,Bratislava,7205.65,plain note 465,"a,b,c",false
466,User 466,user466@example.com,Zürich,7242.66,plain note 466,solo,true
467,User 467,user467@example.com,København,7279.67,plain note 467,solo,false
468,User 468,user468@example.com,Москва,7316.68,plain note 468,"a,b,c",true
469,User 469,user469@example.com,東京,7353.69,"said ""hi"", then left",solo,false
470,User 470,user470@example.com,Paris,7390.70,plain note 470,solo,true
471,User 471,user471@example.com,Lima,7427.71,plain note 471,"a,b,c",false
472,User 472,user472@example.com,Amsterdam,7464.72,plain note 472,solo,true
473,User 473,user473@example.com,Bratislava,7501.73,"line one
line two",solo,false
474,User 474,user474@example.com,Zürich,7538.74,plain note 474,"a,b,c",true
475,User 475,user475@example.com,København,7575.75,plain note 475,solo,false
476,User 476,user476@example.com,Москва,7612.76,"said ""hi"", then left",solo,true
477,User 477,user477@example.com,東京,7649.77,plain note 477,"a,b,c",false
478,User 478,user478@example.com,Paris,7686.78,plain note 478,solo,true
479,User 479,user479@example.com,Lima,7723.79,plain note 479,solo,false
480,User 480,user480@example.com,Amsterdam,7760.80,plain note 480,"a,b,c",true
481,User 481,user481@example.com,Bratislava,7797.81,plain note 481,solo,false
482,User 482,user482@example.com,Zürich,7834.82,plain note 482,solo,true
483,User 483,user483@example.com,København,7871.83,"said ""hi"", then left","a,b,c",false
484,User 484,user484@example.com,Москва,7908.84,"line one
line two",solo,true
485,User 485,user485@example.com,東京,7945.85,plain note 485,solo,false
486,User 486,user486@example.com,Paris,7982.86,plain note 486,"a,b,c",true
487,User 487,user487@example.com,Lima,8019.87,plain note 487,solo,false
488,User 488,user488@example.com,Amsterdam,8056.88,plain note 488,solo,true
489,User 489,user489@example.com,Bratislava,8093.89,plain note 489,"a,b,c",false
490,User 490,user490@example.com,Zürich,8130.90,"said ""hi"", then left",solo,true
491,User 491,user491@example.com,København,8167.91,plain note 491,solo,false
492,User 492,user492@example.com,Москва,8204.92,plain note 492,"a,b,c",true
493,User 493,user493@example.com,東京,8241.93,plain note 493,solo,false
494,User 494,user494@example.com,Paris,8278.94,plain note 494,solo,true
495,User 495,user495@example.com,Lima,8315.95,"line one
line two","a,b,c",false
496,User 496,user496@example.com,Amsterdam,8352.96,plain note 496,solo,true
497,User 497,user497@example.com,Bratislava,8389.97,"said ""hi"", then left",solo,false
498,User 498,user498@example.com,Zürich,8426.98,plain note 498,"a,b,c",true
499,User 499,user499@example.com,København,8463.99,plain note 499,solo,false
500,User 500,user500@example.com,Москва,8500.0,plain note 500,solo,true
501,User 501,user501@example.com,東京,8537.1,plain note 501,"a,b,c",false
502,User 502,user502@example.com,Paris,8574.2,plain note 502,solo,true
503,User 503,user503@example.com,Lima,8611.3,plain note 503,solo,false
504,User 504,user504@example.com,Amsterdam,8648.4,"said ""hi"", then left","a,b,c",true
505,User 505,user505@example.com,Bratislava,8685.5,plain note 505,solo,false
506,User 506,user506@example.com,Zürich,8722.6,"line one
line two",solo,true
507,User 507,user507@example.com,København,8759.7,plain note 507,"a,b,c",false
508,User 508,user508@example.com,Москва,8796.8,plain note 508,solo,true
509,User 509,user509@example.com,東京,8833.9,plain note 509,solo,false
510,User 510,user510@example.com,Paris,8870.10,plain note 510,"a,b,c",true
511,User 511,user511@example.com,Lima,8907.11,"said ""hi"", then left",solo,false
512,User 512,user512@example.com,Amsterdam,8944.12,plain note 512,solo,true
513,User 513,user513@example.com,Bratislava,8981.13,plain note 513,"a,b,c",false
514,User 514,user514@example.com,Zürich,9018.14,plain note 514,solo,true
515,User 515,user515@example.com,København,9055.15,plain note 515,solo,false
516,User 516,user516@example.com,Москва,9092.16,plain note 516,"a,b,c",true
517,User 517,user517@example.com,東京,9129.17,"line one
line two",solo,false
518,User 518,user518@example.com,Paris,9166.18,"said ""hi"", then left",solo,true
519,User 519,user519@example.com,Lima,9203.19,plain note 519,"a,b,c",false
520,User 520,user520@example.com,Amsterdam,9240.20,plain note 520,solo,true
521,User 521,user521@example.com,Bratislava,9277.21,plain note 521,solo,false
522,User 522,user522@example.com,Zürich,9314.22,plain note 522,"a,b,c",true
523,User 523,user523@example.com,København,9351.23,plain note 523,solo,false
524,User 524,user524@example.com,Москва,9388.24,plain note 524,solo,true
525,User 525,user525@example.com,東京,9425.25,"said ""hi"", then left","a,b,c",false
526,User 526,user526@example.com,Paris,9462.26,plain note 526,solo,true
527,User 527,user527@example.com,Lima,9499.27,plain note 527,solo,false
528,User 528,user528@example.com,Amsterdam,9536.28,"line one
line two","a,b,c",true
529,User 529,user529@example.com,Bratislava,9573.29,plain note 529,solo,false
530,User 530,user530@example.com,Zürich,9610.30,plain note 530,solo,true
531,User 531,user531@example.com,København,9647.31,plain note 531,"a,b,c",false
532,User 532,user532@example.com,Москва,9684.32,"said ""hi"", then left",solo,true
533,User 533,user533@example.com,東京,9721.33,plain note 533,solo,false
534,User 534,user534@example.com,Paris,9758.34,plain note 534,"a,b,c",true
535,User 535,user535@example.com,Lima,9795.35,plain note 535,solo,false
536,User 536,user536@example.com,Amsterdam,9832.36,plain note 536,solo,true
537,User 537,user537@example.com,Bratislava,9869.37,plain note 537,"a,b,c",false
538,User 538,user538@example.com,Zürich,9906.38,plain note 538,solo,true
539,User 539,user539@example.com,København,9943.39,"said ""hi"", then left",solo,false
540,User 540,user540@example.com,Москва,9980.40,plain note 540,"a,b,c",true
541,User 541,user541@example.com,東京,17.41,plain note 541,solo,false
542,User 542,user542@example.com,Paris,54.42,plain note 542,solo,true
543,User 543,user543@example.com,Lima,91.43,plain note 543,"a,b,c",false
544,User 544,user544@example.com,Amsterdam,128.44,plain note 544,solo,true
545,User 545,user545@example.com,Bratislava,165.45,plain note 545,solo,false
546,User 546,user546@example.com,Zürich,202.46,"said ""hi"", then left","a,b,c",true
547,User 547,user547@example.com,København,239.47,plain note 547,solo,false
548,User 548,user548@example.com,Москва,276.48,plain note 548,solo,true
549,User 549,user549@example.com,東京,313.49,plain note 549,"a,b,c",false
550,User 550,user550@example.com,Paris,350.50,"line one
line two",solo,true
551,User 551,user551@example.com,Lima,387.51,plain note 551,solo,false
552,User 552,user552@example.com,Amsterdam,424.52,plain note 552,"a,b,c",true
553,User 553,user553@example.com,Bratislava,461.53,"said ""hi"", then left",solo,false
554,User 554,user554@example.com,Zürich,498.54,plain note 554,solo,true
555,User 555,user555@example.com,København,535.55,plain note 555,"a,b,c",false
556,User 556,user556@example.com,Москва,572.56,plain note 556,solo,true
557,User 557,user557@example.com,東京,609.57,plain note 557,solo,false
558,User 558,user558@example.com,Paris,646.58,plain note 558,"a,b,c",true
559,User 559,user559@example.com,Lima,683.59,plain note 559,solo,false
560,User 560,user560@example.com,Amsterdam,720.60,"said ""hi"", then left",solo,true
561,User 561,user561@example.com,Bratislava,757.61,"line one
line two","a,b,c",false
562,User 562,user562@example.com,Zürich,794.62,plain note 562,solo,true
563,User 563,user563@example.com,København,831.63,plain note 563,solo,false
564,User 564,user564@example.com,Москва,868.64,plain note 564,"a,b,c",true
565,User 565,user565@example.com,東京,905.65,plain note 565,solo,false
566,User 566,user566@example.com,Paris,942.66,plain note 566,solo,true
567,User 567,user567@example.com,Lima,979.67,"said ""hi"", then left","a,b,c",false
568,User 568,user568@example.com,Amsterdam,1016.68,plain note 568,solo,true
569,User 569,user569@example.com,Bratislava,1053.69,plain note 569,solo,false
570,User 570,user570@example.com,Zürich,1090.70,plain note 570,"a,b,c",true
571,User 571,user571@example.com,København,1127.71,plain note 571,solo,false
572,User 572,user572@example.com,Москва,1164.72,"line one
line two",solo,true
573,User 573,user573@example.com,東京,1201.73,plain note 573,"a,b,c",false
574,User 574,user574@example.com,Paris,1238.74,"said ""hi"", then left",solo,true
575,User 575,user575@example.com,Lima,1275.75,plain note 575,solo,false
576,User 576,user576@example.com,Amsterdam,1312.76,plain note 576,"a,b,c",true
577,User 577,user577@example.com,Bratislava,1349.77,plain note 577,solo,false
578,User 578,user578@example.com,Zürich,1386.78,plain note 578,solo,true
579,User 579,user579@example.com,København,1423.79,plain note 579,"a,b,c",false
580,User 580,user580@example.com,Москва,1460.80,plain note 580,solo,true
581,User 581,user581@example.com,東京,1497.81,"said ""hi"", then left",solo,false
582,User 582,user582@example.com,Paris,1534.82,plain note 582,"a,b,c",true
583,User 583,user583@example.com,Lima,1571.83,"line one
line two",solo,false
584,User 584,user584@example.com,Amsterdam,1608.84,plain note 584,solo,true
585,User 585,user585@example.com,Bratislava,1645.85,plain note 585,"a,b,c",false
586,User 586,user586@example.com,Zürich,1682.86,plain note 586,solo,true
587,User 587,user587@example.com,København,1719.87,plain note 587,solo,false
588,User 588,user588@example.com,Москва,1756.88,"said ""hi"", then left","a,b,c",true
589,User 589,user589@example.com,東京,1793.89,plain note 589,solo,false
590,User 590,user590@example.com,Paris,1830.90,plain note 590,solo,true
591,User 591,user591@example.com,Lima,1867.91,plain note 591,"a,b,c",false
592,User 592,user592@example.com,Amsterdam,1904.92,plain note 592,solo,true
593,User 593,user593@example.com,Bratislava,1941.93,plain note 593,solo,false
594,User 594,user594@example.com,Zürich,1978.94,"line one
line two","a,b,c",true
595,User 595,user595@example.com,København,2015.95,"said ""hi"", then left",solo,false
596,User 596,user596@example.com,Москва,2052.96,plain note 596,solo,true
597,User 597,user597@example.com,東京,2089.97,plain note 597,"a,b,c",false
598,User 598,user598@example.com,Paris,2126.98,plain note 598,solo,true
599,User 599,user599@example.com,Lima,2163.99,plain note 599,solo,false
600,User 600,user600@example.com,Amsterdam,2200.0,plain note 600,"a,b,c",true
601,User 601,user601@example.com,Bratislava,2237.1,plain note 601,solo,false
602,User 602,user602@example.com,Zürich,2274.2,"said ""hi"", then left",solo,true
603,User 603,user603@example.com,København,2311.3,plain note 603,"a,b,c",false
604,User 604,user604@example.com,Москва,2348.4,plain note 604,solo,true
605,User 605,user605@example.com,東京,2385.5,"line one
line two",solo,false
606,User 606,user606@example.com,Paris,2422.6,plain note 606,"a,b,c",true
607,User 607,user607@example.com,Lima,2459.7,plain note 607,solo,false
608,User 608,user608@example.com,Amsterdam,2496.8,plain note 608,solo,true
609,User 609,user609@example.com,Bratislava,2533.9,"said ""hi"", then left","a,b,c",false
610,User 610,user610@example.com,Zürich,2570.10,plain note 610,solo,true
611,User 611,user611@example.com,København,2607.11,plain note 611,solo,false
612,User 612,user612@example.com,Москва,2644.12,plain note 612,"a,b,c",true
613,User 613,user613@example.com,東京,2681.13,plain note 613,solo,false
614,User 614,user614@example.com,Paris,2718.14,plain note 614,solo,true
615,User 615,user615@example.com,Lima,2755.15,plain note 615,"a,b,c",false
616,User 616,user616@example.com,Amsterdam,2792.16,"said ""hi"", then left",solo,true
617,User 617,user617@example.com,Bratislava,2829.17,plain note 617,solo,false
618,User 618,user618@example.com,Zürich,2866.18,plain note 618,"a,b,c",true
619,User 619,user619@example.com,København,2903.19,plain note 619,solo,false
620,User 620,user620@example.com,Москва,2940.20,plain note 620,solo,true
621,User 621,user621@example.com,東京,2977.21,plain note 621,"a,b,c",false
622,User 622,user622@example.com,Paris,3014.22,plain note 622,solo,true
623,User 623,user623@example.com,Lima,3051.23,"said ""hi"", then left",solo,false
624,User 624,user624@example.com,Amsterdam,3088.24,plain note 624,"a,b,c",true
625,User 625,user625@example.com,Bratislava,3125.25,plain note 625,solo,false
626,User 626,user626@example.com,Zürich,3162.26,plain note 626,solo,true
627,User 627,user627@example.com,København,3199.27,"line one
line two","a,b,c",false
628,User 628,user628@example.com,Москва,3236.28,plain note 628,solo,true
629,User 629,user629@example.com,東京,3273.29,plain note 629,solo,false
630,User 630,user630@example.com,Paris,3310.30,"said ""hi"", then left","a,b,c",true
631,User 631,user631@example.com,Lima,3347.31,plain note 631,solo,false
632,User 632,user632@example.com,Amsterdam,3384.32,plain note 632,solo,true
633,User 633,user633@example.com,Bratislava,3421.33,plain note 633,"a,b,c",false
634,User 634,user634@example.com,Zürich,3458.34,plain note 634,solo,true
635,User 635,user635@example.com,København,3495.35,plain note 635,solo,false
636,User 636,user636@example.com,Москва,3532.36,plain note 636,"a,b,c",true
637,User 637,user637@example.com,東京,3569.37,"said ""hi"", then left",solo,false
638,User 638,user638@example.com,Paris,3606.38,"line one
line two",solo,true
639,User 639,user639@example.com,Lima,3643.39,plain note 639,"a,b,c",false
640,User 640,user640@example.com,Amsterdam,3680.40,plain note 640,solo,true
641,User 641,user641@example.com,Bratislava,3717.41,plain note 641,solo,false
642,User 642,user642@example.com,Zürich,3754.42,plain note 642,"a,b,c",true
643,User 643,user643@example.com,København,3791.43,plain note 643,solo,false
644,User 644,user644@example.com,Москва,3828.44,"said ""hi"", then left",solo,true
645,User 645,user645@example.com,東京,3865.45,plain note 645,"a,b,c",false
646,User 646,user646@example.com,Paris,3902.46,plain note 646,solo,true
647,User 647,user647@example.com,Lima,3939.47,plain note 647,solo,false
648,User 648,user648@example.com,Amsterdam,3976.48,plain note 648,"a,b,c",true
649,User 649,user649@example.com,Bratislava,4013.49,"line one
line two",solo,false
650,User 650,user650@example.com,Zürich,4050.50,plain note 650,solo,true
651,User 651,user651@example.com,København,4087.51,"said ""hi"", then left","a,b,c",false
652,User 652,user652@example.com,Москва,4124.52,plain note 652,solo,true
653,User 653,user653@example.com,東京,4161.53,plain note 653,solo,false
654,User 654,user654@example.com,Paris,4198.54,plain note 654,"a,b,c",true
655,User 655,user655@example.com,Lima,4235.55,plain note 655,solo,false
656,User 656,user656@example.com,Amsterdam,4272.56,plain note 656,solo,true
657,User 657,user657@example.com,Bratislava,4309.57,plain note 657,"a,b,c",false
658,User 658,user658@example.com,Zürich,4346.58,"said ""hi"", then left",solo,true
659,User 659,user659@example.com,København,4383.59,plain note 659,solo,false
660,User 660,user660@example.com,Москва,4420.60,"line one
line two","a,b,c",true
661,User 661,user661@example.com,東京,4457.61,plain note 661,solo,false
662,User 662,user662@example.com,Paris,4494.62,plain note 662,solo,true
663,User 663,user663@example.com,Lima,4531.63,plain note 663,"a,b,c",false
664,User 664,user664@example.com,Amsterdam,4568.64,plain note 664,solo,true
665,User 665,user665@example.com,Bratislava,4605.65,"said ""hi"", then left",solo,false
666,User 666,user666@example.com,Zürich,4642.66,plain note 666,"a,b,c",true
667,User 667,user667@example.com,København,4679.67,plain note 667,solo,false
668,User 668,user668@example.com,Москва,4716.68,plain note 668,solo,true
669,User 669,user669@example.com,東京,4753.69,plain note 669,"a,b,c",false
670,User 670,user670@example.com,Paris,4790.70,plain note 670,solo,true
671,User 671,user671@example.com,Lima,4827.71,"line one
line two",solo,false
672,User 672,user672@example.com,Amsterdam,4864.72,"said ""hi"", then left","a,b,c",true
673,User 673,user673@example.com,Bratislava,4901.73,plain note 673,solo,false
674,User 674,user674@example.com,Zürich,4938.74,plain note 674,solo,true
675,User 675,user675@example.com,København,4975.75,plain note 675,"a,b,c",false
676,User 676,user676@example.com,Москва,5012.76,plain note 676,solo,true
677,User 677,user677@example.com,東京,5049.77,plain note 677,solo,false
678,User 678,user678@example.com,Paris,5086.78,plain note 678,"a,b,c",true
679,User 679,user679@example.com,Lima,5123.79,"said ""hi"", then left",solo,false
680,User 680,user680@example.com,Amsterdam,5160.80,plain note 680,solo,true
681,User 681,user681@example.com,Bratislava,5197.81,plain note 681,"a,b,c",false
682,User 682,user682@example.com,Zürich,5234.82,"line one
line two",solo,true
683,User 683,user683@example.com,København,5271.83,plain note 683,solo,false
684,User 684,user684@example.com,Москва,5308.84,plain note 684,"a,b,c",true
685,User 685,user685@example.com,東京,5345.85,plain note 685,solo,false
686,User 686,user686@example.com,Paris,5382.86,"said ""hi"", then left",solo,true
687,User 687,user687@example.com,Lima,5419.87,plain note 687,"a,b,c",false
688,User 688,user688@example.com,Amsterdam,5456.88,plain note 688,solo,true
689,User 689,user689@example.com,Bratislava,5493.89,plain note 689,solo,false
690,User 690,user690@example.com,Zürich,5530.90,plain note 690,"a,b,c",true
691,User 691,user691@example.com,København,5567.91,plain note 691,solo,false
692,User 692,user692@example.com,Москва,5604.92,plain note 692,solo,true
693,User 693,user693@example.com,東京,5641.93,"said ""hi"", then left","a,b,c",false
694,User 694,user694@example.com,Paris,5678.94,plain note 694,solo,true
695,User 695,user695@example.com,Lima,5715.95,plain note 695,solo,false
696,User 696,user696@example.com,Amsterdam,5752.96,plain note 696,"a,b,c",true
697,User 697,user697@example.com,Bratislava,5789.97,plain note 697,solo,false
698,User 698,user698@example.com,Zürich,5826.98,plain note 698,solo,true
699,User 699,user699@example.com,København,5863.99,plain note 699,"a,b,c",false
700,User 700,user700@example.com,Москва,5900.0,"said ""hi"", then left",solo,true
701,User 701,user701@example.com,東京,5937.1,plain note 701,solo,false
702,User 702,user702@example.com,Paris,5974.2,plain note 702,"a,b,c",true
703,User 703,user703@example.com,Lima,6011.3,plain note 703,solo,false
704,User 704,user704@example.com,Amsterdam,6048.4,"line one
line two",solo,true
705,User 705,user705@example.com,Bratislava,6085.5,plain note 705,"a,b,c",false
706,User 706,user706@example.com,Zürich,6122.6,plain note 706,solo,true
707,User 707,user707@example.com,København,6159.7,"said ""hi"", then left",solo,false
708,User 708,user708@example.com,Москва,6196.8,plain note 708,"a,b,c",true
709,User 709,user709@example.com,東京,6233.9,plain note 709,solo,false
710,User 710,user710@example.com,Paris,6270.10,plain note 710,solo,true
711,User 711,user711@example.com,Lima,6307.11,plain note 711,"a,b,c",false
712,User 712,user712@example.com,Amsterdam,6344.12,plain note 712,solo,true
713,User 713,user713@example.com,Bratislava,6381.13,plain note 713,solo,false
714,User 714,user714@example.com,Zürich,6418.14,"said ""hi"", then left","a,b,c",true
715,User 715,user715@example.com,København,6455.15,"line one
line two",solo,false
716,User 716,user716@example.com,Москва,6492.16,plain note 716,solo,true
717,User 717,user717@example.com,東京,6529.17,plain note 717,"a,b,c",false
718,User 718,user718@example.com,Paris,6566.18,plain note 718,solo,true
719,User 719,user719@example.com,Lima,6603.19,plain note 719,solo,false
720,User 720,user720@example.com,Amsterdam,6640.20,plain note 720,"a,b,c",true
721,User 721,user721@example.com,Bratislava,6677.21,"said ""hi"", then left",solo,false
722,User 722,user722@example.com,Zürich,6714.22,plain note 722,solo,true
723,User 723,user723@example.com,København,6751.23,plain note 723,"a,b,c",false
724,User 724,user724@example.com,Москва,6788.24,plain note 724,solo,true
725,User 725,user725@example.com,東京,6825.25,plain note 725,solo,false
726,User 726,user726@example.com,Paris,6862.26,"line one
line two","a,b,c",true
727,User 727,user727@example.com,Lima,6899.27,plain note 727,solo,false
728,User 728,user728@example.com,Amsterdam,6936.28,"said ""hi"", then left",solo,true
729,User 729,user729@example.com,Bratislava,6973.29,plain note 729,"a,b,c",false
730,User 730,user730@example.com,Zürich,7010.30,plain note 730,solo,true
731,User 731,user731@example.com,København,7047.31,plain note 731,solo,false
732,User 732,user732@example.com,Москва,7084.32,plain note 732,"a,b,c",true
733,User 733,user733@example.com,東京,7121.33,plain note 733,solo,false
734,User 734,user734@example.com,Paris,7158.34,plain note 734,solo,true
735,User 735,user735@example.com,Lima,7195.35,"said ""hi"", then left","a,b,c",false
736,User 736,user736@example.com,Amsterdam,7232.36,plain note 736,solo,true
737,User 737,user737@example.com,Bratislava,7269.37,"line one
line two",solo,false
738,User 738,user738@example.com,Zürich,7306.38,plain note 738,"a,b,c",true
739,User 739,user739@example.com,København,7343.39,plain note 739,solo,false
740,User 740,user740@example.com,Москва,7380.40,plain note 740,solo,true
741,User 741,user741@example.com,東京,7417.41,plain note 741,"a,b,c",false
742,User 742,user742@example.com,Paris,7454.42,"said ""hi"", then left",solo,true
743,User 743,user743@example.com,Lima,7491.43,plain note 743,solo,false
744,User 744,user744@example.com,Amsterdam,7528.44,plain note 744,"a,b,c",true
745,User 745,user745@example.com,Bratislava,7565.45,plain note 745,solo,false
746,User 746,user746@example.com,Zürich,7602.46,plain note 746,solo,true
747,User 747,user747@example.com,København,7639.47,plain note 747,"a,b,c",false
748,User 748,user748@example.com,Москва,7676.48,"line one
line two",solo,true
749,User 749,user749@example.com,東京,7713.49,"said ""hi"", then left",solo,false
750,User 750,user750@example.com,Paris,7750.50,plain note 750,"a,b,c",true
751,User 751,user751@example.com,Lima,7787.51,plain note 751,solo,false
752,User 752,user752@example.com,Amsterdam,7824.52,plain note 752,solo,true
753,User 753,user753@example.com,Bratislava,7861.53,plain note 753,"a,b,c",false
754,User 754,user754@example.com,Zürich,7898.54,plain note 754,solo,true
755,User 755,user755@example.com,København,7935.55,plain note 755,solo,false
756,User 756,user756@example.com,Москва,7972.56,"said ""hi"", then left","a,b,c",true
757,User 757,user757@example.com,東京,8009.57,plain note 757,solo,false
758,User 758,user758@example.com,Paris,8046.58,plain note 758,solo,true
759,User 759,user759@example.com,Lima,8083.59,"line one
line two","a,b,c",false
760,User 760,user760@example.com,Amsterdam,8120.60,plain note 760,solo,true
761,User 761,user761@example.com,Bratislava,8157.61,plain note 761,solo,false
762,User 762,user762@example.com,Zürich,8194.62,plain note 762,"a,b,c",true
763,User 763,user763@example.com,København,8231.63,"said ""hi"", then left",solo,false
764,User 764,user764@example.com,Москва,8268.64,plain note 764,solo,true
765,User 765,user765@example.com,東京,8305.65,plain note 765,"a,b,c",false
766,User 766,user766@example.com,Paris,8342.66,plain note 766,solo,true
767,User 767,user767@example.com,Lima,8379.67,plain note 767,solo,false
768,User 768,user768@example.com,Amsterdam,8416.68,plain note 768,"a,b,c",true
769,User 769,user769@example.com,Bratislava,8453.69,plain note 769,solo,false
770,User 770,user770@example.com,Zürich,8490.70,"said ""hi"", then left",solo,true
771,User 771,user771@example.com,København,8527.71,plain note 771,"a,b,c",false
772,User 772,user772@example.com,Москва,8564.72,plain note 772,solo,true
773,User 773,user773@example.com,東京,8601.73,plain note 773,solo,false
774,User 774,user774@example.com,Paris,8638.74,plain note 774,"a,b,c",true
775,User 775,user775@example.com,Lima,8675.75,plain note 775,solo,false
776,User 776,user776@example.com,Amsterdam,8712.76,plain note 776,solo,true
777,User 777,user777@example.com,Bratislava,8749.77,"said ""hi"", then left","a,b,c",false
778,User 778,user778@example.com,Zürich,8786.78,plain note 778,solo,true
779,User 779,user779@example.com,København,8823.79,plain note 779,solo,false
780,User 780,user780@example.com,Москва,8860.80,plain note 780,"a,b,c",true
781,User 781,user781@example.com,東京,8897.81,"line one
line two",solo,false
782,User 782,user782@example.com,Paris,8934.82,plain note 782,solo,true
783,User 783,user783@example.com,Lima,8971.83,plain note 783,"a,b,c",false
784,User 784,user784@example.com,Amsterdam,9008.84,"said ""hi"", then left",solo,true
785,User 785,user785@example.com,Bratislava,9045.85,plain note 785,solo,false
786,User 786,user786@example.com,Zürich,9082.86,plain note 786,"a,b,c",true
787,User 787,user787@example.com,København,9119.87,plain note 787,solo,false
788,User 788,user788@example.com,Москва,9156.88,plain note 788,solo,true
789,User 789,user789@example.com,東京,9193.89,plain note 789,"a,b,c",false
790,User 790,user790@example.com,Paris,9230.90,plain note 790,solo,true
791,User 791,user791@example.com,Lima,9267.91,"said ""hi"", then left",solo,false
792,User 792,user792@example.com,Amsterdam,9304.92,"line one
line two","a,b,c",true
793,User 793,user793@example.com,Bratislava,9341.93,plain note 793,solo,false
794,User 794,user794@example.com,Zürich,9378.94,plain note 794,solo,true
795,User 795,user795@example.com,København,9415.95,plain note 795,"a,b,c",false
796,User 796,user796@example.com,Москва,9452.96,plain note 796,solo,true
797,User 797,user797@example.com,東京,9489.97,plain note 797,solo,false
798,User 798,user798@example.com,Paris,9526.98,"said ""hi"", then left","a,b,c",true
799,User 799,user799@example.com,Lima,9563.99,plain note 799,solo,false
800,User 800,user800@example.com,Amsterdam,9600.0,plain note 800,solo,true
801,User 801,user801@example.com,Bratislava,9637.1,plain note 801,"a,b,c",false
802,User 802,user802@example.com,Zürich,9674.2,plain note 802,solo,true
803,User 803,user803@example.com,København,9711.3,"line one
line two",solo,false
804,User 804,user804@example.com,Москва,9748.4,plain note 804,"a,b,c",true
805,User 805,user805@example.com,東京,9785.5,"said ""hi"", then left",solo,false
806,User 806,user806@example.com,Paris,9822.6,plain note 806,solo,true
807,User 807,user807@example.com,Lima,9859.7,plain note 807,"a,b,c",false
808,User 808,user808@example.com,Amsterdam,9896.8,plain note 808,solo,true
809,User 809,user809@example.com,Bratislava,9933.9,plain note 809,solo,false
810,User 810,user810@example.com,Zürich,9970.10,plain note 810,"a,b,c",true
811,User 811,user811@example.com,København,7.11,plain note 811,solo,false
812,User 812,user812@example.com,Москва,44.12,"said ""hi"", then left",solo,true
813,User 813,user813@example.com,東京,81.13,plain note 813,"a,b,c",false
814,User 814,user814@example.com,Paris,118.14,"line one
line two",solo,true
815,User 815,user815@example.com,Lima,155.15,plain note 815,solo,false
816,User 816,user816@example.com,Amsterdam,192.16,plain note 816,"a,b,c",true
817,User 817,user817@example.com,Bratislava,229.17,plain note 817,solo,false
818,User 818,user818@example.com,Zürich,266.18,plain note 818,solo,true
819,User 819,user819@example.com,København,303.19,"said ""hi"", then left","a,b,c",false
820,User 820,user820@example.com,Москва,340.20,plain note 820,solo,true
821,User 821,user821@example.com,東京,377.21,plain note 821,solo,false
822,User 822,user822@example.com,Paris,414.22,plain note 822,"a,b,c",true
823,User 823,user823@example.com,Lima,451.23,plain note 823,solo,false
824,User 824,user824@example.com,Amsterdam,488.24,plain note 824,solo,true
825,User 825,user825@example.com,Bratislava,525.25,"line one
line two","a,b,c",false
826,User 826,user826@example.com,Zürich,562.26,"said ""hi"", then left",solo,true
827,User 827,user827@example.com,København,599.27,plain note 827,solo,false
828,User 828,user828@example.com,Москва,636.28,plain note 828,"a,b,c",true
829,User 829,user829@example.com,東京,673.29,plain note 829,solo,false
830,User 830,user830@example.com,Paris,710.30,plain note 830,solo,true
831,User 831,user831@example.com,Lima,747.31,plain note 831,"a,b,c",false
832,User 832,user832@example.com,Amsterdam,784.32,plain note 832,solo,true
833,User 833,user833@example.com,Bratislava,821.33,"said ""hi"", then left",solo,false
834,User 834,user834@example.com,Zürich,858.34,plain note 834,"a,b,c",true
835,User 835,user835@example.com,København,895.35,plain note 835,solo,false
836,User 836,user836@example.com,Москва,932.36,"line one
line two",solo,true
837,User 837,user837@example.com,東京,969.37,plain note 837,"a,b,c",false
838,User 838,user838@example.com,Paris,1006.38,plain note 838,solo,true
839,User 839,user839@example.com,Lima,1043.39,plain note 839,solo,false
840,User 840,user840@example.com,Amsterdam,1080.40,"said ""hi"", then left","a,b,c",true
841,User 841,user841@example.com,Bratislava,1117.41,plain note 841,solo,false
842,User 842,user842@example.com,Zürich,1154.42,plain note 842,solo,true
843,User 843,user843@example.com,København,1191.43,plain note 843,"a,b,c",false
844,User 844,user844@example.com,Москва,1228.44,plain note 844,solo,true
845,User 845,user845@example.com,東京,1265.45,plain note 845,solo,false
846,User 846,user846@example.com,Paris,1302.46,plain note 846,"a,b,c",true
847,User 847,user847@example.com,Lima,1339.47,"said ""hi"", then left",solo,false
848,User 848,user848@example.com,Amsterdam,1376.48,plain note 848,solo,true
849,User 849,user849@example.com,Bratislava,1413.49,plain note 849,"a,b,c",false
850,User 850,user850@example.com,Zürich,1450.50,plain note 850,solo,true
851,User 851,user851@example.com,København,1487.51,plain note 851,solo,false
852,User 852,user852@example.com,Москва,1524.52,plain note 852,"a,b,c",true
853,User 853,user853@example.com,東京,1561.53,plain note 853,solo,false
854,User 854,user854@example.com,Paris,1598.54,"said ""hi"", then left",solo,true
855,User 855,user855@example.com,Lima,1635.55,plain note 855,"a,b,c",false
856,User 856,user856@example.com,Amsterdam,1672.56,plain note 856,solo,true
857,User 857,user857@example.com,Bratislava,1709.57,plain note 857,solo,false
858,User 858,user858@example.com,Zürich,1746.58,"line one
line two","a,b,c",true
859,User 859,user859@example.com,København,1783.59,plain note 859,solo,false
860,User 860,user860@example.com,Москва,1820.60,plain note 860,solo,true
861,User 861,user861@example.com,東京,1857.61,"said ""hi"", then left","a,b,c",false
862,User 862,user862@example.com,Paris,1894.62,plain note 862,solo,true
863,User 863,user863@example.com,Lima,1931.63,plain note 863,solo,false
864,User 864,user864@example.com,Amsterdam,1968.64,plain note 864,"a,b,c",true
865,User 865,user865@example.com,Bratislava,2005.65,plain note 865,solo,false
866,User 866,user866@example.com,Zürich,2042.66,plain note 866,solo,true
867,User 867,user867@example.com,København,2079.67,plain note 867,"a,b,c",false
868,User 868,user868@example.com,Москва,2116.68,"said ""hi"", then left",solo,true
869,User 869,user869@example.com,東京,2153.69,"line one
line two",solo,false
870,User 870,user870@example.com,Paris,2190.70,plain note 870,"a,b,c",true
871,User 871,user871@example.com,Lima,2227.71,plain note 871,solo,false
872,User 872,user872@example.com,Amsterdam,2264.72,plain note 872,solo,true
873,User 873,user873@example.com,Bratislava,2301.73,plain note 873,"a,b,c",false
874,User 874,user874@example.com,Zürich,2338.74,plain note 874,solo,true
875,User 875,user875@example.com,København,2375.75,"said ""hi"", then left",solo,false
876,User 876,user876@example.com,Москва,2412.76,plain note 876,"a,b,c",true
877,User 877,user877@example.com,東京,2449.77,plain note 877,solo,false
878,User 878,user878@example.com,Paris,2486.78,plain note 878,solo,true
879,User 879,user879@example.com,Lima,2523.79,plain note 879,"a,b,c",false
880,User 880,user880@example.com,Amsterdam,2560.80,"line one
line two",solo,true
881,User 881,user881@example.com,Bratislava,2597.81,plain note 881,solo,false
882,User 882,user882@example.com,Zürich,2634.82,"said ""hi"", then left","a,b,c",true
883,User 883,user883@example.com,København,2671.83,plain note 883,solo,false
884,User 884,user884@example.com,Москва,2708.84,plain note 884,solo,true
885,User 885,user885@example.com,東京,2745.85,plain note 885,"a,b,c",false
886,User 886,user886@example.com,Paris,2782.86,plain note 886,solo,true
887,User 887,user887@example.com,Lima,2819.87,plain note 887,solo,false
888,User 888,user888@example.com,Amsterdam,2856.88,plain note 888,"a,b,c",true
889,User 889,user889@example.com,Bratislava,2893.89,"said ""hi"", then left",solo,false
890,User 890,user890@example.com,Zürich,2930.90,plain note 890,solo,true
891,User 891,user891@example.com,København,2967.91,"line one
line two","a,b,c",false
892,User 892,user892@example.com,Москва,3004.92,plain note 892,solo,true
893,User 893,user893@example.com,東京,3041.93,plain note 893,solo,false
894,User 894,user894@example.com,Paris,3078.94,plain note 894,"a,b,c",true
895,User 895,user895@example.com,Lima,3115.95,plain note 895,solo,false
896,User 896,user896@example.com,Amsterdam,3152.96,"said ""hi"", then left",solo,true
897,User 897,user897@example.com,Bratislava,3189.97,plain note 897,"a,b,c",false
898,User 898,user898@example.com,Zürich,3226.98,plain note 898,solo,true
899,User 899,user899@example.com,København,3263.99,plain note 899,solo,false
900,User 900,user900@example.com,Москва,3300.0,plain note 900,"a,b,c",true
901,User 901,user901@example.com,東京,3337.1,plain note 901,solo,false
902,User 902,user902@example.com,Paris,3374.2,"line one
line two",solo,true
903,User 903,user903@example.com,Lima,3411.3,"said ""hi"", then left","a,b,c",false
904,User 904,user904@example.com,Amsterdam,3448.4,plain note 904,solo,true
905,User 905,user905@example.com,Bratislava,3485.5,plain note 905,solo,false
906,User 906,user906@example.com,Zürich,3522.6,plain note 906,"a,b,c",true
907,User 907,user907@example.com,København,3559.7,plain note 907,solo,false
908,User 908,user908@example.com,Москва,3596.8,plain note 908,solo,true
909,User 909,user909@example.com,東京,3633.9,plain note 909,"a,b,c",false
910,User 910,user910@example.com,Paris,3670.10,"said ""hi"", then left",solo,true
911,User 911,user911@example.com,Lima,3707.11,plain note 911,solo,false
912,User 912,user912@example.com,Amsterdam,3744.12,plain note 912,"a,b,c",true
913,User 913,user913@example.com,Bratislava,3781.13,"line one
line two",solo,false
914,User 914,user914@example.com,Zürich,3818.14,plain note 914,solo,true
915,User 915,user915@example.com,København,3855.15,plain note 915,"a,b,c",false
916,User 916,user916@example.com,Москва,3892.16,plain note 916,solo,true
917,User 917,user917@example.com,東京,3929.17,"said ""hi"", then left",solo,false
918,User 918,user918@example.com,Paris,3966.18,plain note 918,"a,b,c",true
919,User 919,user919@example.com,Lima,4003.19,plain note 919,solo,false
920,User 920,user920@example.com,Amsterdam,4040.20,plain note 920,solo,true
921,User 921,user921@example.com,Bratislava,4077.21,plain note 921,"a,b,c",false
922,User 922,user922@example.com,Zürich,4114.22,plain note 922,solo,true
923,User 923,user923@example.com,København,4151.23,plain note 923,solo,false
924,User 924,user924@example.com,Москва,4188.24,"said ""hi"", then left","a,b,c",true
925,User 925,user925@example.com,東京,4225.25,plain note 925,solo,false
926,User 926,user926@example.com,Paris,4262.26,plain note 926,solo,true
927,User 927,user927@example.com,Lima,4299.27,plain note 927,"a,b,c",false
928,User 928,user928@example.com,Amsterdam,4336.28,plain note 928,solo,true
929,User 929,user929@example.com,Bratislava,4373.29,plain note 929,solo,false
930,User 930,user930@example.com,Zürich,4410.30,plain note 930,"a,b,c",true
931,User 931,user931@example.com,København,4447.31,"said ""hi"", then left",solo,false
932,User 932,user932@example.com,Москва,4484.32,plain note 932,solo,true
933,User 933,user933@example.com,東京,4521.33,plain note 933,"a,b,c",false
934,User 934,user934@example.com,Paris,4558.34,plain note 934,solo,true
935,User 935,user935@example.com,Lima,4595.35,"line one
line two",solo,false
936,User 936,user936@example.com,Amsterdam,4632.36,plain note 936,"a,b,c",true
937,User 937,user937@example.com,Bratislava,4669.37,plain note 937,solo,false
938,User 938,user938@example.com,Zürich,4706.38,"said ""hi"", then left",solo,true
939,User 939,user939@example.com,København,4743.39,plain note 939,"a,b,c",false
940,User 940,user940@example.com,Москва,4780.40,plain note 940,solo,true
941,User 941,user941@example.com,東京,4817.41,plain note 941,solo,false
942,User 942,user942@example.com,Paris,4854.42,plain note 942,"a,b,c",true
943,User 943,user943@example.com,Lima,4891.43,plain note 943,solo,false
944,User 944,user944@example.com,Amsterdam,4928.44,plain note 944,solo,true
945,User 945,user945@example.com,Bratislava,4965.45,"said ""hi"", then left","a,b,c",false
946,User 946,user946@example.com,Zürich,5002.46,"line one
line two",solo,true
947,User 947,user947@example.com,København,5039.47,plain note 947,solo,false
948,User 948,user948@example.com,Москва,5076.48,plain note 948,"a,b,c",true
949,User 949,user949@example.com,東京,5113.49,plain note 949,solo,false
950,User 950,user950@example.com,Paris,5150.50,plain note 950,solo,true
951,User 951,user951@example.com,Lima,5187.51,plain note 951,"a,b,c",false
952,User 952,user952@example.com,Amsterdam,5224.52,"said ""hi"", then left",solo,true
953,User 953,user953@example.com,Bratislava,5261.53,plain note 953,solo,false
954,User 954,user954@example.com,Zürich,5298.54,plain note 954,"a,b,c",true
955,User 955,user955@example.com,København,5335.55,plain note 955,solo,false
956,User 956,user956@example.com,Москва,5372.56,plain note 956,solo,true
957,User 957,user957@example.com,東京,5409.57,"line one
line two","a,b,c",false
958,User 958,user958@example.com,Paris,5446.58,plain note 958,solo,true
959,User 959,user959@example.com,Lima,5483.59,"said ""hi"", then left",solo,false
960,User 960,user960@example.com,Amsterdam,5520.60,plain note 960,"a,b,c",true
961,User 961,user961@example.com,Bratislava,5557.61,plain note 961,solo,false
962,User 962,user962@example.com,Zürich,5594.62,plain note 962,solo,true
963,User 963,user963@example.com,København,5631.63,plain note 963,"a,b,c",false
964,User 964,user964@example.com,Москва,5668.64,plain note 964,solo,true
965,User 965,user965@example.com,東京,5705.65,plain note 965,solo,false
966,User 966,user966@example.com,Paris,5742.66,"said ""hi"", then left","a,b,c",true
967,User 967,user967@example.com,Lima,5779.67,plain note 967,solo,false
968,User 968,user968@example.com,Amsterdam,5816.68,"line one
line two",solo,true
969,User 969,user969@example.com,Bratislava,5853.69,plain note 969,"a,b,c",false
970,User 970,user970@example.com,Zürich,5890.70,plain note 970,solo,true
971,User 971,user971@example.com,København,5927.71,plain note 971,solo,false
972,User 972,user972@example.com,Москва,5964.72,plain note 972,"a,b,c",true
973,User 973,user973@example.com,東京,6001.73,"said ""hi"", then left",solo,false
974,User 974,user974@example.com,Paris,6038.74,plain note 974,solo,true
975,User 975,user975@example.com,Lima,6075.75,plain note 975,"a,b,c",false
976,User 976,user976@example.com,Amsterdam,6112.76,plain note 976,solo,true
977,User 977,user977@example.com,Bratislava,6149.77,plain note 977,solo,false
978,User 978,user978@example.com,Zürich,6186.78,plain note 978,"a,b,c",true
979,User 979,user979@example.com,København,6223.79,"line one
line two",solo,false
980,User 980,user980@example.com,Москва,6260.80,"said ""hi"", then left",solo,true
981,User 981,user981@example.com,東京,6297.81,plain note 981,"a,b,c",false
982,User 982,user982@example.com,Paris,6334.82,plain note 982,solo,true
983,User 983,user983@example.com,Lima,6371.83,plain note 983,solo,false
984,User 984,user984@example.com,Amsterdam,6408.84,plain note 984,"a,b,c",true
985,User 985,user985@example.com,Bratislava,6445.85,plain note 985,solo,false
986,User 986,user986@example.com,Zürich,6482.86,plain note 986,solo,true
987,User 987,user987@example.com,København,6519.87,"said ""hi"", then left","a,b,c",false
988,User 988,user988@example.com,Москва,6556.88,plain note 988,solo,true
989,User 989,user989@example.com,東京,6593.89,plain note 989,solo,false
990,User 990,user990@example.com,Paris,6630.90,"line one
line two","a,b,c",true
991,User 991,user991@example.com,Lima,6667.91,plain note 991,solo,false
992,User 992,user992@example.com,Amsterdam,6704.92,plain note 992,solo,true
993,User 993,user993@example.com,Bratislava,6741.93,plain note 993,"a,b,c",false
994,User 994,user994@example.com,Zürich,6778.94,"said ""hi"", then left",solo,true
995,User 995,user995@example.com,København,6815.95,plain note 995,solo,false
996,User 996,user996@example.com,Москва,6852.96,plain note 996,"a,b,c",true
997,User 997,user997@example.com,東京,6889.97,plain note 997,solo,false
998,User 998,user998@example.com,Paris,6926.98,plain note 998,solo,true
999,User 999,user999@example.com,Lima,6963.99,plain note 999,"a,b,c",false
1000,User 1000,user1000@example.com,Amsterdam,7000.0,plain note 1000,solo,true
1001,User 1001,user1001@example.com,Bratislava,7037.1,"said ""hi"", then left",solo,false
1002,User 1002,user1002@example.com,Zürich,7074.2,plain note 1002,"a,b,c",true
1003,User 1003,user1003@example.com,København,7111.3,plain note 1003,solo,false
1004,User 1004,user1004@example.com,Москва,7148.4,plain note 1004,solo,true
1005,User 1005,user1005@example.com,東京,7185.5,plain note 1005,"a,b,c",false
1006,User 1006,user1006@example.com,Paris,7222.6,plain note 1006,solo,true
1007,User 1007,user1007@example.com,Lima,7259.7,plain note 1007,solo,false
1008,User 1008,user1008@example.com,Amsterdam,7296.8,"said ""hi"", then left","a,b,c",true
1009,User 1009,user1009@example.com,Bratislava,7333.9,plain note 1009,solo,false
1010,User 1010,user1010@example.com,Zürich,7370.10,plain note 1010,solo,true
1011,User 1011,user1011@example.com,København,7407.11,plain note 1011,"a,b,c",false
1012,User 1012,user1012@example.com,Москва,7444.12,"line one
line two",solo,true
1013,User 1013,user1013@example.com,東京,7481.13,plain note 1013,solo,false
1014,User 1014,user1014@example.com,Paris,7518.14,plain note 1014,"a,b,c",true
1015,User 1015,user1015@example.com,Lima,7555.15,"said ""hi"", then left",solo,false
1016,User 1016,user1016@example.com,Amsterdam,7592.16,plain note 1016,solo,true
1017,User 1017,user1017@example.com,Bratislava,7629.17,plain note 1017,"a,b,c",false
1018,User 1018,user1018@example.com,Zürich,7666.18,plain note 1018,solo,true
1019,User 1019,user1019@example.com,København,7703.19,plain note 1019,solo,false
1020,User 1020,user1020@example.com,Москва,7740.20,plain note 1020,"a,b,c",true
1021,User 1021,user1021@example.com,東京,7777.21,plain note 1021,solo,false
1022,User 1022,user1022@example.com,Paris,7814.22,"said ""hi"", then left",solo,true
1023,User 1023,user1023@example.com,Lima,7851.23,"line one
line two","a,b,c",false
1024,User 1024,user1024@example.com,Amsterdam,7888.24,plain note 1024,solo,true
1025,User 1025,user1025@example.com,Bratislava,7925.25,plain note 1025,solo,false
1026,User 1026,user1026@example.com,Zürich,7962.26,plain note 1026,"a,b,c",true
1027,User 1027,user1027@example.com,København,7999.27,plain note 1027,solo,false
1028,User 1028,user1028@example.com,Москва,8036.28,plain note 1028,solo,true
1029,User 1029,user1029@example.com,東京,8073.29,"said ""hi"", then left","a,b,c",false
1030,User 1030,user1030@example.com,Paris,8110.30,plain note 1030,solo,true
1031,User 1031,user1031@example.com,Lima,8147.31,plain note 1031,solo,false
1032,User 1032,user1032@example.com,Amsterdam,8184.32,plain note 1032,"a,b,c",true
1033,User 1033,user1033@example.com,Bratislava,8221.33,plain note 1033,solo,false
1034,User 1034,user1034@example.com,Zürich,8258.34,"line one
line two",solo,true
1035,User 1035,user1035@example.com,København,8295.35,plain note 1035,"a,b,c",false
1036,User 1036,user1036@example.com,Москва,8332.36,"said ""hi"", then left",solo,true
1037,User 1037,user1037@example.com,東京,8369.37,plain note 1037,solo,false
1038,User 1038,user1038@example.com,Paris,8406.38,plain note 1038,"a,b,c",true
1039,User 1039,user1039@example.com,Lima,8443.39,plain note 1039,solo,false
1040,User 1040,user1040@example.com,Amsterdam,8480.40,plain note 1040,solo,true
1041,User 1041,user1041@example.com,Bratislava,8517.41,plain note 1041,"a,b,c",false
1042,User 1042,user1042@example.com,Zürich,8554.42,plain note 1042,solo,true
1043,User 1043,user1043@example.com,København,8591.43,"said ""hi"", then left",solo,false
1044,User 1044,user1044@example.com,Москва,8628.44,plain note 1044,"a,b,c",true
1045,User 1045,user1045@example.com,東京,8665.45,"line one
line two",solo,false
1046,User 1046,user1046@example.com,Paris,8702.46,plain note 1046,solo,true
1047,User 1047,user1047@example.com,Lima,8739.47,plain note 1047,"a,b,c",false
1048,User 1048,user1048@example.com,Amsterdam,8776.48,plain note 1048,solo,true
1049,User 1049,user1049@example.com,Bratislava,8813.49,plain note 1049,solo,false
1050,User 1050,user1050@example.com,Zürich,8850.50,"said ""hi"", then left","a,b,c",true
1051,User 1051,user1051@example.com,København,8887.51,plain note 1051,solo,false
1052,User 1052,user1052@example.com,Москва,8924.52,plain note 1052,solo,true
1053,User 1053,user1053@example.com,東京,8961.53,plain note 1053,"a,b,c",false
1054,User 1054,user1054@example.com,Paris,8998.54,plain note 1054,solo,true
1055,User 1055,user1055@example.com,Lima,9035.55,plain note 1055,solo,false
1056,User 1056,user1056@example.com,Amsterdam,9072.56,"line one
line two","a,b,c",true
1057,User 1057,user1057@example.com,Bratislava,9109.57,"said ""hi"", then left",solo,false
1058,User 1058,user1058@example.com,Zürich,9146.58,plain note 1058,solo,true
1059,User 1059,user1059@example.com,København,9183.59,plain note 1059,"a,b,c",false
1060,User 1060,user1060@example.com,Москва,9220.60,plain note 1060,solo,true
1061,User 1061,user1061@example.com,東京,9257.61,plain note 1061,solo,false
1062,User 1062,user1062@example.com,Paris,9294.62,plain note 1062,"a,b,c",true
1063,User 1063,user1063@example.com,Lima,9331.63,plain note 1063,solo,false
1064,User 1064,user1064@example.com,Amsterdam,9368.64,"said ""hi"", then left",solo,true
1065,User 1065,user1065@example.com,Bratislava,9405.65,plain note 1065,"a,b,c",false
1066,User 1066,user1066@example.com,Zürich,9442.66,plain note 1066,solo,true
1067,User 1067,user1067@example.com,København,9479.67,"line one
line two",solo,false
1068,User 1068,user1068@example.com,Москва,9516.68,plain note 1068,"a,b,c",true
1069,User 1069,user1069@example.com,東京,9553.69,plain note 1069,solo,false
1070,User 1070,user1070@example.com,Paris,9590.70,plain note 1070,solo,true
1071,User 1071,user1071@example.com,Lima,9627.71,"said ""hi"", then left","a,b,c",false
1072,User 1072,user1072@example.com,Amsterdam,9664.72,plain note 1072,solo,true
1073,User 1073,user1073@example.com,Bratislava,9701.73,plain note 1073,solo,false
1074,User 1074,user1074@example.com,Zürich,9738.74,plain note 1074,"a,b,c",true
1075,User 1075,user1075@example.com,København,9775.75,plain note 1075,solo,false
1076,User 1076,user1076@example.com,Москва,9812.76,plain note 1076,solo,true
1077,User 1077,user1077@example.com,東京,9849.77,plain note 1077,"a,b,c",false
1078,User 1078,user1078@example.com,Paris,9886.78,"said ""hi"", then left",solo,true
1079,User 1079,user1079@example.com,Lima,9923.79,plain note 1079,solo,false
1080,User 1080,user1080@example.com,Amsterdam,9960.80,plain note 1080,"a,b,c",true
1081,User 1081,user1081@example.com,Bratislava,9997.81,plain note 1081,solo,false
1082,User 1082,user1082@example.com,Zürich,34.82,plain note 1082,solo,true
1083,User 1083,user1083@example.com,København,71.83,plain note 1083,"a,b,c",false
1084,User 1084,user1084@example.com,Москва,108.84,plain note 1084,solo,true
1085,User 1085,user1085@example.com,東京,145.85,"said ""hi"", then left",solo,false
1086,User 1086,user1086@example.com,Paris,182.86,plain note 1086,"a,b,c",true
1087,User 1087,user1087@example.com,Lima,219.87,plain note 1087,solo,false
1088,User 1088,user1088@example.com,Amsterdam,256.88,plain note 1088,solo,true
1089,User 1089,user1089@example.com,Bratislava,293.89,"line one
line two","a,b,c",false
1090,User 1090,user1090@example.com,Zürich,330.90,plain note 1090,solo,true
1091,User 1091,user1091@example.com,København,367.91,plain note 1091,solo,false
1092,User 1092,user1092@example.com,Москва,404.92,"said ""hi"", then left","a,b,c",true
1093,User 1093,user1093@example.com,東京,441.93,plain note 1093,solo,false
1094,User 1094,user1094@example.com,Paris,478.94,plain note 1094,solo,true
1095,User 1095,user1095@example.com,Lima,515.95,plain note 1095,"a,b,c",false
1096,User 1096,user1096@example.com,Amsterdam,552.96,plain note 1096,solo,true
1097,User 1097,user1097@example.com,Bratislava,589.97,plain note 1097,solo,false
1098,User 1098,user1098@example.com,Zürich,626.98,plain note 1098,"a,b,c",true
1099,User 1099,user1099@example.com,København,663.99,"said ""hi"", then left",solo,false
1100,User 1100,user1100@example.com,Москва,700.0,"line one
line two",solo,true
1101,User 1101,user1101@example.com,東京,737.1,plain note 1101,"a,b,c",false
1102,User 1102,user1102@example.com,Paris,774.2,plain note 1102,solo,true
1103,User 1103,user1103@example.com,Lima,811.3,plain note 1103,solo,false
1104,User 1104,user1104@example.com,Amsterdam,848.4,plain note 1104,"a,b,c",true
1105,User 1105,user1105@example.com,Bratislava,885.5,plain note 1105,solo,false
1106,User 1106,user1106@example.com,Zürich,922.6,"said ""hi"", then left",solo,true
1107,User 1107,user1107@example.com,København,959.7,plain note 1107,"a,b,c",false
1108,User 1108,user1108@example.com,Москва,996.8,plain note 1108,solo,true
1109,User 1109,user1109@example.com,東京,1033.9,plain note 1109,solo,false
1110,User 1110,user1110@example.com,Paris,1070.10,plain note 1110,"a,b,c",true
1111,User 1111,user1111@example.com,Lima,1107.11,"line one
line two",solo,false
1112,User 1112,user1112@example.com,Amsterdam,1144.12,plain note 1112,solo,true
1113,User 1113,user1113@example.com,Bratislava,1181.13,"said ""hi"", then left","a,b,c",false
1114,User 1114,user1114@example.com,Zürich,1218.14,plain note 1114,solo,true
1115,User 1115,user1115@example.com,København,1255.15,plain note 1115,solo,false
1116,User 1116,user1116@example.com,Москва,1292.16,plain note 1116,"a,b,c",true
1117,User 1117,user1117@example.com,東京,1329.17,plain note 1117,solo,false
1118,User 1118,user1118@example.com,Paris,1366.18,plain note 1118,solo,true
1119,User 1119,user1119@example.com,Lima,1403.19,plain note 1119,"a,b,c",false
1120,User 1120,user1120@example.com,Amsterdam,1440.20,"said ""hi"", then left",solo,true
1121,User 1121,user1121@example.com,Bratislava,1477.21,plain note 1121,solo,false
1122,User 1122,user1122@example.com,Zürich,1514.22,"line one
line two","a,b,c",true
1123,User 1123,user1123@example.com,København,1551.23,plain note 1123,solo,false
1124,User 1124,user1124@example.com,Москва,1588.24,plain note 1124,solo,true
1125,User 1125,user1125@example.com,東京,1625.25,plain note 1125,"a,b,c",false
1126,User 1126,user1126@example.com,Paris,1662.26,plain note 1126,solo,true
1127,User 1127,user1127@example.com,Lima,1699.27,"said ""hi"", then left",solo,false
1128,User 1128,user1128@example.com,Amsterdam,1736.28,plain note 1128,"a,b,c",true
1129,User 1129,user1129@example.com,Bratislava,1773.29,plain note 1129,solo,false
1130,User 1130,user1130@example.com,Zürich,1810.30,plain note 1130,solo,true
1131,User 1131,user1131@example.com,København,1847.31,plain note 1131,"a,b,c",false
1132,User 1132,user1132@example.com,Москва,1884.32,plain note 1132,solo,true
1133,User 1133,user1133@example.com,東京,1921.33,"line one
line two",solo,false
1134,User 1134,user1134@example.com,Paris,1958.34,"said ""hi"", then left","a,b,c",true
1135,User 1135,user1135@example.com,Lima,1995.35,plain note 1135,solo,false
1136,User 1136,user1136@example.com,Amsterdam,2032.36,plain note 1136,solo,true
1137,User 1137,user1137@example.com,Bratislava,2069.37,plain note 1137,"a,b,c",false
1138,User 1138,user1138@example.com,Zürich,2106.38,plain note 1138,solo,true
1139,User 1139,user1139@example.com,København,2143.39,plain note 1139,solo,false
1140,User 1140,user1140@example.com,Москва,2180.40,plain note 1140,"a,b,c",true
1141,User 1141,user1141@example.com,東京,2217.41,"said ""hi"", then left",solo,false
1142,User 1142,user1142@example.com,Paris,2254.42,plain note 1142,solo,true
1143,User 1143,user1143@example.com,Lima,2291.43,plain note 1143,"a,b,c",false
1144,User 1144,user1144@example.com,Amsterdam,2328.44,"line one
line two",solo,true
1145,User 1145,user1145@example.com,Bratislava,2365.45,plain note 1145,solo,false
1146,User 1146,user1146@example.com,Zürich,2402.46,plain note 1146,"a,b,c",true
1147,User 1147,user1147@example.com,København,2439.47,plain note 1147,solo,false
1148,User 1148,user1148@example.com,Москва,2476.48,"said ""hi"", then left",solo,true
1149,User 1149,user1149@example.com,東京,2513.49,plain note 1149,"a,b,c",false
1150,User 1150,user1150@example.com,Paris,2550.50,plain note 1150,solo,true
1151,User 1151,user1151@example.com,Lima,2587.51,plain note 1151,solo,false
1152,User 1152,user1152@example.com,Amsterdam,2624.52,plain note 1152,"a,b,c",true
1153,User 1153,user1153@example.com,Bratislava,2661.53,plain note 1153,solo,false
1154,User 1154,user1154@example.com,Zürich,2698.54,plain note 1154,solo,true
1155,User 1155,user1155@example.com,København,2735.55,"said ""hi"", then left","a,b,c",false
1156,User 1156,user1156@example.com,Москва,2772.56,plain note 1156,solo,true
1157,User 1157,user1157@example.com,東京,2809.57,plain note 1157,solo,false
1158,User 1158,user1158@example.com,Paris,2846.58,plain note 1158,"a,b,c",true
1159,User 1159,user1159@example.com,Lima,2883.59,plain note 1159,solo,false
1160,User 1160,user1160@example.com,Amsterdam,2920.60,plain note 1160,solo,true
1161,User 1161,user1161@example.com,Bratislava,2957.61,plain note 1161,"a,b,c",false
1162,User 1162,user1162@example.com,Zürich,2994.62,"said ""hi"", then left",solo,true
1163,User 1163,user1163@example.com,København,3031.63,plain note 1163,solo,false
1164,User 1164,user1164@example.com,Москва,3068.64,plain note 1164,"a,b,c",true
1165,User 1165,user1165@example.com,東京,3105.65,plain note 1165,solo,false
1166,User 1166,user1166@example.com,Paris,3142.66,"line one
line two",solo,true
1167,User 1167,user1167@example.com,Lima,3179.67,plain note 1167,"a,b,c",false
1168,User 1168,user1168@example.com,Amsterdam,3216.68,plain note 1168,solo,true
1169,User 1169,user1169@example.com,Bratislava,3253.69,"said ""hi"", then left",solo,false
1170,User 1170,user1170@example.com,Zürich,3290.70,plain note 1170,"a,b,c",true
1171,User 1171,user1171@example.com,København,3327.71,plain note 1171,solo,false
1172,User 1172,user1172@example.com,Москва,3364.72,plain note 1172,solo,true
1173,User 1173,user1173@example.com,東京,3401.73,plain note 1173,"a,b,c",false
1174,User 1174,user1174@example.com,Paris,3438.74,plain note 1174,solo,true
1175,User 1175,user1175@example.com,Lima,3475.75,plain note 1175,solo,false
1176,User 1176,user1176@example.com,Amsterdam,3512.76,"said ""hi"", then left","a,b,c",true
1177,User 1177,user1177@example.com,Bratislava,3549.77,"line one
line two",solo,false
1178,User 1178,user1178@example.com,Zürich,3586.78,plain note 1178,solo,true
1179,User 1179,user1179@example.com,København,3623.79,plain note 1179,"a,b,c",false
1180,User 1180,user1180@example.com,Москва,3660.80,plain note 1180,solo,true
1181,User 1181,user1181@example.com,東京,3697.81,plain note 1181,solo,false
1182,User 1182,user1182@example.com,Paris,3734.82,plain note 1182,"a,b,c",true
1183,User 1183,user1183@example.com,Lima,3771.83,"said ""hi"", then left",solo,false
1184,User 1184,user1184@example.com,Amsterdam,3808.84,plain note 1184,solo,true
1185,User 1185,user1185@example.com,Bratislava,3845.85,plain note 1185,"a,b,c",false
1186,User 1186,user1186@example.com,Zürich,3882.86,plain note 1186,solo,true
1187,User 1187,user1187@example.com,København,3919.87,plain note 1187,solo,false
1188,User 1188,user1188@example.com,Москва,3956.88,"line one
line two","a,b,c",true
1189,User 1189,user1189@example.com,東京,3993.89,plain note 1189,solo,false
1190,User 1190,user1190@example.com,Paris,4030.90,"said ""hi"", then left",solo,true
1191,User 1191,user1191@example.com,Lima,4067.91,plain note 1191,"a,b,c",false
1192,User 1192,user1192@example.com,Amsterdam,4104.92,plain note 1192,solo,true
1193,User 1193,user1193@example.com,Bratislava,4141.93,plain note 1193,solo,false
1194,User 1194,user1194@example.com,Zürich,4178.94,plain note 1194,"a,b,c",true
1195,User 1195,user1195@example.com,København,4215.95,plain note 1195,solo,false
1196,User 1196,user1196@example.com,Москва,4252.96,plain note 1196,solo,true
1197,User 1197,user1197@example.com,東京,4289.97,"said ""hi"", then left","a,b,c",false
1198,User 1198,user1198@example.com,Paris,4326.98,plain note 1198,solo,true
1199,User 1199,user1199@example.com,Lima,4363.99,"line one
line two",solo,false
1200,User 1200,user1200@example.com,Amsterdam,4400.0,plain note 1200,"a,b,c",true
1201,User 1201,user1201@example.com,Bratislava,4437.1,plain note 1201,solo,false
1202,User 1202,user1202@example.com,Zürich,4474.2,plain note 1202,solo,true
1203,User 1203,user1203@example.com,København,4511.3,plain note 1203,"a,b,c",false
1204,User 1204,user1204@example.com,Москва,4548.4,"said ""hi"", then left",solo,true
1205,User 1205,user1205@example.com,東京,4585.5,plain note 1205,solo,false
1206,User 1206,user1206@example.com,Paris,4622.6,plain note 1206,"a,b,c",true
1207,User 1207,user1207@example.com,Lima,4659.7,plain note 1207,solo,false
1208,User 1208,user1208@example.com,Amsterdam,4696.8,plain note 1208,solo,true
1209,User 1209,user1209@example.com,Bratislava,4733.9,plain note 1209,"a,b,c",false
1210,User 1210,user1210@example.com,Zürich,4770.10,"line one
line two",solo,true
1211,User 1211,user1211@example.com,København,4807.11,"said ""hi"", then left",solo,false
1212,User 1212,user1212@example.com,Москва,4844.12,plain note 1212,"a,b,c",true
1213,User 1213,user1213@example.com,東京,4881.13,plain note 1213,solo,false
1214,User 1214,user1214@example.com,Paris,4918.14,plain note 1214,solo,true
1215,User 1215,user1215@example.com,Lima,4955.15,plain note 1215,"a,b,c",false
1216,User 1216,user1216@example.com,Amsterdam,4992.16,plain note 1216,solo,true
1217,User 1217,user1217@example.com,Bratislava,5029.17,plain note 1217,solo,false
1218,User 1218,user1218@example.com,Zürich,5066.18,"said ""hi"", then left","a,b,c",true
1219,User 1219,user1219@example.com,København,5103.19,plain note 1219,solo,false
1220,User 1220,user1220@example.com,Москва,5140.20,plain note 1220,solo,true
1221,User 1221,user1221@example.com,東京,5177.21,"line one
line two","a,b,c",false
1222,User 1222,user1222@example.com,Paris,5214.22,plain note 1222,solo,true
1223,User 1223,user1223@example.com,Lima,5251.23,plain note 1223,solo,false
1224,User 1224,user1224@example.com,Amsterdam,5288.24,plain note 1224,"a,b,c",true
1225,User 1225,user1225@example.com,Bratislava,5325.25,"said ""hi"", then left",solo,false
1226,User 1226,user1226@example.com,Zürich,5362.26,plain note 1226,solo,true
1227,User 1227,user1227@example.com,København,5399.27,plain note 1227,"a,b,c",false
1228,User 1228,user1228@example.com,Москва,5436.28,plain note 1228,solo,true
1229,User 1229,user1229@example.com,東京,5473.29,plain note 1229,solo,false
1230,User 1230,user1230@example.com,Paris,5510.30,plain note 1230,"a,b,c",true
1231,User 1231,user1231@example.com,Lima,5547.31,plain note 1231,solo,false
1232,User 1232,user1232@example.com,Amsterdam,5584.32,"said ""hi"", then left",solo,true
1233,User 1233,user1233@example.com,Bratislava,5621.33,plain note 1233,"a,b,c",false
1234,User 1234,user1234@example.com,Zürich,5658.34,plain note 1234,solo,true
1235,User 1235,user1235@example.com,København,5695.35,plain note 1235,solo,false
1236,User 1236,user1236@example.com,Москва,5732.36,plain note 1236,"a,b,c",true
1237,User 1237,user1237@example.com,東京,5769.37,plain note 1237,solo,false
1238,User 1238,user1238@example.com,Paris,5806.38,plain note 1238,solo,true
1239,User 1239,user1239@example.com,Lima,5843.39,"said ""hi"", then left","a,b,c",false
1240,User 1240,user1240@example.com,Amsterdam,5880.40,plain note 1240,solo,true
1241,User 1241,user1241@example.com,Bratislava,5917.41,plain note 1241,solo,false
1242,User 1242,user1242@example.com,Zürich,5954.42,plain note 1242,"a,b,c",true
1243,User 1243,user1243@example.com,København,5991.43,"line one
line two",solo,false
1244,User 1244,user1244@example.com,Москва,6028.44,plain note 1244,solo,true
1245,User 1245,user1245@example.com,東京,6065.45,plain note 1245,"a,b,c",false
1246,User 1246,user1246@example.com,Paris,6102.46,"said ""hi"", then left",solo,true
1247,User 1247,user1247@example.com,Lima,6139.47,plain note 1247,solo,false
1248,User 1248,user1248@example.com,Amsterdam,6176.48,plain note 1248,"a,b,c",true
1249,User 1249,user1249@example.com,Bratislava,6213.49,plain note 1249,solo,false
1250,User 1250,user1250@example.com,Zürich,6250.50,plain note 1250,solo,true
1251,User 1251,user1251@example.com,København,6287.51,plain note 1251,"a,b,c",false
1252,User 1252,user1252@example.com,Москва,6324.52,plain note 1252,solo,true
1253,User 1253,user1253@example.com,東京,6361.53,"said ""hi"", then left",solo,false
1254,User 1254,user1254@example.com,Paris,6398.54,"line one
line two","a,b,c",true
1255,User 1255,user1255@example.com,Lima,6435.55,plain note 1255,solo,false
1256,User 1256,user1256@example.com,Amsterdam,6472.56,plain note 1256,solo,true
1257,User 1257,user1257@example.com,Bratislava,6509.57,plain note 1257,"a,b,c",false
1258,User 1258,user1258@example.com,Zürich,6546.58,plain note 1258,solo,true
1259,User 1259,user1259@example.com,København,6583.59,plain note 1259,solo,false
1260,User 1260,user1260@example.com,Москва,6620.60,"said ""hi"", then left","a,b,c",true
1261,User 1261,user1261@example.com,東京,6657.61,plain note 1261,solo,false
1262,User 1262,user1262@example.com,Paris,6694.62,plain note 1262,solo,true
1263,User 1263,user1263@example.com,Lima,6731.63,plain note 1263,"a,b,c",false
1264,User 1264,user1264@example.com,Amsterdam,6768.64,plain note 1264,solo,true
1265,User 1265,user1265@example.com,Bratislava,6805.65,"line one
line two",solo,false
1266,User 1266,user1266@example.com,Zürich,6842.66,plain note 1266,"a,b,c",true
1267,User 1267,user1267@example.com,København,6879.67,"said ""hi"", then left",solo,false
1268,User 1268,user1268@example.com,Москва,6916.68,plain note 1268,solo,true
1269,User 1269,user1269@example.com,東京,6953.69,plain note 1269,"a,b,c",false
1270,User 1270,user1270@example.com,Paris,6990.70,plain note 1270,solo,true
1271,User 1271,user1271@example.com,Lima,7027.71,plain note 1271,solo,false
1272,User 1272,user1272@example.com,Amsterdam,7064.72,plain note 1272,"a,b,c",true
1273,User 1273,user1273@example.com,Bratislava,7101.73,plain note 1273,solo,false
1274,User 1274,user1274@example.com,Zürich,7138.74,"said ""hi"", then left",solo,true
1275,User 1275,user1275@example.com,København,7175.75,plain note 1275,"a,b,c",false
1276,User 1276,user1276@example.com,Москва,7212.76,"line one
line two",solo,true
1277,User 1277,user1277@example.com,東京,7249.77,plain note 1277,solo,false
1278,User 1278,user1278@example.com,Paris,7286.78,plain note 1278,"a,b,c",true
1279,User 1279,user1279@example.com,Lima,7323.79,plain note 1279,solo,false
1280,User 1280,user1280@example.com,Amsterdam,7360.80,plain note 1280,solo,true
1281,User 1281,user1281@example.com,Bratislava,7397.81,"said ""hi"", then left","a,b,c",false
1282,User 1282,user1282@example.com,Zürich,7434.82,plain note 1282,solo,true
1283,User 1283,user1283@example.com,København,7471.83,plain note 1283,solo,false
1284,User 1284,user1284@example.com,Москва,7508.84,plain note 1284,"a,b,c",true
1285,User 1285,user1285@example.com,東京,7545.85,plain note 1285,solo,false
1286,User 1286,user1286@example.com,Paris,7582.86,plain note 1286,solo,true
1287,User 1287,user1287@example.com,Lima,7619.87,"line one
line two","a,b,c",false
1288,User 1288,user1288@example.com,Amsterdam,7656.88,"said ""hi"", then left",solo,true
1289,User 1289,user1289@example.com,Bratislava,7693.89,plain note 1289,solo,false
1290,User 1290,user1290@example.com,Zürich,7730.90,plain note 1290,"a,b,c",true
1291,User 1291,user1291@example.com,København,7767.91,plain note 1291,solo,false
1292,User 1292,user1292@example.com,Москва,7804.92,plain note 1292,solo,true
1293,User 1293,user1293@example.com,東京,7841.93,plain note 1293,"a,b,c",false
1294,User 1294,user1294@example.com,Paris,7878.94,plain note 1294,solo,true
1295,User 1295,user1295@example.com,Lima,7915.95,"said ""hi"", then left",solo,false
1296,User 1296,user1296@example.com,Amsterdam,7952.96,plain note 1296,"a,b,c",true
1297,User 1297,user1297@example.com,Bratislava,7989.97,plain note 1297,solo,false
1298,User 1298,user1298@example.com,Zürich,8026.98,"line one
line two",solo,true
1299,User 1299,user1299@example.com,København,8063.99,plain note 1299,"a,b,c",false
1300,User 1300,user1300@example.com,Москва,8100.0,plain note 1300,solo,true
1301,User 1301,user1301@example.com,東京,8137.1,plain note 1301,solo,false
1302,User 1302,user1302@example.com,Paris,8174.2,"said ""hi"", then left","a,b,c",true
1303,User 1303,user1303@example.com,Lima,8211.3,plain note 1303,solo,false
1304,User 1304,user1304@example.com,Amsterdam,8248.4,plain note 1304,solo,true
1305,User 1305,user1305@example.com,Bratislava,8285.5,plain note 1305,"a,b,c",false
1306,User 1306,user1306@example.com,Zürich,8322.6,plain note 1306,solo,true
1307,User 1307,user1307@example.com,København,8359.7,plain note 1307,solo,false
1308,User 1308,user1308@example.com,Москва,8396.8,plain note 1308,"a,b,c",true
1309,User 1309,user1309@example.com,東京,8433.9,"said ""hi"", then left",solo,false
1310,User 1310,user1310@example.com,Paris,8470.10,plain note 1310,solo,true
1311,User 1311,user1311@example.com,Lima,8507.11,plain note 1311,"a,b,c",false
1312,User 1312,user1312@example.com,Amsterdam,8544.12,plain note 1312,solo,true
1313,User 1313,user1313@example.com,Bratislava,8581.13,plain note 1313,solo,false
1314,User 1314,user1314@example.com,Zürich,8618.14,plain note 1314,"a,b,c",true
1315,User 1315,user1315@example.com,København,8655.15,plain note 1315,solo,false
1316,User 1316,user1316@example.com,Москва,8692.16,"said ""hi"", then left",solo,true
1317,User 1317,user1317@example.com,東京,8729.17,plain note 1317,"a,b,c",false
1318,User 1318,user1318@example.com,Paris,8766.18,plain note 1318,solo,true
1319,User 1319,user1319@example.com,Lima,8803.19,plain note 1319,solo,false
1320,User 1320,user1320@example.com,Amsterdam,8840.20,"line one
line two","a,b,c",true
1321,User 1321,user1321@example.com,Bratislava,8877.21,plain note 1321,solo,false
1322,User 1322,user1322@example.com,Zürich,8914.22,plain note 1322,solo,true
1323,User 1323,user1323@example.com,København,8951.23,"said ""hi"", then left","a,b,c",false
1324,User 1324,user1324@example.com,Москва,8988.24,plain note 1324,solo,true
1325,User 1325,user1325@example.com,東京,9025.25,plain note 1325,solo,false
1326,User 1326,user1326@example.com,Paris,9062.26,plain note 1326,"a,b,c",true
1327,User 1327,user1327@example.com,Lima,9099.27,plain note 1327,solo,false
1328,User 1328,user1328@example.com,Amsterdam,9136.28,plain note 1328,solo,true
1329,User 1329,user1329@example.com,Bratislava,9173.29,plain note 1329,"a,b,c",false
1330,User 1330,user1330@example.com,Zürich,9210.30,"said ""hi"", then left",solo,true
1331,User 1331,user1331@example.com,København,9247.31,"line one
line two",solo,false
1332,User 1332,user1332@example.com,Москва,9284.32,plain note 1332,"a,b,c",true
1333,User 1333,user1333@example.com,東京,9321.33,plain note 1333,solo,false
1334,User 1334,user1334@example.com,Paris,9358.34,plain note 1334,solo,true
1335,User 1335,user1335@example.com,Lima,9395.35,plain note 1335,"a,b,c",false
1336,User 1336,user1336@example.com,Amsterdam,9432.36,plain note 1336,solo,true
1337,User 1337,user1337@example.com,Bratislava,9469.37,"said ""hi"", then left",solo,false
1338,User 1338,user1338@example.com,Zürich,9506.38,plain note 1338,"a,b,c",true
1339,User 1339,user1339@example.com,København,9543.39,plain note 1339,solo,false
1340,User 1340,user1340@example.com,Москва,9580.40,plain note 1340,solo,true
1341,User 1341,user1341@example.com,東京,9617.41,plain note 1341,"a,b,c",false
1342,User 1342,user1342@example.com,Paris,9654.42,"line one
line two",solo,true
1343,User 1343,user1343@example.com,Lima,9691.43,plain note 1343,solo,false
1344,User 1344,user1344@example.com,Amsterdam,9728.44,"said ""hi"", then left","a,b,c",true
1345,User 1345,user1345@example.com,Bratislava,9765.45,plain note 1345,solo,false
1346,User 1346,user1346@example.com,Zürich,9802.46,plain note 1346,solo,true
1347,User 1347,user1347@example.com,København,9839.47,plain note 1347,"a,b,c",false
1348,User 1348,user1348@example.com,Москва,9876.48,plain note 1348,solo,true
1349,User 1349,user1349@example.com,東京,9913.49,plain note 1349,solo,false
1350,User 1350,user1350@example.com,Paris,9950.50,plain note 1350,"a,b,c",true
1351,User 1351,user1351@example.com,Lima,9987.51,"said ""hi"", then left",solo,false
1352,User 1352,user1352@example.com,Amsterdam,24.52,plain note 1352,solo,true
1353,User 1353,user1353@example.com,Bratislava,61.53,"line one
line two","a,b,c",false
1354,User 1354,user1354@example.com,Zürich,98.54,plain note 1354,solo,true
1355,User 1355,user1355@example.com,København,135.55,plain note 1355,solo,false
1356,User 1356,user1356@example.com,Москва,172.56,plain note 1356,"a,b,c",true
1357,User 1357,user1357@example.com,東京,209.57,plain note 1357,solo,false
1358,User 1358,user1358@example.com,Paris,246.58,"said ""hi"", then left",solo,true
1359,User 1359,user1359@example.com,Lima,283.59,plain note 1359,"a,b,c",false
1360,User 1360,user1360@example.com,Amsterdam,320.60,plain note 1360,solo,true
1361,User 1361,user1361@example.com,Bratislava,357.61,plain note 1361,solo,false
1362,User 1362,user1362@example.com,Zürich,394.62,plain note 1362,"a,b,c",true
1363,User 1363,user1363@example.com,København,431.63,plain note 1363,solo,false
1364,User 1364,user1364@example.com,Москва,468.64,"line one
line two",solo,true
1365,User 1365,user1365@example.com,東京,505.65,"said ""hi"", then left","a,b,c",false
1366,User 1366,user1366@example.com,Paris,542.66,plain note 1366,solo,true
1367,User 1367,user1367@example.com,Lima,579.67,plain note 1367,solo,false
1368,User 1368,user1368@example.com,Amsterdam,616.68,plain note 1368,"a,b,c",true
1369,User 1369,user1369@example.com,Bratislava,653.69,plain note 1369,solo,false
1370,User 1370,user1370@example.com,Zürich,690.70,plain note 1370,solo,true
1371,User 1371,user1371@example.com,København,727.71,plain note 1371,"a,b,c",false
1372,User 1372,user1372@example.com,Москва,764.72,"said ""hi"", then left",solo,true
1373,User 1373,user1373@example.com,東京,801.73,plain note 1373,solo,false
1374,User 1374,user1374@example.com,Paris,838.74,plain note 1374,"a,b,c",true
1375,User 1375,user1375@example.com,Lima,875.75,"line one
line two",solo,false
1376,User 1376,user1376@example.com,Amsterdam,912.76,plain note 1376,solo,true
1377,User 1377,user1377@example.com,Bratislava,949.77,plain note 1377,"a,b,c",false
1378,User 1378,user1378@example.com,Zürich,986.78,plain note 1378,solo,true
1379,User 1379,user1379@example.com,København,1023.79,"said ""hi"", then left",solo,false
1380,User 1380,user1380@example.com,Москва,1060.80,plain note 1380,"a,b,c",true
1381,User 1381,user1381@example.com,東京,1097.81,plain note 1381,solo,false
1382,User 1382,user1382@example.com,Paris,1134.82,plain note 1382,solo,true
1383,User 1383,user1383@example.com,Lima,1171.83,plain note 1383,"a,b,c",false
1384,User 1384,user1384@example.com,Amsterdam,1208.84,plain note 1384,solo,true
1385,User 1385,user1385@example.com,Bratislava,1245.85,plain note 1385,solo,false
1386,User 1386,user1386@example.com,Zürich,1282.86,"said ""hi"", then left","a,b,c",true
1387,User 1387,user1387@example.com,København,1319.87,plain note 1387,solo,false
1388,User 1388,user1388@example.com,Москва,1356.88,plain note 1388,solo,true
1389,User 1389,user1389@example.com,東京,1393.89,plain note 1389,"a,b,c",false
1390,User 1390,user1390@example.com,Paris,1430.90,plain note 1390,solo,true
1391,User 1391,user1391@example.com,Lima,1467.91,plain note 1391,solo,false
1392,User 1392,user1392@example.com,Amsterdam,1504.92,plain note 1392,"a,b,c",true
1393,User 1393,user1393@example.com,Bratislava,1541.93,"said ""hi"", then left",solo,false
1394,User 1394,user1394@example.com,Zürich,1578.94,plain note 1394,solo,true
1395,User 1395,user1395@example.com,København,1615.95,plain note 1395,"a,b,c",false
1396,User 1396,user1396@example.com,Москва,1652.96,plain note 1396,solo,true
1397,User 1397,user1397@example.com,東京,1689.97,"line one
line two",solo,false
1398,User 1398,user1398@example.com,Paris,1726.98,plain note 1398,"a,b,c",true
1399,User 1399,user1399@example.com,Lima,1763.99,plain note 1399,solo,false
1400,User 1400,user1400@example.com,Amsterdam,1800.0,"said ""hi"", then left",solo,true
1401,User 1401,user1401@example.com,Bratislava,1837.1,plain note 1401,"a,b,c",false
1402,User 1402,user1402@example.com,Zürich,1874.2,plain note 1402,solo,true
1403,User 1403,user1403@example.com,København,1911.3,plain note 1403,solo,false
1404,User 1404,user1404@example.com,Москва,1948.4,plain note 1404,"a,b,c",true
1405,User 1405,user1405@example.com,東京,1985.5,plain note 1405,solo,false
1406,User 1406,user1406@example.com,Paris,2022.6,plain note 1406,solo,true
1407,User 1407,user1407@example.com,Lima,2059.7,"said ""hi"", then left","a,b,c",false
1408,User 1408,user1408@example.com,Amsterdam,2096.8,"line one
line two",solo,true
1409,User 1409,user1409@example.com,Bratislava,2133.9,plain note 1409,solo,false
1410,User 1410,user1410@example.com,Zürich,2170.10,plain note 1410,"a,b,c",true
1411,User 1411,user1411@example.com,København,2207.11,plain note 1411,solo,false
1412,User 1412,user1412@example.com,Москва,2244.12,plain note 1412,solo,true
1413,User 1413,user1413@example.com,東京,2281.13,plain note 1413,"a,b,c",false
1414,User 1414,user1414@example.com,Paris,2318.14,"said ""hi"", then left",solo,true
1415,User 1415,user1415@example.com,Lima,2355.15,plain note 1415,solo,false
1416,User 1416,user1416@example.com,Amsterdam,2392.16,plain note 1416,"a,b,c",true
1417,User 1417,user1417@example.com,Bratislava,2429.17,plain note 1417,solo,false
1418,User 1418,user1418@example.com,Zürich,2466.18,plain note 1418,solo,true
1419,User 1419,user1419@example.com,København,2503.19,"line one
line two","a,b,c",false
1420,User 1420,user1420@example.com,Москва,2540.20,plain note 1420,solo,true
1421,User 1421,user1421@example.com,東京,2577.21,"said ""hi"", then left",solo,false
1422,User 1422,user1422@example.com,Paris,2614.22,plain note 1422,"a,b,c",true
1423,User 1423,user1423@example.com,Lima,2651.23,plain note 1423,solo,false
1424,User 1424,user1424@example.com,Amsterdam,2688.24,plain note 1424,solo,true
1425,User 1425,user1425@example.com,Bratislava,2725.25,plain note 1425,"a,b,c",false
1426,User 1426,user1426@example.com,Zürich,2762.26,plain note 1426,solo,true
1427,User 1427,user1427@example.com,København,2799.27,plain note 1427,solo,false
1428,User 1428,user1428@example.com,Москва,2836.28,"said ""hi"", then left","a,b,c",true
1429,User 1429,user1429@example.com,東京,2873.29,plain note 1429,solo,false
1430,User 1430,user1430@example.com,Paris,2910.30,"line one
line two",solo,true
1431,User 1431,user1431@example.com,Lima,2947.31,plain note 1431,"a,b,c",false
1432,User 1432,user1432@example.com,Amsterdam,2984.32,plain note 1432,solo,true
1433,User 1433,user1433@example.com,Bratislava,3021.33,plain note 1433,solo,false
1434,User 1434,user1434@example.com,Zürich,3058.34,plain note 1434,"a,b,c",true
1435,User 1435,user1435@example.com,København,3095.35,"said ""hi"", then left",solo,false
1436,User 1436,user1436@example.com,Москва,3132.36,plain note 1436,solo,true
1437,User 1437,user1437@example.com,東京,3169.37,plain note 1437,"a,b,c",false
1438,User 1438,user1438@example.com,Paris,3206.38,plain note 1438,solo,true
1439,User 1439,user1439@example.com,Lima,3243.39,plain note 1439,solo,false
1440,User 1440,user1440@example.com,Amsterdam,3280.40,plain note 1440,"a,b,c",true
1441,User 1441,user1441@example.com,Bratislava,3317.41,"line one
line two",solo,false
1442,User 1442,user1442@example.com,Zürich,3354.42,"said ""hi"", then left",solo,true
1443,User 1443,user1443@example.com,København,3391.43,plain note 1443,"a,b,c",false
1444,User 1444,user1444@example.com,Москва,3428.44,plain note 1444,solo,true
1445,User 1445,user1445@example.com,東京,3465.45,plain note 1445,solo,false
1446,User 1446,user1446@example.com,Paris,3502.46,plain note 1446,"a,b,c",true
1447,User 1447,user1447@example.com,Lima,3539.47,plain note 1447,solo,false
1448,User 1448,user1448@example.com,Amsterdam,3576.48,plain note 1448,solo,true
1449,User 1449,user1449@example.com,Bratislava,3613.49,"said ""hi"", then left","a,b,c",false
1450,User 1450,user1450@example.com,Zürich,3650.50,plain note 1450,solo,true
1451,User 1451,user1451@example.com,København,3687.51,plain note 1451,solo,false
1452,User 1452,user1452@example.com,Москва,3724.52,"line one
line two","a,b,c",true
1453,User 1453,user1453@example.com,東京,3761.53,plain note 1453,solo,false
1454,User 1454,user1454@example.com,Paris,3798.54,plain note 1454,solo,true
1455,User 1455,user1455@example.com,Lima,3835.55,plain note 1455,"a,b,c",false
1456,User 1456,user1456@example.com,Amsterdam,3872.56,"said ""hi"", then left",solo,true
1457,User 1457,user1457@example.com,Bratislava,3909.57,plain note 1457,solo,false
1458,User 1458,user1458@example.com,Zürich,3946.58,plain note 1458,"a,b,c",true
1459,User 1459,user1459@example.com,København,3983.59,plain note 1459,solo,false
1460,User 1460,user1460@example.com,Москва,4020.60,plain note 1460,solo,true
1461,User 1461,user1461@example.com,東京,4057.61,plain note 1461,"a,b,c",false
1462,User 1462,user1462@example.com,Paris,4094.62,plain note 1462,solo,true
1463,User 1463,user1463@example.com,Lima,4131.63,"said ""hi"", then left",solo,false
1464,User 1464,user1464@example.com,Amsterdam,4168.64,plain note 1464,"a,b,c",true
1465,User 1465,user1465@example.com,Bratislava,4205.65,plain note 1465,solo,false
1466,User 1466,user1466@example.com,Zürich,4242.66,plain note 1466,solo,true
1467,User 1467,user1467@example.com,København,4279.67,plain note 1467,"a,b,c",false
1468,User 1468,user1468@example.com,Москва,4316.68,plain note 1468,solo,true
1469,User 1469,user1469@example.com,東京,4353.69,plain note 1469,solo,false
1470,User 1470,user1470@example.com,Paris,4390.70,"said ""hi"", then left","a,b,c",true
1471,User 1471,user1471@example.com,Lima,4427.71,plain note 1471,solo,false
1472,User 1472,user1472@example.com,Amsterdam,4464.72,plain note 1472,solo,true
1473,User 1473,user1473@example.com,Bratislava,4501.73,plain note 1473,"a,b,c",false
1474,User 1474,user1474@example.com,Zürich,4538.74,"line one
line two",solo,true
1475,User 1475,user1475@example.com,København,4575.75,plain note 1475,solo,false
1476,User 1476,user1476@example.com,Москва,4612.76,plain note 1476,"a,b,c",true
1477,User 1477,user1477@example.com,東京,4649.77,"said ""hi"", then left",solo,false
1478,User 1478,user1478@example.com,Paris,4686.78,plain note 1478,solo,true
1479,User 1479,user1479@example.com,Lima,4723.79,plain note 1479,"a,b,c",false
1480,User 1480,user1480@example.com,Amsterdam,4760.80,plain note 1480,solo,true
1481,User 1481,user1481@example.com,Bratislava,4797.81,plain note 1481,solo,false
1482,User 1482,user1482@example.com,Zürich,4834.82,plain note 1482,"a,b,c",true
1483,User 1483,user1483@example.com,København,4871.83,plain note 1483,solo,false
1484,User 1484,user1484@example.com,Москва,4908.84,"said ""hi"", then left",solo,true
1485,User 1485,user1485@example.com,東京,4945.85,"line one
line two","a,b,c",false
1486,User 1486,user1486@example.com,Paris,4982.86,plain note 1486,solo,true
1487,User 1487,user1487@example.com,Lima,5019.87,plain note 1487,solo,false
1488,User 1488,user1488@example.com,Amsterdam,5056.88,plain note 1488,"a,b,c",true
1489,User 1489,user1489@example.com,Bratislava,5093.89,plain note 1489,solo,false
1490,User 1490,user1490@example.com,Zürich,5130.90,plain note 1490,solo,true
1491,User 1491,user1491@example.com,København,5167.91,"said ""hi"", then left","a,b,c",false
1492,User 1492,user1492@example.com,Москва,5204.92,plain note 1492,solo,true
1493,User 1493,user1493@example.com,東京,5241.93,plain note 1493,solo,false
1494,User 1494,user1494@example.com,Paris,5278.94,plain note 1494,"a,b,c",true
1495,User 1495,user1495@example.com,Lima,5315.95,plain note 1495,solo,false
1496,User 1496,user1496@example.com,Amsterdam,5352.96,"line one
line two",solo,true
1497,User 1497,user1497@example.com,Bratislava,5389.97,plain note 1497,"a,b,c",false
1498,User 1498,user1498@example.com,Zürich,5426.98,"said ""hi"", then left",solo,true
1499,User 1499,user1499@example.com,København,5463.99,plain note 1499,solo,false
1500,User 1500,user1500@example.com,Москва,5500.0,plain note 1500,"a,b,c",true
1501,User 1501,user1501@example.com,東京,5537.1,plain note 1501,solo,false
1502,User 1502,user1502@example.com,Paris,5574.2,plain note 1502,solo,true
1503,User 1503,user1503@example.com,Lima,5611.3,plain note 1503,"a,b,c",false
1504,User 1504,user1504@example.com,Amsterdam,5648.4,plain note 1504,solo,true
1505,User 1505,user1505@example.com,Bratislava,5685.5,"said ""hi"", then left",solo,false
1506,User 1506,user1506@example.com,Zürich,5722.6,plain note 1506,"a,b,c",true
1507,User 1507,user1507@example.com,København,5759.7,"line one
line two",solo,false
1508,User 1508,user1508@example.com,Москва,5796.8,plain note 1508,solo,true
1509,User 1509,user1509@example.com,東京,5833.9,plain note 1509,"a,b,c",false
1510,User 1510,user1510@example.com,Paris,5870.10,plain note 1510,solo,true
1511,User 1511,user1511@example.com,Lima,5907.11,plain note 1511,solo,false
1512,User 1512,user1512@example.com,Amsterdam,5944.12,"said ""hi"", then left","a,b,c",true
1513,User 1513,user1513@example.com,Bratislava,5981.13,plain note 1513,solo,false
1514,User 1514,user1514@example.com,Zürich,6018.14,plain note 1514,solo,true
1515,User 1515,user1515@example.com,København,6055.15,plain note 1515,"a,b,c",false
1516,User 1516,user1516@example.com,Москва,6092.16,plain note 1516,solo,true
1517,User 1517,user1517@example.com,東京,6129.17,plain note 1517,solo,false
1518,User 1518,user1518@example.com,Paris,6166.18,"line one
line two","a,b,c",true
1519,User 1519,user1519@example.com,Lima,6203.19,"said ""hi"", then left",solo,false
1520,User 1520,user1520@example.com,Amsterdam,6240.20,plain note 1520,solo,true
1521,User 1521,user1521@example.com,Bratislava,6277.21,plain note 1521,"a,b,c",false
1522,User 1522,user1522@example.com,Zürich,6314.22,plain note 1522,solo,true
1523,User 1523,user1523@example.com,København,6351.23,plain note 1523,solo,false
1524,User 1524,user1524@example.com,Москва,6388.24,plain note 1524,"a,b,c",true
1525,User 1525,user1525@example.com,東京,6425.25,plain note 1525,solo,false
1526,User 1526,user1526@example.com,Paris,6462.26,"said ""hi"", then left",solo,true
1527,User 1527,user1527@example.com,Lima,6499.27,plain note 1527,"a,b,c",false
1528,User 1528,user1528@example.com,Amsterdam,6536.28,plain note 1528,solo,true
1529,User 1529,user1529@example.com,Bratislava,6573.29,"line one
line two",solo,false
1530,User 1530,user1530@example.com,Zürich,6610.30,plain note 1530,"a,b,c",true
1531,User 1531,user1531@example.com,København,6647.31,plain note 1531,solo,false
1532,User 1532,user1532@example.com,Москва,6684.32,plain note 1532,solo,true
1533,User 1533,user1533@example.com,東京,6721.33,"said ""hi"", then left","a,b,c",false
1534,User 1534,user1534@example.com,Paris,6758.34,plain note 1534,solo,true
1535,User 1535,user1535@example.com,Lima,6795.35,plain note 1535,solo,false
1536,User 1536,user1536@example.com,Amsterdam,6832.36,plain note 1536,"a,b,c",true
1537,User 1537,user1537@example.com,Bratislava,6869.37,plain note 1537,solo,false
1538,User 1538,user1538@example.com,Zürich,6906.38,plain note 1538,solo,true
1539,User 1539,user1539@example.com,København,6943.39,plain note 1539,"a,b,c",false
1540,User 1540,user1540@example.com,Москва,6980.40,"said ""hi"", then left",solo,true
1541,User 1541,user1541@example.com,東京,7017.41,plain note 1541,solo,false
1542,User 1542,user1542@example.com,Paris,7054.42,plain note 1542,"a,b,c",true
1543,User 1543,user1543@example.com,Lima,7091.43,plain note 1543,solo,false
1544,User 1544,user1544@example.com,Amsterdam,7128.44,plain note 1544,solo,true
1545,User 1545,user1545@example.com,Bratislava,7165.45,plain note 1545,"a,b,c",false
1546,User 1546,user1546@example.com,Zürich,7202.46,plain note 1546,solo,true
1547,User 1547,user1547@example.com,København,7239.47,"said ""hi"", then left",solo,false
1548,User 1548,user1548@example.com,Москва,7276.48,plain note 1548,"a,b,c",true
1549,User 1549,user1549@example.com,東京,7313.49,plain note 1549,solo,false
1550,User 1550,user1550@example.com,Paris,7350.50,plain note 1550,solo,true
1551,User 1551,user1551@example.com,Lima,7387.51,"line one
line two","a,b,c",false
1552,User 1552,user1552@example.com,Amsterdam,7424.52,plain note 1552,solo,true
1553,User 1553,user1553@example.com,Bratislava,7461.53,plain note 1553,solo,false
1554,User 1554,user1554@example.com,Zürich,7498.54,"said ""hi"", then left","a,b,c",true
1555,User 1555,user1555@example.com,København,7535.55,plain note 1555,solo,false
1556,User 1556,user1556@example.com,Москва,7572.56,plain note 1556,solo,true
1557,User 1557,user1557@example.com,東京,7609.57,plain note 1557,"a,b,c",false
1558,User 1558,user1558@example.com,Paris,7646.58,plain note 1558,solo,true
1559,User 1559,user1559@example.com,Lima,7683.59,plain note 1559,solo,false
1560,User 1560,user1560@example.com,Amsterdam,7720.60,plain note 1560,"a,b,c",true
1561,User 1561,user1561@example.com,Bratislava,7757.61,"said ""hi"", then left",solo,false
1562,User 1562,user1562@example.com,Zürich,7794.62,"line one
line two",solo,true
1563,User 1563,user1563@example.com,København,7831.63,plain note 1563,"a,b,c",false
1564,User 1564,user1564@example.com,Москва,7868.64,plain note 1564,solo,true
1565,User 1565,user1565@example.com,東京,7905.65,plain note 1565,solo,false
1566,User 1566,user1566@example.com,Paris,7942.66,plain note 1566,"a,b,c",true
1567,User 1567,user1567@example.com,Lima,7979.67,plain note 1567,solo,false
1568,User 1568,user1568@example.com,Amsterdam,8016.68,"said ""hi"", then left",solo,true
1569,User 1569,user1569@example.com,Bratislava,8053.69,plain note 1569,"a,b,c",false
1570,User 1570,user1570@example.com,Zürich,8090.70,plain note 1570,solo,true
1571,User 1571,user1571@example.com,København,8127.71,plain note 1571,solo,false
1572,User 1572,user1572@example.com,Москва,8164.72,plain note 1572,"a,b,c",true
1573,User 1573,user1573@example.com,東京,8201.73,"line one
line two",solo,false
1574,User 1574,user1574@example.com,Paris,8238.74,plain note 1574,solo,true
1575,User 1575,user1575@example.com,Lima,8275.75,"said ""hi"", then left","a,b,c",false
1576,User 1576,user1576@example.com,Amsterdam,8312.76,plain note 1576,solo,true
1577,User 1577,user1577@example.com,Bratislava,8349.77,plain note 1577,solo,false
1578,User 1578,user1578@example.com,Zürich,8386.78,plain note 1578,"a,b,c",true
1579,User 1579,user1579@example.com,København,8423.79,plain note 1579,solo,false
1580,User 1580,user1580@example.com,Москва,8460.80,plain note 1580,solo,true
1581,User 1581,user1581@example.com,東京,8497.81,plain note 1581,"a,b,c",false
1582,User 1582,user1582@example.com,Paris,8534.82,"said ""hi"", then left",solo,true
1583,User 1583,user1583@example.com,Lima,8571.83,plain note 1583,solo,false
1584,User 1584,user1584@example.com,Amsterdam,8608.84,"line one
line two","a,b,c",true
1585,User 1585,user1585@example.com,Bratislava,8645.85,plain note 1585,solo,false
1586,User 1586,user1586@example.com,Zürich,8682.86,plain note 1586,solo,true
1587,User 1587,user1587@example.com,København,8719.87,plain note 1587,"a,b,c",false
1588,User 1588,user1588@example.com,Москва,8756.88,plain note 1588,solo,true
1589,User 1589,user1589@example.com,東京,8793.89,"said ""hi"", then left",solo,false
1590,User 1590,user1590@example.com,Paris,8830.90,plain note 1590,"a,b,c",true
1591,User 1591,user1591@example.com,Lima,8867.91,plain note 1591,solo,false
1592,User 1592,user1592@example.com,Amsterdam,8904.92,plain note 1592,solo,true
1593,User 1593,user1593@example.com,Bratislava,8941.93,plain note 1593,"a,b,c",false
1594,User 1594,user1594@example.com,Zürich,8978.94,plain note 1594,solo,true
1595,User 1595,user1595@example.com,København,9015.95,"line one
line two",solo,false
1596,User 1596,user1596@example.com,Москва,9052.96,"said ""hi"", then left","a,b,c",true
1597,User 1597,user1597@example.com,東京,9089.97,plain note 1597,solo,false
1598,User 1598,user1598@example.com,Paris,9126.98,plain note 1598,solo,true
1599,User 1599,user1599@example.com,Lima,9163.99,plain note 1599,"a,b,c",false
1600,User 1600,user1600@example.com,Amsterdam,9200.0,plain note 1600,solo,true
1601,User 1601,user1601@example.com,Bratislava,9237.1,plain note 1601,solo,false
1602,User 1602,user1602@example.com,Zürich,9274.2,plain note 1602,"a,b,c",true
1603,User 1603,user1603@example.com,København,9311.3,"said ""hi"", then left",solo,false
1604,User 1604,user1604@example.com,Москва,9348.4,plain note 1604,solo,true
1605,User 1605,user1605@example.com,東京,9385.5,plain note 1605,"a,b,c",false
1606,User 1606,user1606@example.com,Paris,9422.6,"line one
line two",solo,true
1607,User 1607,user1607@example.com,Lima,9459.7,plain note 1607,solo,false
1608,User 1608,user1608@example.com,Amsterdam,9496.8,plain note 1608,"a,b,c",true
1609,User 1609,user1609@example.com,Bratislava,9533.9,plain note 1609,solo,false
1610,User 1610,user1610@example.com,Zürich,9570.10,"said ""hi"", then left",solo,true
1611,User 1611,user1611@example.com,København,9607.11,plain note 1611,"a,b,c",false
1612,User 1612,user1612@example.com,Москва,9644.12,plain note 1612,solo,true
1613,User 1613,user1613@example.com,東京,9681.13,plain note 1613,solo,false
1614,User 1614,user1614@example.com,Paris,9718.14,plain note 1614,"a,b,c",true
1615,User 1615,user1615@example.com,Lima,9755.15,plain note 1615,solo,false
1616,User 1616,user1616@example.com,Amsterdam,9792.16,plain note 1616,solo,true
1617,User 1617,user1617@example.com,Bratislava,9829.17,"said ""hi"", then left","a,b,c",false
1618,User 1618,user1618@example.com,Zürich,9866.18,plain note 1618,solo,true
1619,User 1619,user1619@example.com,København,9903.19,plain note 1619,solo,false
1620,User 1620,user1620@example.com,Москва,9940.20,plain note 1620,"a,b,c",true
1621,User 1621,user1621@example.com,東京,9977.21,plain note 1621,solo,false
1622,User 1622,user1622@example.com,Paris,14.22,plain note 1622,solo,true
1623,User 1623,user1623@example.com,Lima,51.23,plain note 1623,"a,b,c",false
1624,User 1624,user1624@example.com,Amsterdam,88.24,"said ""hi"", then left",solo,true
1625,User 1625,user1625@example.com,Bratislava,125.25,plain note 1625,solo,false
1626,User 1626,user1626@example.com,Zürich,162.26,plain note 1626,"a,b,c",true
1627,User 1627,user1627@example.com,København,199.27,plain note 1627,solo,false
1628,User 1628,user1628@example.com,Москва,236.28,"line one
line two",solo,true
1629,User 1629,user1629@example.com,東京,273.29,plain note 1629,"a,b,c",false
1630,User 1630,user1630@example.com,Paris,310.30,plain note 1630,solo,true
1631,User 1631,user1631@example.com,Lima,347.31,"said ""hi"", then left",solo,false
1632,User 1632,user1632@example.com,Amsterdam,384.32,plain note 1632,"a,b,c",true
1633,User 1633,user1633@example.com,Bratislava,421.33,plain note 1633,solo,false
1634,User 1634,user1634@example.com,Zürich,458.34,plain note 1634,solo,true
1635,User 1635,user1635@example.com,København,495.35,plain note 1635,"a,b,c",false
1636,User 1636,user1636@example.com,Москва,532.36,plain note 1636,solo,true
1637,User 1637,user1637@example.com,東京,569.37,plain note 1637,solo,false
1638,User 1638,user1638@example.com,Paris,606.38,"said ""hi"", then left","a,b,c",true
1639,User 1639,user1639@example.com,Lima,643.39,"line one
line two",solo,false
1640,User 1640,user1640@example.com,Amsterdam,680.40,plain note 1640,solo,true
1641,User 1641,user1641@example.com,Bratislava,717.41,plain note 1641,"a,b,c",false
1642,User 1642,user1642@example.com,Zürich,754.42,plain note 1642,solo,true
1643,User 1643,user1643@example.com,København,791.43,plain note 1643,solo,false
1644,User 1644,user1644@example.com,Москва,828.44,plain note 1644,"a,b,c",true
1645,User 1645,user1645@example.com,東京,865.45,"said ""hi"", then left",solo,false
1646,User 1646,user1646@example.com,Paris,902.46,plain note 1646,solo,true
1647,User 1647,user1647@example.com,Lima,939.47,plain note 1647,"a,b,c",false
1648,User 1648,user1648@example.com,Amsterdam,976.48,plain note 1648,solo,true
1649,User 1649,user1649@example.com,Bratislava,1013.49,plain note 1649,solo,false
1650,User 1650,user1650@example.com,Zürich,1050.50,"line one
line two","a,b,c",true
1651,User 1651,user1651@example.com,København,1087.51,plain note 1651,solo,false
1652,User 1652,user1652@example.com,Москва,1124.52,"said ""hi"", then left",solo,true
1653,User 1653,user1653@example.com,東京,1161.53,plain note 1653,"a,b,c",false
1654,User 1654,user1654@example.com,Paris,1198.54,plain note 1654,solo,true
1655,User 1655,user1655@example.com,Lima,1235.55,plain note 1655,solo,false
1656,User 1656,user1656@example.com,Amsterdam,1272.56,plain note 1656,"a,b,c",true
1657,User 1657,user1657@example.com,Bratislava,1309.57,plain note 1657,solo,false
1658,User 1658,user1658@example.com,Zürich,1346.58,plain note 1658,solo,true
1659,User 1659,user1659@example.com,København,1383.59,"said ""hi"", then left","a,b,c",false
1660,User 1660,user1660@example.com,Москва,1420.60,plain note 1660,solo,true
1661,User 1661,user1661@example.com,東京,1457.61,"line one
line two",solo,false
1662,User 1662,user1662@example.com,Paris,1494.62,plain note 1662,"a,b,c",true
1663,User 1663,user1663@example.com,Lima,1531.63,plain note 1663,solo,false
1664,User 1664,user1664@example.com,Amsterdam,1568.64,plain note 1664,solo,true
1665,User 1665,user1665@example.com,Bratislava,1605.65,plain note 1665,"a,b,c",false
1666,User 1666,user1666@example.com,Zürich,1642.66,"said ""hi"", then left",solo,true
1667,User 1667,user1667@example.com,København,1679.67,plain note 1667,solo,false
1668,User 1668,user1668@example.com,Москва,1716.68,plain note 1668,"a,b,c",true
1669,User 1669,user1669@example.com,東京,1753.69,plain note 1669,solo,false
1670,User 1670,user1670@example.com,Paris,1790.70,plain note 1670,solo,true
1671,User 1671,user1671@example.com,Lima,1827.71,plain note 1671,"a,b,c",false
1672,User 1672,user1672@example.com,Amsterdam,1864.72,"line one
line two",solo,true
1673,User 1673,user1673@example.com,Bratislava,1901.73,"said ""hi"", then left",solo,false
1674,User 1674,user1674@example.com,Zürich,1938.74,plain note 1674,"a,b,c",true
1675,User 1675,user1675@example.com,København,1975.75,plain note 1675,solo,false
1676,User 1676,user1676@example.com,Москва,2012.76,plain note 1676,solo,true
1677,User 1677,user1677@example.com,東京,2049.77,plain note 1677,"a,b,c",false
1678,User 1678,user1678@example.com,Paris,2086.78,plain note 1678,solo,true
1679,User 1679,user1679@example.com,Lima,2123.79,plain note 1679,solo,false
1680,User 1680,user1680@example.com,Amsterdam,2160.80,"said ""hi"", then left","a,b,c",true
1681,User 1681,user1681@example.com,Bratislava,2197.81,plain note 1681,solo,false
1682,User 1682,user1682@example.com,Zürich,2234.82,plain note 1682,solo,true
1683,User 1683,user1683@example.com,København,2271.83,"line one
line two","a,b,c",false
1684,User 1684,user1684@example.com,Москва,2308.84,plain note 1684,solo,true
1685,User 1685,user1685@example.com,東京,2345.85,plain note 1685,solo,false
1686,User 1686,user1686@example.com,Paris,2382.86,plain note 1686,"a,b,c",true
1687,User 1687,user1687@example.com,Lima,2419.87,"said ""hi"", then left",solo,false
1688,User 1688,user1688@example.com,Amsterdam,2456.88,plain note 1688,solo,true
1689,User 1689,user1689@example.com,Bratislava,2493.89,plain note 1689,"a,b,c",false
1690,User 1690,user1690@example.com,Zürich,2530.90,plain note 1690,solo,true
1691,User 1691,user1691@example.com,København,2567.91,plain note 1691,solo,false
1692,User 1692,user1692@example.com,Москва,2604.92,plain note 1692,"a,b,c",true
1693,User 1693,user1693@example.com,東京,2641.93,plain note 1693,solo,false
1694,User 1694,user1694@example.com,Paris,2678.94,"said ""hi"", then left",solo,true
1695,User 1695,user1695@example.com,Lima,2715.95,plain note 1695,"a,b,c",false
1696,User 1696,user1696@example.com,Amsterdam,2752.96,plain note 1696,solo,true
1697,User 1697,user1697@example.com,Bratislava,2789.97,plain note 1697,solo,false
1698,User 1698,user1698@example.com,Zürich,2826.98,plain note 1698,"a,b,c",true
1699,User 1699,user1699@example.com,København,2863.99,plain note 1699,solo,false
1700,User 1700,user1700@example.com,Москва,2900.0,plain note 1700,solo,true
1701,User 1701,user1701@example.com,東京,2937.1,"said ""hi"", then left","a,b,c",false
1702,User 1702,user1702@example.com,Paris,2974.2,plain note 1702,solo,true
1703,User 1703,user1703@example.com,Lima,3011.3,plain note 1703,solo,false
1704,User 1704,user1704@example.com,Amsterdam,3048.4,plain note 1704,"a,b,c",true
1705,User 1705,user1705@example.com,Bratislava,3085.5,"line one
line two",solo,false
1706,User 1706,user1706@example.com,Zürich,3122.6,plain note 1706,solo,true
1707,User 1707,user1707@example.com,København,3159.7,plain note 1707,"a,b,c",false
1708,User 1708,user1708@example.com,Москва,3196.8,"said ""hi"", then left",solo,true
1709,User 1709,user1709@example.com,東京,3233.9,plain note 1709,solo,false
1710,User 1710,user1710@example.com,Paris,3270.10,plain note 1710,"a,b,c",true
1711,User 1711,user1711@example.com,Lima,3307.11,plain note 1711,solo,false
1712,User 1712,user1712@example.com,Amsterdam,3344.12,plain note 1712,solo,true
1713,User 1713,user1713@example.com,Bratislava,3381.13,plain note 1713,"a,b,c",false
1714,User 1714,user1714@example.com,Zürich,3418.14,plain note 1714,solo,true
1715,User 1715,user1715@example.com,København,3455.15,"said ""hi"", then left",solo,false
1716,User 1716,user1716@example.com,Москва,3492.16,"line one
line two","a,b,c",true
1717,User 1717,user1717@example.com,東京,3529.17,plain note 1717,solo,false
1718,User 1718,user1718@example.com,Paris,3566.18,plain note 1718,solo,true
1719,User 1719,user1719@example.com,Lima,3603.19,plain note 1719,"a,b,c",false
1720,User 1720,user1720@example.com,Amsterdam,3640.20,plain note 1720,solo,true
1721,User 1721,user1721@example.com,Bratislava,3677.21,plain note 1721,solo,false
1722,User 1722,user1722@example.com,Zürich,3714.22,"said ""hi"", then left","a,b,c",true
1723,User 1723,user1723@example.com,København,3751.23,plain note 1723,solo,false
1724,User 1724,user1724@example.com,Москва,3788.24,plain note 1724,solo,true
1725,User 1725,user1725@example.com,東京,3825.25,plain note 1725,"a,b,c",false
1726,User 1726,user1726@example.com,Paris,3862.26,plain note 1726,solo,true
1727,User 1727,user1727@example.com,Lima,3899.27,"line one
line two",solo,false
1728,User 1728,user1728@example.com,Amsterdam,3936.28,plain note 1728,"a,b,c",true
1729,User 1729,user1729@example.com,Bratislava,3973.29,"said ""hi"", then left",solo,false
1730,User 1730,user1730@example.com,Zürich,4010.30,plain note 1730,solo,true
1731,User 1731,user1731@example.com,København,4047.31,plain note 1731,"a,b,c",false
1732,User 1732,user1732@example.com,Москва,4084.32,plain note 1732,solo,true
1733,User 1733,user1733@example.com,東京,4121.33,plain note 1733,solo,false
1734,User 1734,user1734@example.com,Paris,4158.34,plain note 1734,"a,b,c",true
1735,User 1735,user1735@example.com,Lima,4195.35,plain note 1735,solo,false
1736,User 1736,user1736@example.com,Amsterdam,4232.36,"said ""hi"", then left",solo,true
1737,User 1737,user1737@example.com,Bratislava,4269.37,plain note 1737,"a,b,c",false
1738,User 1738,user1738@example.com,Zürich,4306.38,"line one
line two",solo,true
1739,User 1739,user1739@example.com,København,4343.39,plain note 1739,solo,false
1740,User 1740,user1740@example.com,Москва,4380.40,plain note 1740,"a,b,c",true
1741,User 1741,user1741@example.com,東京,4417.41,plain note 1741,solo,false
1742,User 1742,user1742@example.com,Paris,4454.42,plain note 1742,solo,true
1743,User 1743,user1743@example.com,Lima,4491.43,"said ""hi"", then left","a,b,c",false
1744,User 1744,user1744@example.com,Amsterdam,4528.44,plain note 1744,solo,true
1745,User 1745,user1745@example.com,Bratislava,4565.45,plain note 1745,solo,false
1746,User 1746,user1746@example.com,Zürich,4602.46,plain note 1746,"a,b,c",true
1747,User 1747,user1747@example.com,København,4639.47,plain note 1747,solo,false
1748,User 1748,user1748@example.com,Москва,4676.48,plain note 1748,solo,true
1749,User 1749,user1749@example.com,東京,4713.49,"line one
line two","a,b,c",false
1750,User 1750,user1750@example.com,Paris,4750.50,"said ""hi"", then left",solo,true
1751,User 1751,user1751@example.com,Lima,4787.51,plain note 1751,solo,false
1752,User 1752,user1752@example.com,Amsterdam,4824.52,plain note 1752,"a,b,c",true
1753,User 1753,user1753@example.com,Bratislava,4861.53,plain note 1753,solo,false
1754,User 1754,user1754@example.com,Zürich,4898.54,plain note 1754,solo,true
1755,User 1755,user1755@example.com,København,4935.55,plain note 1755,"a,b,c",false
1756,User 1756,user1756@example.com,Москва,4972.56,plain note 1756,solo,true
1757,User 1757,user1757@example.com,東京,5009.57,"said ""hi"", then left",solo,false
1758,User 1758,user1758@example.com,Paris,5046.58,plain note 1758,"a,b,c",true
1759,User 1759,user1759@example.com,Lima,5083.59,plain note 1759,solo,false
1760,User 1760,user1760@example.com,Amsterdam,5120.60,"line one
line two",solo,true
1761,User 1761,user1761@example.com,Bratislava,5157.61,plain note 1761,"a,b,c",false
1762,User 1762,user1762@example.com,Zürich,5194.62,plain note 1762,solo,true
1763,User 1763,user1763@example.com,København,5231.63,plain note 1763,solo,false
1764,User 1764,user1764@example.com,Москва,5268.64,"said ""hi"", then left","a,b,c",true
1765,User 1765,user1765@example.com,東京,5305.65,plain note 1765,solo,false
1766,User 1766,user1766@example.com,Paris,5342.66,plain note 1766,solo,true
1767,User 1767,user1767@example.com,Lima,5379.67,plain note 1767,"a,b,c",false
1768,User 1768,user1768@example.com,Amsterdam,5416.68,plain note 1768,solo,true
1769,User 1769,user1769@example.com,Bratislava,5453.69,plain note 1769,solo,false
1770,User 1770,user1770@example.com,Zürich,5490.70,plain note 1770,"a,b,c",true
1771,User 1771,user1771@example.com,København,5527.71,"said ""hi"", then left",solo,false
1772,User 1772,user1772@example.com,Москва,5564.72,plain note 1772,solo,true
1773,User 1773,user1773@example.com,東京,5601.73,plain note 1773,"a,b,c",false
1774,User 1774,user1774@example.com,Paris,5638.74,plain note 1774,solo,true
1775,User 1775,user1775@example.com,Lima,5675.75,plain note 1775,solo,false
1776,User 1776,user1776@example.com,Amsterdam,5712.76,plain note 1776,"a,b,c",true
1777,User 1777,user1777@example.com,Bratislava,5749.77,plain note 1777,solo,false
1778,User 1778,user1778@example.com,Zürich,5786.78,"said ""hi"", then left",solo,true
1779,User 1779,user1779@example.com,København,5823.79,plain note 1779,"a,b,c",false
1780,User 1780,user1780@example.com,Москва,5860.80,plain note 1780,solo,true
1781,User 1781,user1781@example.com,東京,5897.81,plain note 1781,solo,false
1782,User 1782,user1782@example.com,Paris,5934.82,"line one
line two","a,b,c",true
1783,User 1783,user1783@example.com,Lima,5971.83,plain note 1783,solo,false
1784,User 1784,user1784@example.com,Amsterdam,6008.84,plain note 1784,solo,true
1785,User 1785,user1785@example.com,Bratislava,6045.85,"said ""hi"", then left","a,b,c",false
1786,User 1786,user1786@example.com,Zürich,6082.86,plain note 1786,solo,true
1787,User 1787,user1787@example.com,København,6119.87,plain note 1787,solo,false
1788,User 1788,user1788@example.com,Москва,6156.88,plain note 1788,"a,b,c",true
1789,User 1789,user1789@example.com,東京,6193.89,plain note 1789,solo,false
1790,User 1790,user1790@example.com,Paris,6230.90,plain note 1790,solo,true
1791,User 1791,user1791@example.com,Lima,6267.91,plain note 1791,"a,b,c",false
1792,User 1792,user1792@example.com,Amsterdam,6304.92,"said ""hi"", then left",solo,true
1793,User 1793,user1793@example.com,Bratislava,6341.93,"line one
line two",solo,false
1794,User 1794,user1794@example.com,Zürich,6378.94,plain note 1794,"a,b,c",true
1795,User 1795,user1795@example.com,København,6415.95,plain note 1795,solo,false
1796,User 1796,user1796@example.com,Москва,6452.96,plain note 1796,solo,true
1797,User 1797,user1797@example.com,東京,6489.97,plain note 1797,"a,b,c",false
1798,User 1798,user1798@example.com,Paris,6526.98,plain note 1798,solo,true
1799,User 1799,user1799@example.com,Lima,6563.99,"said ""hi"", then left",solo,false
1800,User 1800,user1800@example.com,Amsterdam,6600.0,plain note 1800,"a,b,c",true
1801,User 1801,user1801@example.com,Bratislava,6637.1,plain note 1801,solo,false
1802,User 1802,user1802@example.com,Zürich,6674.2,plain note 1802,solo,true
1803,User 1803,user1803@example.com,København,6711.3,plain note 1803,"a,b,c",false
1804,User 1804,user1804@example.com,Москва,6748.4,"line one
line two",solo,true
1805,User 1805,user1805@example.com,東京,6785.5,plain note 1805,solo,false
1806,User 1806,user1806@example.com,Paris,6822.6,"said ""hi"", then left","a,b,c",true
1807,User 1807,user1807@example.com,Lima,6859.7,plain note 1807,solo,false
1808,User 1808,user1808@example.com,Amsterdam,6896.8,plain note 1808,solo,true
1809,User 1809,user1809@example.com,Bratislava,6933.9,plain note 1809,"a,b,c",false
1810,User 1810,user1810@example.com,Zürich,6970.10,plain note 1810,solo,true
1811,User 1811,user1811@example.com,København,7007.11,plain note 1811,solo,false
1812,User 1812,user1812@example.com,Москва,7044.12,plain note 1812,"a,b,c",true
1813,User 1813,user1813@example.com,東京,7081.13,"said ""hi"", then left",solo,false
1814,User 1814,user1814@example.com,Paris,7118.14,plain note 1814,solo,true
1815,User 1815,user1815@example.com,Lima,7155.15,"line one
line two","a,b,c",false
1816,User 1816,user1816@example.com,Amsterdam,7192.16,plain note 1816,solo,true
1817,User 1817,user1817@example.com,Bratislava,7229.17,plain note 1817,solo,false
1818,User 1818,user1818@example.com,Zürich,7266.18,plain note 1818,"a,b,c",true
1819,User 1819,user1819@example.com,København,7303.19,plain note 1819,solo,false
1820,User 1820,user1820@example.com,Москва,7340.20,"said ""hi"", then left",solo,true
1821,User 1821,user1821@example.com,東京,7377.21,plain note 1821,"a,b,c",false
1822,User 1822,user1822@example.com,Paris,7414.22,plain note 1822,solo,true
1823,User 1823,user1823@example.com,Lima,7451.23,plain note 1823,solo,false
1824,User 1824,user1824@example.com,Amsterdam,7488.24,plain note 1824,"a,b,c",true
1825,User 1825,user1825@example.com,Bratislava,7525.25,plain note 1825,solo,false
1826,User 1826,user1826@example.com,Zürich,7562.26,"line one
line two",solo,true
1827,User 1827,user1827@example.com,København,7599.27,"said ""hi"", then left","a,b,c",false
1828,User 1828,user1828@example.com,Москва,7636.28,plain note 1828,solo,true
1829,User 1829,user1829@example.com,東京,7673.29,plain note 1829,solo,false
1830,User 1830,user1830@example.com,Paris,7710.30,plain note 1830,"a,b,c",true
1831,User 1831,user1831@example.com,Lima,7747.31,plain note 1831,solo,false
1832,User 1832,user1832@example.com,Amsterdam,7784.32,plain note 1832,solo,true
1833,User 1833,user1833@example.com,Bratislava,7821.33,plain note 1833,"a,b,c",false
1834,User 1834,user1834@example.com,Zürich,7858.34,"said ""hi"", then left",solo,true
1835,User 1835,user1835@example.com,København,7895.35,plain note 1835,solo,false
1836,User 1836,user1836@example.com,Москва,7932.36,plain note 1836,"a,b,c",true
1837,User 1837,user1837@example.com,東京,7969.37,"line one
line two",solo,false
1838,User 1838,user1838@example.com,Paris,8006.38,plain note 1838,solo,true
1839,User 1839,user1839@example.com,Lima,8043.39,plain note 1839,"a,b,c",false
1840,User 1840,user1840@example.com,Amsterdam,8080.40,plain note 1840,solo,true
1841,User 1841,user1841@example.com,Bratislava,8117.41,"said ""hi"", then left",solo,false
1842,User 1842,user1842@example.com,Zürich,8154.42,plain note 1842,"a,b,c",true
1843,User 1843,user1843@example.com,København,8191.43,plain note 1843,solo,false
1844,User 1844,user1844@example.com,Москва,8228.44,plain note 1844,solo,true
1845,User 1845,user1845@example.com,東京,8265.45,plain note 1845,"a,b,c",false
1846,User 1846,user1846@example.com,Paris,8302.46,plain note 1846,solo,true
1847,User 1847,user1847@example.com,Lima,8339.47,plain note 1847,solo,false
1848,User 1848,user1848@example.com,Amsterdam,8376.48,"said ""hi"", then left","a,b,c",true
1849,User 1849,user1849@example.com,Bratislava,8413.49,plain note 1849,solo,false
1850,User 1850,user1850@example.com,Zürich,8450.50,plain note 1850,solo,true
1851,User 1851,user1851@example.com,København,8487.51,plain note 1851,"a,b,c",false
1852,User 1852,user1852@example.com,Москва,8524.52,plain note 1852,solo,true
1853,User 1853,user1853@example.com,東京,8561.53,plain note 1853,solo,false
1854,User 1854,user1854@example.com,Paris,8598.54,plain note 1854,"a,b,c",true
1855,User 1855,user1855@example.com,Lima,8635.55,"said ""hi"", then left",solo,false
1856,User 1856,user1856@example.com,Amsterdam,8672.56,plain note 1856,solo,true
1857,User 1857,user1857@example.com,Bratislava,8709.57,plain note 1857,"a,b,c",false
1858,User 1858,user1858@example.com,Zürich,8746.58,plain note 1858,solo,true
1859,User 1859,user1859@example.com,København,8783.59,"line one
line two",solo,false
1860,User 1860,user1860@example.com,Москва,8820.60,plain note 1860,"a,b,c",true
1861,User 1861,user1861@example.com,東京,8857.61,plain note 1861,solo,false
1862,User 1862,user1862@example.com,Paris,8894.62,"said ""hi"", then left",solo,true
1863,User 1863,user1863@example.com,Lima,8931.63,plain note 1863,"a,b,c",false
1864,User 1864,user1864@example.com,Amsterdam,8968.64,plain note 1864,solo,true
1865,User 1865,user1865@example.com,Bratislava,9005.65,plain note 1865,solo,false
1866,User 1866,user1866@example.com,Zürich,9042.66,plain note 1866,"a,b,c",true
1867,User 1867,user1867@example.com,København,9079.67,plain note 1867,solo,false
1868,User 1868,user1868@example.com,Москва,9116.68,plain note 1868,solo,true
1869,User 1869,user1869@example.com,東京,9153.69,"said ""hi"", then left","a,b,c",false
1870,User 1870,user1870@example.com,Paris,9190.70,"line one
line two",solo,true
1871,User 1871,user1871@example.com,Lima,9227.71,plain note 1871,solo,false
1872,User 1872,user1872@example.com,Amsterdam,9264.72,plain note 1872,"a,b,c",true
1873,User 1873,user1873@example.com,Bratislava,9301.73,plain note 1873,solo,false
1874,User 1874,user1874@example.com,Zürich,9338.74,plain note 1874,solo,true
1875,User 1875,user1875@example.com,København,9375.75,plain note 1875,"a,b,c",false
1876,User 1876,user1876@example.com,Москва,9412.76,"said ""hi"", then left",solo,true
1877,User 1877,user1877@example.com,東京,9449.77,plain note 1877,solo,false
1878,User 1878,user1878@example.com,Paris,9486.78,plain note 1878,"a,b,c",true
1879,User 1879,user1879@example.com,Lima,9523.79,plain note 1879,solo,false
1880,User 1880,user1880@example.com,Amsterdam,9560.80,plain note 1880,solo,true
1881,User 1881,user1881@example.com,Bratislava,9597.81,"line one
line two","a,b,c",false
1882,User 1882,user1882@example.com,Zürich,9634.82,plain note 1882,solo,true
1883,User 1883,user1883@example.com,København,9671.83,"said ""hi"", then left",solo,false
1884,User 1884,user1884@example.com,Москва,9708.84,plain note 1884,"a,b,c",true
1885,User 1885,user1885@example.com,東京,9745.85,plain note 1885,solo,false
1886,User 1886,user1886@example.com,Paris,9782.86,plain note 1886,solo,true
1887,User 1887,user1887@example.com,Lima,9819.87,plain note 1887,"a,b,c",false
1888,User 1888,user1888@example.com,Amsterdam,9856.88,plain note 1888,solo,true
1889,User 1889,user1889@example.com,Bratislava,9893.89,plain note 1889,solo,false
1890,User 1890,user1890@example.com,Zürich,9930.90,"said ""hi"", then left","a,b,c",true
1891,User 1891,user1891@example.com,København,9967.91,plain note 1891,solo,false
1892,User 1892,user1892@example.com,Москва,4.92,"line one
line two",solo,true
1893,User 1893,user1893@example.com,東京,41.93,plain note 1893,"a,b,c",false
1894,User 1894,user1894@example.com,Paris,78.94,plain note 1894,solo,true
1895,User 1895,user1895@example.com,Lima,115.95,plain note 1895,solo,false
1896,User 1896,user1896@example.com,Amsterdam,152.96,plain note 1896,"a,b,c",true
1897,User 1897,user1897@example.com,Bratislava,189.97,"said ""hi"", then left",solo,false
1898,User 1898,user1898@example.com,Zürich,226.98,plain note 1898,solo,true
1899,User 1899,user1899@example.com,København,263.99,plain note 1899,"a,b,c",false
1900,User 1900,user1900@example.com,Москва,300.0,plain note 1900,solo,true
1901,User 1901,user1901@example.com,東京,337.1,plain note 1901,solo,false
1902,User 1902,user1902@example.com,Paris,374.2,plain note 1902,"a,b,c",true
1903,User 1903,user1903@example.com,Lima,411.3,"line one
line two",solo,false
1904,User 1904,user1904@example.com,Amsterdam,448.4,"said ""hi"", then left",solo,true
1905,User 1905,user1905@example.com,Bratislava,485.5,plain note 1905,"a,b,c",false
1906,User 1906,user1906@example.com,Zürich,522.6,plain note 1906,solo,true
1907,User 1907,user1907@example.com,København,559.7,plain note 1907,solo,false
1908,User 1908,user1908@example.com,Москва,596.8,plain note 1908,"a,b,c",true
1909,User 1909,user1909@example.com,東京,633.9,plain note 1909,solo,false
1910,User 1910,user1910@example.com,Paris,670.10,plain note 1910,solo,true
1911,User 1911,user1911@example.com,Lima,707.11,"said ""hi"", then left","a,b,c",false
1912,User 1912,user1912@example.com,Amsterdam,744.12,plain note 1912,solo,true
1913,User 1913,user1913@example.com,Bratislava,781.13,plain note 1913,solo,false
1914,User 1914,user1914@example.com,Zürich,818.14,"line one
line two","a,b,c",true
1915,User 1915,user1915@example.com,København,855.15,plain note 1915,solo,false
1916,User 1916,user1916@example.com,Москва,892.16,plain note 1916,solo,true
1917,User 1917,user1917@example.com,東京,929.17,plain note 1917,"a,b,c",false
1918,User 1918,user1918@example.com,Paris,966.18,"said ""hi"", then left",solo,true
1919,User 1919,user1919@example.com,Lima,1003.19,plain note 1919,solo,false
1920,User 1920,user1920@example.com,Amsterdam,1040.20,plain note 1920,"a,b,c",true
1921,User 1921,user1921@example.com,Bratislava,1077.21,plain note 1921,solo,false
1922,User 1922,user1922@example.com,Zürich,1114.22,plain note 1922,solo,true
1923,User 1923,user1923@example.com,København,1151.23,plain note 1923,"a,b,c",false
1924,User 1924,user1924@example.com,Москва,1188.24,plain note 1924,solo,true
1925,User 1925,user1925@example.com,東京,1225.25,"said ""hi"", then left",solo,false
1926,User 1926,user1926@example.com,Paris,1262.26,plain note 1926,"a,b,c",true
1927,User 1927,user1927@example.com,Lima,1299.27,plain note 1927,solo,false
1928,User 1928,user1928@example.com,Amsterdam,1336.28,plain note 1928,solo,true
1929,User 1929,user1929@example.com,Bratislava,1373.29,plain note 1929,"a,b,c",false
1930,User 1930,user1930@example.com,Zürich,1410.30,plain note 1930,solo,true
1931,User 1931,user1931@example.com,København,1447.31,plain note 1931,solo,false
1932,User 1932,user1932@example.com,Москва,1484.32,"said ""hi"", then left","a,b,c",true
1933,User 1933,user1933@example.com,東京,1521.33,plain note 1933,solo,false
1934,User 1934,user1934@example.com,Paris,1558.34,plain note 1934,solo,true
1935,User 1935,user1935@example.com,Lima,1595.35,plain note 1935,"a,b,c",false
1936,User 1936,user1936@example.com,Amsterdam,1632.36,"line one
line two",solo,true
1937,User 1937,user1937@example.com,Bratislava,1669.37,plain note 1937,solo,false
1938,User 1938,user1938@example.com,Zürich,1706.38,plain note 1938,"a,b,c",true
1939,User 1939,user1939@example.com,København,1743.39,"said ""hi"", then left",solo,false
1940,User 1940,user1940@example.com,Москва,1780.40,plain note 1940,solo,true
1941,User 1941,user1941@example.com,東京,1817.41,plain note 1941,"a,b,c",false
1942,User 1942,user1942@example.com,Paris,1854.42,plain note 1942,solo,true
1943,User 1943,user1943@example.com,Lima,1891.43,plain note 1943,solo,false
1944,User 1944,user1944@example.com,Amsterdam,1928.44,plain note 1944,"a,b,c",true
1945,User 1945,user1945@example.com,Bratislava,1965.45,plain note 1945,solo,false
1946,User 1946,user1946@example.com,Zürich,2002.46,"said ""hi"", then left",solo,true
1947,User 1947,user1947@example.com,København,2039.47,"line one
line two","a,b,c",false
1948,User 1948,user1948@example.com,Москва,2076.48,plain note 1948,solo,true
1949,User 1949,user1949@example.com,東京,2113.49,plain note 1949,solo,false
1950,User 1950,user1950@example.com,Paris,2150.50,plain note 1950,"a,b,c",true
1951,User 1951,user1951@example.com,Lima,2187.51,plain note 1951,solo,false
1952,User 1952,user1952@example.com,Amsterdam,2224.52,plain note 1952,solo,true
1953,User 1953,user1953@example.com,Bratislava,2261.53,"said ""hi"", then left","a,b,c",false
1954,User 1954,user1954@example.com,Zürich,2298.54,plain note 1954,solo,true
1955,User 1955,user1955@example.com,København,2335.55,plain note 1955,solo,false
1956,User 1956,user1956@example.com,Москва,2372.56,plain note 1956,"a,b,c",true
1957,User 1957,user1957@example.com,東京,2409.57,plain note 1957,solo,false
1958,User 1958,user1958@example.com,Paris,2446.58,"line one
line two",solo,true
1959,User 1959,user1959@example.com,Lima,2483.59,plain note 1959,"a,b,c",false
1960,User 1960,user1960@example.com,Amsterdam,2520.60,"said ""hi"", then left",solo,true
1961,User 1961,user1961@example.com,Bratislava,2557.61,plain note 1961,solo,false
1962,User 1962,user1962@example.com,Zürich,2594.62,plain note 1962,"a,b,c",true
1963,User 1963,user1963@example.com,København,2631.63,plain note 1963,solo,false
1964,User 1964,user1964@example.com,Москва,2668.64,plain note 1964,solo,true
1965,User 1965,user1965@example.com,東京,2705.65,plain note 1965,"a,b,c",false
1966,User 1966,user1966@example.com,Paris,2742.66,plain note 1966,solo,true
1967,User 1967,user1967@example.com,Lima,2779.67,"said ""hi"", then left",solo,false
1968,User 1968,user1968@example.com,Amsterdam,2816.68,plain note 1968,"a,b,c",true
1969,User 1969,user1969@example.com,Bratislava,2853.69,"line one
line two",solo,false
1970,User 1970,user1970@example.com,Zürich,2890.70,plain note 1970,solo,true
1971,User 1971,user1971@example.com,København,2927.71,plain note 1971,"a,b,c",false
1972,User 1972,user1972@example.com,Москва,2964.72,plain note 1972,solo,true
1973,User 1973,user1973@example.com,東京,3001.73,plain note 1973,solo,false
1974,User 1974,user1974@example.com,Paris,3038.74,"said ""hi"", then left","a,b,c",true
1975,User 1975,user1975@example.com,Lima,3075.75,plain note 1975,solo,false
1976,User 1976,user1976@example.com,Amsterdam,3112.76,plain note 1976,solo,true
1977,User 1977,user1977@example.com,Bratislava,3149.77,plain note 1977,"a,b,c",false
1978,User 1978,user1978@example.com,Zürich,3186.78,plain note 1978,solo,true
1979,User 1979,user1979@example.com,København,3223.79,plain note 1979,solo,false
1980,User 1980,user1980@example.com,Москва,3260.80,"line one
line two","a,b,c",true
1981,User 1981,user1981@example.com,東京,3297.81,"said ""hi"", then left",solo,false
1982,User 1982,user1982@example.com,Paris,3334.82,plain note 1982,solo,true
1983,User 1983,user1983@example.com,Lima,3371.83,plain note 1983,"a,b,c",false
1984,User 1984,user1984@example.com,Amsterdam,3408.84,plain note 1984,solo,true
1985,User 1985,user1985@example.com,Bratislava,3445.85,plain note 1985,solo,false
1986,User 1986,user1986@example.com,Zürich,3482.86,plain note 1986,"a,b,c",true
1987,User 1987,user1987@example.com,København,3519.87,plain note 1987,solo,false
1988,User 1988,user1988@example.com,Москва,3556.88,"said ""hi"", then left",solo,true
1989,User 1989,user1989@example.com,東京,3593.89,plain note 1989,"a,b,c",false
1990,User 1990,user1990@example.com,Paris,3630.90,plain note 1990,solo,true
1991,User 1991,user1991@example.com,Lima,3667.91,"line one
line two",solo,false
1992,User 1992,user1992@example.com,Amsterdam,3704.92,plain note 1992,"a,b,c",true
1993,User 1993,user1993@example.com,Bratislava,3741.93,plain note 1993,solo,false
1994,User 1994,user1994@example.com,Zürich,3778.94,plain note 1994,solo,true
1995,User 1995,user1995@example.com,København,3815.95,"said ""hi"", then left","a,b,c",false
1996,User 1996,user1996@example.com,Москва,3852.96,plain note 1996,solo,true
1997,User 1997,user1997@example.com,東京,3889.97,plain note 1997,solo,false
1998,User 1998,user1998@example.com,Paris,3926.98,plain note 1998,"a,b,c",true
1999,User 1999,user1999@example.com,Lima,3963.99,plain note 1999,solo,false
2000,User 2000,user2000@example.com,Amsterdam,4000.0,plain note 2000,solo,true
2001,User 2001,user2001@example.com,Bratislava,4037.1,plain note 2001,"a,b,c",false
2002,User 2002,user2002@example.com,Zürich,4074.2,"said ""hi"", then left",solo,true
2003,User 2003,user2003@example.com,København,4111.3,plain note 2003,solo,false
2004,User 2004,user2004@example.com,Москва,4148.4,plain note 2004,"a,b,c",true
2005,User 2005,user2005@example.com,東京,4185.5,plain note 2005,solo,false
2006,User 2006,user2006@example.com,Paris,4222.6,plain note 2006,solo,true
2007,User 2007,user2007@example.com,Lima,4259.7,plain note 2007,"a,b,c",false
2008,User 2008,user2008@example.com,Amsterdam,4296.8,plain note 2008,solo,true
2009,User 2009,user2009@example.com,Bratislava,4333.9,"said ""hi"", then left",solo,false
2010,User 2010,user2010@example.com,Zürich,4370.10,plain note 2010,"a,b,c",true
2011,User 2011,user2011@example.com,København,4407.11,plain note 2011,solo,false
2012,User 2012,user2012@example.com,Москва,4444.12,plain note 2012,solo,true
2013,User 2013,user2013@example.com,東京,4481.13,"line one
line two","a,b,c",false
2014,User 2014,user2014@example.com,Paris,4518.14,plain note 2014,solo,true
2015,User 2015,user2015@example.com,Lima,4555.15,plain note 2015,solo,false
2016,User 2016,user2016@example.com,Amsterdam,4592.16,"said ""hi"", then left","a,b,c",true
2017,User 2017,user2017@example.com,Bratislava,4629.17,plain note 2017,solo,false
2018,User 2018,user2018@example.com,Zürich,4666.18,plain note 2018,solo,true
2019,User 2019,user2019@example.com,København,4703.19,plain note 2019,"a,b,c",false
2020,User 2020,user2020@example.com,Москва,4740.20,plain note 2020,solo,true
2021,User 2021,user2021@example.com,東京,4777.21,plain note 2021,solo,false
2022,User 2022,user2022@example.com,Paris,4814.22,plain note 2022,"a,b,c",true
2023,User 2023,user2023@example.com,Lima,4851.23,"said ""hi"", then left",solo,false
2024,User 2024,user2024@example.com,Amsterdam,4888.24,"line one
line two",solo,true
2025,User 2025,user2025@example.com,Bratislava,4925.25,plain note 2025,"a,b,c",false
2026,User 2026,user2026@example.com,Zürich,4962.26,plain note 2026,solo,true
2027,User 2027,user2027@example.com,København,4999.27,plain note 2027,solo,false
2028,User 2028,user2028@example.com,Москва,5036.28,plain note 2028,"a,b,c",true
2029,User 2029,user2029@example.com,東京,5073.29,plain note 2029,solo,false
2030,User 2030,user2030@example.com,Paris,5110.30,"said ""hi"", then left",solo,true
2031,User 2031,user2031@example.com,Lima,5147.31,plain note 2031,"a,b,c",false
2032,User 2032,user2032@example.com,Amsterdam,5184.32,plain note 2032,solo,true
2033,User 2033,user2033@example.com,Bratislava,5221.33,plain note 2033,solo,false
2034,User 2034,user2034@example.com,Zürich,5258.34,plain note 2034,"a,b,c",true
2035,User 2035,user2035@example.com,København,5295.35,"line one
line two",solo,false
2036,User 2036,user2036@example.com,Москва,5332.36,plain note 2036,solo,true
2037,User 2037,user2037@example.com,東京,5369.37,"said ""hi"", then left","a,b,c",false
2038,User 2038,user2038@example.com,Paris,5406.38,plain note 2038,solo,true
2039,User 2039,user2039@example.com,Lima,5443.39,plain note 2039,solo,false
2040,User 2040,user2040@example.com,Amsterdam,5480.40,plain note 2040,"a,b,c",true
2041,User 2041,user2041@example.com,Bratislava,5517.41,plain note 2041,solo,false
2042,User 2042,user2042@example.com,Zürich,5554.42,plain note 2042,solo,true
2043,User 2043,user2043@example.com,København,5591.43,plain note 2043,"a,b,c",false
2044,User 2044,user2044@example.com,Москва,5628.44,"said ""hi"", then left",solo,true
2045,User 2045,user2045@example.com,東京,5665.45,plain note 2045,solo,false
2046,User 2046,user2046@example.com,Paris,5702.46,"line one
line two","a,b,c",true
2047,User 2047,user2047@example.com,Lima,5739.47,plain note 2047,solo,false
2048,User 2048,user2048@example.com,Amsterdam,5776.48,plain note 2048,solo,true
2049,User 2049,user2049@example.com,Bratislava,5813.49,plain note 2049,"a,b,c",false
2050,User 2050,user2050@example.com,Zürich,5850.50,plain note 2050,solo,true
2051,User 2051,user2051@example.com,København,5887.51,"said ""hi"", then left",solo,false
2052,User 2052,user2052@example.com,Москва,5924.52,plain note 2052,"a,b,c",true
2053,User 2053,user2053@example.com,東京,5961.53,plain note 2053,solo,false
2054,User 2054,user2054@example.com,Paris,5998.54,plain note 2054,solo,true
2055,User 2055,user2055@example.com,Lima,6035.55,plain note 2055,"a,b,c",false
2056,User 2056,user2056@example.com,Amsterdam,6072.56,plain note 2056,solo,true
2057,User 2057,user2057@example.com,Bratislava,6109.57,"line one
line two",solo,false
2058,User 2058,user2058@example.com,Zürich,6146.58,"said ""hi"", then left","a,b,c",true
2059,User 2059,user2059@example.com,København,6183.59,plain note 2059,solo,false
2060,User 2060,user2060@example.com,Москва,6220.60,plain note 2060,solo,true
2061,User 2061,user2061@example.com,東京,6257.61,plain note 2061,"a,b,c",false
2062,User 2062,user2062@example.com,Paris,6294.62,plain note 2062,solo,true
2063,User 2063,user2063@example.com,Lima,6331.63,plain note 2063,solo,false
2064,User 2064,user2064@example.com,Amsterdam,6368.64,plain note 2064,"a,b,c",true
2065,User 2065,user2065@example.com,Bratislava,6405.65,"said ""hi"", then left",solo,false
2066,User 2066,user2066@example.com,Zürich,6442.66,plain note 2066,solo,true
2067,User 2067,user2067@example.com,København,6479.67,plain note 2067,"a,b,c",false
2068,User 2068,user2068@example.com,Москва,6516.68,"line one
line two",solo,true
2069,User 2069,user2069@example.com,東京,6553.69,plain note 2069,solo,false
2070,User 2070,user2070@example.com,Paris,6590.70,plain note 2070,"a,b,c",true
2071,User 2071,user2071@example.com,Lima,6627.71,plain note 2071,solo,false
2072,User 2072,user2072@example.com,Amsterdam,6664.72,"said ""hi"", then left",solo,true
2073,User 2073,user2073@example.com,Bratislava,6701.73,plain note 2073,"a,b,c",false
2074,User 2074,user2074@example.com,Zürich,6738.74,plain note 2074,solo,true
2075,User 2075,user2075@example.com,København,6775.75,plain note 2075,solo,false
2076,User 2076,user2076@example.com,Москва,6812.76,plain note 2076,"a,b,c",true
2077,User 2077,user2077@example.com,東京,6849.77,plain note 2077,solo,false
2078,User 2078,user2078@example.com,Paris,6886.78,plain note 2078,solo,true
2079,User 2079,user2079@example.com,Lima,6923.79,"said ""hi"", then left","a,b,c",false
2080,User 2080,user2080@example.com,Amsterdam,6960.80,plain note 2080,solo,true
2081,User 2081,user2081@example.com,Bratislava,6997.81,plain note 2081,solo,false
2082,User 2082,user2082@example.com,Zürich,7034.82,plain note 2082,"a,b,c",true
2083,User 2083,user2083@example.com,København,7071.83,plain note 2083,solo,false
2084,User 2084,user2084@example.com,Москва,7108.84,plain note 2084,solo,true
2085,User 2085,user2085@example.com,東京,7145.85,plain note 2085,"a,b,c",false
2086,User 2086,user2086@example.com,Paris,7182.86,"said ""hi"", then left",solo,true
2087,User 2087,user2087@example.com,Lima,7219.87,plain note 2087,solo,false
2088,User 2088,user2088@example.com,Amsterdam,7256.88,plain note 2088,"a,b,c",true
2089,User 2089,user2089@example.com,Bratislava,7293.89,plain note 2089,solo,false
2090,User 2090,user2090@example.com,Zürich,7330.90,"line one
line two",solo,true
2091,User 2091,user2091@example.com,København,7367.91,plain note 2091,"a,b,c",false
2092,User 2092,user2092@example.com,Москва,7404.92,plain note 2092,solo,true
2093,User 2093,user2093@example.com,東京,7441.93,"said ""hi"", then left",solo,false
2094,User 2094,user2094@example.com,Paris,7478.94,plain note 2094,"a,b,c",true
2095,User 2095,user2095@example.com,Lima,7515.95,plain note 2095,solo,false
2096,User 2096,user2096@example.com,Amsterdam,7552.96,plain note 2096,solo,true
2097,User 2097,user2097@example.com,Bratislava,7589.97,plain note 2097,"a,b,c",false
2098,User 2098,user2098@example.com,Zürich,7626.98,plain note 2098,solo,true
2099,User 2099,user2099@example.com,København,7663.99,plain note 2099,solo,false
2100,User 2100,user2100@example.com,Москва,7700.0,"said ""hi"", then left","a,b,c",true
2101,User 2101,user2101@example.com,東京,7737.1,"line one
line two",solo,false
2102,User 2102,user2102@example.com,Paris,7774.2,plain note 2102,solo,true
2103,User 2103,user2103@example.com,Lima,7811.3,plain note 2103,"a,b,c",false
2104,User 2104,user2104@example.com,Amsterdam,7848.4,plain note 2104,solo,true
2105,User 2105,user2105@example.com,Bratislava,7885.5,plain note 2105,solo,false
2106,User 2106,user2106@example.com,Zürich,7922.6,plain note 2106,"a,b,c",true
2107,User 2107,user2107@example.com,København,7959.7,"said ""hi"", then left",solo,false
2108,User 2108,user2108@example.com,Москва,7996.8,plain note 2108,solo,true
2109,User 2109,user2109@example.com,東京,8033.9,plain note 2109,"a,b,c",false
2110,User 2110,user2110@example.com,Paris,8070.10,plain note 2110,solo,true
2111,User 2111,user2111@example.com,Lima,8107.11,plain note 2111,solo,false
2112,User 2112,user2112@example.com,Amsterdam,8144.12,"line one
line two","a,b,c",true
2113,User 2113,user2113@example.com,Bratislava,8181.13,plain note 2113,solo,false
2114,User 2114,user2114@example.com,Zürich,8218.14,"said ""hi"", then left",solo,true
2115,User 2115,user2115@example.com,København,8255.15,plain note 2115,"a,b,c",false
2116,User 2116,user2116@example.com,Москва,8292.16,plain note 2116,solo,true
2117,User 2117,user2117@example.com,東京,8329.17,plain note 2117,solo,false
2118,User 2118,user2118@example.com,Paris,8366.18,plain note 2118,"a,b,c",true
2119,User 2119,user2119@example.com,Lima,8403.19,plain note 2119,solo,false
2120,User 2120,user2120@example.com,Amsterdam,8440.20,plain note 2120,solo,true
2121,User 2121,user2121@example.com,Bratislava,8477.21,"said ""hi"", then left","a,b,c",false
2122,User 2122,user2122@example.com,Zürich,8514.22,plain note 2122,solo,true
2123,User 2123,user2123@example.com,København,8551.23,"line one
line two",solo,false
2124,User 2124,user2124@example.com,Москва,8588.24,plain note 2124,"a,b,c",true
2125,User 2125,user2125@example.com,東京,8625.25,plain note 2125,solo,false
2126,User 2126,user2126@example.com,Paris,8662.26,plain note 2126,solo,true
2127,User 2127,user2127@example.com,Lima,8699.27,plain note 2127,"a,b,c",false
2128,User 2128,user2128@example.com,Amsterdam,8736.28,"said ""hi"", then left",solo,true
2129,User 2129,user2129@example.com,Bratislava,8773.29,plain note 2129,solo,false
2130,User 2130,user2130@example.com,Zürich,8810.30,plain note 2130,"a,b,c",true
2131,User 2131,user2131@example.com,København,8847.31,plain note 2131,solo,false
2132,User 2132,user2132@example.com,Москва,8884.32,plain note 2132,solo,true
2133,User 2133,user2133@example.com,東京,8921.33,plain note 2133,"a,b,c",false
2134,User 2134,user2134@example.com,Paris,8958.34,"line one
line two",solo,true
2135,User 2135,user2135@example.com,Lima,8995.35,"said ""hi"", then left",solo,false
2136,User 2136,user2136@example.com,Amsterdam,9032.36,plain note 2136,"a,b,c",true
2137,User 2137,user2137@example.com,Bratislava,9069.37,plain note 2137,solo,false
2138,User 2138,user2138@example.com,Zürich,9106.38,plain note 2138,solo,true
2139,User 2139,user2139@example.com,København,9143.39,plain note 2139,"a,b,c",false
2140,User 2140,user2140@example.com,Москва,9180.40,plain note 2140,solo,true
2141,User 2141,user2141@example.com,東京,9217.41,plain note 2141,solo,false
2142,User 2142,user2142@example.com,Paris,9254.42,"said ""hi"", then left","a,b,c",true
2143,User 2143,user2143@example.com,Lima,9291.43,plain note 2143,solo,false
2144,User 2144,user2144@example.com,Amsterdam,9328.44,plain note 2144,solo,true
2145,User 2145,user2145@example.com,Bratislava,9365.45,"line one
line two","a,b,c",false
2146,User 2146,user2146@example.com,Zürich,9402.46,plain note 2146,solo,true
2147,User 2147,user2147@example.com,København,9439.47,plain note 2147,solo,false
2148,User 2148,user2148@example.com,Москва,9476.48,plain note 2148,"a,b,c",true
2149,User 2149,user2149@example.com,東京,9513.49,"said ""hi"", then left",solo,false
2150,User 2150,user2150@example.com,Paris,9550.50,plain note 2150,solo,true
2151,User 2151,user2151@example.com,Lima,9587.51,plain note 2151,"a,b,c",false
2152,User 2152,user2152@example.com,Amsterdam,9624.52,plain note 2152,solo,true
2153,User 2153,user2153@example.com,Bratislava,9661.53,plain note 2153,solo,false
2154,User 2154,user2154@example.com,Zürich,9698.54,plain note 2154,"a,b,c",true
2155,User 2155,user2155@example.com,København,9735.55,plain note 2155,solo,false
2156,User 2156,user2156@example.com,Москва,9772.56,"said ""hi"", then left",solo,true
2157,User 2157,user2157@example.com,東京,9809.57,plain note 2157,"a,b,c",false
2158,User 2158,user2158@example.com,Paris,9846.58,plain note 2158,solo,true
2159,User 2159,user2159@example.com,Lima,9883.59,plain note 2159,solo,false
2160,User 2160,user2160@example.com,Amsterdam,9920.60,plain note 2160,"a,b,c",true
2161,User 2161,user2161@example.com,Bratislava,9957.61,plain note 2161,solo,false
2162,User 2162,user2162@example.com,Zürich,9994.62,plain note 2162,solo,true
2163,User 2163,user2163@example.com,København,31.63,"said ""hi"", then left","a,b,c",false
2164,User 2164,user2164@example.com,Москва,68.64,plain note 2164,solo,true
2165,User 2165,user2165@example.com,東京,105.65,plain note 2165,solo,false
2166,User 2166,user2166@example.com,Paris,142.66,plain note 2166,"a,b,c",true
2167,User 2167,user2167@example.com,Lima,179.67,"line one
line two",solo,false
2168,User 2168,user2168@example.com,Amsterdam,216.68,plain note 2168,solo,true
2169,User 2169,user2169@example.com,Bratislava,253.69,plain note 2169,"a,b,c",false
2170,User 2170,user2170@example.com,Zürich,290.70,"said ""hi"", then left",solo,true
2171,User 2171,user2171@example.com,København,327.71,plain note 2171,solo,false
2172,User 2172,user2172@example.com,Москва,364.72,plain note 2172,"a,b,c",true
2173,User 2173,user2173@example.com,東京,401.73,plain note 2173,solo,false
2174,User 2174,user2174@example.com,Paris,438.74,plain note 2174,solo,true
2175,User 2175,user2175@example.com,Lima,475.75,plain note 2175,"a,b,c",false
2176,User 2176,user2176@example.com,Amsterdam,512.76,plain note 2176,solo,true
2177,User 2177,user2177@example.com,Bratislava,549.77,"said ""hi"", then left",solo,false
2178,User 2178,user2178@example.com,Zürich,586.78,"line one
line two","a,b,c",true
2179,User 2179,user2179@example.com,København,623.79,plain note 2179,solo,false
2180,User 2180,user2180@example.com,Москва,660.80,plain note 2180,solo,true
2181,User 2181,user2181@example.com,東京,697.81,plain note 2181,"a,b,c",false
2182,User 2182,user2182@example.com,Paris,734.82,plain note 2182,solo,true
2183,User 2183,user2183@example.com,Lima,771.83,plain note 2183,solo,false
2184,User 2184,user2184@example.com,Amsterdam,808.84,"said ""hi"", then left","a,b,c",true
2185,User 2185,user2185@example.com,Bratislava,845.85,plain note 2185,solo,false
2186,User 2186,user2186@example.com,Zürich,882.86,plain note 2186,solo,true
2187,User 2187,user2187@example.com,København,919.87,plain note 2187,"a,b,c",false
2188,User 2188,user2188@example.com,Москва,956.88,plain note 2188,solo,true
2189,User 2189,user2189@example.com,東京,993.89,"line one
line two",solo,false
2190,User 2190,user2190@example.com,Paris,1030.90,plain note 2190,"a,b,c",true
2191,User 2191,user2191@example.com,Lima,1067.91,"said ""hi"", then left",solo,false
2192,User 2192,user2192@example.com,Amsterdam,1104.92,plain note 2192,solo,true
2193,User 2193,user2193@example.com,Bratislava,1141.93,plain note 2193,"a,b,c",false
2194,User 2194,user2194@example.com,Zürich,1178.94,plain note 2194,solo,true
2195,User 2195,user2195@example.com,København,1215.95,plain note 2195,solo,false
2196,User 2196,user2196@example.com,Москва,1252.96,plain note 2196,"a,b,c",true
2197,User 2197,user2197@example.com,東京,1289.97,plain note 2197,solo,false
2198,User 2198,user2198@example.com,Paris,1326.98,"said ""hi"", then left",solo,true
2199,User 2199,user2199@example.com,Lima,1363.99,plain note 2199,"a,b,c",false
2200,User 2200,user2200@example.com,Amsterdam,1400.0,"line one
line two",solo,true
2201,User 2201,user2201@example.com,Bratislava,1437.1,plain note 2201,solo,false
2202,User 2202,user2202@example.com,Zürich,1474.2,plain note 2202,"a,b,c",true
2203,User 2203,user2203@example.com,København,1511.3,plain note 2203,solo,false
2204,User 2204,user2204@example.com,Москва,1548.4,plain note 2204,solo,true
2205,User 2205,user2205@example.com,東京,1585.5,"said ""hi"", then left","a,b,c",false
2206,User 2206,user2206@example.com,Paris,1622.6,plain note 2206,solo,true
2207,User 2207,user2207@example.com,Lima,1659.7,plain note 2207,solo,false
2208,User 2208,user2208@example.com,Amsterdam,1696.8,plain note 2208,"a,b,c",true
2209,User 2209,user2209@example.com,Bratislava,1733.9,plain note 2209,solo,false
2210,User 2210,user2210@example.com,Zürich,1770.10,plain note 2210,solo,true
2211,User 2211,user2211@example.com,København,1807.11,"line one
line two","a,b,c",false
2212,User 2212,user2212@example.com,Москва,1844.12,"said ""hi"", then left",solo,true
2213,User 2213,user2213@example.com,東京,1881.13,plain note 2213,solo,false
2214,User 2214,user2214@example.com,Paris,1918.14,plain note 2214,"a,b,c",true
2215,User 2215,user2215@example.com,Lima,1955.15,plain note 2215,solo,false
2216,User 2216,user2216@example.com,Amsterdam,1992.16,plain note 2216,solo,true
2217,User 2217,user2217@example.com,Bratislava,2029.17,plain note 2217,"a,b,c",false
2218,User 2218,user2218@example.com,Zürich,2066.18,plain note 2218,solo,true
2219,User 2219,user2219@example.com,København,2103.19,"said ""hi"", then left",solo,false
2220,User 2220,user2220@example.com,Москва,2140.20,plain note 2220,"a,b,c",true
2221,User 2221,user2221@example.com,東京,2177.21,plain note 2221,solo,false
2222,User 2222,user2222@example.com,Paris,2214.22,"line one
line two",solo,true
2223,User 2223,user2223@example.com,Lima,2251.23,plain note 2223,"a,b,c",false
2224,User 2224,user2224@example.com,Amsterdam,2288.24,plain note 2224,solo,true
2225,User 2225,user2225@example.com,Bratislava,2325.25,plain note 2225,solo,false
2226,User 2226,user2226@example.com,Zürich,2362.26,"said ""hi"", then left","a,b,c",true
2227,User 2227,user2227@example.com,København,2399.27,plain note 2227,solo,false
2228,User 2228,user2228@example.com,Москва,2436.28,plain note 2228,solo,true
2229,User 2229,user2229@example.com,東京,2473.29,plain note 2229,"a,b,c",false
2230,User 2230,user2230@example.com,Paris,2510.30,plain note 2230,solo,true
2231,User 2231,user2231@example.com,Lima,2547.31,plain note 2231,solo,false
2232,User 2232,user2232@example.com,Amsterdam,2584.32,plain note 2232,"a,b,c",true
2233,User 2233,user2233@example.com,Bratislava,2621.33,"said ""hi"", then left",solo,false
2234,User 2234,user2234@example.com,Zürich,2658.34,plain note 2234,solo,true
2235,User 2235,user2235@example.com,København,2695.35,plain note 2235,"a,b,c",false
2236,User 2236,user2236@example.com,Москва,2732.36,plain note 2236,solo,true
2237,User 2237,user2237@example.com,東京,2769.37,plain note 2237,solo,false
2238,User 2238,user2238@example.com,Paris,2806.38,plain note 2238,"a,b,c",true
2239,User 2239,user2239@example.com,Lima,2843.39,plain note 2239,solo,false
2240,User 2240,user2240@example.com,Amsterdam,2880.40,"said ""hi"", then left",solo,true
2241,User 2241,user2241@example.com,Bratislava,2917.41,plain note 2241,"a,b,c",false
2242,User 2242,user2242@example.com,Zürich,2954.42,plain note 2242,solo,true
2243,User 2243,user2243@example.com,København,2991.43,plain note 2243,solo,false
2244,User 2244,user2244@example.com,Москва,3028.44,"line one
line two","a,b,c",true
2245,User 2245,user2245@example.com,東京,3065.45,plain note 2245,solo,false
2246,User 2246,user2246@example.com,Paris,3102.46,plain note 2246,solo,true
2247,User 2247,user2247@example.com,Lima,3139.47,"said ""hi"", then left","a,b,c",false
2248,User 2248,user2248@example.com,Amsterdam,3176.48,plain note 2248,solo,true
2249,User 2249,user2249@example.com,Bratislava,3213.49,plain note 2249,solo,false
2250,User 2250,user2250@example.com,Zürich,3250.50,plain note 2250,"a,b,c",true
2251,User 2251,user2251@example.com,København,3287.51,plain note 2251,solo,false
2252,User 2252,user2252@example.com,Москва,3324.52,plain note 2252,solo,true
2253,User 2253,user2253@example.com,東京,3361.53,plain note 2253,"a,b,c",false
2254,User 2254,user2254@example.com,Paris,3398.54,"said ""hi"", then left",solo,true
2255,User 2255,user2255@example.com,Lima,3435.55,"line one
line two",solo,false
2256,User 2256,user2256@example.com,Amsterdam,3472.56,plain note 2256,"a,b,c",true
2257,User 2257,user2257@example.com,Bratislava,3509.57,plain note 2257,solo,false
2258,User 2258,user2258@example.com,Zürich,3546.58,plain note 2258,solo,true
2259,User 2259,user2259@example.com,København,3583.59,plain note 2259,"a,b,c",false
2260,User 2260,user2260@example.com,Москва,3620.60,plain note 2260,solo,true
2261,User 2261,user2261@example.com,東京,3657.61,"said ""hi"", then left",solo,false
2262,User 2262,user2262@example.com,Paris,3694.62,plain note 2262,"a,b,c",true
2263,User 2263,user2263@example.com,Lima,3731.63,plain note 2263,solo,false
2264,User 2264,user2264@example.com,Amsterdam,3768.64,plain note 2264,solo,true
2265,User 2265,user2265@example.com,Bratislava,3805.65,plain note 2265,"a,b,c",false
2266,User 2266,user2266@example.com,Zürich,3842.66,"line one
line two",solo,true
2267,User 2267,user2267@example.com,København,3879.67,plain note 2267,solo,false
2268,User 2268,user2268@example.com,Москва,3916.68,"said ""hi"", then left","a,b,c",true
2269,User 2269,user2269@example.com,東京,3953.69,plain note 2269,solo,false
2270,User 2270,user2270@example.com,Paris,3990.70,plain note 2270,solo,true
2271,User 2271,user2271@example.com,Lima,4027.71,plain note 2271,"a,b,c",false
2272,User 2272,user2272@example.com,Amsterdam,4064.72,plain note 2272,solo,true
2273,User 2273,user2273@example.com,Bratislava,4101.73,plain note 2273,solo,false
2274,User 2274,user2274@example.com,Zürich,4138.74,plain note 2274,"a,b,c",true
2275,User 2275,user2275@example.com,København,4175.75,"said ""hi"", then left",solo,false
2276,User 2276,user2276@example.com,Москва,4212.76,plain note 2276,solo,true
2277,User 2277,user2277@example.com,東京,4249.77,"line one
line two","a,b,c",false
2278,User 2278,user2278@example.com,Paris,4286.78,plain note 2278,solo,true
2279,User 2279,user2279@example.com,Lima,4323.79,plain note 2279,solo,false
2280,User 2280,user2280@example.com,Amsterdam,4360.80,plain note 2280,"a,b,c",true
2281,User 2281,user2281@example.com,Bratislava,4397.81,plain note 2281,solo,false
2282,User 2282,user2282@example.com,Zürich,4434.82,"said ""hi"", then left",solo,true
2283,User 2283,user2283@example.com,København,4471.83,plain note 2283,"a,b,c",false
2284,User 2284,user2284@example.com,Москва,4508.84,plain note 2284,solo,true
2285,User 2285,user2285@example.com,東京,4545.85,plain note 2285,solo,false
2286,User 2286,user2286@example.com,Paris,4582.86,plain note 2286,"a,b,c",true
2287,User 2287,user2287@example.com,Lima,4619.87,plain note 2287,solo,false
2288,User 2288,user2288@example.com,Amsterdam,4656.88,"line one
line two",solo,true
2289,User 2289,user2289@example.com,Bratislava,4693.89,"said ""hi"", then left","a,b,c",false
2290,User 2290,user2290@example.com,Zürich,4730.90,plain note 2290,solo,true
2291,User 2291,user2291@example.com,København,4767.91,plain note 2291,solo,false
2292,User 2292,user2292@example.com,Москва,4804.92,plain note 2292,"a,b,c",true
2293,User 2293,user2293@example.com,東京,4841.93,plain note 2293,solo,false
2294,User 2294,user2294@example.com,Paris,4878.94,plain note 2294,solo,true
2295,User 2295,user2295@example.com,Lima,4915.95,plain note 2295,"a,b,c",false
2296,User 2296,user2296@example.com,Amsterdam,4952.96,"said ""hi"", then left",solo,true
2297,User 2297,user2297@example.com,Bratislava,4989.97,plain note 2297,solo,false
2298,User 2298,user2298@example.com,Zürich,5026.98,plain note 2298,"a,b,c",true
2299,User 2299,user2299@example.com,København,5063.99,"line one
line two",solo,false
2300,User 2300,user2300@example.com,Москва,5100.0,plain note 2300,solo,true
2301,User 2301,user2301@example.com,東京,5137.1,plain note 2301,"a,b,c",false
2302,User 2302,user2302@example.com,Paris,5174.2,plain note 2302,solo,true
2303,User 2303,user2303@example.com,Lima,5211.3,"said ""hi"", then left",solo,false
2304,User 2304,user2304@example.com,Amsterdam,5248.4,plain note 2304,"a,b,c",true
2305,User 2305,user2305@example.com,Bratislava,5285.5,plain note 2305,solo,false
2306,User 2306,user2306@example.com,Zürich,5322.6,plain note 2306,solo,true
2307,User 2307,user2307@example.com,København,5359.7,plain note 2307,"a,b,c",false
2308,User 2308,user2308@example.com,Москва,5396.8,plain note 2308,solo,true
2309,User 2309,user2309@example.com,東京,5433.9,plain note 2309,solo,false
2310,User 2310,user2310@example.com,Paris,5470.10,"said ""hi"", then left","a,b,c",true
2311,User 2311,user2311@example.com,Lima,5507.11,plain note 2311,solo,false
2312,User 2312,user2312@example.com,Amsterdam,5544.12,plain note 2312,solo,true
2313,User 2313,user2313@example.com,Bratislava,5581.13,plain note 2313,"a,b,c",false
2314,User 2314,user2314@example.com,Zürich,5618.14,plain note 2314,solo,true
2315,User 2315,user2315@example.com,København,5655.15,plain note 2315,solo,false
2316,User 2316,user2316@example.com,Москва,5692.16,plain note 2316,"a,b,c",true
2317,User 2317,user2317@example.com,東京,5729.17,"said ""hi"", then left",solo,false
2318,User 2318,user2318@example.com,Paris,5766.18,plain note 2318,solo,true
2319,User 2319,user2319@example.com,Lima,5803.19,plain note 2319,"a,b,c",false
2320,User 2320,user2320@example.com,Amsterdam,5840.20,plain note 2320,solo,true
2321,User 2321,user2321@example.com,Bratislava,5877.21,"line one
line two",solo,false
2322,User 2322,user2322@example.com,Zürich,5914.22,plain note 2322,"a,b,c",true
2323,User 2323,user2323@example.com,København,5951.23,plain note 2323,solo,false
2324,User 2324,user2324@example.com,Москва,5988.24,"said ""hi"", then left",solo,true
2325,User 2325,user2325@example.com,東京,6025.25,plain note 2325,"a,b,c",false
2326,User 2326,user2326@example.com,Paris,6062.26,plain note 2326,solo,true
2327,User 2327,user2327@example.com,Lima,6099.27,plain note 2327,solo,false
2328,User 2328,user2328@example.com,Amsterdam,6136.28,plain note 2328,"a,b,c",true
2329,User 2329,user2329@example.com,Bratislava,6173.29,plain note 2329,solo,false
2330,User 2330,user2330@example.com,Zürich,6210.30,plain note 2330,solo,true
2331,User 2331,user2331@example.com,København,6247.31,"said ""hi"", then left","a,b,c",false
2332,User 2332,user2332@example.com,Москва,6284.32,"line one
line two",solo,true
2333,User 2333,user2333@example.com,東京,6321.33,plain note 2333,solo,false
2334,User 2334,user2334@example.com,Paris,6358.34,plain note 2334,"a,b,c",true
2335,User 2335,user2335@example.com,Lima,6395.35,plain note 2335,solo,false
2336,User 2336,user2336@example.com,Amsterdam,6432.36,plain note 2336,solo,true
2337,User 2337,user2337@example.com,Bratislava,6469.37,plain note 2337,"a,b,c",false
2338,User 2338,user2338@example.com,Zürich,6506.38,"said ""hi"", then left",solo,true
2339,User 2339,user2339@example.com,København,6543.39,plain note 2339,solo,false
2340,User 2340,user2340@example.com,Москва,6580.40,plain note 2340,"a,b,c",true
2341,User 2341,user2341@example.com,東京,6617.41,plain note 2341,solo,false
2342,User 2342,user2342@example.com,Paris,6654.42,plain note 2342,solo,true
2343,User 2343,user2343@example.com,Lima,6691.43,"line one
line two","a,b,c",false
2344,User 2344,user2344@example.com,Amsterdam,6728.44,plain note 2344,solo,true
2345,User 2345,user2345@example.com,Bratislava,6765.45,"said ""hi"", then left",solo,false
2346,User 2346,user2346@example.com,Zürich,6802.46,plain note 2346,"a,b,c",true
2347,User 2347,user2347@example.com,København,6839.47,plain note 2347,solo,false
2348,User 2348,user2348@example.com,Москва,6876.48,plain note 2348,solo,true
2349,User 2349,user2349@example.com,東京,6913.49,plain note 2349,"a,b,c",false
2350,User 2350,user2350@example.com,Paris,6950.50,plain note 2350,solo,true
2351,User 2351,user2351@example.com,Lima,6987.51,plain note 2351,solo,false
2352,User 2352,user2352@example.com,Amsterdam,7024.52,"said ""hi"", then left","a,b,c",true
2353,User 2353,user2353@example.com,Bratislava,7061.53,plain note 2353,solo,false
2354,User 2354,user2354@example.com,Zürich,7098.54,"line one
line two",solo,true
2355,User 2355,user2355@example.com,København,7135.55,plain note 2355,"a,b,c",false
2356,User 2356,user2356@example.com,Москва,7172.56,plain note 2356,solo,true
2357,User 2357,user2357@example.com,東京,7209.57,plain note 2357,solo,false
2358,User 2358,user2358@example.com,Paris,7246.58,plain note 2358,"a,b,c",true
2359,User 2359,user2359@example.com,Lima,7283.59,"said ""hi"", then left",solo,false
2360,User 2360,user2360@example.com,Amsterdam,7320.60,plain note 2360,solo,true
2361,User 2361,user2361@example.com,Bratislava,7357.61,plain note 2361,"a,b,c",false
2362,User 2362,user2362@example.com,Zürich,7394.62,plain note 2362,solo,true
2363,User 2363,user2363@example.com,København,7431.63,plain note 2363,solo,false
2364,User 2364,user2364@example.com,Москва,7468.64,plain note 2364,"a,b,c",true
2365,User 2365,user2365@example.com,東京,7505.65,"line one
line two",solo,false
2366,User 2366,user2366@example.com,Paris,7542.66,"said ""hi"", then left",solo,true
2367,User 2367,user2367@example.com,Lima,7579.67,plain note 2367,"a,b,c",false
2368,User 2368,user2368@example.com,Amsterdam,7616.68,plain note 2368,solo,true
2369,User 2369,user2369@example.com,Bratislava,7653.69,plain note 2369,solo,false
2370,User 2370,user2370@example.com,Zürich,7690.70,plain note 2370,"a,b,c",true
2371,User 2371,user2371@example.com,København,7727.71,plain note 2371,solo,false
2372,User 2372,user2372@example.com,Москва,7764.72,plain note 2372,solo,true
2373,User 2373,user2373@example.com,東京,7801.73,"said ""hi"", then left","a,b,c",false
2374,User 2374,user2374@example.com,Paris,7838.74,plain note 2374,solo,true
2375,User 2375,user2375@example.com,Lima,7875.75,plain note 2375,solo,false
2376,User 2376,user2376@example.com,Amsterdam,7912.76,"line one
line two","a,b,c",true
2377,User 2377,user2377@example.com,Bratislava,7949.77,plain note 2377,solo,false
2378,User 2378,user2378@example.com,Zürich,7986.78,plain note 2378,solo,true
2379,User 2379,user2379@example.com,København,8023.79,plain note 2379,"a,b,c",false
2380,User 2380,user2380@example.com,Москва,8060.80,"said ""hi"", then left",solo,true
2381,User 2381,user2381@example.com,東京,8097.81,plain note 2381,solo,false
2382,User 2382,user2382@example.com,Paris,8134.82,plain note 2382,"a,b,c",true
2383,User 2383,user2383@example.com,Lima,8171.83,plain note 2383,solo,false
2384,User 2384,user2384@example.com,Amsterdam,8208.84,plain note 2384,solo,true
2385,User 2385,user2385@example.com,Bratislava,8245.85,plain note 2385,"a,b,c",false
2386,User 2386,user2386@example.com,Zürich,8282.86,plain note 2386,solo,true
2387,User 2387,user2387@example.com,København,8319.87,"said ""hi"", then left",solo,false
2388,User 2388,user2388@example.com,Москва,8356.88,plain note 2388,"a,b,c",true
2389,User 2389,user2389@example.com,東京,8393.89,plain note 2389,solo,false
2390,User 2390,user2390@example.com,Paris,8430.90,plain note 2390,solo,true
2391,User 2391,user2391@example.com,Lima,8467.91,plain note 2391,"a,b,c",false
2392,User 2392,user2392@example.com,Amsterdam,8504.92,plain note 2392,solo,true
2393,User 2393,user2393@example.com,Bratislava,8541.93,plain note 2393,solo,false
2394,User 2394,user2394@example.com,Zürich,8578.94,"said ""hi"", then left","a,b,c",true
2395,User 2395,user2395@example.com,København,8615.95,plain note 2395,solo,false
2396,User 2396,user2396@example.com,Москва,8652.96,plain note 2396,solo,true
2397,User 2397,user2397@example.com,東京,8689.97,plain note 2397,"a,b,c",false
2398,User 2398,user2398@example.com,Paris,8726.98,"line one
line two",solo,true
2399,User 2399,user2399@example.com,Lima,8763.99,plain note 2399,solo,false
2400,User 2400,user2400@example.com,Amsterdam,8800.0,plain note 2400,"a,b,c",true
2401,User 2401,user2401@example.com,Bratislava,8837.1,"said ""hi"", then left",solo,false
2402,User 2402,user2402@example.com,Zürich,8874.2,plain note 2402,solo,true
2403,User 2403,user2403@example.com,København,8911.3,plain note 2403,"a,b,c",false
2404,User 2404,user2404@example.com,Москва,8948.4,plain note 2404,solo,true
2405,User 2405,user2405@example.com,東京,8985.5,plain note 2405,solo,false
2406,User 2406,user2406@example.com,Paris,9022.6,plain note 2406,"a,b,c",true
2407,User 2407,user2407@example.com,Lima,9059.7,plain note 2407,solo,false
2408,User 2408,user2408@example.com,Amsterdam,9096.8,"said ""hi"", then left",solo,true
2409,User 2409,user2409@example.com,Bratislava,9133.9,"line one
line two","a,b,c",false
2410,User 2410,user2410@example.com,Zürich,9170.10,plain note 2410,solo,true
2411,User 2411,user2411@example.com,København,9207.11,plain note 2411,solo,false
2412,User 2412,user2412@example.com,Москва,9244.12,plain note 2412,"a,b,c",true
2413,User 2413,user2413@example.com,東京,9281.13,plain note 2413,solo,false
2414,User 2414,user2414@example.com,Paris,9318.14,plain note 2414,solo,true
2415,User 2415,user2415@example.com,Lima,9355.15,"said ""hi"", then left","a,b,c",false
2416,User 2416,user2416@example.com,Amsterdam,9392.16,plain note 2416,solo,true
2417,User 2417,user2417@example.com,Bratislava,9429.17,plain note 2417,solo,false
2418,User 2418,user2418@example.com,Zürich,9466.18,plain note 2418,"a,b,c",true
2419,User 2419,user2419@example.com,København,9503.19,plain note 2419,solo,false
2420,User 2420,user2420@example.com,Москва,9540.20,"line one
line two",solo,true
2421,User 2421,user2421@example.com,東京,9577.21,plain note 2421,"a,b,c",false
2422,User 2422,user2422@example.com,Paris,9614.22,"said ""hi"", then left",solo,true
2423,User 2423,user2423@example.com,Lima,9651.23,plain note 2423,solo,false
2424,User 2424,user2424@example.com,Amsterdam,9688.24,plain note 2424,"a,b,c",true
2425,User 2425,user2425@example.com,Bratislava,9725.25,plain note 2425,solo,false
2426,User 2426,user2426@example.com,Zürich,9762.26,plain note 2426,solo,true
2427,User 2427,user2427@example.com,København,9799.27,plain note 2427,"a,b,c",false
2428,User 2428,user2428@example.com,Москва,9836.28,plain note 2428,solo,true
2429,User 2429,user2429@example.com,東京,9873.29,"said ""hi"", then left",solo,false
2430,User 2430,user2430@example.com,Paris,9910.30,plain note 2430,"a,b,c",true
2431,User 2431,user2431@example.com,Lima,9947.31,"line one
line two",solo,false
2432,User 2432,user2432@example.com,Amsterdam,9984.32,plain note 2432,solo,true
2433,User 2433,user2433@example.com,Bratislava,21.33,plain note 2433,"a,b,c",false
2434,User 2434,user2434@example.com,Zürich,58.34,plain note 2434,solo,true
2435,User 2435,user2435@example.com,København,95.35,plain note 2435,solo,false
2436,User 2436,user2436@example.com,Москва,132.36,"said ""hi"", then left","a,b,c",true
2437,User 2437,user2437@example.com,東京,169.37,plain note 2437,solo,false
2438,User 2438,user2438@example.com,Paris,206.38,plain note 2438,solo,true
2439,User 2439,user2439@example.com,Lima,243.39,plain note 2439,"a,b,c",false
2440,User 2440,user2440@example.com,Amsterdam,280.40,plain note 2440,solo,true
2441,User 2441,user2441@example.com,Bratislava,317.41,plain note 2441,solo,false
2442,User 2442,user2442@example.com,Zürich,354.42,"line one
line two","a,b,c",true
2443,User 2443,user2443@example.com,København,391.43,"said ""hi"", then left",solo,false
2444,User 2444,user2444@example.com,Москва,428.44,plain note 2444,solo,true
2445,User 2445,user2445@example.com,東京,465.45,plain note 2445,"a,b,c",false
2446,User 2446,user2446@example.com,Paris,502.46,plain note 2446,solo,true
2447,User 2447,user2447@example.com,Lima,539.47,plain note 2447,solo,false
2448,User 2448,user2448@example.com,Amsterdam,576.48,plain note 2448,"a,b,c",true
2449,User 2449,user2449@example.com,Bratislava,613.49,plain note 2449,solo,false
2450,User 2450,user2450@example.com,Zürich,650.50,"said ""hi"", then left",solo,true
2451,User 2451,user2451@example.com,København,687.51,plain note 2451,"a,b,c",false
2452,User 2452,user2452@example.com,Москва,724.52,plain note 2452,solo,true
2453,User 2453,user2453@example.com,東京,761.53,"line one
line two",solo,false
2454,User 2454,user2454@example.com,Paris,798.54,plain note 2454,"a,b,c",true
2455,User 2455,user2455@example.com,Lima,835.55,plain note 2455,solo,false
2456,User 2456,user2456@example.com,Amsterdam,872.56,plain note 2456,solo,true
2457,User 2457,user2457@example.com,Bratislava,909.57,"said ""hi"", then left","a,b,c",false
2458,User 2458,user2458@example.com,Zürich,946.58,plain note 2458,solo,true
2459,User 2459,user2459@example.com,København,983.59,plain note 2459,solo,false
2460,User 2460,user2460@example.com,Москва,1020.60,plain note 2460,"a,b,c",true
2461,User 2461,user2461@example.com,東京,1057.61,plain note 2461,solo,false
2462,User 2462,user2462@example.com,Paris,1094.62,plain note 2462,solo,true
2463,User 2463,user2463@example.com,Lima,1131.63,plain note 2463,"a,b,c",false
2464,User 2464,user2464@example.com,Amsterdam,1168.64,"said ""hi"", then left",solo,true
2465,User 2465,user2465@example.com,Bratislava,1205.65,plain note 2465,solo,false
2466,User 2466,user2466@example.com,Zürich,1242.66,plain note 2466,"a,b,c",true
2467,User 2467,user2467@example.com,København,1279.67,plain note 2467,solo,false
2468,User 2468,user2468@example.com,Москва,1316.68,plain note 2468,solo,true
2469,User 2469,user2469@example.com,東京,1353.69,plain note 2469,"a,b,c",false
2470,User 2470,user2470@example.com,Paris,1390.70,plain note 2470,solo,true
2471,User 2471,user2471@example.com,Lima,1427.71,"said ""hi"", then left",solo,false
2472,User 2472,user2472@example.com,Amsterdam,1464.72,plain note 2472,"a,b,c",true
2473,User 2473,user2473@example.com,Bratislava,1501.73,plain note 2473,solo,false
2474,User 2474,user2474@example.com,Zürich,1538.74,plain note 2474,solo,true
2475,User 2475,user2475@example.com,København,1575.75,"line one
line two","a,b,c",false
2476,User 2476,user2476@example.com,Москва,1612.76,plain note 2476,solo,true
2477,User 2477,user2477@example.com,東京,1649.77,plain note 2477,solo,false
2478,User 2478,user2478@example.com,Paris,1686.78,"said ""hi"", then left","a,b,c",true
2479,User 2479,user2479@example.com,Lima,1723.79,plain note 2479,solo,false
2480,User 2480,user2480@example.com,Amsterdam,1760.80,plain note 2480,solo,true
2481,User 2481,user2481@example.com,Bratislava,1797.81,plain note 2481,"a,b,c",false
2482,User 2482,user2482@example.com,Zürich,1834.82,plain note 2482,solo,true
2483,User 2483,user2483@example.com,København,1871.83,plain note 2483,solo,false
2484,User 2484,user2484@example.com,Москва,1908.84,plain note 2484,"a,b,c",true
2485,User 2485,user2485@example.com,東京,1945.85,"said ""hi"", then left",solo,false
2486,User 2486,user2486@example.com,Paris,1982.86,"line one
line two",solo,true
2487,User 2487,user2487@example.com,Lima,2019.87,plain note 2487,"a,b,c",false
2488,User 2488,user2488@example.com,Amsterdam,2056.88,plain note 2488,solo,true
2489,User 2489,user2489@example.com,Bratislava,2093.89,plain note 2489,solo,false
2490,User 2490,user2490@example.com,Zürich,2130.90,plain note 2490,"a,b,c",true
2491,User 2491,user2491@example.com,København,2167.91,plain note 2491,solo,false
2492,User 2492,user2492@example.com,Москва,2204.92,"said ""hi"", then left",solo,true
2493,User 2493,user2493@example.com,東京,2241.93,plain note 2493,"a,b,c",false
2494,User 2494,user2494@example.com,Paris,2278.94,plain note 2494,solo,true
2495,User 2495,user2495@example.com,Lima,2315.95,plain note 2495,solo,false
2496,User 2496,user2496@example.com,Amsterdam,2352.96,plain note 2496,"a,b,c",true
2497,User 2497,user2497@example.com,Bratislava,2389.97,"line one
line two",solo,false
2498,User 2498,user2498@example.com,Zürich,2426.98,plain note 2498,solo,true
2499,User 2499,user2499@example.com,København,2463.99,"said ""hi"", then left","a,b,c",false
2500,User 2500,user2500@example.com,Москва,2500.0,plain note 2500,solo,true
2501,User 2501,user2501@example.com,東京,2537.1,plain note 2501,solo,false
2502,User 2502,user2502@example.com,Paris,2574.2,plain note 2502,"a,b,c",true
2503,User 2503,user2503@example.com,Lima,2611.3,plain note 2503,solo,false
2504,User 2504,user2504@example.com,Amsterdam,2648.4,plain note 2504,solo,true
2505,User 2505,user2505@example.com,Bratislava,2685.5,plain note 2505,"a,b,c",false
2506,User 2506,user2506@example.com,Zürich,2722.6,"said ""hi"", then left",solo,true
2507,User 2507,user2507@example.com,København,2759.7,plain note 2507,solo,false
2508,User 2508,user2508@example.com,Москва,2796.8,"line one
line two","a,b,c",true
2509,User 2509,user2509@example.com,東京,2833.9,plain note 2509,solo,false
2510,User 2510,user2510@example.com,Paris,2870.10,plain note 2510,solo,true
2511,User 2511,user2511@example.com,Lima,2907.11,plain note 2511,"a,b,c",false
2512,User 2512,user2512@example.com,Amsterdam,2944.12,plain note 2512,solo,true
2513,User 2513,user2513@example.com,Bratislava,2981.13,"said ""hi"", then left",solo,false
2514,User 2514,user2514@example.com,Zürich,3018.14,plain note 2514,"a,b,c",true
2515,User 2515,user2515@example.com,København,3055.15,plain note 2515,solo,false
2516,User 2516,user2516@example.com,Москва,3092.16,plain note 2516,solo,true
2517,User 2517,user2517@example.com,東京,3129.17,plain note 2517,"a,b,c",false
2518,User 2518,user2518@example.com,Paris,3166.18,plain note 2518,solo,true
2519,User 2519,user2519@example.com,Lima,3203.19,"line one
line two",solo,false
2520,User 2520,user2520@example.com,Amsterdam,3240.20,"said ""hi"", then left","a,b,c",true
2521,User 2521,user2521@example.com,Bratislava,3277.21,plain note 2521,solo,false
2522,User 2522,user2522@example.com,Zürich,3314.22,plain note 2522,solo,true
2523,User 2523,user2523@example.com,København,3351.23,plain note 2523,"a,b,c",false
2524,User 2524,user2524@example.com,Москва,3388.24,plain note 2524,solo,true
2525,User 2525,user2525@example.com,東京,3425.25,plain note 2525,solo,false
2526,User 2526,user2526@example.com,Paris,3462.26,plain note 2526,"a,b,c",true
2527,User 2527,user2527@example.com,Lima,3499.27,"said ""hi"", then left",solo,false
2528,User 2528,user2528@example.com,Amsterdam,3536.28,plain note 2528,solo,true
2529,User 2529,user2529@example.com,Bratislava,3573.29,plain note 2529,"a,b,c",false
2530,User 2530,user2530@example.com,Zürich,3610.30,"line one
line two",solo,true
2531,User 2531,user2531@example.com,København,3647.31,plain note 2531,solo,false
2532,User 2532,user2532@example.com,Москва,3684.32,plain note 2532,"a,b,c",true
2533,User 2533,user2533@example.com,東京,3721.33,plain note 2533,solo,false
2534,User 2534,user2534@example.com,Paris,3758.34,"said ""hi"", then left",solo,true
2535,User 2535,user2535@example.com,Lima,3795.35,plain note 2535,"a,b,c",false
2536,User 2536,user2536@example.com,Amsterdam,3832.36,plain note 2536,solo,true
2537,User 2537,user2537@example.com,Bratislava,3869.37,plain note 2537,solo,false
2538,User 2538,user2538@example.com,Zürich,3906.38,plain note 2538,"a,b,c",true
2539,User 2539,user2539@example.com,København,3943.39,plain note 2539,solo,false
2540,User 2540,user2540@example.com,Москва,3980.40,plain note 2540,solo,true
2541,User 2541,user2541@example.com,東京,4017.41,"said ""hi"", then left","a,b,c",false
2542,User 2542,user2542@example.com,Paris,4054.42,plain note 2542,solo,true
2543,User 2543,user2543@example.com,Lima,4091.43,plain note 2543,solo,false
2544,User 2544,user2544@example.com,Amsterdam,4128.44,plain note 2544,"a,b,c",true
2545,User 2545,user2545@example.com,Bratislava,4165.45,plain note 2545,solo,false
2546,User 2546,user2546@example.com,Zürich,4202.46,plain note 2546,solo,true
2547,User 2547,user2547@example.com,København,4239.47,plain note 2547,"a,b,c",false
2548,User 2548,user2548@example.com,Москва,4276.48,"said ""hi"", then left",solo,true
2549,User 2549,user2549@example.com,東京,4313.49,plain note 2549,solo,false
2550,User 2550,user2550@example.com,Paris,4350.50,plain note 2550,"a,b,c",true
2551,User 2551,user2551@example.com,Lima,4387.51,plain note 2551,solo,false
2552,User 2552,user2552@example.com,Amsterdam,4424.52,"line one
line two",solo,true
2553,User 2553,user2553@example.com,Bratislava,4461.53,plain note 2553,"a,b,c",false
2554,User 2554,user2554@example.com,Zürich,4498.54,plain note 2554,solo,true
2555,User 2555,user2555@example.com,København,4535.55,"said ""hi"", then left",solo,false
2556,User 2556,user2556@example.com,Москва,4572.56,plain note 2556,"a,b,c",true
2557,User 2557,user2557@example.com,東京,4609.57,plain note 2557,solo,false
2558,User 2558,user2558@example.com,Paris,4646.58,plain note 2558,solo,true
2559,User 2559,user2559@example.com,Lima,4683.59,plain note 2559,"a,b,c",false
2560,User 2560,user2560@example.com,Amsterdam,4720.60,plain note 2560,solo,true
2561,User 2561,user2561@example.com,Bratislava,4757.61,plain note 2561,solo,false
2562,User 2562,user2562@example.com,Zürich,4794.62,"said ""hi"", then left","a,b,c",true
2563,User 2563,user2563@example.com,København,4831.63,"line one
line two",solo,false
2564,User 2564,user2564@example.com,Москва,4868.64,plain note 2564,solo,true
2565,User 2565,user2565@example.com,東京,4905.65,plain note 2565,"a,b,c",false
2566,User 2566,user2566@example.com,Paris,4942.66,plain note 2566,solo,true
2567,User 2567,user2567@example.com,Lima,4979.67,plain note 2567,solo,false
2568,User 2568,user2568@example.com,Amsterdam,5016.68,plain note 2568,"a,b,c",true
2569,User 2569,user2569@example.com,Bratislava,5053.69,"said ""hi"", then left",solo,false
2570,User 2570,user2570@example.com,Zürich,5090.70,plain note 2570,solo,true
2571,User 2571,user2571@example.com,København,5127.71,plain note 2571,"a,b,c",false
2572,User 2572,user2572@example.com,Москва,5164.72,plain note 2572,solo,true
2573,User 2573,user2573@example.com,東京,5201.73,plain note 2573,solo,false
2574,User 2574,user2574@example.com,Paris,5238.74,"line one
line two","a,b,c",true
2575,User 2575,user2575@example.com,Lima,5275.75,plain note 2575,solo,false
2576,User 2576,user2576@example.com,Amsterdam,5312.76,"said ""hi"", then left",solo,true
2577,User 2577,user2577@example.com,Bratislava,5349.77,plain note 2577,"a,b,c",false
2578,User 2578,user2578@example.com,Zürich,5386.78,plain note 2578,solo,true
2579,User 2579,user2579@example.com,København,5423.79,plain note 2579,solo,false
2580,User 2580,user2580@example.com,Москва,5460.80,plain note 2580,"a,b,c",true
2581,User 2581,user2581@example.com,東京,5497.81,plain note 2581,solo,false
2582,User 2582,user2582@example.com,Paris,5534.82,plain note 2582,solo,true
2583,User 2583,user2583@example.com,Lima,5571.83,"said ""hi"", then left","a,b,c",false
2584,User 2584,user2584@example.com,Amsterdam,5608.84,plain note 2584,solo,true
2585,User 2585,user2585@example.com,Bratislava,5645.85,"line one
line two",solo,false
2586,User 2586,user2586@example.com,Zürich,5682.86,plain note 2586,"a,b,c",true
2587,User 2587,user2587@example.com,København,5719.87,plain note 2587,solo,false
2588,User 2588,user2588@example.com,Москва,5756.88,plain note 2588,solo,true
2589,User 2589,user2589@example.com,東京,5793.89,plain note 2589,"a,b,c",false
2590,User 2590,user2590@example.com,Paris,5830.90,"said ""hi"", then left",solo,true
2591,User 2591,user2591@example.com,Lima,5867.91,plain note 2591,solo,false
2592,User 2592,user2592@example.com,Amsterdam,5904.92,plain note 2592,"a,b,c",true
2593,User 2593,user2593@example.com,Bratislava,5941.93,plain note 2593,solo,false
2594,User 2594,user2594@example.com,Zürich,5978.94,plain note 2594,solo,true
2595,User 2595,user2595@example.com,København,6015.95,plain note 2595,"a,b,c",false
2596,User 2596,user2596@example.com,Москва,6052.96,"line one
line two",solo,true
2597,User 2597,user2597@example.com,東京,6089.97,"said ""hi"", then left",solo,false
2598,User 2598,user2598@example.com,Paris,6126.98,plain note 2598,"a,b,c",true
2599,User 2599,user2599@example.com,Lima,6163.99,plain note 2599,solo,false
2600,User 2600,user2600@example.com,Amsterdam,6200.0,plain note 2600,solo,true
2601,User 2601,user2601@example.com,Bratislava,6237.1,plain note 2601,"a,b,c",false
2602,User 2602,user2602@example.com,Zürich,6274.2,plain note 2602,solo,true
2603,User 2603,user2603@example.com,København,6311.3,plain note 2603,solo,false
2604,User 2604,user2604@example.com,Москва,6348.4,"said ""hi"", then left","a,b,c",true
2605,User 2605,user2605@example.com,東京,6385.5,plain note 2605,solo,false
2606,User 2606,user2606@example.com,Paris,6422.6,plain note 2606,solo,true
2607,User 2607,user2607@example.com,Lima,6459.7,"line one
line two","a,b,c",false
2608,User 2608,user2608@example.com,Amsterdam,6496.8,plain note 2608,solo,true
2609,User 2609,user2609@example.com,Bratislava,6533.9,plain note 2609,solo,false
2610,User 2610,user2610@example.com,Zürich,6570.10,plain note 2610,"a,b,c",true
2611,User 2611,user2611@example.com,København,6607.11,"said ""hi"", then left",solo,false
2612,User 2612,user2612@example.com,Москва,6644.12,plain note 2612,solo,true
2613,User 2613,user2613@example.com,東京,6681.13,plain note 2613,"a,b,c",false
2614,User 2614,user2614@example.com,Paris,6718.14,plain note 2614,solo,true
2615,User 2615,user2615@example.com,Lima,6755.15,plain note 2615,solo,false
2616,User 2616,user2616@example.com,Amsterdam,6792.16,plain note 2616,"a,b,c",true
2617,User 2617,user2617@example.com,Bratislava,6829.17,plain note 2617,solo,false
2618,User 2618,user2618@example.com,Zürich,6866.18,"said ""hi"", then left",solo,true
2619,User 2619,user2619@example.com,København,6903.19,plain note 2619,"a,b,c",false
2620,User 2620,user2620@example.com,Москва,6940.20,plain note 2620,solo,true
2621,User 2621,user2621@example.com,東京,6977.21,plain note 2621,solo,false
2622,User 2622,user2622@example.com,Paris,7014.22,plain note 2622,"a,b,c",true
2623,User 2623,user2623@example.com,Lima,7051.23,plain note 2623,solo,false
2624,User 2624,user2624@example.com,Amsterdam,7088.24,plain note 2624,solo,true
2625,User 2625,user2625@example.com,Bratislava,7125.25,"said ""hi"", then left","a,b,c",false
2626,User 2626,user2626@example.com,Zürich,7162.26,plain note 2626,solo,true
2627,User 2627,user2627@example.com,København,7199.27,plain note 2627,solo,false
2628,User 2628,user2628@example.com,Москва,7236.28,plain note 2628,"a,b,c",true
2629,User 2629,user2629@example.com,東京,7273.29,"line one
line two",solo,false
2630,User 2630,user2630@example.com,Paris,7310.30,plain note 2630,solo,true
2631,User 2631,user2631@example.com,Lima,7347.31,plain note 2631,"a,b,c",false
2632,User 2632,user2632@example.com,Amsterdam,7384.32,"said ""hi"", then left",solo,true
2633,User 2633,user2633@example.com,Bratislava,7421.33,plain note 2633,solo,false
2634,User 2634,user2634@example.com,Zürich,7458.34,plain note 2634,"a,b,c",true
2635,User 2635,user2635@example.com,København,7495.35,plain note 2635,solo,false
2636,User 2636,user2636@example.com,Москва,7532.36,plain note 2636,solo,true
2637,User 2637,user2637@example.com,東京,7569.37,plain note 2637,"a,b,c",false
2638,User 2638,user2638@example.com,Paris,7606.38,plain note 2638,solo,true
2639,User 2639,user2639@example.com,Lima,7643.39,"said ""hi"", then left",solo,false
2640,User 2640,user2640@example.com,Amsterdam,7680.40,"line one
line two","a,b,c",true
2641,User 2641,user2641@example.com,Bratislava,7717.41,plain note 2641,solo,false
2642,User 2642,user2642@example.com,Zürich,7754.42,plain note 2642,solo,true
2643,User 2643,user2643@example.com,København,7791.43,plain note 2643,"a,b,c",false
2644,User 2644,user2644@example.com,Москва,7828.44,plain note 2644,solo,true
2645,User 2645,user2645@example.com,東京,7865.45,plain note 2645,solo,false
2646,User 2646,user2646@example.com,Paris,7902.46,"said ""hi"", then left","a,b,c",true
2647,User 2647,user2647@example.com,Lima,7939.47,plain note 2647,solo,false
2648,User 2648,user2648@example.com,Amsterdam,7976.48,plain note 2648,solo,true
2649,User 2649,user2649@example.com,Bratislava,8013.49,plain note 2649,"a,b,c",false
2650,User 2650,user2650@example.com,Zürich,8050.50,plain note 2650,solo,true
2651,User 2651,user2651@example.com,København,8087.51,"line one
line two",solo,false
2652,User 2652,user2652@example.com,Москва,8124.52,plain note 2652,"a,b,c",true
2653,User 2653,user2653@example.com,東京,8161.53,"said ""hi"", then left",solo,false
2654,User 2654,user2654@example.com,Paris,8198.54,plain note 2654,solo,true
2655,User 2655,user2655@example.com,Lima,8235.55,plain note 2655,"a,b,c",false
2656,User 2656,user2656@example.com,Amsterdam,8272.56,plain note 2656,solo,true
2657,User 2657,user2657@example.com,Bratislava,8309.57,plain note 2657,solo,false
2658,User 2658,user2658@example.com,Zürich,8346.58,plain note 2658,"a,b,c",true
2659,User 2659,user2659@example.com,København,8383.59,plain note 2659,solo,false
2660,User 2660,user2660@example.com,Москва,8420.60,"said ""hi"", then left",solo,true
2661,User 2661,user2661@example.com,東京,8457.61,plain note 2661,"a,b,c",false
2662,User 2662,user2662@example.com,Paris,8494.62,"line one
line two",solo,true
2663,User 2663,user2663@example.com,Lima,8531.63,plain note 2663,solo,false
2664,User 2664,user2664@example.com,Amsterdam,8568.64,plain note 2664,"a,b,c",true
2665,User 2665,user2665@example.com,Bratislava,8605.65,plain note 2665,solo,false
2666,User 2666,user2666@example.com,Zürich,8642.66,plain note 2666,solo,true
2667,User 2667,user2667@example.com,København,8679.67,"said ""hi"", then left","a,b,c",false
2668,User 2668,user2668@example.com,Москва,8716.68,plain note 2668,solo,true
2669,User 2669,user2669@example.com,東京,8753.69,plain note 2669,solo,false
2670,User 2670,user2670@example.com,Paris,8790.70,plain note 2670,"a,b,c",true
2671,User 2671,user2671@example.com,Lima,8827.71,plain note 2671,solo,false
2672,User 2672,user2672@example.com,Amsterdam,8864.72,plain note 2672,solo,true
2673,User 2673,user2673@example.com,Bratislava,8901.73,"line one
line two","a,b,c",false
2674,User 2674,user2674@example.com,Zürich,8938.74,"said ""hi"", then left",solo,true
2675,User 2675,user2675@example.com,København,8975.75,plain note 2675,solo,false
2676,User 2676,user2676@example.com,Москва,9012.76,plain note 2676,"a,b,c",true
2677,User 2677,user2677@example.com,東京,9049.77,plain note 2677,solo,false
2678,User 2678,user2678@example.com,Paris,9086.78,plain note 2678,solo,true
2679,User 2679,user2679@example.com,Lima,9123.79,plain note 2679,"a,b,c",false
2680,User 2680,user2680@example.com,Amsterdam,9160.80,plain note 2680,solo,true
2681,User 2681,user2681@example.com,Bratislava,9197.81,"said ""hi"", then left",solo,false
2682,User 2682,user2682@example.com,Zürich,9234.82,plain note 2682,"a,b,c",true
2683,User 2683,user2683@example.com,København,9271.83,plain note 2683,solo,false
2684,User 2684,user2684@example.com,Москва,9308.84,"line one
line two",solo,true
2685,User 2685,user2685@example.com,東京,9345.85,plain note 2685,"a,b,c",false
2686,User 2686,user2686@example.com,Paris,9382.86,plain note 2686,solo,true
2687,User 2687,user2687@example.com,Lima,9419.87,plain note 2687,solo,false
2688,User 2688,user2688@example.com,Amsterdam,9456.88,"said ""hi"", then left","a,b,c",true
2689,User 2689,user2689@example.com,Bratislava,9493.89,plain note 2689,solo,false
2690,User 2690,user2690@example.com,Zürich,9530.90,plain note 2690,solo,true
2691,User 2691,user2691@example.com,København,9567.91,plain note 2691,"a,b,c",false
2692,User 2692,user2692@example.com,Москва,9604.92,plain note 2692,solo,true
2693,User 2693,user2693@example.com,東京,9641.93,plain note 2693,solo,false
2694,User 2694,user2694@example.com,Paris,9678.94,plain note 2694,"a,b,c",true
2695,User 2695,user2695@example.com,Lima,9715.95,"said ""hi"", then left",solo,false
2696,User 2696,user2696@example.com,Amsterdam,9752.96,plain note 2696,solo,true
2697,User 2697,user2697@example.com,Bratislava,9789.97,plain note 2697,"a,b,c",false
2698,User 2698,user2698@example.com,Zürich,9826.98,plain note 2698,solo,true
2699,User 2699,user2699@example.com,København,9863.99,plain note 2699,solo,false
2700,User 2700,user2700@example.com,Москва,9900.0,plain note 2700,"a,b,c",true
2701,User 2701,user2701@example.com,東京,9937.1,plain note 2701,solo,false
2702,User 2702,user2702@example.com,Paris,9974.2,"said ""hi"", then left",solo,true
2703,User 2703,user2703@example.com,Lima,11.3,plain note 2703,"a,b,c",false
2704,User 2704,user2704@example.com,Amsterdam,48.4,plain note 2704,solo,true
2705,User 2705,user2705@example.com,Bratislava,85.5,plain note 2705,solo,false
2706,User 2706,user2706@example.com,Zürich,122.6,"line one
line two","a,b,c",true
2707,User 2707,user2707@example.com,København,159.7,plain note 2707,solo,false
2708,User 2708,user2708@example.com,Москва,196.8,plain note 2708,solo,true
2709,User 2709,user2709@example.com,東京,233.9,"said ""hi"", then left","a,b,c",false
2710,User 2710,user2710@example.com,Paris,270.10,plain note 2710,solo,true
2711,User 2711,user2711@example.com,Lima,307.11,plain note 2711,solo,false
2712,User 2712,user2712@example.com,Amsterdam,344.12,plain note 2712,"a,b,c",true
2713,User 2713,user2713@example.com,Bratislava,381.13,plain note 2713,solo,false
2714,User 2714,user2714@example.com,Zürich,418.14,plain note 2714,solo,true
2715,User 2715,user2715@example.com,København,455.15,plain note 2715,"a,b,c",false
2716,User 2716,user2716@example.com,Москва,492.16,"said ""hi"", then left",solo,true
2717,User 2717,user2717@example.com,東京,529.17,"line one
line two",solo,false
2718,User 2718,user2718@example.com,Paris,566.18,plain note 2718,"a,b,c",true
2719,User 2719,user2719@example.com,Lima,603.19,plain note 2719,solo,false
2720,User 2720,user2720@example.com,Amsterdam,640.20,plain note 2720,solo,true
2721,User 2721,user2721@example.com,Bratislava,677.21,plain note 2721,"a,b,c",false
2722,User 2722,user2722@example.com,Zürich,714.22,plain note 2722,solo,true
2723,User 2723,user2723@example.com,København,751.23,"said ""hi"", then left",solo,false
2724,User 2724,user2724@example.com,Москва,788.24,plain note 2724,"a,b,c",true
2725,User 2725,user2725@example.com,東京,825.25,plain note 2725,solo,false
2726,User 2726,user2726@example.com,Paris,862.26,plain note 2726,solo,true
2727,User 2727,user2727@example.com,Lima,899.27,plain note 2727,"a,b,c",false
2728,User 2728,user2728@example.com,Amsterdam,936.28,"line one
line two",solo,true
2729,User 2729,user2729@example.com,Bratislava,973.29,plain note 2729,solo,false
2730,User 2730,user2730@example.com,Zürich,1010.30,"said ""hi"", then left","a,b,c",true
2731,User 2731,user2731@example.com,København,1047.31,plain note 2731,solo,false
2732,User 2732,user2732@example.com,Москва,1084.32,plain note 2732,solo,true
2733,User 2733,user2733@example.com,東京,1121.33,plain note 2733,"a,b,c",false
2734,User 2734,user2734@example.com,Paris,1158.34,plain note 2734,solo,true
2735,User 2735,user2735@example.com,Lima,1195.35,plain note 2735,solo,false
2736,User 2736,user2736@example.com,Amsterdam,1232.36,plain note 2736,"a,b,c",true
2737,User 2737,user2737@example.com,Bratislava,1269.37,"said ""hi"", then left",solo,false
2738,User 2738,user2738@example.com,Zürich,1306.38,plain note 2738,solo,true
2739,User 2739,user2739@example.com,København,1343.39,"line one
line two","a,b,c",false
2740,User 2740,user2740@example.com,Москва,1380.40,plain note 2740,solo,true
2741,User 2741,user2741@example.com,東京,1417.41,plain note 2741,solo,false
2742,User 2742,user2742@example.com,Paris,1454.42,plain note 2742,"a,b,c",true
2743,User 2743,user2743@example.com,Lima,1491.43,plain note 2743,solo,false
2744,User 2744,user2744@example.com,Amsterdam,1528.44,"said ""hi"", then left",solo,true
2745,User 2745,user2745@example.com,Bratislava,1565.45,plain note 2745,"a,b,c",false
2746,User 2746,user2746@example.com,Zürich,1602.46,plain note 2746,solo,true
2747,User 2747,user2747@example.com,København,1639.47,plain note 2747,solo,false
2748,User 2748,user2748@example.com,Москва,1676.48,plain note 2748,"a,b,c",true
2749,User 2749,user2749@example.com,東京,1713.49,plain note 2749,solo,false
2750,User 2750,user2750@example.com,Paris,1750.50,"line one
line two",solo,true
2751,User 2751,user2751@example.com,Lima,1787.51,"said ""hi"", then left","a,b,c",false
2752,User 2752,user2752@example.com,Amsterdam,1824.52,plain note 2752,solo,true
2753,User 2753,user2753@example.com,Bratislava,1861.53,plain note 2753,solo,false
2754,User 2754,user2754@example.com,Zürich,1898.54,plain note 2754,"a,b,c",true
2755,User 2755,user2755@example.com,København,1935.55,plain note 2755,solo,false
2756,User 2756,user2756@example.com,Москва,1972.56,plain note 2756,solo,true
2757,User 2757,user2757@example.com,東京,2009.57,plain note 2757,"a,b,c",false
2758,User 2758,user2758@example.com,Paris,2046.58,"said ""hi"", then left",solo,true
2759,User 2759,user2759@example.com,Lima,2083.59,plain note 2759,solo,false
2760,User 2760,user2760@example.com,Amsterdam,2120.60,plain note 2760,"a,b,c",true
2761,User 2761,user2761@example.com,Bratislava,2157.61,"line one
line two",solo,false
2762,User 2762,user2762@example.com,Zürich,2194.62,plain note 2762,solo,true
2763,User 2763,user2763@example.com,København,2231.63,plain note 2763,"a,b,c",false
2764,User 2764,user2764@example.com,Москва,2268.64,plain note 2764,solo,true
2765,User 2765,user2765@example.com,東京,2305.65,"said ""hi"", then left",solo,false
2766,User 2766,user2766@example.com,Paris,2342.66,plain note 2766,"a,b,c",true
2767,User 2767,user2767@example.com,Lima,2379.67,plain note 2767,solo,false
2768,User 2768,user2768@example.com,Amsterdam,2416.68,plain note 2768,solo,true
2769,User 2769,user2769@example.com,Bratislava,2453.69,plain note 2769,"a,b,c",false
2770,User 2770,user2770@example.com,Zürich,2490.70,plain note 2770,solo,true
2771,User 2771,user2771@example.com,København,2527.71,plain note 2771,solo,false
2772,User 2772,user2772@example.com,Москва,2564.72,"said ""hi"", then left","a,b,c",true
2773,User 2773,user2773@example.com,東京,2601.73,plain note 2773,solo,false
2774,User 2774,user2774@example.com,Paris,2638.74,plain note 2774,solo,true
2775,User 2775,user2775@example.com,Lima,2675.75,plain note 2775,"a,b,c",false
2776,User 2776,user2776@example.com,Amsterdam,2712.76,plain note 2776,solo,true
2777,User 2777,user2777@example.com,Bratislava,2749.77,plain note 2777,solo,false
2778,User 2778,user2778@example.com,Zürich,2786.78,plain note 2778,"a,b,c",true
2779,User 2779,user2779@example.com,København,2823.79,"said ""hi"", then left",solo,false
2780,User 2780,user2780@example.com,Москва,2860.80,plain note 2780,solo,true
2781,User 2781,user2781@example.com,東京,2897.81,plain note 2781,"a,b,c",false
2782,User 2782,user2782@example.com,Paris,2934.82,plain note 2782,solo,true
2783,User 2783,user2783@example.com,Lima,2971.83,"line one
line two",solo,false
2784,User 2784,user2784@example.com,Amsterdam,3008.84,plain note 2784,"a,b,c",true
2785,User 2785,user2785@example.com,Bratislava,3045.85,plain note 2785,solo,false
2786,User 2786,user2786@example.com,Zürich,3082.86,"said ""hi"", then left",solo,true
2787,User 2787,user2787@example.com,København,3119.87,plain note 2787,"a,b,c",false
2788,User 2788,user2788@example.com,Москва,3156.88,plain note 2788,solo,true
2789,User 2789,user2789@example.com,東京,3193.89,plain note 2789,solo,false
2790,User 2790,user2790@example.com,Paris,3230.90,plain note 2790,"a,b,c",true
2791,User 2791,user2791@example.com,Lima,3267.91,plain note 2791,solo,false
2792,User 2792,user2792@example.com,Amsterdam,3304.92,plain note 2792,solo,true
2793,User 2793,user2793@example.com,Bratislava,3341.93,"said ""hi"", then left","a,b,c",false
2794,User 2794,user2794@example.com,Zürich,3378.94,"line one
line two",solo,true
2795,User 2795,user2795@example.com,København,3415.95,plain note 2795,solo,false
2796,User 2796,user2796@example.com,Москва,3452.96,plain note 2796,"a,b,c",true
2797,User 2797,user2797@example.com,東京,3489.97,plain note 2797,solo,false
2798,User 2798,user2798@example.com,Paris,3526.98,plain note 2798,solo,true
2799,User 2799,user2799@example.com,Lima,3563.99,plain note 2799,"a,b,c",false
2800,User 2800,user2800@example.com,Amsterdam,3600.0,"said ""hi"", then left",solo,true
2801,User 2801,user2801@example.com,Bratislava,3637.1,plain note 2801,solo,false
2802,User 2802,user2802@example.com,Zürich,3674.2,plain note 2802,"a,b,c",true
2803,User 2803,user2803@example.com,København,3711.3,plain note 2803,solo,false
2804,User 2804,user2804@example.com,Москва,3748.4,plain note 2804,solo,true
2805,User 2805,user2805@example.com,東京,3785.5,"line one
line two","a,b,c",false
2806,User 2806,user2806@example.com,Paris,3822.6,plain note 2806,solo,true
2807,User 2807,user2807@example.com,Lima,3859.7,"said ""hi"", then left",solo,false
2808,User 2808,user2808@example.com,Amsterdam,3896.8,plain note 2808,"a,b,c",true
2809,User 2809,user2809@example.com,Bratislava,3933.9,plain note 2809,solo,false
2810,User 2810,user2810@example.com,Zürich,3970.10,plain note 2810,solo,true
2811,User 2811,user2811@example.com,København,4007.11,plain note 2811,"a,b,c",false
2812,User 2812,user2812@example.com,Москва,4044.12,plain note 2812,solo,true
2813,User 2813,user2813@example.com,東京,4081.13,plain note 2813,solo,false
2814,User 2814,user2814@example.com,Paris,4118.14,"said ""hi"", then left","a,b,c",true
2815,User 2815,user2815@example.com,Lima,4155.15,plain note 2815,solo,false
2816,User 2816,user2816@example.com,Amsterdam,4192.16,"line one
line two",solo,true
2817,User 2817,user2817@example.com,Bratislava,4229.17,plain note 2817,"a,b,c",false
2818,User 2818,user2818@example.com,Zürich,4266.18,plain note 2818,solo,true
2819,User 2819,user2819@example.com,København,4303.19,plain note 2819,solo,false
2820,User 2820,user2820@example.com,Москва,4340.20,plain note 2820,"a,b,c",true
2821,User 2821,user2821@example.com,東京,4377.21,"said ""hi"", then left",solo,false
2822,User 2822,user2822@example.com,Paris,4414.22,plain note 2822,solo,true
2823,User 2823,user2823@example.com,Lima,4451.23,plain note 2823,"a,b,c",false
2824,User 2824,user2824@example.com,Amsterdam,4488.24,plain note 2824,solo,true
2825,User 2825,user2825@example.com,Bratislava,4525.25,plain note 2825,solo,false
2826,User 2826,user2826@example.com,Zürich,4562.26,plain note 2826,"a,b,c",true
2827,User 2827,user2827@example.com,København,4599.27,"line one
line two",solo,false
2828,User 2828,user2828@example.com,Москва,4636.28,"said ""hi"", then left",solo,true
2829,User 2829,user2829@example.com,東京,4673.29,plain note 2829,"a,b,c",false
2830,User 2830,user2830@example.com,Paris,4710.30,plain note 2830,solo,true
2831,User 2831,user2831@example.com,Lima,4747.31,plain note 2831,solo,false
2832,User 2832,user2832@example.com,Amsterdam,4784.32,plain note 2832,"a,b,c",true
2833,User 2833,user2833@example.com,Bratislava,4821.33,plain note 2833,solo,false
2834,User 2834,user2834@example.com,Zürich,4858.34,plain note 2834,solo,true
2835,User 2835,user2835@example.com,København,4895.35,"said ""hi"", then left","a,b,c",false
2836,User 2836,user2836@example.com,Москва,4932.36,plain note 2836,solo,true
2837,User 2837,user2837@example.com,東京,4969.37,plain note 2837,solo,false
2838,User 2838,user2838@example.com,Paris,5006.38,"line one
line two","a,b,c",true
2839,User 2839,user2839@example.com,Lima,5043.39,plain note 2839,solo,false
2840,User 2840,user2840@example.com,Amsterdam,5080.40,plain note 2840,solo,true
2841,User 2841,user2841@example.com,Bratislava,5117.41,plain note 2841,"a,b,c",false
2842,User 2842,user2842@example.com,Zürich,5154.42,"said ""hi"", then left",solo,true
2843,User 2843,user2843@example.com,København,5191.43,plain note 2843,solo,false
2844,User 2844,user2844@example.com,Москва,5228.44,plain note 2844,"a,b,c",true
2845,User 2845,user2845@example.com,東京,5265.45,plain note 2845,solo,false
2846,User 2846,user2846@example.com,Paris,5302.46,plain note 2846,solo,true
2847,User 2847,user2847@example.com,Lima,5339.47,plain note 2847,"a,b,c",false
2848,User 2848,user2848@example.com,Amsterdam,5376.48,plain note 2848,solo,true
2849,User 2849,user2849@example.com,Bratislava,5413.49,"said ""hi"", then left",solo,false
2850,User 2850,user2850@example.com,Zürich,5450.50,plain note 2850,"a,b,c",true
2851,User 2851,user2851@example.com,København,5487.51,plain note 2851,solo,false
2852,User 2852,user2852@example.com,Москва,5524.52,plain note 2852,solo,true
2853,User 2853,user2853@example.com,東京,5561.53,plain note 2853,"a,b,c",false
2854,User 2854,user2854@example.com,Paris,5598.54,plain note 2854,solo,true
2855,User 2855,user2855@example.com,Lima,5635.55,plain note 2855,solo,false
2856,User 2856,user2856@example.com,Amsterdam,5672.56,"said ""hi"", then left","a,b,c",true
2857,User 2857,user2857@example.com,Bratislava,5709.57,plain note 2857,solo,false
2858,User 2858,user2858@example.com,Zürich,5746.58,plain note 2858,solo,true
2859,User 2859,user2859@example.com,København,5783.59,plain note 2859,"a,b,c",false
2860,User 2860,user2860@example.com,Москва,5820.60,"line one
line two",solo,true
2861,User 2861,user2861@example.com,東京,5857.61,plain note 2861,solo,false
2862,User 2862,user2862@example.com,Paris,5894.62,plain note 2862,"a,b,c",true
2863,User 2863,user2863@example.com,Lima,5931.63,"said ""hi"", then left",solo,false
2864,User 2864,user2864@example.com,Amsterdam,5968.64,plain note 2864,solo,true
2865,User 2865,user2865@example.com,Bratislava,6005.65,plain note 2865,"a,b,c",false
2866,User 2866,user2866@example.com,Zürich,6042.66,plain note 2866,solo,true
2867,User 2867,user2867@example.com,København,6079.67,plain note 2867,solo,false
2868,User 2868,user2868@example.com,Москва,6116.68,plain note 2868,"a,b,c",true
2869,User 2869,user2869@example.com,東京,6153.69,plain note 2869,solo,false
2870,User 2870,user2870@example.com,Paris,6190.70,"said ""hi"", then left",solo,true
2871,User 2871,user2871@example.com,Lima,6227.71,"line one
line two","a,b,c",false
2872,User 2872,user2872@example.com,Amsterdam,6264.72,plain note 2872,solo,true
2873,User 2873,user2873@example.com,Bratislava,6301.73,plain note 2873,solo,false
2874,User 2874,user2874@example.com,Zürich,6338.74,plain note 2874,"a,b,c",true
2875,User 2875,user2875@example.com,København,6375.75,plain note 2875,solo,false
2876,User 2876,user2876@example.com,Москва,6412.76,plain note 2876,solo,true
2877,User 2877,user2877@example.com,東京,6449.77,"said ""hi"", then left","a,b,c",false
2878,User 2878,user2878@example.com,Paris,6486.78,plain note 2878,solo,true
2879,User 2879,user2879@example.com,Lima,6523.79,plain note 2879,solo,false
2880,User 2880,user2880@example.com,Amsterdam,6560.80,plain note 2880,"a,b,c",true
2881,User 2881,user2881@example.com,Bratislava,6597.81,plain note 2881,solo,false
2882,User 2882,user2882@example.com,Zürich,6634.82,"line one
line two",solo,true
2883,User 2883,user2883@example.com,København,6671.83,plain note 2883,"a,b,c",false
2884,User 2884,user2884@example.com,Москва,6708.84,"said ""hi"", then left",solo,true
2885,User 2885,user2885@example.com,東京,6745.85,plain note 2885,solo,false
2886,User 2886,user2886@example.com,Paris,6782.86,plain note 2886,"a,b,c",true
2887,User 2887,user2887@example.com,Lima,6819.87,plain note 2887,solo,false
2888,User 2888,user2888@example.com,Amsterdam,6856.88,plain note 2888,solo,true
2889,User 2889,user2889@example.com,Bratislava,6893.89,plain note 2889,"a,b,c",false
2890,User 2890,user2890@example.com,Zürich,6930.90,plain note 2890,solo,true
2891,User 2891,user2891@example.com,København,6967.91,"said ""hi"", then left",solo,false
2892,User 2892,user2892@example.com,Москва,7004.92,plain note 2892,"a,b,c",true
2893,User 2893,user2893@example.com,東京,7041.93,"line one
line two",solo,false
2894,User 2894,user2894@example.com,Paris,7078.94,plain note 2894,solo,true
2895,User 2895,user2895@example.com,Lima,7115.95,plain note 2895,"a,b,c",false
2896,User 2896,user2896@example.com,Amsterdam,7152.96,plain note 2896,solo,true
2897,User 2897,user2897@example.com,Bratislava,7189.97,plain note 2897,solo,false
2898,User 2898,user2898@example.com,Zürich,7226.98,"said ""hi"", then left","a,b,c",true
2899,User 2899,user2899@example.com,København,7263.99,plain note 2899,solo,false
2900,User 2900,user2900@example.com,Москва,7300.0,plain note 2900,solo,true
2901,User 2901,user2901@example.com,東京,7337.1,plain note 2901,"a,b,c",false
2902,User 2902,user2902@example.com,Paris,7374.2,plain note 2902,solo,true
2903,User 2903,user2903@example.com,Lima,7411.3,plain note 2903,solo,false
2904,User 2904,user2904@example.com,Amsterdam,7448.4,"line one
line two","a,b,c",true
2905,User 2905,user2905@example.com,Bratislava,7485.5,"said ""hi"", then left",solo,false
2906,User 2906,user2906@example.com,Zürich,7522.6,plain note 2906,solo,true
2907,User 2907,user2907@example.com,København,7559.7,plain note 2907,"a,b,c",false
2908,User 2908,user2908@example.com,Москва,7596.8,plain note 2908,solo,true
2909,User 2909,user2909@example.com,東京,7633.9,plain note 2909,solo,false
2910,User 2910,user2910@example.com,Paris,7670.10,plain note 2910,"a,b,c",true
2911,User 2911,user2911@example.com,Lima,7707.11,plain note 2911,solo,false
2912,User 2912,user2912@example.com,Amsterdam,7744.12,"said ""hi"", then left",solo,true
2913,User 2913,user2913@example.com,Bratislava,7781.13,plain note 2913,"a,b,c",false
2914,User 2914,user2914@example.com,Zürich,7818.14,plain note 2914,solo,true
2915,User 2915,user2915@example.com,København,7855.15,"line one
line two",solo,false
2916,User 2916,user2916@example.com,Москва,7892.16,plain note 2916,"a,b,c",true
2917,User 2917,user2917@example.com,東京,7929.17,plain note 2917,solo,false
2918,User 2918,user2918@example.com,Paris,7966.18,plain note 2918,solo,true
2919,User 2919,user2919@example.com,Lima,8003.19,"said ""hi"", then left","a,b,c",false
2920,User 2920,user2920@example.com,Amsterdam,8040.20,plain note 2920,solo,true
2921,User 2921,user2921@example.com,Bratislava,8077.21,plain note 2921,solo,false
2922,User 2922,user2922@example.com,Zürich,8114.22,plain note 2922,"a,b,c",true
2923,User 2923,user2923@example.com,København,8151.23,plain note 2923,solo,false
2924,User 2924,user2924@example.com,Москва,8188.24,plain note 2924,solo,true
2925,User 2925,user2925@example.com,東京,8225.25,plain note 2925,"a,b,c",false
2926,User 2926,user2926@example.com,Paris,8262.26,"said ""hi"", then left",solo,true
2927,User 2927,user2927@example.com,Lima,8299.27,plain note 2927,solo,false
2928,User 2928,user2928@example.com,Amsterdam,8336.28,plain note 2928,"a,b,c",true
2929,User 2929,user2929@example.com,Bratislava,8373.29,plain note 2929,solo,false
2930,User 2930,user2930@example.com,Zürich,8410.30,plain note 2930,solo,true
2931,User 2931,user2931@example.com,København,8447.31,plain note 2931,"a,b,c",false
2932,User 2932,user2932@example.com,Москва,8484.32,plain note 2932,solo,true
2933,User 2933,user2933@example.com,東京,8521.33,"said ""hi"", then left",solo,false
2934,User 2934,user2934@example.com,Paris,8558.34,plain note 2934,"a,b,c",true
2935,User 2935,user2935@example.com,Lima,8595.35,plain note 2935,solo,false
2936,User 2936,user2936@example.com,Amsterdam,8632.36,plain note 2936,solo,true
2937,User 2937,user2937@example.com,Bratislava,8669.37,"line one
line two","a,b,c",false
2938,User 2938,user2938@example.com,Zürich,8706.38,plain note 2938,solo,true
2939,User 2939,user2939@example.com,København,8743.39,plain note 2939,solo,false
2940,User 2940,user2940@example.com,Москва,8780.40,"said ""hi"", then left","a,b,c",true
2941,User 2941,user2941@example.com,東京,8817.41,plain note 2941,solo,false
2942,User 2942,user2942@example.com,Paris,8854.42,plain note 2942,solo,true
2943,User 2943,user2943@example.com,Lima,8891.43,plain note 2943,"a,b,c",false
2944,User 2944,user2944@example.com,Amsterdam,8928.44,plain note 2944,solo,true
2945,User 2945,user2945@example.com,Bratislava,8965.45,plain note 2945,solo,false
2946,User 2946,user2946@example.com,Zürich,9002.46,plain note 2946,"a,b,c",true
2947,User 2947,user2947@example.com,København,9039.47,"said ""hi"", then left",solo,false
2948,User 2948,user2948@example.com,Москва,9076.48,"line one
line two",solo,true
2949,User 2949,user2949@example.com,東京,9113.49,plain note 2949,"a,b,c",false
2950,User 2950,user2950@example.com,Paris,9150.50,plain note 2950,solo,true
2951,User 2951,user2951@example.com,Lima,9187.51,plain note 2951,solo,false
2952,User 2952,user2952@example.com,Amsterdam,9224.52,plain note 2952,"a,b,c",true
2953,User 2953,user2953@example.com,Bratislava,9261.53,plain note 2953,solo,false
2954,User 2954,user2954@example.com,Zürich,9298.54,"said ""hi"", then left",solo,true
2955,User 2955,user2955@example.com,København,9335.55,plain note 2955,"a,b,c",false
2956,User 2956,user2956@example.com,Москва,9372.56,plain note 2956,solo,true
2957,User 2957,user2957@example.com,東京,9409.57,plain note 2957,solo,false
2958,User 2958,user2958@example.com,Paris,9446.58,plain note 2958,"a,b,c",true
2959,User 2959,user2959@example.com,Lima,9483.59,"line one
line two",solo,false
2960,User 2960,user2960@example.com,Amsterdam,9520.60,plain note 2960,solo,true
2961,User 2961,user2961@example.com,Bratislava,9557.61,"said ""hi"", then left","a,b,c",false
2962,User 2962,user2962@example.com,Zürich,9594.62,plain note 2962,solo,true
2963,User 2963,user2963@example.com,København,9631.63,plain note 2963,solo,false
2964,User 2964,user2964@example.com,Москва,9668.64,plain note 2964,"a,b,c",true
2965,User 2965,user2965@example.com,東京,9705.65,plain note 2965,solo,false
2966,User 2966,user2966@example.com,Paris,9742.66,plain note 2966,solo,true
2967,User 2967,user2967@example.com,Lima,9779.67,plain note 2967,"a,b,c",false
2968,User 2968,user2968@example.com,Amsterdam,9816.68,"said ""hi"", then left",solo,true
2969,User 2969,user2969@example.com,Bratislava,9853.69,plain note 2969,solo,false
2970,User 2970,user2970@example.com,Zürich,9890.70,"line one
line two","a,b,c",true
2971,User 2971,user2971@example.com,København,9927.71,plain note 2971,solo,false
2972,User 2972,user2972@example.com,Москва,9964.72,plain note 2972,solo,true
2973,User 2973,user2973@example.com,東京,1.73,plain note 2973,"a,b,c",false
2974,User 2974,user2974@example.com,Paris,38.74,plain note 2974,solo,true
2975,User 2975,user2975@example.com,Lima,75.75,"said ""hi"", then left",solo,false
2976,User 2976,user2976@example.com,Amsterdam,112.76,plain note 2976,"a,b,c",true
2977,User 2977,user2977@example.com,Bratislava,149.77,plain note 2977,solo,false
2978,User 2978,user2978@example.com,Zürich,186.78,plain note 2978,solo,true
2979,User 2979,user2979@example.com,København,223.79,plain note 2979,"a,b,c",false
2980,User 2980,user2980@example.com,Москва,260.80,plain note 2980,solo,true
2981,User 2981,user2981@example.com,東京,297.81,"line one
line two",solo,false
2982,User 2982,user2982@example.com,Paris,334.82,"said ""hi"", then left","a,b,c",true
2983,User 2983,user2983@example.com,Lima,371.83,plain note 2983,solo,false
2984,User 2984,user2984@example.com,Amsterdam,408.84,plain note 2984,solo,true
2985,User 2985,user2985@example.com,Bratislava,445.85,plain note 2985,"a,b,c",false
2986,User 2986,user2986@example.com,Zürich,482.86,plain note 2986,solo,true
2987,User 2987,user2987@example.com,København,519.87,plain note 2987,solo,false
2988,User 2988,user2988@example.com,Москва,556.88,plain note 2988,"a,b,c",true
2989,User 2989,user2989@example.com,東京,593.89,"said ""hi"", then left",solo,false
2990,User 2990,user2990@example.com,Paris,630.90,plain note 2990,solo,true
2991,User 2991,user2991@example.com,Lima,667.91,plain note 2991,"a,b,c",false
2992,User 2992,user2992@example.com,Amsterdam,704.92,"line one
line two",solo,true
2993,User 2993,user2993@example.com,Bratislava,741.93,plain note 2993,solo,false
2994,User 2994,user2994@example.com,Zürich,778.94,plain note 2994,"a,b,c",true
2995,User 2995,user2995@example.com,København,815.95,plain note 2995,solo,false
2996,User 2996,user2996@example.com,Москва,852.96,"said ""hi"", then left",solo,true
2997,User 2997,user2997@example.com,東京,889.97,plain note 2997,"a,b,c",false
2998,User 2998,user2998@example.com,Paris,926.98,plain note 2998,solo,true
2999,User 2999,user2999@example.com,Lima,963.99,plain note 2999,solo,false
3000,User 3000,user3000@example.com,Amsterdam,1000.0,plain note 3000,"a,b,c",true
3001,User 3001,user3001@example.com,Bratislava,1037.1,plain note 3001,solo,false
3002,User 3002,user3002@example.com,Zürich,1074.2,plain note 3002,solo,true
3003,User 3003,user3003@example.com,København,1111.3,"said ""hi"", then left","a,b,c",false
3004,User 3004,user3004@example.com,Москва,1148.4,plain note 3004,solo,true
3005,User 3005,user3005@example.com,東京,1185.5,plain note 3005,solo,false
3006,User 3006,user3006@example.com,Paris,1222.6,plain note 3006,"a,b,c",true
3007,User 3007,user3007@example.com,Lima,1259.7,plain note 3007,solo,false
3008,User 3008,user3008@example.com,Amsterdam,1296.8,plain note 3008,solo,true
3009,User 3009,user3009@example.com,Bratislava,1333.9,plain note 3009,"a,b,c",false
3010,User 3010,user3010@example.com,Zürich,1370.10,"said ""hi"", then left",solo,true
3011,User 3011,user3011@example.com,København,1407.11,plain note 3011,solo,false
3012,User 3012,user3012@example.com,Москва,1444.12,plain note 3012,"a,b,c",true
3013,User 3013,user3013@example.com,東京,1481.13,plain note 3013,solo,false
3014,User 3014,user3014@example.com,Paris,1518.14,"line one
line two",solo,true
3015,User 3015,user3015@example.com,Lima,1555.15,plain note 3015,"a,b,c",false
3016,User 3016,user3016@example.com,Amsterdam,1592.16,plain note 3016,solo,true
3017,User 3017,user3017@example.com,Bratislava,1629.17,"said ""hi"", then left",solo,false
3018,User 3018,user3018@example.com,Zürich,1666.18,plain note 3018,"a,b,c",true
3019,User 3019,user3019@example.com,København,1703.19,plain note 3019,solo,false
3020,User 3020,user3020@example.com,Москва,1740.20,plain note 3020,solo,true
3021,User 3021,user3021@example.com,東京,1777.21,plain note 3021,"a,b,c",false
3022,User 3022,user3022@example.com,Paris,1814.22,plain note 3022,solo,true
3023,User 3023,user3023@example.com,Lima,1851.23,plain note 3023,solo,false
3024,User 3024,user3024@example.com,Amsterdam,1888.24,"said ""hi"", then left","a,b,c",true
3025,User 3025,user3025@example.com,Bratislava,1925.25,"line one
line two",solo,false
3026,User 3026,user3026@example.com,Zürich,1962.26,plain note 3026,solo,true
3027,User 3027,user3027@example.com,København,1999.27,plain note 3027,"a,b,c",false
3028,User 3028,user3028@example.com,Москва,2036.28,plain note 3028,solo,true
3029,User 3029,user3029@example.com,東京,2073.29,plain note 3029,solo,false
3030,User 3030,user3030@example.com,Paris,2110.30,plain note 3030,"a,b,c",true
3031,User 3031,user3031@example.com,Lima,2147.31,"said ""hi"", then left",solo,false
3032,User 3032,user3032@example.com,Amsterdam,2184.32,plain note 3032,solo,true
3033,User 3033,user3033@example.com,Bratislava,2221.33,plain note 3033,"a,b,c",false
3034,User 3034,user3034@example.com,Zürich,2258.34,plain note 3034,solo,true
3035,User 3035,user3035@example.com,København,2295.35,plain note 3035,solo,false
3036,User 3036,user3036@example.com,Москва,2332.36,"line one
line two","a,b,c",true
3037,User 3037,user3037@example.com,東京,2369.37,plain note 3037,solo,false
3038,User 3038,user3038@example.com,Paris,2406.38,"said ""hi"", then left",solo,true
3039,User 3039,user3039@example.com,Lima,2443.39,plain note 3039,"a,b,c",false
3040,User 3040,user3040@example.com,Amsterdam,2480.40,plain note 3040,solo,true
3041,User 3041,user3041@example.com,Bratislava,2517.41,plain note 3041,solo,false
3042,User 3042,user3042@example.com,Zürich,2554.42,plain note 3042,"a,b,c",true
3043,User 3043,user3043@example.com,København,2591.43,plain note 3043,solo,false
3044,User 3044,user3044@example.com,Москва,2628.44,plain note 3044,solo,true
3045,User 3045,user3045@example.com,東京,2665.45,"said ""hi"", then left","a,b,c",false
3046,User 3046,user3046@example.com,Paris,2702.46,plain note 3046,solo,true
3047,User 3047,user3047@example.com,Lima,2739.47,"line one
line two",solo,false
3048,User 3048,user3048@example.com,Amsterdam,2776.48,plain note 3048,"a,b,c",true
3049,User 3049,user3049@example.com,Bratislava,2813.49,plain note 3049,solo,false
3050,User 3050,user3050@example.com,Zürich,2850.50,plain note 3050,solo,true
3051,User 3051,user3051@example.com,København,2887.51,plain note 3051,"a,b,c",false
3052,User 3052,user3052@example.com,Москва,2924.52,"said ""hi"", then left",solo,true
3053,User 3053,user3053@example.com,東京,2961.53,plain note 3053,solo,false
3054,User 3054,user3054@example.com,Paris,2998.54,plain note 3054,"a,b,c",true
3055,User 3055,user3055@example.com,Lima,3035.55,plain note 3055,solo,false
3056,User 3056,user3056@example.com,Amsterdam,3072.56,plain note 3056,solo,true
3057,User 3057,user3057@example.com,Bratislava,3109.57,plain note 3057,"a,b,c",false
3058,User 3058,user3058@example.com,Zürich,3146.58,"line one
line two",solo,true
3059,User 3059,user3059@example.com,København,3183.59,"said ""hi"", then left",solo,false
3060,User 3060,user3060@example.com,Москва,3220.60,plain note 3060,"a,b,c",true
3061,User 3061,user3061@example.com,東京,3257.61,plain note 3061,solo,false
3062,User 3062,user3062@example.com,Paris,3294.62,plain note 3062,solo,true
3063,User 3063,user3063@example.com,Lima,3331.63,plain note 3063,"a,b,c",false
3064,User 3064,user3064@example.com,Amsterdam,3368.64,plain note 3064,solo,true
3065,User 3065,user3065@example.com,Bratislava,3405.65,plain note 3065,solo,false
3066,User 3066,user3066@example.com,Zürich,3442.66,"said ""hi"", then left","a,b,c",true
3067,User 3067,user3067@example.com,København,3479.67,plain note 3067,solo,false
3068,User 3068,user3068@example.com,Москва,3516.68,plain note 3068,solo,true
3069,User 3069,user3069@example.com,東京,3553.69,"line one
line two","a,b,c",false
3070,User 3070,user3070@example.com,Paris,3590.70,plain note 3070,solo,true
3071,User 3071,user3071@example.com,Lima,3627.71,plain note 3071,solo,false
3072,User 3072,user3072@example.com,Amsterdam,3664.72,plain note 3072,"a,b,c",true
3073,User 3073,user3073@example.com,Bratislava,3701.73,"said ""hi"", then left",solo,false
3074,User 3074,user3074@example.com,Zürich,3738.74,plain note 3074,solo,true
3075,User 3075,user3075@example.com,København,3775.75,plain note 3075,"a,b,c",false
3076,User 3076,user3076@example.com,Москва,3812.76,plain note 3076,solo,true
3077,User 3077,user3077@example.com,東京,3849.77,plain note 3077,solo,false
3078,User 3078,user3078@example.com,Paris,3886.78,plain note 3078,"a,b,c",true
3079,User 3079,user3079@example.com,Lima,3923.79,plain note 3079,solo,false
3080,User 3080,user3080@example.com,Amsterdam,3960.80,"said ""hi"", then left",solo,true
3081,User 3081,user3081@example.com,Bratislava,3997.81,plain note 3081,"a,b,c",false
3082,User 3082,user3082@example.com,Zürich,4034.82,plain note 3082,solo,true
3083,User 3083,user3083@example.com,København,4071.83,plain note 3083,solo,false
3084,User 3084,user3084@example.com,Москва,4108.84,plain note 3084,"a,b,c",true
3085,User 3085,user3085@example.com,東京,4145.85,plain note 3085,solo,false
3086,User 3086,user3086@example.com,Paris,4182.86,plain note 3086,solo,true
3087,User 3087,user3087@example.com,Lima,4219.87,"said ""hi"", then left","a,b,c",false
3088,User 3088,user3088@example.com,Amsterdam,4256.88,plain note 3088,solo,true
3089,User 3089,user3089@example.com,Bratislava,4293.89,plain note 3089,solo,false
3090,User 3090,user3090@example.com,Zürich,4330.90,plain note 3090,"a,b,c",true
3091,User 3091,user3091@example.com,København,4367.91,"line one
line two",solo,false
3092,User 3092,user3092@example.com,Москва,4404.92,plain note 3092,solo,true
3093,User 3093,user3093@example.com,東京,4441.93,plain note 3093,"a,b,c",false
3094,User 3094,user3094@example.com,Paris,4478.94,"said ""hi"", then left",solo,true
3095,User 3095,user3095@example.com,Lima,4515.95,plain note 3095,solo,false
3096,User 3096,user3096@example.com,Amsterdam,4552.96,plain note 3096,"a,b,c",true
3097,User 3097,user3097@example.com,Bratislava,4589.97,plain note 3097,solo,false
3098,User 3098,user3098@example.com,Zürich,4626.98,plain note 3098,solo,true
3099,User 3099,user3099@example.com,København,4663.99,plain note 3099,"a,b,c",false
3100,User 3100,user3100@example.com,Москва,4700.0,plain note 3100,solo,true
3101,User 3101,user3101@example.com,東京,4737.1,"said ""hi"", then left",solo,false
3102,User 3102,user3102@example.com,Paris,4774.2,"line one
line two","a,b,c",true
3103,User 3103,user3103@example.com,Lima,4811.3,plain note 3103,solo,false
3104,User 3104,user3104@example.com,Amsterdam,4848.4,plain note 3104,solo,true
3105,User 3105,user3105@example.com,Bratislava,4885.5,plain note 3105,"a,b,c",false
3106,User 3106,user3106@example.com,Zürich,4922.6,plain note 3106,solo,true
3107,User 3107,user3107@example.com,København,4959.7,plain note 3107,solo,false
3108,User 3108,user3108@example.com,Москва,4996.8,"said ""hi"", then left","a,b,c",true
3109,User 3109,user3109@example.com,東京,5033.9,plain note 3109,solo,false
3110,User 3110,user3110@example.com,Paris,5070.10,plain note 3110,solo,true
3111,User 3111,user3111@example.com,Lima,5107.11,plain note 3111,"a,b,c",false
3112,User 3112,user3112@example.com,Amsterdam,5144.12,plain note 3112,solo,true
3113,User 3113,user3113@example.com,Bratislava,5181.13,"line one
line two",solo,false
3114,User 3114,user3114@example.com,Zürich,5218.14,plain note 3114,"a,b,c",true
3115,User 3115,user3115@example.com,København,5255.15,"said ""hi"", then left",solo,false
3116,User 3116,user3116@example.com,Москва,5292.16,plain note 3116,solo,true
3117,User 3117,user3117@example.com,東京,5329.17,plain note 3117,"a,b,c",false
3118,User 3118,user3118@example.com,Paris,5366.18,plain note 3118,solo,true
3119,User 3119,user3119@example.com,Lima,5403.19,plain note 3119,solo,false
3120,User 3120,user3120@example.com,Amsterdam,5440.20,plain note 3120,"a,b,c",true
3121,User 3121,user3121@example.com,Bratislava,5477.21,plain note 3121,solo,false
3122,User 3122,user3122@example.com,Zürich,5514.22,"said ""hi"", then left",solo,true
3123,User 3123,user3123@example.com,København,5551.23,plain note 3123,"a,b,c",false
3124,User 3124,user3124@example.com,Москва,5588.24,"line one
line two",solo,true
3125,User 3125,user3125@example.com,東京,5625.25,plain note 3125,solo,false
3126,User 3126,user3126@example.com,Paris,5662.26,plain note 3126,"a,b,c",true
3127,User 3127,user3127@example.com,Lima,5699.27,plain note 3127,solo,false
3128,User 3128,user3128@example.com,Amsterdam,5736.28,plain note 3128,solo,true
3129,User 3129,user3129@example.com,Bratislava,5773.29,"said ""hi"", then left","a,b,c",false
3130,User 3130,user3130@example.com,Zürich,5810.30,plain note 3130,solo,true
3131,User 3131,user3131@example.com,København,5847.31,plain note 3131,solo,false
3132,User 3132,user3132@example.com,Москва,5884.32,plain note 3132,"a,b,c",true
3133,User 3133,user3133@example.com,東京,5921.33,plain note 3133,solo,false
3134,User 3134,user3134@example.com,Paris,5958.34,plain note 3134,solo,true
3135,User 3135,user3135@example.com,Lima,5995.35,"line one
line two","a,b,c",false
3136,User 3136,user3136@example.com,Amsterdam,6032.36,"said ""hi"", then left",solo,true
3137,User 3137,user3137@example.com,Bratislava,6069.37,plain note 3137,solo,false
3138,User 3138,user3138@example.com,Zürich,6106.38,plain note 3138,"a,b,c",true
3139,User 3139,user3139@example.com,København,6143.39,plain note 3139,solo,false
3140,User 3140,user3140@example.com,Москва,6180.40,plain note 3140,solo,true
3141,User 3141,user3141@example.com,東京,6217.41,plain note 3141,"a,b,c",false
3142,User 3142,user3142@example.com,Paris,6254.42,plain note 3142,solo,true
3143,User 3143,user3143@example.com,Lima,6291.43,"said ""hi"", then left",solo,false
3144,User 3144,user3144@example.com,Amsterdam,6328.44,plain note 3144,"a,b,c",true
3145,User 3145,user3145@example.com,Bratislava,6365.45,plain note 3145,solo,false
3146,User 3146,user3146@example.com,Zürich,6402.46,"line one
line two",solo,true
3147,User 3147,user3147@example.com,København,6439.47,plain note 3147,"a,b,c",false
3148,User 3148,user3148@example.com,Москва,6476.48,plain note 3148,solo,true
3149,User 3149,user3149@example.com,東京,6513.49,plain note 3149,solo,false
3150,User 3150,user3150@example.com,Paris,6550.50,"said ""hi"", then left","a,b,c",true
3151,User 3151,user3151@example.com,Lima,6587.51,plain note 3151,solo,false
3152,User 3152,user3152@example.com,Amsterdam,6624.52,plain note 3152,solo,true
3153,User 3153,user3153@example.com,Bratislava,6661.53,plain note 3153,"a,b,c",false
3154,User 3154,user3154@example.com,Zürich,6698.54,plain note 3154,solo,true
3155,User 3155,user3155@example.com,København,6735.55,plain note 3155,solo,false
3156,User 3156,user3156@example.com,Москва,6772.56,plain note 3156,"a,b,c",true
3157,User 3157,user3157@example.com,東京,6809.57,"said ""hi"", then left",solo,false
3158,User 3158,user3158@example.com,Paris,6846.58,plain note 3158,solo,true
3159,User 3159,user3159@example.com,Lima,6883.59,plain note 3159,"a,b,c",false
3160,User 3160,user3160@example.com,Amsterdam,6920.60,plain note 3160,solo,true
3161,User 3161,user3161@example.com,Bratislava,6957.61,plain note 3161,solo,false
3162,User 3162,user3162@example.com,Zürich,6994.62,plain note 3162,"a,b,c",true
3163,User 3163,user3163@example.com,København,7031.63,plain note 3163,solo,false
3164,User 3164,user3164@example.com,Москва,7068.64,"said ""hi"", then left",solo,true
3165,User 3165,user3165@example.com,東京,7105.65,plain note 3165,"a,b,c",false
3166,User 3166,user3166@example.com,Paris,7142.66,plain note 3166,solo,true
3167,User 3167,user3167@example.com,Lima,7179.67,plain note 3167,solo,false
3168,User 3168,user3168@example.com,Amsterdam,7216.68,"line one
line two","a,b,c",true
3169,User 3169,user3169@example.com,Bratislava,7253.69,plain note 3169,solo,false
3170,User 3170,user3170@example.com,Zürich,7290.70,plain note 3170,solo,true
3171,User 3171,user3171@example.com,København,7327.71,"said ""hi"", then left","a,b,c",false
3172,User 3172,user3172@example.com,Москва,7364.72,plain note 3172,solo,true
3173,User 3173,user3173@example.com,東京,7401.73,plain note 3173,solo,false
3174,User 3174,user3174@example.com,Paris,7438.74,plain note 3174,"a,b,c",true
3175,User 3175,user3175@example.com,Lima,7475.75,plain note 3175,solo,false
3176,User 3176,user3176@example.com,Amsterdam,7512.76,plain note 3176,solo,true
3177,User 3177,user3177@example.com,Bratislava,7549.77,plain note 3177,"a,b,c",false
3178,User 3178,user3178@example.com,Zürich,7586.78,"said ""hi"", then left",solo,true
3179,User 3179,user3179@example.com,København,7623.79,"line one
line two",solo,false
3180,User 3180,user3180@example.com,Москва,7660.80,plain note 3180,"a,b,c",true
3181,User 3181,user3181@example.com,東京,7697.81,plain note 3181,solo,false
3182,User 3182,user3182@example.com,Paris,7734.82,plain note 3182,solo,true
3183,User 3183,user3183@example.com,Lima,7771.83,plain note 3183,"a,b,c",false
3184,User 3184,user3184@example.com,Amsterdam,7808.84,plain note 3184,solo,true
3185,User 3185,user3185@example.com,Bratislava,7845.85,"said ""hi"", then left",solo,false
3186,User 3186,user3186@example.com,Zürich,7882.86,plain note 3186,"a,b,c",true
3187,User 3187,user3187@example.com,København,7919.87,plain note 3187,solo,false
3188,User 3188,user3188@example.com,Москва,7956.88,plain note 3188,solo,true
3189,User 3189,user3189@example.com,東京,7993.89,plain note 3189,"a,b,c",false
3190,User 3190,user3190@example.com,Paris,8030.90,"line one
line two",solo,true
3191,User 3191,user3191@example.com,Lima,8067.91,plain note 3191,solo,false
3192,User 3192,user3192@example.com,Amsterdam,8104.92,"said ""hi"", then left","a,b,c",true
3193,User 3193,user3193@example.com,Bratislava,8141.93,plain note 3193,solo,false
3194,User 3194,user3194@example.com,Zürich,8178.94,plain note 3194,solo,true
3195,User 3195,user3195@example.com,København,8215.95,plain note 3195,"a,b,c",false
3196,User 3196,user3196@example.com,Москва,8252.96,plain note 3196,solo,true
3197,User 3197,user3197@example.com,東京,8289.97,plain note 3197,solo,false
3198,User 3198,user3198@example.com,Paris,8326.98,plain note 3198,"a,b,c",true
3199,User 3199,user3199@example.com,Lima,8363.99,"said ""hi"", then left",solo,false
3200,User 3200,user3200@example.com,Amsterdam,8400.0,plain note 3200,solo,true
3201,User 3201,user3201@example.com,Bratislava,8437.1,"line one
line two","a,b,c",false
3202,User 3202,user3202@example.com,Zürich,8474.2,plain note 3202,solo,true
3203,User 3203,user3203@example.com,København,8511.3,plain note 3203,solo,false
3204,User 3204,user3204@example.com,Москва,8548.4,plain note 3204,"a,b,c",true
3205,User 3205,user3205@example.com,東京,8585.5,plain note 3205,solo,false
3206,User 3206,user3206@example.com,Paris,8622.6,"said ""hi"", then left",solo,true
3207,User 3207,user3207@example.com,Lima,8659.7,plain note 3207,"a,b,c",false
3208,User 3208,user3208@example.com,Amsterdam,8696.8,plain note 3208,solo,true
3209,User 3209,user3209@example.com,Bratislava,8733.9,plain note 3209,solo,false
3210,User 3210,user3210@example.com,Zürich,8770.10,plain note 3210,"a,b,c",true
3211,User 3211,user3211@example.com,København,8807.11,plain note 3211,solo,false
3212,User 3212,user3212@example.com,Москва,8844.12,"line one
line two",solo,true
3213,User 3213,user3213@example.com,東京,8881.13,"said ""hi"", then left","a,b,c",false
3214,User 3214,user3214@example.com,Paris,8918.14,plain note 3214,solo,true
3215,User 3215,user3215@example.com,Lima,8955.15,plain note 3215,solo,false
3216,User 3216,user3216@example.com,Amsterdam,8992.16,plain note 3216,"a,b,c",true
3217,User 3217,user3217@example.com,Bratislava,9029.17,plain note 3217,solo,false
3218,User 3218,user3218@example.com,Zürich,9066.18,plain note 3218,solo,true
3219,User 3219,user3219@example.com,København,9103.19,plain note 3219,"a,b,c",false
3220,User 3220,user3220@example.com,Москва,9140.20,"said ""hi"", then left",solo,true
3221,User 3221,user3221@example.com,東京,9177.21,plain note 3221,solo,false
3222,User 3222,user3222@example.com,Paris,9214.22,plain note 3222,"a,b,c",true
3223,User 3223,user3223@example.com,Lima,9251.23,"line one
line two",solo,false
3224,User 3224,user3224@example.com,Amsterdam,9288.24,plain note 3224,solo,true
3225,User 3225,user3225@example.com,Bratislava,9325.25,plain note 3225,"a,b,c",false
3226,User 3226,user3226@example.com,Zürich,9362.26,plain note 3226,solo,true
3227,User 3227,user3227@example.com,København,9399.27,"said ""hi"", then left",solo,false
3228,User 3228,user3228@example.com,Москва,9436.28,plain note 3228,"a,b,c",true
3229,User 3229,user3229@example.com,東京,9473.29,plain note 3229,solo,false
3230,User 3230,user3230@example.com,Paris,9510.30,plain note 3230,solo,true
3231,User 3231,user3231@example.com,Lima,9547.31,plain note 3231,"a,b,c",false
3232,User 3232,user3232@example.com,Amsterdam,9584.32,plain note 3232,solo,true
3233,User 3233,user3233@example.com,Bratislava,9621.33,plain note 3233,solo,false
3234,User 3234,user3234@example.com,Zürich,9658.34,"said ""hi"", then left","a,b,c",true
3235,User 3235,user3235@example.com,København,9695.35,plain note 3235,solo,false
3236,User 3236,user3236@example.com,Москва,9732.36,plain note 3236,solo,true
3237,User 3237,user3237@example.com,東京,9769.37,plain note 3237,"a,b,c",false
3238,User 3238,user3238@example.com,Paris,9806.38,plain note 3238,solo,true
3239,User 3239,user3239@example.com,Lima,9843.39,plain note 3239,solo,false
3240,User 3240,user3240@example.com,Amsterdam,9880.40,plain note 3240,"a,b,c",true
3241,User 3241,user3241@example.com,Bratislava,9917.41,"said ""hi"", then left",solo,false
3242,User 3242,user3242@example.com,Zürich,9954.42,plain note 3242,solo,true
3243,User 3243,user3243@example.com,København,9991.43,plain note 3243,"a,b,c",false
3244,User 3244,user3244@example.com,Москва,28.44,plain note 3244,solo,true
3245,User 3245,user3245@example.com,東京,65.45,"line one
line two",solo,false
3246,User 3246,user3246@example.com,Paris,102.46,plain note 3246,"a,b,c",true
3247,User 3247,user3247@example.com,Lima,139.47,plain note 3247,solo,false
3248,User 3248,user3248@example.com,Amsterdam,176.48,"said ""hi"", then left",solo,true
3249,User 3249,user3249@example.com,Bratislava,213.49,plain note 3249,"a,b,c",false
3250,User 3250,user3250@example.com,Zürich,250.50,plain note 3250,solo,true
3251,User 3251,user3251@example.com,København,287.51,plain note 3251,solo,false
3252,User 3252,user3252@example.com,Москва,324.52,plain note 3252,"a,b,c",true
3253,User 3253,user3253@example.com,東京,361.53,plain note 3253,solo,false
3254,User 3254,user3254@example.com,Paris,398.54,plain note 3254,solo,true
3255,User 3255,user3255@example.com,Lima,435.55,"said ""hi"", then left","a,b,c",false
3256,User 3256,user3256@example.com,Amsterdam,472.56,"line one
line two",solo,true
3257,User 3257,user3257@example.com,Bratislava,509.57,plain note 3257,solo,false
3258,User 3258,user3258@example.com,Zürich,546.58,plain note 3258,"a,b,c",true
3259,User 3259,user3259@example.com,København,583.59,plain note 3259,solo,false
3260,User 3260,user3260@example.com,Москва,620.60,plain note 3260,solo,true
3261,User 3261,user3261@example.com,東京,657.61,plain note 3261,"a,b,c",false
3262,User 3262,user3262@example.com,Paris,694.62,"said ""hi"", then left",solo,true
3263,User 3263,user3263@example.com,Lima,731.63,plain note 3263,solo,false
3264,User 3264,user3264@example.com,Amsterdam,768.64,plain note 3264,"a,b,c",true
3265,User 3265,user3265@example.com,Bratislava,805.65,plain note 3265,solo,false
3266,User 3266,user3266@example.com,Zürich,842.66,plain note 3266,solo,true
3267,User 3267,user3267@example.com,København,879.67,"line one
line two","a,b,c",false
3268,User 3268,user3268@example.com,Москва,916.68,plain note 3268,solo,true
3269,User 3269,user3269@example.com,東京,953.69,"said ""hi"", then left",solo,false
3270,User 3270,user3270@example.com,Paris,990.70,plain note 3270,"a,b,c",true
3271,User 3271,user3271@example.com,Lima,1027.71,plain note 3271,solo,false
3272,User 3272,user3272@example.com,Amsterdam,1064.72,plain note 3272,solo,true
3273,User 3273,user3273@example.com,Bratislava,1101.73,plain note 3273,"a,b,c",false
3274,User 3274,user3274@example.com,Zürich,1138.74,plain note 3274,solo,true
3275,User 3275,user3275@example.com,København,1175.75,plain note 3275,solo,false
3276,User 3276,user3276@example.com,Москва,1212.76,"said ""hi"", then left","a,b,c",true
3277,User 3277,user3277@example.com,東京,1249.77,plain note 3277,solo,false
3278,User 3278,user3278@example.com,Paris,1286.78,"line one
line two",solo,true
3279,User 3279,user3279@example.com,Lima,1323.79,plain note 3279,"a,b,c",false
3280,User 3280,user3280@example.com,Amsterdam,1360.80,plain note 3280,solo,true
3281,User 3281,user3281@example.com,Bratislava,1397.81,plain note 3281,solo,false
3282,User 3282,user3282@example.com,Zürich,1434.82,plain note 3282,"a,b,c",true
3283,User 3283,user3283@example.com,København,1471.83,"said ""hi"", then left",solo,false
3284,User 3284,user3284@example.com,Москва,1508.84,plain note 3284,solo,true
3285,User 3285,user3285@example.com,東京,1545.85,plain note 3285,"a,b,c",false
3286,User 3286,user3286@example.com,Paris,1582.86,plain note 3286,solo,true
3287,User 3287,user3287@example.com,Lima,1619.87,plain note 3287,solo,false
3288,User 3288,user3288@example.com,Amsterdam,1656.88,plain note 3288,"a,b,c",true
3289,User 3289,user3289@example.com,Bratislava,1693.89,"line one
line two",solo,false
3290,User 3290,user3290@example.com,Zürich,1730.90,"said ""hi"", then left",solo,true
3291,User 3291,user3291@example.com,København,1767.91,plain note 3291,"a,b,c",false
3292,User 3292,user3292@example.com,Москва,1804.92,plain note 3292,solo,true
3293,User 3293,user3293@example.com,東京,1841.93,plain note 3293,solo,false
3294,User 3294,user3294@example.com,Paris,1878.94,plain note 3294,"a,b,c",true
3295,User 3295,user3295@example.com,Lima,1915.95,plain note 3295,solo,false
3296,User 3296,user3296@example.com,Amsterdam,1952.96,plain note 3296,solo,true
3297,User 3297,user3297@example.com,Bratislava,1989.97,"said ""hi"", then left","a,b,c",false
3298,User 3298,user3298@example.com,Zürich,2026.98,plain note 3298,solo,true
3299,User 3299,user3299@example.com,København,2063.99,plain note 3299,solo,false
3300,User 3300,user3300@example.com,Москва,2100.0,"line one
line two","a,b,c",true
3301,User 3301,user3301@example.com,東京,2137.1,plain note 3301,solo,false
3302,User 3302,user3302@example.com,Paris,2174.2,plain note 3302,solo,true
3303,User 3303,user3303@example.com,Lima,2211.3,plain note 3303,"a,b,c",false
3304,User 3304,user3304@example.com,Amsterdam,2248.4,"said ""hi"", then left",solo,true
3305,User 3305,user3305@example.com,Bratislava,2285.5,plain note 3305,solo,false
3306,User 3306,user3306@example.com,Zürich,2322.6,plain note 3306,"a,b,c",true
3307,User 3307,user3307@example.com,København,2359.7,plain note 3307,solo,false
3308,User 3308,user3308@example.com,Москва,2396.8,plain note 3308,solo,true
3309,User 3309,user3309@example.com,東京,2433.9,plain note 3309,"a,b,c",false
3310,User 3310,user3310@example.com,Paris,2470.10,plain note 3310,solo,true
3311,User 3311,user3311@example.com,Lima,2507.11,"said ""hi"", then left",solo,false
3312,User 3312,user3312@example.com,Amsterdam,2544.12,plain note 3312,"a,b,c",true
3313,User 3313,user3313@example.com,Bratislava,2581.13,plain note 3313,solo,false
3314,User 3314,user3314@example.com,Zürich,2618.14,plain note 3314,solo,true
3315,User 3315,user3315@example.com,København,2655.15,plain note 3315,"a,b,c",false
3316,User 3316,user3316@example.com,Москва,2692.16,plain note 3316,solo,true
3317,User 3317,user3317@example.com,東京,2729.17,plain note 3317,solo,false
3318,User 3318,user3318@example.com,Paris,2766.18,"said ""hi"", then left","a,b,c",true
3319,User 3319,user3319@example.com,Lima,2803.19,plain note 3319,solo,false
3320,User 3320,user3320@example.com,Amsterdam,2840.20,plain note 3320,solo,true
3321,User 3321,user3321@example.com,Bratislava,2877.21,plain note 3321,"a,b,c",false
3322,User 3322,user3322@example.com,Zürich,2914.22,"line one
line two",solo,true
3323,User 3323,user3323@example.com,København,2951.23,plain note 3323,solo,false
3324,User 3324,user3324@example.com,Москва,2988.24,plain note 3324,"a,b,c",true
3325,User 3325,user3325@example.com,東京,3025.25,"said ""hi"", then left",solo,false
3326,User 3326,user3326@example.com,Paris,3062.26,plain note 3326,solo,true
3327,User 3327,user3327@example.com,Lima,3099.27,plain note 3327,"a,b,c",false
3328,User 3328,user3328@example.com,Amsterdam,3136.28,plain note 3328,solo,true
3329,User 3329,user3329@example.com,Bratislava,3173.29,plain note 3329,solo,false
3330,User 3330,user3330@example.com,Zürich,3210.30,plain note 3330,"a,b,c",true
3331,User 3331,user3331@example.com,København,3247.31,plain note 3331,solo,false
3332,User 3332,user3332@example.com,Москва,3284.32,"said ""hi"", then left",solo,true
3333,User 3333,user3333@example.com,東京,3321.33,"line one
line two","a,b,c",false
3334,User 3334,user3334@example.com,Paris,3358.34,plain note 3334,solo,true
3335,User 3335,user3335@example.com,Lima,3395.35,plain note 3335,solo,false
3336,User 3336,user3336@example.com,Amsterdam,3432.36,plain note 3336,"a,b,c",true
3337,User 3337,user3337@example.com,Bratislava,3469.37,plain note 3337,solo,false
3338,User 3338,user3338@example.com,Zürich,3506.38,plain note 3338,solo,true
3339,User 3339,user3339@example.com,København,3543.39,"said ""hi"", then left","a,b,c",false
3340,User 3340,user3340@example.com,Москва,3580.40,plain note 3340,solo,true
3341,User 3341,user3341@example.com,東京,3617.41,plain note 3341,solo,false
3342,User 3342,user3342@example.com,Paris,3654.42,plain note 3342,"a,b,c",true
3343,User 3343,user3343@example.com,Lima,3691.43,plain note 3343,solo,false
3344,User 3344,user3344@example.com,Amsterdam,3728.44,"line one
line two",solo,true
3345,User 3345,user3345@example.com,Bratislava,3765.45,plain note 3345,"a,b,c",false
3346,User 3346,user3346@example.com,Zürich,3802.46,"said ""hi"", then left",solo,true
3347,User 3347,user3347@example.com,København,3839.47,plain note 3347,solo,false
3348,User 3348,user3348@example.com,Москва,3876.48,plain note 3348,"a,b,c",true
3349,User 3349,user3349@example.com,東京,3913.49,plain note 3349,solo,false
3350,User 3350,user3350@example.com,Paris,3950.50,plain note 3350,solo,true
3351,User 3351,user3351@example.com,Lima,3987.51,plain note 3351,"a,b,c",false
3352,User 3352,user3352@example.com,Amsterdam,4024.52,plain note 3352,solo,true
3353,User 3353,user3353@example.com,Bratislava,4061.53,"said ""hi"", then left",solo,false
3354,User 3354,user3354@example.com,Zürich,4098.54,plain note 3354,"a,b,c",true
3355,User 3355,user3355@example.com,København,4135.55,"line one
line two",solo,false
3356,User 3356,user3356@example.com,Москва,4172.56,plain note 3356,solo,true
3357,User 3357,user3357@example.com,東京,4209.57,plain note 3357,"a,b,c",false
3358,User 3358,user3358@example.com,Paris,4246.58,plain note 3358,solo,true
3359,User 3359,user3359@example.com,Lima,4283.59,plain note 3359,solo,false
3360,User 3360,user3360@example.com,Amsterdam,4320.60,"said ""hi"", then left","a,b,c",true
3361,User 3361,user3361@example.com,Bratislava,4357.61,plain note 3361,solo,false
3362,User 3362,user3362@example.com,Zürich,4394.62,plain note 3362,solo,true
3363,User 3363,user3363@example.com,København,4431.63,plain note 3363,"a,b,c",false
3364,User 3364,user3364@example.com,Москва,4468.64,plain note 3364,solo,true
3365,User 3365,user3365@example.com,東京,4505.65,plain note 3365,solo,false
3366,User 3366,user3366@example.com,Paris,4542.66,"line one
line two","a,b,c",true
3367,User 3367,user3367@example.com,Lima,4579.67,"said ""hi"", then left",solo,false
3368,User 3368,user3368@example.com,Amsterdam,4616.68,plain note 3368,solo,true
3369,User 3369,user3369@example.com,Bratislava,4653.69,plain note 3369,"a,b,c",false
3370,User 3370,user3370@example.com,Zürich,4690.70,plain note 3370,solo,true
3371,User 3371,user3371@example.com,København,4727.71,plain note 3371,solo,false
3372,User 3372,user3372@example.com,Москва,4764.72,plain note 3372,"a,b,c",true
3373,User 3373,user3373@example.com,東京,4801.73,plain note 3373,solo,false
3374,User 3374,user3374@example.com,Paris,4838.74,"said ""hi"", then left",solo,true
3375,User 3375,user3375@example.com,Lima,4875.75,plain note 3375,"a,b,c",false
3376,User 3376,user3376@example.com,Amsterdam,4912.76,plain note 3376,solo,true
3377,User 3377,user3377@example.com,Bratislava,4949.77,"line one
line two",solo,false
3378,User 3378,user3378@example.com,Zürich,4986.78,plain note 3378,"a,b,c",true
3379,User 3379,user3379@example.com,København,5023.79,plain note 3379,solo,false
3380,User 3380,user3380@example.com,Москва,5060.80,plain note 3380,solo,true
3381,User 3381,user3381@example.com,東京,5097.81,"said ""hi"", then left","a,b,c",false
3382,User 3382,user3382@example.com,Paris,5134.82,plain note 3382,solo,true
3383,User 3383,user3383@example.com,Lima,5171.83,plain note 3383,solo,false
3384,User 3384,user3384@example.com,Amsterdam,5208.84,plain note 3384,"a,b,c",true
3385,User 3385,user3385@example.com,Bratislava,5245.85,plain note 3385,solo,false
3386,User 3386,user3386@example.com,Zürich,5282.86,plain note 3386,solo,true
3387,User 3387,user3387@example.com,København,5319.87,plain note 3387,"a,b,c",false
3388,User 3388,user3388@example.com,Москва,5356.88,"said ""hi"", then left",solo,true
3389,User 3389,user3389@example.com,東京,5393.89,plain note 3389,solo,false
3390,User 3390,user3390@example.com,Paris,5430.90,plain note 3390,"a,b,c",true
3391,User 3391,user3391@example.com,Lima,5467.91,plain note 3391,solo,false
3392,User 3392,user3392@example.com,Amsterdam,5504.92,plain note 3392,solo,true
3393,User 3393,user3393@example.com,Bratislava,5541.93,plain note 3393,"a,b,c",false
3394,User 3394,user3394@example.com,Zürich,5578.94,plain note 3394,solo,true
3395,User 3395,user3395@example.com,København,5615.95,"said ""hi"", then left",solo,false
3396,User 3396,user3396@example.com,Москва,5652.96,plain note 3396,"a,b,c",true
3397,User 3397,user3397@example.com,東京,5689.97,plain note 3397,solo,false
3398,User 3398,user3398@example.com,Paris,5726.98,plain note 3398,solo,true
3399,User 3399,user3399@example.com,Lima,5763.99,"line one
line two","a,b,c",false
3400,User 3400,user3400@example.com,Amsterdam,5800.0,plain note 3400,solo,true
3401,User 3401,user3401@example.com,Bratislava,5837.1,plain note 3401,solo,false
3402,User 3402,user3402@example.com,Zürich,5874.2,"said ""hi"", then left","a,b,c",true
3403,User 3403,user3403@example.com,København,5911.3,plain note 3403,solo,false
3404,User 3404,user3404@example.com,Москва,5948.4,plain note 3404,solo,true
3405,User 3405,user3405@example.com,東京,5985.5,plain note 3405,"a,b,c",false
3406,User 3406,user3406@example.com,Paris,6022.6,plain note 3406,solo,true
3407,User 3407,user3407@example.com,Lima,6059.7,plain note 3407,solo,false
3408,User 3408,user3408@example.com,Amsterdam,6096.8,plain note 3408,"a,b,c",true
3409,User 3409,user3409@example.com,Bratislava,6133.9,"said ""hi"", then left",solo,false
3410,User 3410,user3410@example.com,Zürich,6170.10,"line one
line two",solo,true
3411,User 3411,user3411@example.com,København,6207.11,plain note 3411,"a,b,c",false
3412,User 3412,user3412@example.com,Москва,6244.12,plain note 3412,solo,true
3413,User 3413,user3413@example.com,東京,6281.13,plain note 3413,solo,false
3414,User 3414,user3414@example.com,Paris,6318.14,plain note 3414,"a,b,c",true
3415,User 3415,user3415@example.com,Lima,6355.15,plain note 3415,solo,false
3416,User 3416,user3416@example.com,Amsterdam,6392.16,"said ""hi"", then left",solo,true
3417,User 3417,user3417@example.com,Bratislava,6429.17,plain note 3417,"a,b,c",false
3418,User 3418,user3418@example.com,Zürich,6466.18,plain note 3418,solo,true
3419,User 3419,user3419@example.com,København,6503.19,plain note 3419,solo,false
3420,User 3420,user3420@example.com,Москва,6540.20,plain note 3420,"a,b,c",true
3421,User 3421,user3421@example.com,東京,6577.21,"line one
line two",solo,false
3422,User 3422,user3422@example.com,Paris,6614.22,plain note 3422,solo,true
3423,User 3423,user3423@example.com,Lima,6651.23,"said ""hi"", then left","a,b,c",false
3424,User 3424,user3424@example.com,Amsterdam,6688.24,plain note 3424,solo,true
3425,User 3425,user3425@example.com,Bratislava,6725.25,plain note 3425,solo,false
3426,User 3426,user3426@example.com,Zürich,6762.26,plain note 3426,"a,b,c",true
3427,User 3427,user3427@example.com,København,6799.27,plain note 3427,solo,false
3428,User 3428,user3428@example.com,Москва,6836.28,plain note 3428,solo,true
3429,User 3429,user3429@example.com,東京,6873.29,plain note 3429,"a,b,c",false
3430,User 3430,user3430@example.com,Paris,6910.30,"said ""hi"", then left",solo,true
3431,User 3431,user3431@example.com,Lima,6947.31,plain note 3431,solo,false
3432,User 3432,user3432@example.com,Amsterdam,6984.32,"line one
line two","a,b,c",true
3433,User 3433,user3433@example.com,Bratislava,7021.33,plain note 3433,solo,false
3434,User 3434,user3434@example.com,Zürich,7058.34,plain note 3434,solo,true
3435,User 3435,user3435@example.com,København,7095.35,plain note 3435,"a,b,c",false
3436,User 3436,user3436@example.com,Москва,7132.36,plain note 3436,solo,true
3437,User 3437,user3437@example.com,東京,7169.37,"said ""hi"", then left",solo,false
3438,User 3438,user3438@example.com,Paris,7206.38,plain note 3438,"a,b,c",true
3439,User 3439,user3439@example.com,Lima,7243.39,plain note 3439,solo,false
3440,User 3440,user3440@example.com,Amsterdam,7280.40,plain note 3440,solo,true
3441,User 3441,user3441@example.com,Bratislava,7317.41,plain note 3441,"a,b,c",false
3442,User 3442,user3442@example.com,Zürich,7354.42,plain note 3442,solo,true
3443,User 3443,user3443@example.com,København,7391.43,"line one
line two",solo,false
3444,User 3444,user3444@example.com,Москва,7428.44,"said ""hi"", then left","a,b,c",true
3445,User 3445,user3445@example.com,東京,7465.45,plain note 3445,solo,false
3446,User 3446,user3446@example.com,Paris,7502.46,plain note 3446,solo,true
3447,User 3447,user3447@example.com,Lima,7539.47,plain note 3447,"a,b,c",false
3448,User 3448,user3448@example.com,Amsterdam,7576.48,plain note 3448,solo,true
3449,User 3449,user3449@example.com,Bratislava,7613.49,plain note 3449,solo,false
3450,User 3450,user3450@example.com,Zürich,7650.50,plain note 3450,"a,b,c",true
3451,User 3451,user3451@example.com,København,7687.51,"said ""hi"", then left",solo,false
3452,User 3452,user3452@example.com,Москва,7724.52,plain note 3452,solo,true
3453,User 3453,user3453@example.com,東京,7761.53,plain note 3453,"a,b,c",false
3454,User 3454,user3454@example.com,Paris,7798.54,"line one
line two",solo,true
3455,User 3455,user3455@example.com,Lima,7835.55,plain note 3455,solo,false
3456,User 3456,user3456@example.com,Amsterdam,7872.56,plain note 3456,"a,b,c",true
3457,User 3457,user3457@example.com,Bratislava,7909.57,plain note 3457,solo,false
3458,User 3458,user3458@example.com,Zürich,7946.58,"said ""hi"", then left",solo,true
3459,User 3459,user3459@example.com,København,7983.59,plain note 3459,"a,b,c",false
3460,User 3460,user3460@example.com,Москва,8020.60,plain note 3460,solo,true
3461,User 3461,user3461@example.com,東京,8057.61,plain note 3461,solo,false
3462,User 3462,user3462@example.com,Paris,8094.62,plain note 3462,"a,b,c",true
3463,User 3463,user3463@example.com,Lima,8131.63,plain note 3463,solo,false
3464,User 3464,user3464@example.com,Amsterdam,8168.64,plain note 3464,solo,true
3465,User 3465,user3465@example.com,Bratislava,8205.65,"said ""hi"", then left","a,b,c",false
3466,User 3466,user3466@example.com,Zürich,8242.66,plain note 3466,solo,true
3467,User 3467,user3467@example.com,København,8279.67,plain note 3467,solo,false
3468,User 3468,user3468@example.com,Москва,8316.68,plain note 3468,"a,b,c",true
3469,User 3469,user3469@example.com,東京,8353.69,plain note 3469,solo,false
3470,User 3470,user3470@example.com,Paris,8390.70,plain note 3470,solo,true
3471,User 3471,user3471@example.com,Lima,8427.71,plain note 3471,"a,b,c",false
3472,User 3472,user3472@example.com,Amsterdam,8464.72,"said ""hi"", then left",solo,true
3473,User 3473,user3473@example.com,Bratislava,8501.73,plain note 3473,solo,false
3474,User 3474,user3474@example.com,Zürich,8538.74,plain note 3474,"a,b,c",true
3475,User 3475,user3475@example.com,København,8575.75,plain note 3475,solo,false
3476,User 3476,user3476@example.com,Москва,8612.76,"line one
line two",solo,true
3477,User 3477,user3477@example.com,東京,8649.77,plain note 3477,"a,b,c",false
3478,User 3478,user3478@example.com,Paris,8686.78,plain note 3478,solo,true
3479,User 3479,user3479@example.com,Lima,8723.79,"said ""hi"", then left",solo,false
3480,User 3480,user3480@example.com,Amsterdam,8760.80,plain note 3480,"a,b,c",true
3481,User 3481,user3481@example.com,Bratislava,8797.81,plain note 3481,solo,false
3482,User 3482,user3482@example.com,Zürich,8834.82,plain note 3482,solo,true
3483,User 3483,user3483@example.com,København,8871.83,plain note 3483,"a,b,c",false
3484,User 3484,user3484@example.com,Москва,8908.84,plain note 3484,solo,true
3485,User 3485,user3485@example.com,東京,8945.85,plain note 3485,solo,false
3486,User 3486,user3486@example.com,Paris,8982.86,"said ""hi"", then left","a,b,c",true
3487,User 3487,user3487@example.com,Lima,9019.87,"line one
line two",solo,false
3488,User 3488,user3488@example.com,Amsterdam,9056.88,plain note 3488,solo,true
3489,User 3489,user3489@example.com,Bratislava,9093.89,plain note 3489,"a,b,c",false
3490,User 3490,user3490@example.com,Zürich,9130.90,plain note 3490,solo,true
3491,User 3491,user3491@example.com,København,9167.91,plain note 3491,solo,false
3492,User 3492,user3492@example.com,Москва,9204.92,plain note 3492,"a,b,c",true
3493,User 3493,user3493@example.com,東京,9241.93,"said ""hi"", then left",solo,false
3494,User 3494,user3494@example.com,Paris,9278.94,plain note 3494,solo,true
3495,User 3495,user3495@example.com,Lima,9315.95,plain note 3495,"a,b,c",false
3496,User 3496,user3496@example.com,Amsterdam,9352.96,plain note 3496,solo,true
3497,User 3497,user3497@example.com,Bratislava,9389.97,plain note 3497,solo,false
3498,User 3498,user3498@example.com,Zürich,9426.98,"line one
line two","a,b,c",true
3499,User 3499,user3499@example.com,København,9463.99,plain note 3499,solo,false
3500,User 3500,user3500@example.com,Москва,9500.0,"said ""hi"", then left",solo,true
3501,User 3501,user3501@example.com,東京,9537.1,plain note 3501,"a,b,c",false
3502,User 3502,user3502@example.com,Paris,9574.2,plain note 3502,solo,true
3503,User 3503,user3503@example.com,Lima,9611.3,plain note 3503,solo,false
3504,User 3504,user3504@example.com,Amsterdam,9648.4,plain note 3504,"a,b,c",true
3505,User 3505,user3505@example.com,Bratislava,9685.5,plain note 3505,solo,false
3506,User 3506,user3506@example.com,Zürich,9722.6,plain note 3506,solo,true
3507,User 3507,user3507@example.com,København,9759.7,"said ""hi"", then left","a,b,c",false
3508,User 3508,user3508@example.com,Москва,9796.8,plain note 3508,solo,true
3509,User 3509,user3509@example.com,東京,9833.9,"line one
line two",solo,false
3510,User 3510,user3510@example.com,Paris,9870.10,plain note 3510,"a,b,c",true
3511,User 3511,user3511@example.com,Lima,9907.11,plain note 3511,solo,false
3512,User 3512,user3512@example.com,Amsterdam,9944.12,plain note 3512,solo,true
3513,User 3513,user3513@example.com,Bratislava,9981.13,plain note 3513,"a,b,c",false
3514,User 3514,user3514@example.com,Zürich,18.14,"said ""hi"", then left",solo,true
3515,User 3515,user3515@example.com,København,55.15,plain note 3515,solo,false
3516,User 3516,user3516@example.com,Москва,92.16,plain note 3516,"a,b,c",true
3517,User 3517,user3517@example.com,東京,129.17,plain note 3517,solo,false
3518,User 3518,user3518@example.com,Paris,166.18,plain note 3518,solo,true
3519,User 3519,user3519@example.com,Lima,203.19,plain note 3519,"a,b,c",false
3520,User 3520,user3520@example.com,Amsterdam,240.20,"line one
line two",solo,true
3521,User 3521,user3521@example.com,Bratislava,277.21,"said ""hi"", then left",solo,false
3522,User 3522,user3522@example.com,Zürich,314.22,plain note 3522,"a,b,c",true
3523,User 3523,user3523@example.com,København,351.23,plain note 3523,solo,false
3524,User 3524,user3524@example.com,Москва,388.24,plain note 3524,solo,true
3525,User 3525,user3525@example.com,東京,425.25,plain note 3525,"a,b,c",false
3526,User 3526,user3526@example.com,Paris,462.26,plain note 3526,solo,true
3527,User 3527,user3527@example.com,Lima,499.27,plain note 3527,solo,false
3528,User 3528,user3528@example.com,Amsterdam,536.28,"said ""hi"", then left","a,b,c",true
3529,User 3529,user3529@example.com,Bratislava,573.29,plain note 3529,solo,false
3530,User 3530,user3530@example.com,Zürich,610.30,plain note 3530,solo,true
3531,User 3531,user3531@example.com,København,647.31,"line one
line two","a,b,c",false
3532,User 3532,user3532@example.com,Москва,684.32,plain note 3532,solo,true
3533,User 3533,user3533@example.com,東京,721.33,plain note 3533,solo,false
3534,User 3534,user3534@example.com,Paris,758.34,plain note 3534,"a,b,c",true
3535,User 3535,user3535@example.com,Lima,795.35,"said ""hi"", then left",solo,false
3536,User 3536,user3536@example.com,Amsterdam,832.36,plain note 3536,solo,true
3537,User 3537,user3537@example.com,Bratislava,869.37,plain note 3537,"a,b,c",false
3538,User 3538,user3538@example.com,Zürich,906.38,plain note 3538,solo,true
3539,User 3539,user3539@example.com,København,943.39,plain note 3539,solo,false
3540,User 3540,user3540@example.com,Москва,980.40,plain note 3540,"a,b,c",true
3541,User 3541,user3541@example.com,東京,1017.41,plain note 3541,solo,false
3542,User 3542,user3542@example.com,Paris,1054.42,"said ""hi"", then left",solo,true
3543,User 3543,user3543@example.com,Lima,1091.43,plain note 3543,"a,b,c",false
3544,User 3544,user3544@example.com,Amsterdam,1128.44,plain note 3544,solo,true
3545,User 3545,user3545@example.com,Bratislava,1165.45,plain note 3545,solo,false
3546,User 3546,user3546@example.com,Zürich,1202.46,plain note 3546,"a,b,c",true
3547,User 3547,user3547@example.com,København,1239.47,plain note 3547,solo,false
3548,User 3548,user3548@example.com,Москва,1276.48,plain note 3548,solo,true
3549,User 3549,user3549@example.com,東京,1313.49,"said ""hi"", then left","a,b,c",false
3550,User 3550,user3550@example.com,Paris,1350.50,plain note 3550,solo,true
3551,User 3551,user3551@example.com,Lima,1387.51,plain note 3551,solo,false
3552,User 3552,user3552@example.com,Amsterdam,1424.52,plain note 3552,"a,b,c",true
3553,User 3553,user3553@example.com,Bratislava,1461.53,"line one
line two",solo,false
3554,User 3554,user3554@example.com,Zürich,1498.54,plain note 3554,solo,true
3555,User 3555,user3555@example.com,København,1535.55,plain note 3555,"a,b,c",false
3556,User 3556,user3556@example.com,Москва,1572.56,"said ""hi"", then left",solo,true
3557,User 3557,user3557@example.com,東京,1609.57,plain note 3557,solo,false
3558,User 3558,user3558@example.com,Paris,1646.58,plain note 3558,"a,b,c",true
3559,User 3559,user3559@example.com,Lima,1683.59,plain note 3559,solo,false
3560,User 3560,user3560@example.com,Amsterdam,1720.60,plain note 3560,solo,true
3561,User 3561,user3561@example.com,Bratislava,1757.61,plain note 3561,"a,b,c",false
3562,User 3562,user3562@example.com,Zürich,1794.62,plain note 3562,solo,true
3563,User 3563,user3563@example.com,København,1831.63,"said ""hi"", then left",solo,false
3564,User 3564,user3564@example.com,Москва,1868.64,"line one
line two","a,b,c",true
3565,User 3565,user3565@example.com,東京,1905.65,plain note 3565,solo,false
3566,User 3566,user3566@example.com,Paris,1942.66,plain note 3566,solo,true
3567,User 3567,user3567@example.com,Lima,1979.67,plain note 3567,"a,b,c",false
3568,User 3568,user3568@example.com,Amsterdam,2016.68,plain note 3568,solo,true
3569,User 3569,user3569@example.com,Bratislava,2053.69,plain note 3569,solo,false
3570,User 3570,user3570@example.com,Zürich,2090.70,"said ""hi"", then left","a,b,c",true
3571,User 3571,user3571@example.com,København,2127.71,plain note 3571,solo,false
3572,User 3572,user3572@example.com,Москва,2164.72,plain note 3572,solo,true
3573,User 3573,user3573@example.com,東京,2201.73,plain note 3573,"a,b,c",false
3574,User 3574,user3574@example.com,Paris,2238.74,plain note 3574,solo,true
3575,User 3575,user3575@example.com,Lima,2275.75,"line one
line two",solo,false
3576,User 3576,user3576@example.com,Amsterdam,2312.76,plain note 3576,"a,b,c",true
3577,User 3577,user3577@example.com,Bratislava,2349.77,"said ""hi"", then left",solo,false
3578,User 3578,user3578@example.com,Zürich,2386.78,plain note 3578,solo,true
3579,User 3579,user3579@example.com,København,2423.79,plain note 3579,"a,b,c",false
3580,User 3580,user3580@example.com,Москва,2460.80,plain note 3580,solo,true
3581,User 3581,user3581@example.com,東京,2497.81,plain note 3581,solo,false
3582,User 3582,user3582@example.com,Paris,2534.82,plain note 3582,"a,b,c",true
3583,User 3583,user3583@example.com,Lima,2571.83,plain note 3583,solo,false
3584,User 3584,user3584@example.com,Amsterdam,2608.84,"said ""hi"", then left",solo,true
3585,User 3585,user3585@example.com,Bratislava,2645.85,plain note 3585,"a,b,c",false
3586,User 3586,user3586@example.com,Zürich,2682.86,"line one
line two",solo,true
3587,User 3587,user3587@example.com,København,2719.87,plain note 3587,solo,false
3588,User 3588,user3588@example.com,Москва,2756.88,plain note 3588,"a,b,c",true
3589,User 3589,user3589@example.com,東京,2793.89,plain note 3589,solo,false
3590,User 3590,user3590@example.com,Paris,2830.90,plain note 3590,solo,true
3591,User 3591,user3591@example.com,Lima,2867.91,"said ""hi"", then left","a,b,c",false
3592,User 3592,user3592@example.com,Amsterdam,2904.92,plain note 3592,solo,true
3593,User 3593,user3593@example.com,Bratislava,2941.93,plain note 3593,solo,false
3594,User 3594,user3594@example.com,Zürich,2978.94,plain note 3594,"a,b,c",true
3595,User 3595,user3595@example.com,København,3015.95,plain note 3595,solo,false
3596,User 3596,user3596@example.com,Москва,3052.96,plain note 3596,solo,true
3597,User 3597,user3597@example.com,東京,3089.97,"line one
line two","a,b,c",false
3598,User 3598,user3598@example.com,Paris,3126.98,"said ""hi"", then left",solo,true
3599,User 3599,user3599@example.com,Lima,3163.99,plain note 3599,solo,false
3600,User 3600,user3600@example.com,Amsterdam,3200.0,plain note 3600,"a,b,c",true
3601,User 3601,user3601@example.com,Bratislava,3237.1,plain note 3601,solo,false
3602,User 3602,user3602@example.com,Zürich,3274.2,plain note 3602,solo,true
3603,User 3603,user3603@example.com,København,3311.3,plain note 3603,"a,b,c",false
3604,User 3604,user3604@example.com,Москва,3348.4,plain note 3604,solo,true
3605,User 3605,user3605@example.com,東京,3385.5,"said ""hi"", then left",solo,false
3606,User 3606,user3606@example.com,Paris,3422.6,plain note 3606,"a,b,c",true
3607,User 3607,user3607@example.com,Lima,3459.7,plain note 3607,solo,false
3608,User 3608,user3608@example.com,Amsterdam,3496.8,"line one
line two",solo,true
3609,User 3609,user3609@example.com,Bratislava,3533.9,plain note 3609,"a,b,c",false
3610,User 3610,user3610@example.com,Zürich,3570.10,plain note 3610,solo,true
3611,User 3611,user3611@example.com,København,3607.11,plain note 3611,solo,false
3612,User 3612,user3612@example.com,Москва,3644.12,"said ""hi"", then left","a,b,c",true
3613,User 3613,user3613@example.com,東京,3681.13,plain note 3613,solo,false
3614,User 3614,user3614@example.com,Paris,3718.14,plain note 3614,solo,true
3615,User 3615,user3615@example.com,Lima,3755.15,plain note 3615,"a,b,c",false
3616,User 3616,user3616@example.com,Amsterdam,3792.16,plain note 3616,solo,true
3617,User 3617,user3617@example.com,Bratislava,3829.17,plain note 3617,solo,false
3618,User 3618,user3618@example.com,Zürich,3866.18,plain note 3618,"a,b,c",true
3619,User 3619,user3619@example.com,København,3903.19,"said ""hi"", then left",solo,false
3620,User 3620,user3620@example.com,Москва,3940.20,plain note 3620,solo,true
3621,User 3621,user3621@example.com,東京,3977.21,plain note 3621,"a,b,c",false
3622,User 3622,user3622@example.com,Paris,4014.22,plain note 3622,solo,true
3623,User 3623,user3623@example.com,Lima,4051.23,plain note 3623,solo,false
3624,User 3624,user3624@example.com,Amsterdam,4088.24,plain note 3624,"a,b,c",true
3625,User 3625,user3625@example.com,Bratislava,4125.25,plain note 3625,solo,false
3626,User 3626,user3626@example.com,Zürich,4162.26,"said ""hi"", then left",solo,true
3627,User 3627,user3627@example.com,København,4199.27,plain note 3627,"a,b,c",false
3628,User 3628,user3628@example.com,Москва,4236.28,plain note 3628,solo,true
3629,User 3629,user3629@example.com,東京,4273.29,plain note 3629,solo,false
3630,User 3630,user3630@example.com,Paris,4310.30,"line one
line two","a,b,c",true
3631,User 3631,user3631@example.com,Lima,4347.31,plain note 3631,solo,false
3632,User 3632,user3632@example.com,Amsterdam,4384.32,plain note 3632,solo,true
3633,User 3633,user3633@example.com,Bratislava,4421.33,"said ""hi"", then left","a,b,c",false
3634,User 3634,user3634@example.com,Zürich,4458.34,plain note 3634,solo,true
3635,User 3635,user3635@example.com,København,4495.35,plain note 3635,solo,false
3636,User 3636,user3636@example.com,Москва,4532.36,plain note 3636,"a,b,c",true
3637,User 3637,user3637@example.com,東京,4569.37,plain note 3637,solo,false
3638,User 3638,user3638@example.com,Paris,4606.38,plain note 3638,solo,true
3639,User 3639,user3639@example.com,Lima,4643.39,plain note 3639,"a,b,c",false
3640,User 3640,user3640@example.com,Amsterdam,4680.40,"said ""hi"", then left",solo,true
3641,User 3641,user3641@example.com,Bratislava,4717.41,"line one
line two",solo,false
3642,User 3642,user3642@example.com,Zürich,4754.42,plain note 3642,"a,b,c",true
3643,User 3643,user3643@example.com,København,4791.43,plain note 3643,solo,false
3644,User 3644,user3644@example.com,Москва,4828.44,plain note 3644,solo,true
3645,User 3645,user3645@example.com,東京,4865.45,plain note 3645,"a,b,c",false
3646,User 3646,user3646@example.com,Paris,4902.46,plain note 3646,solo,true
3647,User 3647,user3647@example.com,Lima,4939.47,"said ""hi"", then left",solo,false
3648,User 3648,user3648@example.com,Amsterdam,4976.48,plain note 3648,"a,b,c",true
3649,User 3649,user3649@example.com,Bratislava,5013.49,plain note 3649,solo,false
3650,User 3650,user3650@example.com,Zürich,5050.50,plain note 3650,solo,true
3651,User 3651,user3651@example.com,København,5087.51,plain note 3651,"a,b,c",false
3652,User 3652,user3652@example.com,Москва,5124.52,"line one
line two",solo,true
3653,User 3653,user3653@example.com,東京,5161.53,plain note 3653,solo,false
3654,User 3654,user3654@example.com,Paris,5198.54,"said ""hi"", then left","a,b,c",true
3655,User 3655,user3655@example.com,Lima,5235.55,plain note 3655,solo,false
3656,User 3656,user3656@example.com,Amsterdam,5272.56,plain note 3656,solo,true
3657,User 3657,user3657@example.com,Bratislava,5309.57,plain note 3657,"a,b,c",false
3658,User 3658,user3658@example.com,Zürich,5346.58,plain note 3658,solo,true
3659,User 3659,user3659@example.com,København,5383.59,plain note 3659,solo,false
3660,User 3660,user3660@example.com,Москва,5420.60,plain note 3660,"a,b,c",true
3661,User 3661,user3661@example.com,東京,5457.61,"said ""hi"", then left",solo,false
3662,User 3662,user3662@example.com,Paris,5494.62,plain note 3662,solo,true
3663,User 3663,user3663@example.com,Lima,5531.63,"line one
line two","a,b,c",false
3664,User 3664,user3664@example.com,Amsterdam,5568.64,plain note 3664,solo,true
3665,User 3665,user3665@example.com,Bratislava,5605.65,plain note 3665,solo,false
3666,User 3666,user3666@example.com,Zürich,5642.66,plain note 3666,"a,b,c",true
3667,User 3667,user3667@example.com,København,5679.67,plain note 3667,solo,false
3668,User 3668,user3668@example.com,Москва,5716.68,"said ""hi"", then left",solo,true
3669,User 3669,user3669@example.com,東京,5753.69,plain note 3669,"a,b,c",false
3670,User 3670,user3670@example.com,Paris,5790.70,plain note 3670,solo,true
3671,User 3671,user3671@example.com,Lima,5827.71,plain note 3671,solo,false
3672,User 3672,user3672@example.com,Amsterdam,5864.72,plain note 3672,"a,b,c",true
3673,User 3673,user3673@example.com,Bratislava,5901.73,plain note 3673,solo,false
3674,User 3674,user3674@example.com,Zürich,5938.74,"line one
line two",solo,true
3675,User 3675,user3675@example.com,København,5975.75,"said ""hi"", then left","a,b,c",false
3676,User 3676,user3676@example.com,Москва,6012.76,plain note 3676,solo,true
3677,User 3677,user3677@example.com,東京,6049.77,plain note 3677,solo,false
3678,User 3678,user3678@example.com,Paris,6086.78,plain note 3678,"a,b,c",true
3679,User 3679,user3679@example.com,Lima,6123.79,plain note 3679,solo,false
3680,User 3680,user3680@example.com,Amsterdam,6160.80,plain note 3680,solo,true
3681,User 3681,user3681@example.com,Bratislava,6197.81,plain note 3681,"a,b,c",false
3682,User 3682,user3682@example.com,Zürich,6234.82,"said ""hi"", then left",solo,true
3683,User 3683,user3683@example.com,København,6271.83,plain note 3683,solo,false
3684,User 3684,user3684@example.com,Москва,6308.84,plain note 3684,"a,b,c",true
3685,User 3685,user3685@example.com,東京,6345.85,"line one
line two",solo,false
3686,User 3686,user3686@example.com,Paris,6382.86,plain note 3686,solo,true
3687,User 3687,user3687@example.com,Lima,6419.87,plain note 3687,"a,b,c",false
3688,User 3688,user3688@example.com,Amsterdam,6456.88,plain note 3688,solo,true
3689,User 3689,user3689@example.com,Bratislava,6493.89,"said ""hi"", then left",solo,false
3690,User 3690,user3690@example.com,Zürich,6530.90,plain note 3690,"a,b,c",true
3691,User 3691,user3691@example.com,København,6567.91,plain note 3691,solo,false
3692,User 3692,user3692@example.com,Москва,6604.92,plain note 3692,solo,true
3693,User 3693,user3693@example.com,東京,6641.93,plain note 3693,"a,b,c",false
3694,User 3694,user3694@example.com,Paris,6678.94,plain note 3694,solo,true
3695,User 3695,user3695@example.com,Lima,6715.95,plain note 3695,solo,false
3696,User 3696,user3696@example.com,Amsterdam,6752.96,"said ""hi"", then left","a,b,c",true
3697,User 3697,user3697@example.com,Bratislava,6789.97,plain note 3697,solo,false
3698,User 3698,user3698@example.com,Zürich,6826.98,plain note 3698,solo,true
3699,User 3699,user3699@example.com,København,6863.99,plain note 3699,"a,b,c",false
3700,User 3700,user3700@example.com,Москва,6900.0,plain note 3700,solo,true
3701,User 3701,user3701@example.com,東京,6937.1,plain note 3701,solo,false
3702,User 3702,user3702@example.com,Paris,6974.2,plain note 3702,"a,b,c",true
3703,User 3703,user3703@example.com,Lima,7011.3,"said ""hi"", then left",solo,false
3704,User 3704,user3704@example.com,Amsterdam,7048.4,plain note 3704,solo,true
3705,User 3705,user3705@example.com,Bratislava,7085.5,plain note 3705,"a,b,c",false
3706,User 3706,user3706@example.com,Zürich,7122.6,plain note 3706,solo,true
3707,User 3707,user3707@example.com,København,7159.7,"line one
line two",solo,false
3708,User 3708,user3708@example.com,Москва,7196.8,plain note 3708,"a,b,c",true
3709,User 3709,user3709@example.com,東京,7233.9,plain note 3709,solo,false
3710,User 3710,user3710@example.com,Paris,7270.10,"said ""hi"", then left",solo,true
3711,User 3711,user3711@example.com,Lima,7307.11,plain note 3711,"a,b,c",false
3712,User 3712,user3712@example.com,Amsterdam,7344.12,plain note 3712,solo,true
3713,User 3713,user3713@example.com,Bratislava,7381.13,plain note 3713,solo,false
3714,User 3714,user3714@example.com,Zürich,7418.14,plain note 3714,"a,b,c",true
3715,User 3715,user3715@example.com,København,7455.15,plain note 3715,solo,false
3716,User 3716,user3716@example.com,Москва,7492.16,plain note 3716,solo,true
3717,User 3717,user3717@example.com,東京,7529.17,"said ""hi"", then left","a,b,c",false
3718,User 3718,user3718@example.com,Paris,7566.18,"line one
line two",solo,true
3719,User 3719,user3719@example.com,Lima,7603.19,plain note 3719,solo,false
3720,User 3720,user3720@example.com,Amsterdam,7640.20,plain note 3720,"a,b,c",true
3721,User 3721,user3721@example.com,Bratislava,7677.21,plain note 3721,solo,false
3722,User 3722,user3722@example.com,Zürich,7714.22,plain note 3722,solo,true
3723,User 3723,user3723@example.com,København,7751.23,plain note 3723,"a,b,c",false
3724,User 3724,user3724@example.com,Москва,7788.24,"said ""hi"", then left",solo,true
3725,User 3725,user3725@example.com,東京,7825.25,plain note 3725,solo,false
3726,User 3726,user3726@example.com,Paris,7862.26,plain note 3726,"a,b,c",true
3727,User 3727,user3727@example.com,Lima,7899.27,plain note 3727,solo,false
3728,User 3728,user3728@example.com,Amsterdam,7936.28,plain note 3728,solo,true
3729,User 3729,user3729@example.com,Bratislava,7973.29,"line one
line two","a,b,c",false
3730,User 3730,user3730@example.com,Zürich,8010.30,plain note 3730,solo,true
3731,User 3731,user3731@example.com,København,8047.31,"said ""hi"", then left",solo,false
3732,User 3732,user3732@example.com,Москва,8084.32,plain note 3732,"a,b,c",true
3733,User 3733,user3733@example.com,東京,8121.33,plain note 3733,solo,false
3734,User 3734,user3734@example.com,Paris,8158.34,plain note 3734,solo,true
3735,User 3735,user3735@example.com,Lima,8195.35,plain note 3735,"a,b,c",false
3736,User 3736,user3736@example.com,Amsterdam,8232.36,plain note 3736,solo,true
3737,User 3737,user3737@example.com,Bratislava,8269.37,plain note 3737,solo,false
3738,User 3738,user3738@example.com,Zürich,8306.38,"said ""hi"", then left","a,b,c",true
3739,User 3739,user3739@example.com,København,8343.39,plain note 3739,solo,false
3740,User 3740,user3740@example.com,Москва,8380.40,"line one
line two",solo,true
3741,User 3741,user3741@example.com,東京,8417.41,plain note 3741,"a,b,c",false
3742,User 3742,user3742@example.com,Paris,8454.42,plain note 3742,solo,true
3743,User 3743,user3743@example.com,Lima,8491.43,plain note 3743,solo,false
3744,User 3744,user3744@example.com,Amsterdam,8528.44,plain note 3744,"a,b,c",true
3745,User 3745,user3745@example.com,Bratislava,8565.45,"said ""hi"", then left",solo,false
3746,User 3746,user3746@example.com,Zürich,8602.46,plain note 3746,solo,true
3747,User 3747,user3747@example.com,København,8639.47,plain note 3747,"a,b,c",false
3748,User 3748,user3748@example.com,Москва,8676.48,plain note 3748,solo,true
3749,User 3749,user3749@example.com,東京,8713.49,plain note 3749,solo,false
3750,User 3750,user3750@example.com,Paris,8750.50,plain note 3750,"a,b,c",true
3751,User 3751,user3751@example.com,Lima,8787.51,"line one
line two",solo,false
3752,User 3752,user3752@example.com,Amsterdam,8824.52,"said ""hi"", then left",solo,true
3753,User 3753,user3753@example.com,Bratislava,8861.53,plain note 3753,"a,b,c",false
3754,User 3754,user3754@example.com,Zürich,8898.54,plain note 3754,solo,true
3755,User 3755,user3755@example.com,København,8935.55,plain note 3755,solo,false
3756,User 3756,user3756@example.com,Москва,8972.56,plain note 3756,"a,b,c",true
3757,User 3757,user3757@example.com,東京,9009.57,plain note 3757,solo,false
3758,User 3758,user3758@example.com,Paris,9046.58,plain note 3758,solo,true
3759,User 3759,user3759@example.com,Lima,9083.59,"said ""hi"", then left","a,b,c",false
3760,User 3760,user3760@example.com,Amsterdam,9120.60,plain note 3760,solo,true
3761,User 3761,user3761@example.com,Bratislava,9157.61,plain note 3761,solo,false
3762,User 3762,user3762@example.com,Zürich,9194.62,"line one
line two","a,b,c",true
3763,User 3763,user3763@example.com,København,9231.63,plain note 3763,solo,false
3764,User 3764,user3764@example.com,Москва,9268.64,plain note 3764,solo,true
3765,User 3765,user3765@example.com,東京,9305.65,plain note 3765,"a,b,c",false
3766,User 3766,user3766@example.com,Paris,9342.66,"said ""hi"", then left",solo,true
3767,User 3767,user3767@example.com,Lima,9379.67,plain note 3767,solo,false
3768,User 3768,user3768@example.com,Amsterdam,9416.68,plain note 3768,"a,b,c",true
3769,User 3769,user3769@example.com,Bratislava,9453.69,plain note 3769,solo,false
3770,User 3770,user3770@example.com,Zürich,9490.70,plain note 3770,solo,true
3771,User 3771,user3771@example.com,København,9527.71,plain note 3771,"a,b,c",false
3772,User 3772,user3772@example.com,Москва,9564.72,plain note 3772,solo,true
3773,User 3773,user3773@example.com,東京,9601.73,"said ""hi"", then left",solo,false
3774,User 3774,user3774@example.com,Paris,9638.74,plain note 3774,"a,b,c",true
3775,User 3775,user3775@example.com,Lima,9675.75,plain note 3775,solo,false
3776,User 3776,user3776@example.com,Amsterdam,9712.76,plain note 3776,solo,true
3777,User 3777,user3777@example.com,Bratislava,9749.77,plain note 3777,"a,b,c",false
3778,User 3778,user3778@example.com,Zürich,9786.78,plain note 3778,solo,true
3779,User 3779,user3779@example.com,København,9823.79,plain note 3779,solo,false
3780,User 3780,user3780@example.com,Москва,9860.80,"said ""hi"", then left","a,b,c",true
3781,User 3781,user3781@example.com,東京,9897.81,plain note 3781,solo,false
3782,User 3782,user3782@example.com,Paris,9934.82,plain note 3782,solo,true
3783,User 3783,user3783@example.com,Lima,9971.83,plain note 3783,"a,b,c",false
3784,User 3784,user3784@example.com,Amsterdam,8.84,"line one
line two",solo,true
3785,User 3785,user3785@example.com,Bratislava,45.85,plain note 3785,solo,false
3786,User 3786,user3786@example.com,Zürich,82.86,plain note 3786,"a,b,c",true
3787,User 3787,user3787@example.com,København,119.87,"said ""hi"", then left",solo,false
3788,User 3788,user3788@example.com,Москва,156.88,plain note 3788,solo,true
3789,User 3789,user3789@example.com,東京,193.89,plain note 3789,"a,b,c",false
3790,User 3790,user3790@example.com,Paris,230.90,plain note 3790,solo,true
3791,User 3791,user3791@example.com,Lima,267.91,plain note 3791,solo,false
3792,User 3792,user3792@example.com,Amsterdam,304.92,plain note 3792,"a,b,c",true
3793,User 3793,user3793@example.com,Bratislava,341.93,plain note 3793,solo,false
3794,User 3794,user3794@example.com,Zürich,378.94,"said ""hi"", then left",solo,true
3795,User 3795,user3795@example.com,København,415.95,"line one
line two","a,b,c",false
3796,User 3796,user3796@example.com,Москва,452.96,plain note 3796,solo,true
3797,User 3797,user3797@example.com,東京,489.97,plain note 3797,solo,false
3798,User 3798,user3798@example.com,Paris,526.98,plain note 3798,"a,b,c",true
3799,User 3799,user3799@example.com,Lima,563.99,plain note 3799,solo,false
3800,User 3800,user3800@example.com,Amsterdam,600.0,plain note 3800,solo,true
3801,User 3801,user3801@example.com,Bratislava,637.1,"said ""hi"", then left","a,b,c",false
3802,User 3802,user3802@example.com,Zürich,674.2,plain note 3802,solo,true
3803,User 3803,user3803@example.com,København,711.3,plain note 3803,solo,false
3804,User 3804,user3804@example.com,Москва,748.4,plain note 3804,"a,b,c",true
3805,User 3805,user3805@example.com,東京,785.5,plain note 3805,solo,false
3806,User 3806,user3806@example.com,Paris,822.6,"line one
line two",solo,true
3807,User 3807,user3807@example.com,Lima,859.7,plain note 3807,"a,b,c",false
3808,User 3808,user3808@example.com,Amsterdam,896.8,"said ""hi"", then left",solo,true
3809,User 3809,user3809@example.com,Bratislava,933.9,plain note 3809,solo,false
3810,User 3810,user3810@example.com,Zürich,970.10,plain note 3810,"a,b,c",true
3811,User 3811,user3811@example.com,København,1007.11,plain note 3811,solo,false
3812,User 3812,user3812@example.com,Москва,1044.12,plain note 3812,solo,true
3813,User 3813,user3813@example.com,東京,1081.13,plain note 3813,"a,b,c",false
3814,User 3814,user3814@example.com,Paris,1118.14,plain note 3814,solo,true
3815,User 3815,user3815@example.com,Lima,1155.15,"said ""hi"", then left",solo,false
3816,User 3816,user3816@example.com,Amsterdam,1192.16,plain note 3816,"a,b,c",true
3817,User 3817,user3817@example.com,Bratislava,1229.17,"line one
line two",solo,false
3818,User 3818,user3818@example.com,Zürich,1266.18,plain note 3818,solo,true
3819,User 3819,user3819@example.com,København,1303.19,plain note 3819,"a,b,c",false
3820,User 3820,user3820@example.com,Москва,1340.20,plain note 3820,solo,true
3821,User 3821,user3821@example.com,東京,1377.21,plain note 3821,solo,false
3822,User 3822,user3822@example.com,Paris,1414.22,"said ""hi"", then left","a,b,c",true
3823,User 3823,user3823@example.com,Lima,1451.23,plain note 3823,solo,false
3824,User 3824,user3824@example.com,Amsterdam,1488.24,plain note 3824,solo,true
3825,User 3825,user3825@example.com,Bratislava,1525.25,plain note 3825,"a,b,c",false
3826,User 3826,user3826@example.com,Zürich,1562.26,plain note 3826,solo,true
3827,User 3827,user3827@example.com,København,1599.27,plain note 3827,solo,false
3828,User 3828,user3828@example.com,Москва,1636.28,"line one
line two","a,b,c",true
3829,User 3829,user3829@example.com,東京,1673.29,"said ""hi"", then left",solo,false
3830,User 3830,user3830@example.com,Paris,1710.30,plain note 3830,solo,true
3831,User 3831,user3831@example.com,Lima,1747.31,plain note 3831,"a,b,c",false
3832,User 3832,user3832@example.com,Amsterdam,1784.32,plain note 3832,solo,true
3833,User 3833,user3833@example.com,Bratislava,1821.33,plain note 3833,solo,false
3834,User 3834,user3834@example.com,Zürich,1858.34,plain note 3834,"a,b,c",true
3835,User 3835,user3835@example.com,København,1895.35,plain note 3835,solo,false
3836,User 3836,user3836@example.com,Москва,1932.36,"said ""hi"", then left",solo,true
3837,User 3837,user3837@example.com,東京,1969.37,plain note 3837,"a,b,c",false
3838,User 3838,user3838@example.com,Paris,2006.38,plain note 3838,solo,true
3839,User 3839,user3839@example.com,Lima,2043.39,"line one
line two",solo,false
3840,User 3840,user3840@example.com,Amsterdam,2080.40,plain note 3840,"a,b,c",true
3841,User 3841,user3841@example.com,Bratislava,2117.41,plain note 3841,solo,false
3842,User 3842,user3842@example.com,Zürich,2154.42,plain note 3842,solo,true
3843,User 3843,user3843@example.com,København,2191.43,"said ""hi"", then left","a,b,c",false
3844,User 3844,user3844@example.com,Москва,2228.44,plain note 3844,solo,true
3845,User 3845,user3845@example.com,東京,2265.45,plain note 3845,solo,false
3846,User 3846,user3846@example.com,Paris,2302.46,plain note 3846,"a,b,c",true
3847,User 3847,user3847@example.com,Lima,2339.47,plain note 3847,solo,false
3848,User 3848,user3848@example.com,Amsterdam,2376.48,plain note 3848,solo,true
3849,User 3849,user3849@example.com,Bratislava,2413.49,plain note 3849,"a,b,c",false
3850,User 3850,user3850@example.com,Zürich,2450.50,"said ""hi"", then left",solo,true
3851,User 3851,user3851@example.com,København,2487.51,plain note 3851,solo,false
3852,User 3852,user3852@example.com,Москва,2524.52,plain note 3852,"a,b,c",true
3853,User 3853,user3853@example.com,東京,2561.53,plain note 3853,solo,false
3854,User 3854,user3854@example.com,Paris,2598.54,plain note 3854,solo,true
3855,User 3855,user3855@example.com,Lima,2635.55,plain note 3855,"a,b,c",false
3856,User 3856,user3856@example.com,Amsterdam,2672.56,plain note 3856,solo,true
3857,User 3857,user3857@example.com,Bratislava,2709.57,"said ""hi"", then left",solo,false
3858,User 3858,user3858@example.com,Zürich,2746.58,plain note 3858,"a,b,c",true
3859,User 3859,user3859@example.com,København,2783.59,plain note 3859,solo,false
3860,User 3860,user3860@example.com,Москва,2820.60,plain note 3860,solo,true
3861,User 3861,user3861@example.com,東京,2857.61,"line one
line two","a,b,c",false
3862,User 3862,user3862@example.com,Paris,2894.62,plain note 3862,solo,true
3863,User 3863,user3863@example.com,Lima,2931.63,plain note 3863,solo,false
3864,User 3864,user3864@example.com,Amsterdam,2968.64,"said ""hi"", then left","a,b,c",true
3865,User 3865,user3865@example.com,Bratislava,3005.65,plain note 3865,solo,false
3866,User 3866,user3866@example.com,Zürich,3042.66,plain note 3866,solo,true
3867,User 3867,user3867@example.com,København,3079.67,plain note 3867,"a,b,c",false
3868,User 3868,user3868@example.com,Москва,3116.68,plain note 3868,solo,true
3869,User 3869,user3869@example.com,東京,3153.69,plain note 3869,solo,false
3870,User 3870,user3870@example.com,Paris,3190.70,plain note 3870,"a,b,c",true
3871,User 3871,user3871@example.com,Lima,3227.71,"said ""hi"", then left",solo,false
3872,User 3872,user3872@example.com,Amsterdam,3264.72,"line one
line two",solo,true
3873,User 3873,user3873@example.com,Bratislava,3301.73,plain note 3873,"a,b,c",false
3874,User 3874,user3874@example.com,Zürich,3338.74,plain note 3874,solo,true
3875,User 3875,user3875@example.com,København,3375.75,plain note 3875,solo,false
3876,User 3876,user3876@example.com,Москва,3412.76,plain note 3876,"a,b,c",true
3877,User 3877,user3877@example.com,東京,3449.77,plain note 3877,solo,false
3878,User 3878,user3878@example.com,Paris,3486.78,"said ""hi"", then left",solo,true
3879,User 3879,user3879@example.com,Lima,3523.79,plain note 3879,"a,b,c",false
3880,User 3880,user3880@example.com,Amsterdam,3560.80,plain note 3880,solo,true
3881,User 3881,user3881@example.com,Bratislava,3597.81,plain note 3881,solo,false
3882,User 3882,user3882@example.com,Zürich,3634.82,plain note 3882,"a,b,c",true
3883,User 3883,user3883@example.com,København,3671.83,"line one
line two",solo,false
3884,User 3884,user3884@example.com,Москва,3708.84,plain note 3884,solo,true
3885,User 3885,user3885@example.com,東京,3745.85,"said ""hi"", then left","a,b,c",false
3886,User 3886,user3886@example.com,Paris,3782.86,plain note 3886,solo,true
3887,User 3887,user3887@example.com,Lima,3819.87,plain note 3887,solo,false
3888,User 3888,user3888@example.com,Amsterdam,3856.88,plain note 3888,"a,b,c",true
3889,User 3889,user3889@example.com,Bratislava,3893.89,plain note 3889,solo,false
3890,User 3890,user3890@example.com,Zürich,3930.90,plain note 3890,solo,true
3891,User 3891,user3891@example.com,København,3967.91,plain note 3891,"a,b,c",false
3892,User 3892,user3892@example.com,Москва,4004.92,"said ""hi"", then left",solo,true
3893,User 3893,user3893@example.com,東京,4041.93,plain note 3893,solo,false
3894,User 3894,user3894@example.com,Paris,4078.94,"line one
line two","a,b,c",true
3895,User 3895,user3895@example.com,Lima,4115.95,plain note 3895,solo,false
3896,User 3896,user3896@example.com,Amsterdam,4152.96,plain note 3896,solo,true
3897,User 3897,user3897@example.com,Bratislava,4189.97,plain note 3897,"a,b,c",false
3898,User 3898,user3898@example.com,Zürich,4226.98,plain note 3898,solo,true
3899,User 3899,user3899@example.com,København,4263.99,"said ""hi"", then left",solo,false
3900,User 3900,user3900@example.com,Москва,4300.0,plain note 3900,"a,b,c",true
3901,User 3901,user3901@example.com,東京,4337.1,plain note 3901,solo,false
3902,User 3902,user3902@example.com,Paris,4374.2,plain note 3902,solo,true
3903,User 3903,user3903@example.com,Lima,4411.3,plain note 3903,"a,b,c",false
3904,User 3904,user3904@example.com,Amsterdam,4448.4,plain note 3904,solo,true
3905,User 3905,user3905@example.com,Bratislava,4485.5,"line one
line two",solo,false
3906,User 3906,user3906@example.com,Zürich,4522.6,"said ""hi"", then left","a,b,c",true
3907,User 3907,user3907@example.com,København,4559.7,plain note 3907,solo,false
3908,User 3908,user3908@example.com,Москва,4596.8,plain note 3908,solo,true
3909,User 3909,user3909@example.com,東京,4633.9,plain note 3909,"a,b,c",false
3910,User 3910,user3910@example.com,Paris,4670.10,plain note 3910,solo,true
3911,User 3911,user3911@example.com,Lima,4707.11,plain note 3911,solo,false
3912,User 3912,user3912@example.com,Amsterdam,4744.12,plain note 3912,"a,b,c",true
3913,User 3913,user3913@example.com,Bratislava,4781.13,"said ""hi"", then left",solo,false
3914,User 3914,user3914@example.com,Zürich,4818.14,plain note 3914,solo,true
3915,User 3915,user3915@example.com,København,4855.15,plain note 3915,"a,b,c",false
3916,User 3916,user3916@example.com,Москва,4892.16,"line one
line two",solo,true
3917,User 3917,user3917@example.com,東京,4929.17,plain note 3917,solo,false
3918,User 3918,user3918@example.com,Paris,4966.18,plain note 3918,"a,b,c",true
3919,User 3919,user3919@example.com,Lima,5003.19,plain note 3919,solo,false
3920,User 3920,user3920@example.com,Amsterdam,5040.20,"said ""hi"", then left",solo,true
3921,User 3921,user3921@example.com,Bratislava,5077.21,plain note 3921,"a,b,c",false
3922,User 3922,user3922@example.com,Zürich,5114.22,plain note 3922,solo,true
3923,User 3923,user3923@example.com,København,5151.23,plain note 3923,solo,false
3924,User 3924,user3924@example.com,Москва,5188.24,plain note 3924,"a,b,c",true
3925,User 3925,user3925@example.com,東京,5225.25,plain note 3925,solo,false
3926,User 3926,user3926@example.com,Paris,5262.26,plain note 3926,solo,true
3927,User 3927,user3927@example.com,Lima,5299.27,"said ""hi"", then left","a,b,c",false
3928,User 3928,user3928@example.com,Amsterdam,5336.28,plain note 3928,solo,true
3929,User 3929,user3929@example.com,Bratislava,5373.29,plain note 3929,solo,false
3930,User 3930,user3930@example.com,Zürich,5410.30,plain note 3930,"a,b,c",true
3931,User 3931,user3931@example.com,København,5447.31,plain note 3931,solo,false
3932,User 3932,user3932@example.com,Москва,5484.32,plain note 3932,solo,true
3933,User 3933,user3933@example.com,東京,5521.33,plain note 3933,"a,b,c",false
3934,User 3934,user3934@example.com,Paris,5558.34,"said ""hi"", then left",solo,true
3935,User 3935,user3935@example.com,Lima,5595.35,plain note 3935,solo,false
3936,User 3936,user3936@example.com,Amsterdam,5632.36,plain note 3936,"a,b,c",true
3937,User 3937,user3937@example.com,Bratislava,5669.37,plain note 3937,solo,false
3938,User 3938,user3938@example.com,Zürich,5706.38,"line one
line two",solo,true
3939,User 3939,user3939@example.com,København,5743.39,plain note 3939,"a,b,c",false
3940,User 3940,user3940@example.com,Москва,5780.40,plain note 3940,solo,true
3941,User 3941,user3941@example.com,東京,5817.41,"said ""hi"", then left",solo,false
3942,User 3942,user3942@example.com,Paris,5854.42,plain note 3942,"a,b,c",true
3943,User 3943,user3943@example.com,Lima,5891.43,plain note 3943,solo,false
3944,User 3944,user3944@example.com,Amsterdam,5928.44,plain note 3944,solo,true
3945,User 3945,user3945@example.com,Bratislava,5965.45,plain note 3945,"a,b,c",false
3946,User 3946,user3946@example.com,Zürich,6002.46,plain note 3946,solo,true
3947,User 3947,user3947@example.com,København,6039.47,plain note 3947,solo,false
3948,User 3948,user3948@example.com,Москва,6076.48,"said ""hi"", then left","a,b,c",true
3949,User 3949,user3949@example.com,東京,6113.49,"line one
line two",solo,false
3950,User 3950,user3950@example.com,Paris,6150.50,plain note 3950,solo,true
3951,User 3951,user3951@example.com,Lima,6187.51,plain note 3951,"a,b,c",false
3952,User 3952,user3952@example.com,Amsterdam,6224.52,plain note 3952,solo,true
3953,User 3953,user3953@example.com,Bratislava,6261.53,plain note 3953,solo,false
3954,User 3954,user3954@example.com,Zürich,6298.54,plain note 3954,"a,b,c",true
3955,User 3955,user3955@example.com,København,6335.55,"said ""hi"", then left",solo,false
3956,User 3956,user3956@example.com,Москва,6372.56,plain note 3956,solo,true
3957,User 3957,user3957@example.com,東京,6409.57,plain note 3957,"a,b,c",false
3958,User 3958,user3958@example.com,Paris,6446.58,plain note 3958,solo,true
3959,User 3959,user3959@example.com,Lima,6483.59,plain note 3959,solo,false
3960,User 3960,user3960@example.com,Amsterdam,6520.60,"line one
line two","a,b,c",true
3961,User 3961,user3961@example.com,Bratislava,6557.61,plain note 3961,solo,false
3962,User 3962,user3962@example.com,Zürich,6594.62,"said ""hi"", then left",solo,true
3963,User 3963,user3963@example.com,København,6631.63,plain note 3963,"a,b,c",false
3964,User 3964,user3964@example.com,Москва,6668.64,plain note 3964,solo,true
3965,User 3965,user3965@example.com,東京,6705.65,plain note 3965,solo,false
3966,User 3966,user3966@example.com,Paris,6742.66,plain note 3966,"a,b,c",true
3967,User 3967,user3967@example.com,Lima,6779.67,plain note 3967,solo,false
3968,User 3968,user3968@example.com,Amsterdam,6816.68,plain note 3968,solo,true
3969,User 3969,user3969@example.com,Bratislava,6853.69,"said ""hi"", then left","a,b,c",false
3970,User 3970,user3970@example.com,Zürich,6890.70,plain note 3970,solo,true
3971,User 3971,user3971@example.com,København,6927.71,"line one
line two",solo,false
3972,User 3972,user3972@example.com,Москва,6964.72,plain note 3972,"a,b,c",true
3973,User 3973,user3973@example.com,東京,7001.73,plain note 3973,solo,false
3974,User 3974,user3974@example.com,Paris,7038.74,plain note 3974,solo,true
3975,User 3975,user3975@example.com,Lima,7075.75,plain note 3975,"a,b,c",false
3976,User 3976,user3976@example.com,Amsterdam,7112.76,"said ""hi"", then left",solo,true
3977,User 3977,user3977@example.com,Bratislava,7149.77,plain note 3977,solo,false
3978,User 3978,user3978@example.com,Zürich,7186.78,plain note 3978,"a,b,c",true
3979,User 3979,user3979@example.com,København,7223.79,plain note 3979,solo,false
3980,User 3980,user3980@example.com,Москва,7260.80,plain note 3980,solo,true
3981,User 3981,user3981@example.com,東京,7297.81,plain note 3981,"a,b,c",false
3982,User 3982,user3982@example.com,Paris,7334.82,"line one
line two",solo,true
3983,User 3983,user3983@example.com,Lima,7371.83,"said ""hi"", then left",solo,false
3984,User 3984,user3984@example.com,Amsterdam,7408.84,plain note 3984,"a,b,c",true
3985,User 3985,user3985@example.com,Bratislava,7445.85,plain note 3985,solo,false
3986,User 3986,user3986@example.com,Zürich,7482.86,plain note 3986,solo,true
3987,User 3987,user3987@example.com,København,7519.87,plain note 3987,"a,b,c",false
3988,User 3988,user3988@example.com,Москва,7556.88,plain note 3988,solo,true
3989,User 3989,user3989@example.com,東京,7593.89,plain note 3989,solo,false
3990,User 3990,user3990@example.com,Paris,7630.90,"said ""hi"", then left","a,b,c",true
3991,User 3991,user3991@example.com,Lima,7667.91,plain note 3991,solo,false
3992,User 3992,user3992@example.com,Amsterdam,7704.92,plain note 3992,solo,true
3993,User 3993,user3993@example.com,Bratislava,7741.93,"line one
line two","a,b,c",false
3994,User 3994,user3994@example.com,Zürich,7778.94,plain note 3994,solo,true
3995,User 3995,user3995@example.com,København,7815.95,plain note 3995,solo,false
3996,User 3996,user3996@example.com,Москва,7852.96,plain note 3996,"a,b,c",true
3997,User 3997,user3997@example.com,東京,7889.97,"said ""hi"", then left",solo,false
3998,User 3998,user3998@example.com,Paris,7926.98,plain note 3998,solo,true
3999,User 3999,user3999@example.com,Lima,7963.99,plain note 3999,"a,b,c",false
4000,User 4000,user4000@example.com,Amsterdam,8000.0,plain note 4000,solo,true
4001,User 4001,user4001@example.com,Bratislava,8037.1,plain note 4001,solo,false
4002,User 4002,user4002@example.com,Zürich,8074.2,plain note 4002,"a,b,c",true
4003,User 4003,user4003@example.com,København,8111.3,plain note 4003,solo,false
4004,User 4004,user4004@example.com,Москва,8148.4,"said ""hi"", then left",solo,true
4005,User 4005,user4005@example.com,東京,8185.5,plain note 4005,"a,b,c",false
4006,User 4006,user4006@example.com,Paris,8222.6,plain note 4006,solo,true
4007,User 4007,user4007@example.com,Lima,8259.7,plain note 4007,solo,false
4008,User 4008,user4008@example.com,Amsterdam,8296.8,plain note 4008,"a,b,c",true
4009,User 4009,user4009@example.com,Bratislava,8333.9,plain note 4009,solo,false
4010,User 4010,user4010@example.com,Zürich,8370.10,plain note 4010,solo,true
4011,User 4011,user4011@example.com,København,8407.11,"said ""hi"", then left","a,b,c",false
4012,User 4012,user4012@example.com,Москва,8444.12,plain note 4012,solo,true
4013,User 4013,user4013@example.com,東京,8481.13,plain note 4013,solo,false
4014,User 4014,user4014@example.com,Paris,8518.14,plain note 4014,"a,b,c",true
4015,User 4015,user4015@example.com,Lima,8555.15,"line one
line two",solo,false
4016,User 4016,user4016@example.com,Amsterdam,8592.16,plain note 4016,solo,true
4017,User 4017,user4017@example.com,Bratislava,8629.17,plain note 4017,"a,b,c",false
4018,User 4018,user4018@example.com,Zürich,8666.18,"said ""hi"", then left",solo,true
4019,User 4019,user4019@example.com,København,8703.19,plain note 4019,solo,false
4020,User 4020,user4020@example.com,Москва,8740.20,plain note 4020,"a,b,c",true
4021,User 4021,user4021@example.com,東京,8777.21,plain note 4021,solo,false
4022,User 4022,user4022@example.com,Paris,8814.22,plain note 4022,solo,true
4023,User 4023,user4023@example.com,Lima,8851.23,plain note 4023,"a,b,c",false
4024,User 4024,user4024@example.com,Amsterdam,8888.24,plain note 4024,solo,true
4025,User 4025,user4025@example.com,Bratislava,8925.25,"said ""hi"", then left",solo,false
4026,User 4026,user4026@example.com,Zürich,8962.26,"line one
line two","a,b,c",true
4027,User 4027,user4027@example.com,København,8999.27,plain note 4027,solo,false
4028,User 4028,user4028@example.com,Москва,9036.28,plain note 4028,solo,true
4029,User 4029,user4029@example.com,東京,9073.29,plain note 4029,"a,b,c",false
4030,User 4030,user4030@example.com,Paris,9110.30,plain note 4030,solo,true
4031,User 4031,user4031@example.com,Lima,9147.31,plain note 4031,solo,false
4032,User 4032,user4032@example.com,Amsterdam,9184.32,"said ""hi"", then left","a,b,c",true
4033,User 4033,user4033@example.com,Bratislava,9221.33,plain note 4033,solo,false
4034,User 4034,user4034@example.com,Zürich,9258.34,plain note 4034,solo,true
4035,User 4035,user4035@example.com,København,9295.35,plain note 4035,"a,b,c",false
4036,User 4036,user4036@example.com,Москва,9332.36,plain note 4036,solo,true
4037,User 4037,user4037@example.com,東京,9369.37,"line one
line two",solo,false
4038,User 4038,user4038@example.com,Paris,9406.38,plain note 4038,"a,b,c",true
4039,User 4039,user4039@example.com,Lima,9443.39,"said ""hi"", then left",solo,false
4040,User 4040,user4040@example.com,Amsterdam,9480.40,plain note 4040,solo,true
4041,User 4041,user4041@example.com,Bratislava,9517.41,plain note 4041,"a,b,c",false
4042,User 4042,user4042@example.com,Zürich,9554.42,plain note 4042,solo,true
4043,User 4043,user4043@example.com,København,9591.43,plain note 4043,solo,false
4044,User 4044,user4044@example.com,Москва,9628.44,plain note 4044,"a,b,c",true
4045,User 4045,user4045@example.com,東京,9665.45,plain note 4045,solo,false
4046,User 4046,user4046@example.com,Paris,9702.46,"said ""hi"", then left",solo,true
4047,User 4047,user4047@example.com,Lima,9739.47,plain note 4047,"a,b,c",false
4048,User 4048,user4048@example.com,Amsterdam,9776.48,"line one
line two",solo,true
4049,User 4049,user4049@example.com,Bratislava,9813.49,plain note 4049,solo,false
4050,User 4050,user4050@example.com,Zürich,9850.50,plain note 4050,"a,b,c",true
4051,User 4051,user4051@example.com,København,9887.51,plain note 4051,solo,false
4052,User 4052,user4052@example.com,Москва,9924.52,plain note 4052,solo,true
4053,User 4053,user4053@example.com,東京,9961.53,"said ""hi"", then left","a,b,c",false
4054,User 4054,user4054@example.com,Paris,9998.54,plain note 4054,solo,true
4055,User 4055,user4055@example.com,Lima,35.55,plain note 4055,solo,false
4056,User 4056,user4056@example.com,Amsterdam,72.56,plain note 4056,"a,b,c",true
4057,User 4057,user4057@example.com,Bratislava,109.57,plain note 4057,solo,false
4058,User 4058,user4058@example.com,Zürich,146.58,plain note 4058,solo,true
4059,User 4059,user4059@example.com,København,183.59,"line one
line two","a,b,c",false
4060,User 4060,user4060@example.com,Москва,220.60,"said ""hi"", then left",solo,true
4061,User 4061,user4061@example.com,東京,257.61,plain note 4061,solo,false
4062,User 4062,user4062@example.com,Paris,294.62,plain note 4062,"a,b,c",true
4063,User 4063,user4063@example.com,Lima,331.63,plain note 4063,solo,false
4064,User 4064,user4064@example.com,Amsterdam,368.64,plain note 4064,solo,true
4065,User 4065,user4065@example.com,Bratislava,405.65,plain note 4065,"a,b,c",false
4066,User 4066,user4066@example.com,Zürich,442.66,plain note 4066,solo,true
4067,User 4067,user4067@example.com,København,479.67,"said ""hi"", then left",solo,false
4068,User 4068,user4068@example.com,Москва,516.68,plain note 4068,"a,b,c",true
4069,User 4069,user4069@example.com,東京,553.69,plain note 4069,solo,false
4070,User 4070,user4070@example.com,Paris,590.70,"line one
line two",solo,true
4071,User 4071,user4071@example.com,Lima,627.71,plain note 4071,"a,b,c",false
4072,User 4072,user4072@example.com,Amsterdam,664.72,plain note 4072,solo,true
4073,User 4073,user4073@example.com,Bratislava,701.73,plain note 4073,solo,false
4074,User 4074,user4074@example.com,Zürich,738.74,"said ""hi"", then left","a,b,c",true
4075,User 4075,user4075@example.com,København,775.75,plain note 4075,solo,false
4076,User 4076,user4076@example.com,Москва,812.76,plain note 4076,solo,true
4077,User 4077,user4077@example.com,東京,849.77,plain note 4077,"a,b,c",false
4078,User 4078,user4078@example.com,Paris,886.78,plain note 4078,solo,true
4079,User 4079,user4079@example.com,Lima,923.79,plain note 4079,solo,false
4080,User 4080,user4080@example.com,Amsterdam,960.80,plain note 4080,"a,b,c",true
4081,User 4081,user4081@example.com,Bratislava,997.81,"said ""hi"", then left",solo,false
4082,User 4082,user4082@example.com,Zürich,1034.82,plain note 4082,solo,true
4083,User 4083,user4083@example.com,København,1071.83,plain note 4083,"a,b,c",false
4084,User 4084,user4084@example.com,Москва,1108.84,plain note 4084,solo,true
4085,User 4085,user4085@example.com,東京,1145.85,plain note 4085,solo,false
4086,User 4086,user4086@example.com,Paris,1182.86,plain note 4086,"a,b,c",true
4087,User 4087,user4087@example.com,Lima,1219.87,plain note 4087,solo,false
4088,User 4088,user4088@example.com,Amsterdam,1256.88,"said ""hi"", then left",solo,true
4089,User 4089,user4089@example.com,Bratislava,1293.89,plain note 4089,"a,b,c",false
4090,User 4090,user4090@example.com,Zürich,1330.90,plain note 4090,solo,true
4091,User 4091,user4091@example.com,København,1367.91,plain note 4091,solo,false
4092,User 4092,user4092@example.com,Москва,1404.92,"line one
line two","a,b,c",true
4093,User 4093,user4093@example.com,東京,1441.93,plain note 4093,solo,false
4094,User 4094,user4094@example.com,Paris,1478.94,plain note 4094,solo,true
4095,User 4095,user4095@example.com,Lima,1515.95,"said ""hi"", then left","a,b,c",false
4096,User 4096,user4096@example.com,Amsterdam,1552.96,plain note 4096,solo,true
4097,User 4097,user4097@example.com,Bratislava,1589.97,plain note 4097,solo,false
4098,User 4098,user4098@example.com,Zürich,1626.98,plain note 4098,"a,b,c",true
4099,User 4099,user4099@example.com,København,1663.99,plain note 4099,solo,false
4100,User 4100,user4100@example.com,Москва,1700.0,plain note 4100,solo,true
4101,User 4101,user4101@example.com,東京,1737.1,plain note 4101,"a,b,c",false
4102,User 4102,user4102@example.com,Paris,1774.2,"said ""hi"", then left",solo,true
4103,User 4103,user4103@example.com,Lima,1811.3,"line one
line two",solo,false
4104,User 4104,user4104@example.com,Amsterdam,1848.4,plain note 4104,"a,b,c",true
4105,User 4105,user4105@example.com,Bratislava,1885.5,plain note 4105,solo,false
4106,User 4106,user4106@example.com,Zürich,1922.6,plain note 4106,solo,true
4107,User 4107,user4107@example.com,København,1959.7,plain note 4107,"a,b,c",false
4108,User 4108,user4108@example.com,Москва,1996.8,plain note 4108,solo,true
4109,User 4109,user4109@example.com,東京,2033.9,"said ""hi"", then left",solo,false
4110,User 4110,user4110@example.com,Paris,2070.10,plain note 4110,"a,b,c",true
4111,User 4111,user4111@example.com,Lima,2107.11,plain note 4111,solo,false
4112,User 4112,user4112@example.com,Amsterdam,2144.12,plain note 4112,solo,true
4113,User 4113,user4113@example.com,Bratislava,2181.13,plain note 4113,"a,b,c",false
4114,User 4114,user4114@example.com,Zürich,2218.14,"line one
line two",solo,true
4115,User 4115,user4115@example.com,København,2255.15,plain note 4115,solo,false
4116,User 4116,user4116@example.com,Москва,2292.16,"said ""hi"", then left","a,b,c",true
4117,User 4117,user4117@example.com,東京,2329.17,plain note 4117,solo,false
4118,User 4118,user4118@example.com,Paris,2366.18,plain note 4118,solo,true
4119,User 4119,user4119@example.com,Lima,2403.19,plain note 4119,"a,b,c",false
4120,User 4120,user4120@example.com,Amsterdam,2440.20,plain note 4120,solo,true
4121,User 4121,user4121@example.com,Bratislava,2477.21,plain note 4121,solo,false
4122,User 4122,user4122@example.com,Zürich,2514.22,plain note 4122,"a,b,c",true
4123,User 4123,user4123@example.com,København,2551.23,"said ""hi"", then left",solo,false
4124,User 4124,user4124@example.com,Москва,2588.24,plain note 4124,solo,true
4125,User 4125,user4125@example.com,東京,2625.25,"line one
line two","a,b,c",false
4126,User 4126,user4126@example.com,Paris,2662.26,plain note 4126,solo,true
4127,User 4127,user4127@example.com,Lima,2699.27,plain note 4127,solo,false
4128,User 4128,user4128@example.com,Amsterdam,2736.28,plain note 4128,"a,b,c",true
4129,User 4129,user4129@example.com,Bratislava,2773.29,plain note 4129,solo,false
4130,User 4130,user4130@example.com,Zürich,2810.30,"said ""hi"", then left",solo,true
4131,User 4131,user4131@example.com,København,2847.31,plain note 4131,"a,b,c",false
4132,User 4132,user4132@example.com,Москва,2884.32,plain note 4132,solo,true
4133,User 4133,user4133@example.com,東京,2921.33,plain note 4133,solo,false
4134,User 4134,user4134@example.com,Paris,2958.34,plain note 4134,"a,b,c",true
4135,User 4135,user4135@example.com,Lima,2995.35,plain note 4135,solo,false
4136,User 4136,user4136@example.com,Amsterdam,3032.36,"line one
line two",solo,true
4137,User 4137,user4137@example.com,Bratislava,3069.37,"said ""hi"", then left","a,b,c",false
4138,User 4138,user4138@example.com,Zürich,3106.38,plain note 4138,solo,true
4139,User 4139,user4139@example.com,København,3143.39,plain note 4139,solo,false
4140,User 4140,user4140@example.com,Москва,3180.40,plain note 4140,"a,b,c",true
4141,User 4141,user4141@example.com,東京,3217.41,plain note 4141,solo,false
4142,User 4142,user4142@example.com,Paris,3254.42,plain note 4142,solo,true
4143,User 4143,user4143@example.com,Lima,3291.43,plain note 4143,"a,b,c",false
4144,User 4144,user4144@example.com,Amsterdam,3328.44,"said ""hi"", then left",solo,true
4145,User 4145,user4145@example.com,Bratislava,3365.45,plain note 4145,solo,false
4146,User 4146,user4146@example.com,Zürich,3402.46,plain note 4146,"a,b,c",true
4147,User 4147,user4147@example.com,København,3439.47,"line one
line two",solo,false
4148,User 4148,user4148@example.com,Москва,3476.48,plain note 4148,solo,true
4149,User 4149,user4149@example.com,東京,3513.49,plain note 4149,"a,b,c",false
4150,User 4150,user4150@example.com,Paris,3550.50,plain note 4150,solo,true
4151,User 4151,user4151@example.com,Lima,3587.51,"said ""hi"", then left",solo,false
4152,User 4152,user4152@example.com,Amsterdam,3624.52,plain note 4152,"a,b,c",true
4153,User 4153,user4153@example.com,Bratislava,3661.53,plain note 4153,solo,false
4154,User 4154,user4154@example.com,Zürich,3698.54,plain note 4154,solo,true
4155,User 4155,user4155@example.com,København,3735.55,plain note 4155,"a,b,c",false
4156,User 4156,user4156@example.com,Москва,3772.56,plain note 4156,solo,true
4157,User 4157,user4157@example.com,東京,3809.57,plain note 4157,solo,false
4158,User 4158,user4158@example.com,Paris,3846.58,"said ""hi"", then left","a,b,c",true
4159,User 4159,user4159@example.com,Lima,3883.59,plain note 4159,solo,false
4160,User 4160,user4160@example.com,Amsterdam,3920.60,plain note 4160,solo,true
4161,User 4161,user4161@example.com,Bratislava,3957.61,plain note 4161,"a,b,c",false
4162,User 4162,user4162@example.com,Zürich,3994.62,plain note 4162,solo,true
4163,User 4163,user4163@example.com,København,4031.63,plain note 4163,solo,false
4164,User 4164,user4164@example.com,Москва,4068.64,plain note 4164,"a,b,c",true
4165,User 4165,user4165@example.com,東京,4105.65,"said ""hi"", then left",solo,false
4166,User 4166,user4166@example.com,Paris,4142.66,plain note 4166,solo,true
4167,User 4167,user4167@example.com,Lima,4179.67,plain note 4167,"a,b,c",false
4168,User 4168,user4168@example.com,Amsterdam,4216.68,plain note 4168,solo,true
4169,User 4169,user4169@example.com,Bratislava,4253.69,"line one
line two",solo,false
4170,User 4170,user4170@example.com,Zürich,4290.70,plain note 4170,"a,b,c",true
4171,User 4171,user4171@example.com,København,4327.71,plain note 4171,solo,false
4172,User 4172,user4172@example.com,Москва,4364.72,"said ""hi"", then left",solo,true
4173,User 4173,user4173@example.com,東京,4401.73,plain note 4173,"a,b,c",false
4174,User 4174,user4174@example.com,Paris,4438.74,plain note 4174,solo,true
4175,User 4175,user4175@example.com,Lima,4475.75,plain note 4175,solo,false
4176,User 4176,user4176@example.com,Amsterdam,4512.76,plain note 4176,"a,b,c",true
4177,User 4177,user4177@example.com,Bratislava,4549.77,plain note 4177,solo,false
4178,User 4178,user4178@example.com,Zürich,4586.78,plain note 4178,solo,true
4179,User 4179,user4179@example.com,København,4623.79,"said ""hi"", then left","a,b,c",false
4180,User 4180,user4180@example.com,Москва,4660.80,"line one
line two",solo,true
4181,User 4181,user4181@example.com,東京,4697.81,plain note 4181,solo,false
4182,User 4182,user4182@example.com,Paris,4734.82,plain note 4182,"a,b,c",true
4183,User 4183,user4183@example.com,Lima,4771.83,plain note 4183,solo,false
4184,User 4184,user4184@example.com,Amsterdam,4808.84,plain note 4184,solo,true
4185,User 4185,user4185@example.com,Bratislava,4845.85,plain note 4185,"a,b,c",false
4186,User 4186,user4186@example.com,Zürich,4882.86,"said ""hi"", then left",solo,true
4187,User 4187,user4187@example.com,København,4919.87,plain note 4187,solo,false
4188,User 4188,user4188@example.com,Москва,4956.88,plain note 4188,"a,b,c",true
4189,User 4189,user4189@example.com,東京,4993.89,plain note 4189,solo,false
4190,User 4190,user4190@example.com,Paris,5030.90,plain note 4190,solo,true
4191,User 4191,user4191@example.com,Lima,5067.91,"line one
line two","a,b,c",false
4192,User 4192,user4192@example.com,Amsterdam,5104.92,plain note 4192,solo,true
4193,User 4193,user4193@example.com,Bratislava,5141.93,"said ""hi"", then left",solo,false
4194,User 4194,user4194@example.com,Zürich,5178.94,plain note 4194,"a,b,c",true
4195,User 4195,user4195@example.com,København,5215.95,plain note 4195,solo,false
4196,User 4196,user4196@example.com,Москва,5252.96,plain note 4196,solo,true
4197,User 4197,user4197@example.com,東京,5289.97,plain note 4197,"a,b,c",false
4198,User 4198,user4198@example.com,Paris,5326.98,plain note 4198,solo,true
4199,User 4199,user4199@example.com,Lima,5363.99,plain note 4199,solo,false
4200,User 4200,user4200@example.com,Amsterdam,5400.0,"said ""hi"", then left","a,b,c",true
4201,User 4201,user4201@example.com,Bratislava,5437.1,plain note 4201,solo,false
4202,User 4202,user4202@example.com,Zürich,5474.2,"line one
line two",solo,true
4203,User 4203,user4203@example.com,København,5511.3,plain note 4203,"a,b,c",false
4204,User 4204,user4204@example.com,Москва,5548.4,plain note 4204,solo,true
4205,User 4205,user4205@example.com,東京,5585.5,plain note 4205,solo,false
4206,User 4206,user4206@example.com,Paris,5622.6,plain note 4206,"a,b,c",true
4207,User 4207,user4207@example.com,Lima,5659.7,"said ""hi"", then left",solo,false
4208,User 4208,user4208@example.com,Amsterdam,5696.8,plain note 4208,solo,true
4209,User 4209,user4209@example.com,Bratislava,5733.9,plain note 4209,"a,b,c",false
4210,User 4210,user4210@example.com,Zürich,5770.10,plain note 4210,solo,true
4211,User 4211,user4211@example.com,København,5807.11,plain note 4211,solo,false
4212,User 4212,user4212@example.com,Москва,5844.12,plain note 4212,"a,b,c",true
4213,User 4213,user4213@example.com,東京,5881.13,"line one
line two",solo,false
4214,User 4214,user4214@example.com,Paris,5918.14,"said ""hi"", then left",solo,true
4215,User 4215,user4215@example.com,Lima,5955.15,plain note 4215,"a,b,c",false
4216,User 4216,user4216@example.com,Amsterdam,5992.16,plain note 4216,solo,true
4217,User 4217,user4217@example.com,Bratislava,6029.17,plain note 4217,solo,false
4218,User 4218,user4218@example.com,Zürich,6066.18,plain note 4218,"a,b,c",true
4219,User 4219,user4219@example.com,København,6103.19,plain note 4219,solo,false
4220,User 4220,user4220@example.com,Москва,6140.20,plain note 4220,solo,true
4221,User 4221,user4221@example.com,東京,6177.21,"said ""hi"", then left","a,b,c",false
4222,User 4222,user4222@example.com,Paris,6214.22,plain note 4222,solo,true
4223,User 4223,user4223@example.com,Lima,6251.23,plain note 4223,solo,false
4224,User 4224,user4224@example.com,Amsterdam,6288.24,"line one
line two","a,b,c",true
4225,User 4225,user4225@example.com,Bratislava,6325.25,plain note 4225,solo,false
4226,User 4226,user4226@example.com,Zürich,6362.26,plain note 4226,solo,true
4227,User 4227,user4227@example.com,København,6399.27,plain note 4227,"a,b,c",false
4228,User 4228,user4228@example.com,Москва,6436.28,"said ""hi"", then left",solo,true
4229,User 4229,user4229@example.com,東京,6473.29,plain note 4229,solo,false
4230,User 4230,user4230@example.com,Paris,6510.30,plain note 4230,"a,b,c",true
4231,User 4231,user4231@example.com,Lima,6547.31,plain note 4231,solo,false
4232,User 4232,user4232@example.com,Amsterdam,6584.32,plain note 4232,solo,true
4233,User 4233,user4233@example.com,Bratislava,6621.33,plain note 4233,"a,b,c",false
4234,User 4234,user4234@example.com,Zürich,6658.34,plain note 4234,solo,true
4235,User 4235,user4235@example.com,København,6695.35,"said ""hi"", then left",solo,false
4236,User 4236,user4236@example.com,Москва,6732.36,plain note 4236,"a,b,c",true
4237,User 4237,user4237@example.com,東京,6769.37,plain note 4237,solo,false
4238,User 4238,user4238@example.com,Paris,6806.38,plain note 4238,solo,true
4239,User 4239,user4239@example.com,Lima,6843.39,plain note 4239,"a,b,c",false
4240,User 4240,user4240@example.com,Amsterdam,6880.40,plain note 4240,solo,true
4241,User 4241,user4241@example.com,Bratislava,6917.41,plain note 4241,solo,false
4242,User 4242,user4242@example.com,Zürich,6954.42,"said ""hi"", then left","a,b,c",true
4243,User 4243,user4243@example.com,København,6991.43,plain note 4243,solo,false
4244,User 4244,user4244@example.com,Москва,7028.44,plain note 4244,solo,true
4245,User 4245,user4245@example.com,東京,7065.45,plain note 4245,"a,b,c",false
4246,User 4246,user4246@example.com,Paris,7102.46,"line one
line two",solo,true
4247,User 4247,user4247@example.com,Lima,7139.47,plain note 4247,solo,false
4248,User 4248,user4248@example.com,Amsterdam,7176.48,plain note 4248,"a,b,c",true
4249,User 4249,user4249@example.com,Bratislava,7213.49,"said ""hi"", then left",solo,false
4250,User 4250,user4250@example.com,Zürich,7250.50,plain note 4250,solo,true
4251,User 4251,user4251@example.com,København,7287.51,plain note 4251,"a,b,c",false
4252,User 4252,user4252@example.com,Москва,7324.52,plain note 4252,solo,true
4253,User 4253,user4253@example.com,東京,7361.53,plain note 4253,solo,false
4254,User 4254,user4254@example.com,Paris,7398.54,plain note 4254,"a,b,c",true
4255,User 4255,user4255@example.com,Lima,7435.55,plain note 4255,solo,false
4256,User 4256,user4256@example.com,Amsterdam,7472.56,"said ""hi"", then left",solo,true
4257,User 4257,user4257@example.com,Bratislava,7509.57,"line one
line two","a,b,c",false
4258,User 4258,user4258@example.com,Zürich,7546.58,plain note 4258,solo,true
4259,User 4259,user4259@example.com,København,7583.59,plain note 4259,solo,false
4260,User 4260,user4260@example.com,Москва,7620.60,plain note 4260,"a,b,c",true
4261,User 4261,user4261@example.com,東京,7657.61,plain note 4261,solo,false
4262,User 4262,user4262@example.com,Paris,7694.62,plain note 4262,solo,true
4263,User 4263,user4263@example.com,Lima,7731.63,"said ""hi"", then left","a,b,c",false
4264,User 4264,user4264@example.com,Amsterdam,7768.64,plain note 4264,solo,true
4265,User 4265,user4265@example.com,Bratislava,7805.65,plain note 4265,solo,false
4266,User 4266,user4266@example.com,Zürich,7842.66,plain note 4266,"a,b,c",true
4267,User 4267,user4267@example.com,København,7879.67,plain note 4267,solo,false
4268,User 4268,user4268@example.com,Москва,7916.68,"line one
line two",solo,true
4269,User 4269,user4269@example.com,東京,7953.69,plain note 4269,"a,b,c",false
4270,User 4270,user4270@example.com,Paris,7990.70,"said ""hi"", then left",solo,true
4271,User 4271,user4271@example.com,Lima,8027.71,plain note 4271,solo,false
4272,User 4272,user4272@example.com,Amsterdam,8064.72,plain note 4272,"a,b,c",true
4273,User 4273,user4273@example.com,Bratislava,8101.73,plain note 4273,solo,false
4274,User 4274,user4274@example.com,Zürich,8138.74,plain note 4274,solo,true
4275,User 4275,user4275@example.com,København,8175.75,plain note 4275,"a,b,c",false
4276,User 4276,user4276@example.com,Москва,8212.76,plain note 4276,solo,true
4277,User 4277,user4277@example.com,東京,8249.77,"said ""hi"", then left",solo,false
4278,User 4278,user4278@example.com,Paris,8286.78,plain note 4278,"a,b,c",true
4279,User 4279,user4279@example.com,Lima,8323.79,"line one
line two",solo,false
4280,User 4280,user4280@example.com,Amsterdam,8360.80,plain note 4280,solo,true
4281,User 4281,user4281@example.com,Bratislava,8397.81,plain note 4281,"a,b,c",false
4282,User 4282,user4282@example.com,Zürich,8434.82,plain note 4282,solo,true
4283,User 4283,user4283@example.com,København,8471.83,plain note 4283,solo,false
4284,User 4284,user4284@example.com,Москва,8508.84,"said ""hi"", then left","a,b,c",true
4285,User 4285,user4285@example.com,東京,8545.85,plain note 4285,solo,false
4286,User 4286,user4286@example.com,Paris,8582.86,plain note 4286,solo,true
4287,User 4287,user4287@example.com,Lima,8619.87,plain note 4287,"a,b,c",false
4288,User 4288,user4288@example.com,Amsterdam,8656.88,plain note 4288,solo,true
4289,User 4289,user4289@example.com,Bratislava,8693.89,plain note 4289,solo,false
4290,User 4290,user4290@example.com,Zürich,8730.90,"line one
line two","a,b,c",true
4291,User 4291,user4291@example.com,København,8767.91,"said ""hi"", then left",solo,false
4292,User 4292,user4292@example.com,Москва,8804.92,plain note 4292,solo,true
4293,User 4293,user4293@example.com,東京,8841.93,plain note 4293,"a,b,c",false
4294,User 4294,user4294@example.com,Paris,8878.94,plain note 4294,solo,true
4295,User 4295,user4295@example.com,Lima,8915.95,plain note 4295,solo,false
4296,User 4296,user4296@example.com,Amsterdam,8952.96,plain note 4296,"a,b,c",true
4297,User 4297,user4297@example.com,Bratislava,8989.97,plain note 4297,solo,false
4298,User 4298,user4298@example.com,Zürich,9026.98,"said ""hi"", then left",solo,true
4299,User 4299,user4299@example.com,København,9063.99,plain note 4299,"a,b,c",false
4300,User 4300,user4300@example.com,Москва,9100.0,plain note 4300,solo,true
4301,User 4301,user4301@example.com,東京,9137.1,"line one
line two",solo,false
4302,User 4302,user4302@example.com,Paris,9174.2,plain note 4302,"a,b,c",true
4303,User 4303,user4303@example.com,Lima,9211.3,plain note 4303,solo,false
4304,User 4304,user4304@example.com,Amsterdam,9248.4,plain note 4304,solo,true
4305,User 4305,user4305@example.com,Bratislava,9285.5,"said ""hi"", then left","a,b,c",false
4306,User 4306,user4306@example.com,Zürich,9322.6,plain note 4306,solo,true
4307,User 4307,user4307@example.com,København,9359.7,plain note 4307,solo,false
4308,User 4308,user4308@example.com,Москва,9396.8,plain note 4308,"a,b,c",true
4309,User 4309,user4309@example.com,東京,9433.9,plain note 4309,solo,false
4310,User 4310,user4310@example.com,Paris,9470.10,plain note 4310,solo,true
4311,User 4311,user4311@example.com,Lima,9507.11,plain note 4311,"a,b,c",false
4312,User 4312,user4312@example.com,Amsterdam,9544.12,"said ""hi"", then left",solo,true
4313,User 4313,user4313@example.com,Bratislava,9581.13,plain note 4313,solo,false
4314,User 4314,user4314@example.com,Zürich,9618.14,plain note 4314,"a,b,c",true
4315,User 4315,user4315@example.com,København,9655.15,plain note 4315,solo,false
4316,User 4316,user4316@example.com,Москва,9692.16,plain note 4316,solo,true
4317,User 4317,user4317@example.com,東京,9729.17,plain note 4317,"a,b,c",false
4318,User 4318,user4318@example.com,Paris,9766.18,plain note 4318,solo,true
4319,User 4319,user4319@example.com,Lima,9803.19,"said ""hi"", then left",solo,false
4320,User 4320,user4320@example.com,Amsterdam,9840.20,plain note 4320,"a,b,c",true
4321,User 4321,user4321@example.com,Bratislava,9877.21,plain note 4321,solo,false
4322,User 4322,user4322@example.com,Zürich,9914.22,plain note 4322,solo,true
4323,User 4323,user4323@example.com,København,9951.23,"line one
line two","a,b,c",false
4324,User 4324,user4324@example.com,Москва,9988.24,plain note 4324,solo,true
4325,User 4325,user4325@example.com,東京,25.25,plain note 4325,solo,false
4326,User 4326,user4326@example.com,Paris,62.26,"said ""hi"", then left","a,b,c",true
4327,User 4327,user4327@example.com,Lima,99.27,plain note 4327,solo,false
4328,User 4328,user4328@example.com,Amsterdam,136.28,plain note 4328,solo,true
4329,User 4329,user4329@example.com,Bratislava,173.29,plain note 4329,"a,b,c",false
4330,User 4330,user4330@example.com,Zürich,210.30,plain note 4330,solo,true
4331,User 4331,user4331@example.com,København,247.31,plain note 4331,solo,false
4332,User 4332,user4332@example.com,Москва,284.32,plain note 4332,"a,b,c",true
4333,User 4333,user4333@example.com,東京,321.33,"said ""hi"", then left",solo,false
4334,User 4334,user4334@example.com,Paris,358.34,"line one
line two",solo,true
4335,User 4335,user4335@example.com,Lima,395.35,plain note 4335,"a,b,c",false
4336,User 4336,user4336@example.com,Amsterdam,432.36,plain note 4336,solo,true
4337,User 4337,user4337@example.com,Bratislava,469.37,plain note 4337,solo,false
4338,User 4338,user4338@example.com,Zürich,506.38,plain note 4338,"a,b,c",true
4339,User 4339,user4339@example.com,København,543.39,plain note 4339,solo,false
4340,User 4340,user4340@example.com,Москва,580.40,"said ""hi"", then left",solo,true
4341,User 4341,user4341@example.com,東京,617.41,plain note 4341,"a,b,c",false
4342,User 4342,user4342@example.com,Paris,654.42,plain note 4342,solo,true
4343,User 4343,user4343@example.com,Lima,691.43,plain note 4343,solo,false
4344,User 4344,user4344@example.com,Amsterdam,728.44,plain note 4344,"a,b,c",true
4345,User 4345,user4345@example.com,Bratislava,765.45,"line one
line two",solo,false
4346,User 4346,user4346@example.com,Zürich,802.46,plain note 4346,solo,true
4347,User 4347,user4347@example.com,København,839.47,"said ""hi"", then left","a,b,c",false
4348,User 4348,user4348@example.com,Москва,876.48,plain note 4348,solo,true
4349,User 4349,user4349@example.com,東京,913.49,plain note 4349,solo,false
4350,User 4350,user4350@example.com,Paris,950.50,plain note 4350,"a,b,c",true
4351,User 4351,user4351@example.com,Lima,987.51,plain note 4351,solo,false
4352,User 4352,user4352@example.com,Amsterdam,1024.52,plain note 4352,solo,true
4353,User 4353,user4353@example.com,Bratislava,1061.53,plain note 4353,"a,b,c",false
4354,User 4354,user4354@example.com,Zürich,1098.54,"said ""hi"", then left",solo,true
4355,User 4355,user4355@example.com,København,1135.55,plain note 4355,solo,false
4356,User 4356,user4356@example.com,Москва,1172.56,"line one
line two","a,b,c",true
4357,User 4357,user4357@example.com,東京,1209.57,plain note 4357,solo,false
4358,User 4358,user4358@example.com,Paris,1246.58,plain note 4358,solo,true
4359,User 4359,user4359@example.com,Lima,1283.59,plain note 4359,"a,b,c",false
4360,User 4360,user4360@example.com,Amsterdam,1320.60,plain note 4360,solo,true
4361,User 4361,user4361@example.com,Bratislava,1357.61,"said ""hi"", then left",solo,false
4362,User 4362,user4362@example.com,Zürich,1394.62,plain note 4362,"a,b,c",true
4363,User 4363,user4363@example.com,København,1431.63,plain note 4363,solo,false
4364,User 4364,user4364@example.com,Москва,1468.64,plain note 4364,solo,true
4365,User 4365,user4365@example.com,東京,1505.65,plain note 4365,"a,b,c",false
4366,User 4366,user4366@example.com,Paris,1542.66,plain note 4366,solo,true
4367,User 4367,user4367@example.com,Lima,1579.67,"line one
line two",solo,false
4368,User 4368,user4368@example.com,Amsterdam,1616.68,"said ""hi"", then left","a,b,c",true
4369,User 4369,user4369@example.com,Bratislava,1653.69,plain note 4369,solo,false
4370,User 4370,user4370@example.com,Zürich,1690.70,plain note 4370,solo,true
4371,User 4371,user4371@example.com,København,1727.71,plain note 4371,"a,b,c",false
4372,User 4372,user4372@example.com,Москва,1764.72,plain note 4372,solo,true
4373,User 4373,user4373@example.com,東京,1801.73,plain note 4373,solo,false
4374,User 4374,user4374@example.com,Paris,1838.74,plain note 4374,"a,b,c",true
4375,User 4375,user4375@example.com,Lima,1875.75,"said ""hi"", then left",solo,false
4376,User 4376,user4376@example.com,Amsterdam,1912.76,plain note 4376,solo,true
4377,User 4377,user4377@example.com,Bratislava,1949.77,plain note 4377,"a,b,c",false
4378,User 4378,user4378@example.com,Zürich,1986.78,"line one
line two",solo,true
4379,User 4379,user4379@example.com,København,2023.79,plain note 4379,solo,false
4380,User 4380,user4380@example.com,Москва,2060.80,plain note 4380,"a,b,c",true
4381,User 4381,user4381@example.com,東京,2097.81,plain note 4381,solo,false
4382,User 4382,user4382@example.com,Paris,2134.82,"said ""hi"", then left",solo,true
4383,User 4383,user4383@example.com,Lima,2171.83,plain note 4383,"a,b,c",false
4384,User 4384,user4384@example.com,Amsterdam,2208.84,plain note 4384,solo,true
4385,User 4385,user4385@example.com,Bratislava,2245.85,plain note 4385,solo,false
4386,User 4386,user4386@example.com,Zürich,2282.86,plain note 4386,"a,b,c",true
4387,User 4387,user4387@example.com,København,2319.87,plain note 4387,solo,false
4388,User 4388,user4388@example.com,Москва,2356.88,plain note 4388,solo,true
4389,User 4389,user4389@example.com,東京,2393.89,"said ""hi"", then left","a,b,c",false
4390,User 4390,user4390@example.com,Paris,2430.90,plain note 4390,solo,true
4391,User 4391,user4391@example.com,Lima,2467.91,plain note 4391,solo,false
4392,User 4392,user4392@example.com,Amsterdam,2504.92,plain note 4392,"a,b,c",true
4393,User 4393,user4393@example.com,Bratislava,2541.93,plain note 4393,solo,false
4394,User 4394,user4394@example.com,Zürich,2578.94,plain note 4394,solo,true
4395,User 4395,user4395@example.com,København,2615.95,plain note 4395,"a,b,c",false
4396,User 4396,user4396@example.com,Москва,2652.96,"said ""hi"", then left",solo,true
4397,User 4397,user4397@example.com,東京,2689.97,plain note 4397,solo,false
4398,User 4398,user4398@example.com,Paris,2726.98,plain note 4398,"a,b,c",true
4399,User 4399,user4399@example.com,Lima,2763.99,plain note 4399,solo,false
4400,User 4400,user4400@example.com,Amsterdam,2800.0,"line one
line two",solo,true
4401,User 4401,user4401@example.com,Bratislava,2837.1,plain note 4401,"a,b,c",false
4402,User 4402,user4402@example.com,Zürich,2874.2,plain note 4402,solo,true
4403,User 4403,user4403@example.com,København,2911.3,"said ""hi"", then left",solo,false
4404,User 4404,user4404@example.com,Москва,2948.4,plain note 4404,"a,b,c",true
4405,User 4405,user4405@example.com,東京,2985.5,plain note 4405,solo,false
4406,User 4406,user4406@example.com,Paris,3022.6,plain note 4406,solo,true
4407,User 4407,user4407@example.com,Lima,3059.7,plain note 4407,"a,b,c",false
4408,User 4408,user4408@example.com,Amsterdam,3096.8,plain note 4408,solo,true
4409,User 4409,user4409@example.com,Bratislava,3133.9,plain note 4409,solo,false
4410,User 4410,user4410@example.com,Zürich,3170.10,"said ""hi"", then left","a,b,c",true
4411,User 4411,user4411@example.com,København,3207.11,"line one
line two",solo,false
4412,User 4412,user4412@example.com,Москва,3244.12,plain note 4412,solo,true
4413,User 4413,user4413@example.com,東京,3281.13,plain note 4413,"a,b,c",false
4414,User 4414,user4414@example.com,Paris,3318.14,plain note 4414,solo,true
4415,User 4415,user4415@example.com,Lima,3355.15,plain note 4415,solo,false
4416,User 4416,user4416@example.com,Amsterdam,3392.16,plain note 4416,"a,b,c",true
4417,User 4417,user4417@example.com,Bratislava,3429.17,"said ""hi"", then left",solo,false
4418,User 4418,user4418@example.com,Zürich,3466.18,plain note 4418,solo,true
4419,User 4419,user4419@example.com,København,3503.19,plain note 4419,"a,b,c",false
4420,User 4420,user4420@example.com,Москва,3540.20,plain note 4420,solo,true
4421,User 4421,user4421@example.com,東京,3577.21,plain note 4421,solo,false
4422,User 4422,user4422@example.com,Paris,3614.22,"line one
line two","a,b,c",true
4423,User 4423,user4423@example.com,Lima,3651.23,plain note 4423,solo,false
4424,User 4424,user4424@example.com,Amsterdam,3688.24,"said ""hi"", then left",solo,true
4425,User 4425,user4425@example.com,Bratislava,3725.25,plain note 4425,"a,b,c",false
4426,User 4426,user4426@example.com,Zürich,3762.26,plain note 4426,solo,true
4427,User 4427,user4427@example.com,København,3799.27,plain note 4427,solo,false
4428,User 4428,user4428@example.com,Москва,3836.28,plain note 4428,"a,b,c",true
4429,User 4429,user4429@example.com,東京,3873.29,plain note 4429,solo,false
4430,User 4430,user4430@example.com,Paris,3910.30,plain note 4430,solo,true
4431,User 4431,user4431@example.com,Lima,3947.31,"said ""hi"", then left","a,b,c",false
4432,User 4432,user4432@example.com,Amsterdam,3984.32,plain note 4432,solo,true
4433,User 4433,user4433@example.com,Bratislava,4021.33,"line one
line two",solo,false
4434,User 4434,user4434@example.com,Zürich,4058.34,plain note 4434,"a,b,c",true
4435,User 4435,user4435@example.com,København,4095.35,plain note 4435,solo,false
4436,User 4436,user4436@example.com,Москва,4132.36,plain note 4436,solo,true
4437,User 4437,user4437@example.com,東京,4169.37,plain note 4437,"a,b,c",false
4438,User 4438,user4438@example.com,Paris,4206.38,"said ""hi"", then left",solo,true
4439,User 4439,user4439@example.com,Lima,4243.39,plain note 4439,solo,false
4440,User 4440,user4440@example.com,Amsterdam,4280.40,plain note 4440,"a,b,c",true
4441,User 4441,user4441@example.com,Bratislava,4317.41,plain note 4441,solo,false
4442,User 4442,user4442@example.com,Zürich,4354.42,plain note 4442,solo,true
4443,User 4443,user4443@example.com,København,4391.43,plain note 4443,"a,b,c",false
4444,User 4444,user4444@example.com,Москва,4428.44,"line one
line two",solo,true
4445,User 4445,user4445@example.com,東京,4465.45,"said ""hi"", then left",solo,false
4446,User 4446,user4446@example.com,Paris,4502.46,plain note 4446,"a,b,c",true
4447,User 4447,user4447@example.com,Lima,4539.47,plain note 4447,solo,false
4448,User 4448,user4448@example.com,Amsterdam,4576.48,plain note 4448,solo,true
4449,User 4449,user4449@example.com,Bratislava,4613.49,plain note 4449,"a,b,c",false
4450,User 4450,user4450@example.com,Zürich,4650.50,plain note 4450,solo,true
4451,User 4451,user4451@example.com,København,4687.51,plain note 4451,solo,false
4452,User 4452,user4452@example.com,Москва,4724.52,"said ""hi"", then left","a,b,c",true
4453,User 4453,user4453@example.com,東京,4761.53,plain note 4453,solo,false
4454,User 4454,user4454@example.com,Paris,4798.54,plain note 4454,solo,true
4455,User 4455,user4455@example.com,Lima,4835.55,"line one
line two","a,b,c",false
4456,User 4456,user4456@example.com,Amsterdam,4872.56,plain note 4456,solo,true
4457,User 4457,user4457@example.com,Bratislava,4909.57,plain note 4457,solo,false
4458,User 4458,user4458@example.com,Zürich,4946.58,plain note 4458,"a,b,c",true
4459,User 4459,user4459@example.com,København,4983.59,"said ""hi"", then left",solo,false
4460,User 4460,user4460@example.com,Москва,5020.60,plain note 4460,solo,true
4461,User 4461,user4461@example.com,東京,5057.61,plain note 4461,"a,b,c",false
4462,User 4462,user4462@example.com,Paris,5094.62,plain note 4462,solo,true
4463,User 4463,user4463@example.com,Lima,5131.63,plain note 4463,solo,false
4464,User 4464,user4464@example.com,Amsterdam,5168.64,plain note 4464,"a,b,c",true
4465,User 4465,user4465@example.com,Bratislava,5205.65,plain note 4465,solo,false
4466,User 4466,user4466@example.com,Zürich,5242.66,"said ""hi"", then left",solo,true
4467,User 4467,user4467@example.com,København,5279.67,plain note 4467,"a,b,c",false
4468,User 4468,user4468@example.com,Москва,5316.68,plain note 4468,solo,true
4469,User 4469,user4469@example.com,東京,5353.69,plain note 4469,solo,false
4470,User 4470,user4470@example.com,Paris,5390.70,plain note 4470,"a,b,c",true
4471,User 4471,user4471@example.com,Lima,5427.71,plain note 4471,solo,false
4472,User 4472,user4472@example.com,Amsterdam,5464.72,plain note 4472,solo,true
4473,User 4473,user4473@example.com,Bratislava,5501.73,"said ""hi"", then left","a,b,c",false
4474,User 4474,user4474@example.com,Zürich,5538.74,plain note 4474,solo,true
4475,User 4475,user4475@example.com,København,5575.75,plain note 4475,solo,false
4476,User 4476,user4476@example.com,Москва,5612.76,plain note 4476,"a,b,c",true
4477,User 4477,user4477@example.com,東京,5649.77,"line one
line two",solo,false
4478,User 4478,user4478@example.com,Paris,5686.78,plain note 4478,solo,true
4479,User 4479,user4479@example.com,Lima,5723.79,plain note 4479,"a,b,c",false
4480,User 4480,user4480@example.com,Amsterdam,5760.80,"said ""hi"", then left",solo,true
4481,User 4481,user4481@example.com,Bratislava,5797.81,plain note 4481,solo,false
4482,User 4482,user4482@example.com,Zürich,5834.82,plain note 4482,"a,b,c",true
4483,User 4483,user4483@example.com,København,5871.83,plain note 4483,solo,false
4484,User 4484,user4484@example.com,Москва,5908.84,plain note 4484,solo,true
4485,User 4485,user4485@example.com,東京,5945.85,plain note 4485,"a,b,c",false
4486,User 4486,user4486@example.com,Paris,5982.86,plain note 4486,solo,true
4487,User 4487,user4487@example.com,Lima,6019.87,"said ""hi"", then left",solo,false
4488,User 4488,user4488@example.com,Amsterdam,6056.88,"line one
line two","a,b,c",true
4489,User 4489,user4489@example.com,Bratislava,6093.89,plain note 4489,solo,false
4490,User 4490,user4490@example.com,Zürich,6130.90,plain note 4490,solo,true
4491,User 4491,user4491@example.com,København,6167.91,plain note 4491,"a,b,c",false
4492,User 4492,user4492@example.com,Москва,6204.92,plain note 4492,solo,true
4493,User 4493,user4493@example.com,東京,6241.93,plain note 4493,solo,false
4494,User 4494,user4494@example.com,Paris,6278.94,"said ""hi"", then left","a,b,c",true
4495,User 4495,user4495@example.com,Lima,6315.95,plain note 4495,solo,false
4496,User 4496,user4496@example.com,Amsterdam,6352.96,plain note 4496,solo,true
4497,User 4497,user4497@example.com,Bratislava,6389.97,plain note 4497,"a,b,c",false
4498,User 4498,user4498@example.com,Zürich,6426.98,plain note 4498,solo,true
4499,User 4499,user4499@example.com,København,6463.99,"line one
line two",solo,false
4500,User 4500,user4500@example.com,Москва,6500.0,plain note 4500,"a,b,c",true
4501,User 4501,user4501@example.com,東京,6537.1,"said ""hi"", then left",solo,false
4502,User 4502,user4502@example.com,Paris,6574.2,plain note 4502,solo,true
4503,User 4503,user4503@example.com,Lima,6611.3,plain note 4503,"a,b,c",false
4504,User 4504,user4504@example.com,Amsterdam,6648.4,plain note 4504,solo,true
4505,User 4505,user4505@example.com,Bratislava,6685.5,plain note 4505,solo,false
4506,User 4506,user4506@example.com,Zürich,6722.6,plain note 4506,"a,b,c",true
4507,User 4507,user4507@example.com,København,6759.7,plain note 4507,solo,false
4508,User 4508,user4508@example.com,Москва,6796.8,"said ""hi"", then left",solo,true
4509,User 4509,user4509@example.com,東京,6833.9,plain note 4509,"a,b,c",false
4510,User 4510,user4510@example.com,Paris,6870.10,"line one
line two",solo,true
4511,User 4511,user4511@example.com,Lima,6907.11,plain note 4511,solo,false
4512,User 4512,user4512@example.com,Amsterdam,6944.12,plain note 4512,"a,b,c",true
4513,User 4513,user4513@example.com,Bratislava,6981.13,plain note 4513,solo,false
4514,User 4514,user4514@example.com,Zürich,7018.14,plain note 4514,solo,true
4515,User 4515,user4515@example.com,København,7055.15,"said ""hi"", then left","a,b,c",false
4516,User 4516,user4516@example.com,Москва,7092.16,plain note 4516,solo,true
4517,User 4517,user4517@example.com,東京,7129.17,plain note 4517,solo,false
4518,User 4518,user4518@example.com,Paris,7166.18,plain note 4518,"a,b,c",true
4519,User 4519,user4519@example.com,Lima,7203.19,plain note 4519,solo,false
4520,User 4520,user4520@example.com,Amsterdam,7240.20,plain note 4520,solo,true
4521,User 4521,user4521@example.com,Bratislava,7277.21,"line one
line two","a,b,c",false
4522,User 4522,user4522@example.com,Zürich,7314.22,"said ""hi"", then left",solo,true
4523,User 4523,user4523@example.com,København,7351.23,plain note 4523,solo,false
4524,User 4524,user4524@example.com,Москва,7388.24,plain note 4524,"a,b,c",true
4525,User 4525,user4525@example.com,東京,7425.25,plain note 4525,solo,false
4526,User 4526,user4526@example.com,Paris,7462.26,plain note 4526,solo,true
4527,User 4527,user4527@example.com,Lima,7499.27,plain note 4527,"a,b,c",false
4528,User 4528,user4528@example.com,Amsterdam,7536.28,plain note 4528,solo,true
4529,User 4529,user4529@example.com,Bratislava,7573.29,"said ""hi"", then left",solo,false
4530,User 4530,user4530@example.com,Zürich,7610.30,plain note 4530,"a,b,c",true
4531,User 4531,user4531@example.com,København,7647.31,plain note 4531,solo,false
4532,User 4532,user4532@example.com,Москва,7684.32,"line one
line two",solo,true
4533,User 4533,user4533@example.com,東京,7721.33,plain note 4533,"a,b,c",false
4534,User 4534,user4534@example.com,Paris,7758.34,plain note 4534,solo,true
4535,User 4535,user4535@example.com,Lima,7795.35,plain note 4535,solo,false
4536,User 4536,user4536@example.com,Amsterdam,7832.36,"said ""hi"", then left","a,b,c",true
4537,User 4537,user4537@example.com,Bratislava,7869.37,plain note 4537,solo,false
4538,User 4538,user4538@example.com,Zürich,7906.38,plain note 4538,solo,true
4539,User 4539,user4539@example.com,København,7943.39,plain note 4539,"a,b,c",false
4540,User 4540,user4540@example.com,Москва,7980.40,plain note 4540,solo,true
4541,User 4541,user4541@example.com,東京,8017.41,plain note 4541,solo,false
4542,User 4542,user4542@example.com,Paris,8054.42,plain note 4542,"a,b,c",true
4543,User 4543,user4543@example.com,Lima,8091.43,"said ""hi"", then left",solo,false
4544,User 4544,user4544@example.com,Amsterdam,8128.44,plain note 4544,solo,true
4545,User 4545,user4545@example.com,Bratislava,8165.45,plain note 4545,"a,b,c",false
4546,User 4546,user4546@example.com,Zürich,8202.46,plain note 4546,solo,true
4547,User 4547,user4547@example.com,København,8239.47,plain note 4547,solo,false
4548,User 4548,user4548@example.com,Москва,8276.48,plain note 4548,"a,b,c",true
4549,User 4549,user4549@example.com,東京,8313.49,plain note 4549,solo,false
4550,User 4550,user4550@example.com,Paris,8350.50,"said ""hi"", then left",solo,true
4551,User 4551,user4551@example.com,Lima,8387.51,plain note 4551,"a,b,c",false
4552,User 4552,user4552@example.com,Amsterdam,8424.52,plain note 4552,solo,true
4553,User 4553,user4553@example.com,Bratislava,8461.53,plain note 4553,solo,false
4554,User 4554,user4554@example.com,Zürich,8498.54,"line one
line two","a,b,c",true
4555,User 4555,user4555@example.com,København,8535.55,plain note 4555,solo,false
4556,User 4556,user4556@example.com,Москва,8572.56,plain note 4556,solo,true
4557,User 4557,user4557@example.com,東京,8609.57,"said ""hi"", then left","a,b,c",false
4558,User 4558,user4558@example.com,Paris,8646.58,plain note 4558,solo,true
4559,User 4559,user4559@example.com,Lima,8683.59,plain note 4559,solo,false
4560,User 4560,user4560@example.com,Amsterdam,8720.60,plain note 4560,"a,b,c",true
4561,User 4561,user4561@example.com,Bratislava,8757.61,plain note 4561,solo,false
4562,User 4562,user4562@example.com,Zürich,8794.62,plain note 4562,solo,true
4563,User 4563,user4563@example.com,København,8831.63,plain note 4563,"a,b,c",false
4564,User 4564,user4564@example.com,Москва,8868.64,"said ""hi"", then left",solo,true
4565,User 4565,user4565@example.com,東京,8905.65,"line one
line two",solo,false
4566,User 4566,user4566@example.com,Paris,8942.66,plain note 4566,"a,b,c",true
4567,User 4567,user4567@example.com,Lima,8979.67,plain note 4567,solo,false
4568,User 4568,user4568@example.com,Amsterdam,9016.68,plain note 4568,solo,true
4569,User 4569,user4569@example.com,Bratislava,9053.69,plain note 4569,"a,b,c",false
4570,User 4570,user4570@example.com,Zürich,9090.70,plain note 4570,solo,true
4571,User 4571,user4571@example.com,København,9127.71,"said ""hi"", then left",solo,false
4572,User 4572,user4572@example.com,Москва,9164.72,plain note 4572,"a,b,c",true
4573,User 4573,user4573@example.com,東京,9201.73,plain note 4573,solo,false
4574,User 4574,user4574@example.com,Paris,9238.74,plain note 4574,solo,true
4575,User 4575,user4575@example.com,Lima,9275.75,plain note 4575,"a,b,c",false
4576,User 4576,user4576@example.com,Amsterdam,9312.76,"line one
line two",solo,true
4577,User 4577,user4577@example.com,Bratislava,9349.77,plain note 4577,solo,false
4578,User 4578,user4578@example.com,Zürich,9386.78,"said ""hi"", then left","a,b,c",true
4579,User 4579,user4579@example.com,København,9423.79,plain note 4579,solo,false
4580,User 4580,user4580@example.com,Москва,9460.80,plain note 4580,solo,true
4581,User 4581,user4581@example.com,東京,9497.81,plain note 4581,"a,b,c",false
4582,User 4582,user4582@example.com,Paris,9534.82,plain note 4582,solo,true
4583,User 4583,user4583@example.com,Lima,9571.83,plain note 4583,solo,false
4584,User 4584,user4584@example.com,Amsterdam,9608.84,plain note 4584,"a,b,c",true
4585,User 4585,user4585@example.com,Bratislava,9645.85,"said ""hi"", then left",solo,false
4586,User 4586,user4586@example.com,Zürich,9682.86,plain note 4586,solo,true
4587,User 4587,user4587@example.com,København,9719.87,"line one
line two","a,b,c",false
4588,User 4588,user4588@example.com,Москва,9756.88,plain note 4588,solo,true
4589,User 4589,user4589@example.com,東京,9793.89,plain note 4589,solo,false
4590,User 4590,user4590@example.com,Paris,9830.90,plain note 4590,"a,b,c",true
4591,User 4591,user4591@example.com,Lima,9867.91,plain note 4591,solo,false
4592,User 4592,user4592@example.com,Amsterdam,9904.92,"said ""hi"", then left",solo,true
4593,User 4593,user4593@example.com,Bratislava,9941.93,plain note 4593,"a,b,c",false
4594,User 4594,user4594@example.com,Zürich,9978.94,plain note 4594,solo,true
4595,User 4595,user4595@example.com,København,15.95,plain note 4595,solo,false
4596,User 4596,user4596@example.com,Москва,52.96,plain note 4596,"a,b,c",true
4597,User 4597,user4597@example.com,東京,89.97,plain note 4597,solo,false
4598,User 4598,user4598@example.com,Paris,126.98,"line one
line two",solo,true
4599,User 4599,user4599@example.com,Lima,163.99,"said ""hi"", then left","a,b,c",false
4600,User 4600,user4600@example.com,Amsterdam,200.0,plain note 4600,solo,true
4601,User 4601,user4601@example.com,Bratislava,237.1,plain note 4601,solo,false
4602,User 4602,user4602@example.com,Zürich,274.2,plain note 4602,"a,b,c",true
4603,User 4603,user4603@example.com,København,311.3,plain note 4603,solo,false
4604,User 4604,user4604@example.com,Москва,348.4,plain note 4604,solo,true
4605,User 4605,user4605@example.com,東京,385.5,plain note 4605,"a,b,c",false
4606,User 4606,user4606@example.com,Paris,422.6,"said ""hi"", then left",solo,true
4607,User 4607,user4607@example.com,Lima,459.7,plain note 4607,solo,false
4608,User 4608,user4608@example.com,Amsterdam,496.8,plain note 4608,"a,b,c",true
4609,User 4609,user4609@example.com,Bratislava,533.9,"line one
line two",solo,false
4610,User 4610,user4610@example.com,Zürich,570.10,plain note 4610,solo,true
4611,User 4611,user4611@example.com,København,607.11,plain note 4611,"a,b,c",false
4612,User 4612,user4612@example.com,Москва,644.12,plain note 4612,solo,true
4613,User 4613,user4613@example.com,東京,681.13,"said ""hi"", then left",solo,false
4614,User 4614,user4614@example.com,Paris,718.14,plain note 4614,"a,b,c",true
4615,User 4615,user4615@example.com,Lima,755.15,plain note 4615,solo,false
4616,User 4616,user4616@example.com,Amsterdam,792.16,plain note 4616,solo,true
4617,User 4617,user4617@example.com,Bratislava,829.17,plain note 4617,"a,b,c",false
4618,User 4618,user4618@example.com,Zürich,866.18,plain note 4618,solo,true
4619,User 4619,user4619@example.com,København,903.19,plain note 4619,solo,false
4620,User 4620,user4620@example.com,Москва,940.20,"said ""hi"", then left","a,b,c",true
4621,User 4621,user4621@example.com,東京,977.21,plain note 4621,solo,false
4622,User 4622,user4622@example.com,Paris,1014.22,plain note 4622,solo,true
4623,User 4623,user4623@example.com,Lima,1051.23,plain note 4623,"a,b,c",false
4624,User 4624,user4624@example.com,Amsterdam,1088.24,plain note 4624,solo,true
4625,User 4625,user4625@example.com,Bratislava,1125.25,plain note 4625,solo,false
4626,User 4626,user4626@example.com,Zürich,1162.26,plain note 4626,"a,b,c",true
4627,User 4627,user4627@example.com,København,1199.27,"said ""hi"", then left",solo,false
4628,User 4628,user4628@example.com,Москва,1236.28,plain note 4628,solo,true
4629,User 4629,user4629@example.com,東京,1273.29,plain note 4629,"a,b,c",false
4630,User 4630,user4630@example.com,Paris,1310.30,plain note 4630,solo,true
4631,User 4631,user4631@example.com,Lima,1347.31,"line one
line two",solo,false
4632,User 4632,user4632@example.com,Amsterdam,1384.32,plain note 4632,"a,b,c",true
4633,User 4633,user4633@example.com,Bratislava,1421.33,plain note 4633,solo,false
4634,User 4634,user4634@example.com,Zürich,1458.34,"said ""hi"", then left",solo,true
4635,User 4635,user4635@example.com,København,1495.35,plain note 4635,"a,b,c",false
4636,User 4636,user4636@example.com,Москва,1532.36,plain note 4636,solo,true
4637,User 4637,user4637@example.com,東京,1569.37,plain note 4637,solo,false
4638,User 4638,user4638@example.com,Paris,1606.38,plain note 4638,"a,b,c",true
4639,User 4639,user4639@example.com,Lima,1643.39,plain note 4639,solo,false
4640,User 4640,user4640@example.com,Amsterdam,1680.40,plain note 4640,solo,true
4641,User 4641,user4641@example.com,Bratislava,1717.41,"said ""hi"", then left","a,b,c",false
4642,User 4642,user4642@example.com,Zürich,1754.42,"line one
line two",solo,true
4643,User 4643,user4643@example.com,København,1791.43,plain note 4643,solo,false
4644,User 4644,user4644@example.com,Москва,1828.44,plain note 4644,"a,b,c",true
4645,User 4645,user4645@example.com,東京,1865.45,plain note 4645,solo,false
4646,User 4646,user4646@example.com,Paris,1902.46,plain note 4646,solo,true
4647,User 4647,user4647@example.com,Lima,1939.47,plain note 4647,"a,b,c",false
4648,User 4648,user4648@example.com,Amsterdam,1976.48,"said ""hi"", then left",solo,true
4649,User 4649,user4649@example.com,Bratislava,2013.49,plain note 4649,solo,false
4650,User 4650,user4650@example.com,Zürich,2050.50,plain note 4650,"a,b,c",true
4651,User 4651,user4651@example.com,København,2087.51,plain note 4651,solo,false
4652,User 4652,user4652@example.com,Москва,2124.52,plain note 4652,solo,true
4653,User 4653,user4653@example.com,東京,2161.53,"line one
line two","a,b,c",false
4654,User 4654,user4654@example.com,Paris,2198.54,plain note 4654,solo,true
4655,User 4655,user4655@example.com,Lima,2235.55,"said ""hi"", then left",solo,false
4656,User 4656,user4656@example.com,Amsterdam,2272.56,plain note 4656,"a,b,c",true
4657,User 4657,user4657@example.com,Bratislava,2309.57,plain note 4657,solo,false
4658,User 4658,user4658@example.com,Zürich,2346.58,plain note 4658,solo,true
4659,User 4659,user4659@example.com,København,2383.59,plain note 4659,"a,b,c",false
4660,User 4660,user4660@example.com,Москва,2420.60,plain note 4660,solo,true
4661,User 4661,user4661@example.com,東京,2457.61,plain note 4661,solo,false
4662,User 4662,user4662@example.com,Paris,2494.62,"said ""hi"", then left","a,b,c",true
4663,User 4663,user4663@example.com,Lima,2531.63,plain note 4663,solo,false
4664,User 4664,user4664@example.com,Amsterdam,2568.64,"line one
line two",solo,true
4665,User 4665,user4665@example.com,Bratislava,2605.65,plain note 4665,"a,b,c",false
4666,User 4666,user4666@example.com,Zürich,2642.66,plain note 4666,solo,true
4667,User 4667,user4667@example.com,København,2679.67,plain note 4667,solo,false
4668,User 4668,user4668@example.com,Москва,2716.68,plain note 4668,"a,b,c",true
4669,User 4669,user4669@example.com,東京,2753.69,"said ""hi"", then left",solo,false
4670,User 4670,user4670@example.com,Paris,2790.70,plain note 4670,solo,true
4671,User 4671,user4671@example.com,Lima,2827.71,plain note 4671,"a,b,c",false
4672,User 4672,user4672@example.com,Amsterdam,2864.72,plain note 4672,solo,true
4673,User 4673,user4673@example.com,Bratislava,2901.73,plain note 4673,solo,false
4674,User 4674,user4674@example.com,Zürich,2938.74,plain note 4674,"a,b,c",true
4675,User 4675,user4675@example.com,København,2975.75,"line one
line two",solo,false
4676,User 4676,user4676@example.com,Москва,3012.76,"said ""hi"", then left",solo,true
4677,User 4677,user4677@example.com,東京,3049.77,plain note 4677,"a,b,c",false
4678,User 4678,user4678@example.com,Paris,3086.78,plain note 4678,solo,true
4679,User 4679,user4679@example.com,Lima,3123.79,plain note 4679,solo,false
4680,User 4680,user4680@example.com,Amsterdam,3160.80,plain note 4680,"a,b,c",true
4681,User 4681,user4681@example.com,Bratislava,3197.81,plain note 4681,solo,false
4682,User 4682,user4682@example.com,Zürich,3234.82,plain note 4682,solo,true
4683,User 4683,user4683@example.com,København,3271.83,"said ""hi"", then left","a,b,c",false
4684,User 4684,user4684@example.com,Москва,3308.84,plain note 4684,solo,true
4685,User 4685,user4685@example.com,東京,3345.85,plain note 4685,solo,false
4686,User 4686,user4686@example.com,Paris,3382.86,"line one
line two","a,b,c",true
4687,User 4687,user4687@example.com,Lima,3419.87,plain note 4687,solo,false
4688,User 4688,user4688@example.com,Amsterdam,3456.88,plain note 4688,solo,true
4689,User 4689,user4689@example.com,Bratislava,3493.89,plain note 4689,"a,b,c",false
4690,User 4690,user4690@example.com,Zürich,3530.90,"said ""hi"", then left",solo,true
4691,User 4691,user4691@example.com,København,3567.91,plain note 4691,solo,false
4692,User 4692,user4692@example.com,Москва,3604.92,plain note 4692,"a,b,c",true
4693,User 4693,user4693@example.com,東京,3641.93,plain note 4693,solo,false
4694,User 4694,user4694@example.com,Paris,3678.94,plain note 4694,solo,true
4695,User 4695,user4695@example.com,Lima,3715.95,plain note 4695,"a,b,c",false
4696,User 4696,user4696@example.com,Amsterdam,3752.96,plain note 4696,solo,true
4697,User 4697,user4697@example.com,Bratislava,3789.97,"said ""hi"", then left",solo,false
4698,User 4698,user4698@example.com,Zürich,3826.98,plain note 4698,"a,b,c",true
4699,User 4699,user4699@example.com,København,3863.99,plain note 4699,solo,false
4700,User 4700,user4700@example.com,Москва,3900.0,plain note 4700,solo,true
4701,User 4701,user4701@example.com,東京,3937.1,plain note 4701,"a,b,c",false
4702,User 4702,user4702@example.com,Paris,3974.2,plain note 4702,solo,true
4703,User 4703,user4703@example.com,Lima,4011.3,plain note 4703,solo,false
4704,User 4704,user4704@example.com,Amsterdam,4048.4,"said ""hi"", then left","a,b,c",true
4705,User 4705,user4705@example.com,Bratislava,4085.5,plain note 4705,solo,false
4706,User 4706,user4706@example.com,Zürich,4122.6,plain note 4706,solo,true
4707,User 4707,user4707@example.com,København,4159.7,plain note 4707,"a,b,c",false
4708,User 4708,user4708@example.com,Москва,4196.8,"line one
line two",solo,true
4709,User 4709,user4709@example.com,東京,4233.9,plain note 4709,solo,false
4710,User 4710,user4710@example.com,Paris,4270.10,plain note 4710,"a,b,c",true
4711,User 4711,user4711@example.com,Lima,4307.11,"said ""hi"", then left",solo,false
4712,User 4712,user4712@example.com,Amsterdam,4344.12,plain note 4712,solo,true
4713,User 4713,user4713@example.com,Bratislava,4381.13,plain note 4713,"a,b,c",false
4714,User 4714,user4714@example.com,Zürich,4418.14,plain note 4714,solo,true
4715,User 4715,user4715@example.com,København,4455.15,plain note 4715,solo,false
4716,User 4716,user4716@example.com,Москва,4492.16,plain note 4716,"a,b,c",true
4717,User 4717,user4717@example.com,東京,4529.17,plain note 4717,solo,false
4718,User 4718,user4718@example.com,Paris,4566.18,"said ""hi"", then left",solo,true
4719,User 4719,user4719@example.com,Lima,4603.19,"line one
line two","a,b,c",false
4720,User 4720,user4720@example.com,Amsterdam,4640.20,plain note 4720,solo,true
4721,User 4721,user4721@example.com,Bratislava,4677.21,plain note 4721,solo,false
4722,User 4722,user4722@example.com,Zürich,4714.22,plain note 4722,"a,b,c",true
4723,User 4723,user4723@example.com,København,4751.23,plain note 4723,solo,false
4724,User 4724,user4724@example.com,Москва,4788.24,plain note 4724,solo,true
4725,User 4725,user4725@example.com,東京,4825.25,"said ""hi"", then left","a,b,c",false
4726,User 4726,user4726@example.com,Paris,4862.26,plain note 4726,solo,true
4727,User 4727,user4727@example.com,Lima,4899.27,plain note 4727,solo,false
4728,User 4728,user4728@example.com,Amsterdam,4936.28,plain note 4728,"a,b,c",true
4729,User 4729,user4729@example.com,Bratislava,4973.29,plain note 4729,solo,false
4730,User 4730,user4730@example.com,Zürich,5010.30,"line one
line two",solo,true
4731,User 4731,user4731@example.com,København,5047.31,plain note 4731,"a,b,c",false
4732,User 4732,user4732@example.com,Москва,5084.32,"said ""hi"", then left",solo,true
4733,User 4733,user4733@example.com,東京,5121.33,plain note 4733,solo,false
4734,User 4734,user4734@example.com,Paris,5158.34,plain note 4734,"a,b,c",true
4735,User 4735,user4735@example.com,Lima,5195.35,plain note 4735,solo,false
4736,User 4736,user4736@example.com,Amsterdam,5232.36,plain note 4736,solo,true
4737,User 4737,user4737@example.com,Bratislava,5269.37,plain note 4737,"a,b,c",false
4738,User 4738,user4738@example.com,Zürich,5306.38,plain note 4738,solo,true
4739,User 4739,user4739@example.com,København,5343.39,"said ""hi"", then left",solo,false
4740,User 4740,user4740@example.com,Москва,5380.40,plain note 4740,"a,b,c",true
4741,User 4741,user4741@example.com,東京,5417.41,"line one
line two",solo,false
4742,User 4742,user4742@example.com,Paris,5454.42,plain note 4742,solo,true
4743,User 4743,user4743@example.com,Lima,5491.43,plain note 4743,"a,b,c",false
4744,User 4744,user4744@example.com,Amsterdam,5528.44,plain note 4744,solo,true
4745,User 4745,user4745@example.com,Bratislava,5565.45,plain note 4745,solo,false
4746,User 4746,user4746@example.com,Zürich,5602.46,"said ""hi"", then left","a,b,c",true
4747,User 4747,user4747@example.com,København,5639.47,plain note 4747,solo,false
4748,User 4748,user4748@example.com,Москва,5676.48,plain note 4748,solo,true
4749,User 4749,user4749@example.com,東京,5713.49,plain note 4749,"a,b,c",false
4750,User 4750,user4750@example.com,Paris,5750.50,plain note 4750,solo,true
4751,User 4751,user4751@example.com,Lima,5787.51,plain note 4751,solo,false
4752,User 4752,user4752@example.com,Amsterdam,5824.52,"line one
line two","a,b,c",true
4753,User 4753,user4753@example.com,Bratislava,5861.53,"said ""hi"", then left",solo,false
4754,User 4754,user4754@example.com,Zürich,5898.54,plain note 4754,solo,true
4755,User 4755,user4755@example.com,København,5935.55,plain note 4755,"a,b,c",false
4756,User 4756,user4756@example.com,Москва,5972.56,plain note 4756,solo,true
4757,User 4757,user4757@example.com,東京,6009.57,plain note 4757,solo,false
4758,User 4758,user4758@example.com,Paris,6046.58,plain note 4758,"a,b,c",true
4759,User 4759,user4759@example.com,Lima,6083.59,plain note 4759,solo,false
4760,User 4760,user4760@example.com,Amsterdam,6120.60,"said ""hi"", then left",solo,true
4761,User 4761,user4761@example.com,Bratislava,6157.61,plain note 4761,"a,b,c",false
4762,User 4762,user4762@example.com,Zürich,6194.62,plain note 4762,solo,true
4763,User 4763,user4763@example.com,København,6231.63,"line one
line two",solo,false
4764,User 4764,user4764@example.com,Москва,6268.64,plain note 4764,"a,b,c",true
4765,User 4765,user4765@example.com,東京,6305.65,plain note 4765,solo,false
4766,User 4766,user4766@example.com,Paris,6342.66,plain note 4766,solo,true
4767,User 4767,user4767@example.com,Lima,6379.67,"said ""hi"", then left","a,b,c",false
4768,User 4768,user4768@example.com,Amsterdam,6416.68,plain note 4768,solo,true
4769,User 4769,user4769@example.com,Bratislava,6453.69,plain note 4769,solo,false
4770,User 4770,user4770@example.com,Zürich,6490.70,plain note 4770,"a,b,c",true
4771,User 4771,user4771@example.com,København,6527.71,plain note 4771,solo,false
4772,User 4772,user4772@example.com,Москва,6564.72,plain note 4772,solo,true
4773,User 4773,user4773@example.com,東京,6601.73,plain note 4773,"a,b,c",false
4774,User 4774,user4774@example.com,Paris,6638.74,"said ""hi"", then left",solo,true
4775,User 4775,user4775@example.com,Lima,6675.75,plain note 4775,solo,false
4776,User 4776,user4776@example.com,Amsterdam,6712.76,plain note 4776,"a,b,c",true
4777,User 4777,user4777@example.com,Bratislava,6749.77,plain note 4777,solo,false
4778,User 4778,user4778@example.com,Zürich,6786.78,plain note 4778,solo,true
4779,User 4779,user4779@example.com,København,6823.79,plain note 4779,"a,b,c",false
4780,User 4780,user4780@example.com,Москва,6860.80,plain note 4780,solo,true
4781,User 4781,user4781@example.com,東京,6897.81,"said ""hi"", then left",solo,false
4782,User 4782,user4782@example.com,Paris,6934.82,plain note 4782,"a,b,c",true
4783,User 4783,user4783@example.com,Lima,6971.83,plain note 4783,solo,false
4784,User 4784,user4784@example.com,Amsterdam,7008.84,plain note 4784,solo,true
4785,User 4785,user4785@example.com,Bratislava,7045.85,"line one
line two","a,b,c",false
4786,User 4786,user4786@example.com,Zürich,7082.86,plain note 4786,solo,true
4787,User 4787,user4787@example.com,København,7119.87,plain note 4787,solo,false
4788,User 4788,user4788@example.com,Москва,7156.88,"said ""hi"", then left","a,b,c",true
4789,User 4789,user4789@example.com,東京,7193.89,plain note 4789,solo,false
4790,User 4790,user4790@example.com,Paris,7230.90,plain note 4790,solo,true
4791,User 4791,user4791@example.com,Lima,7267.91,plain note 4791,"a,b,c",false
4792,User 4792,user4792@example.com,Amsterdam,7304.92,plain note 4792,solo,true
4793,User 4793,user4793@example.com,Bratislava,7341.93,plain note 4793,solo,false
4794,User 4794,user4794@example.com,Zürich,7378.94,plain note 4794,"a,b,c",true
4795,User 4795,user4795@example.com,København,7415.95,"said ""hi"", then left",solo,false
4796,User 4796,user4796@example.com,Москва,7452.96,"line one
line two",solo,true
4797,User 4797,user4797@example.com,東京,7489.97,plain note 4797,"a,b,c",false
4798,User 4798,user4798@example.com,Paris,7526.98,plain note 4798,solo,true
4799,User 4799,user4799@example.com,Lima,7563.99,plain note 4799,solo,false
4800,User 4800,user4800@example.com,Amsterdam,7600.0,plain note 4800,"a,b,c",true
4801,User 4801,user4801@example.com,Bratislava,7637.1,plain note 4801,solo,false
4802,User 4802,user4802@example.com,Zürich,7674.2,"said ""hi"", then left",solo,true
4803,User 4803,user4803@example.com,København,7711.3,plain note 4803,"a,b,c",false
4804,User 4804,user4804@example.com,Москва,7748.4,plain note 4804,solo,true
4805,User 4805,user4805@example.com,東京,7785.5,plain note 4805,solo,false
4806,User 4806,user4806@example.com,Paris,7822.6,plain note 4806,"a,b,c",true
4807,User 4807,user4807@example.com,Lima,7859.7,"line one
line two",solo,false
4808,User 4808,user4808@example.com,Amsterdam,7896.8,plain note 4808,solo,true
4809,User 4809,user4809@example.com,Bratislava,7933.9,"said ""hi"", then left","a,b,c",false
4810,User 4810,user4810@example.com,Zürich,7970.10,plain note 4810,solo,true
4811,User 4811,user4811@example.com,København,8007.11,plain note 4811,solo,false
4812,User 4812,user4812@example.com,Москва,8044.12,plain note 4812,"a,b,c",true
4813,User 4813,user4813@example.com,東京,8081.13,plain note 4813,solo,false
4814,User 4814,user4814@example.com,Paris,8118.14,plain note 4814,solo,true
4815,User 4815,user4815@example.com,Lima,8155.15,plain note 4815,"a,b,c",false
4816,User 4816,user4816@example.com,Amsterdam,8192.16,"said ""hi"", then left",solo,true
4817,User 4817,user4817@example.com,Bratislava,8229.17,plain note 4817,solo,false
4818,User 4818,user4818@example.com,Zürich,8266.18,"line one
line two","a,b,c",true
4819,User 4819,user4819@example.com,København,8303.19,plain note 4819,solo,false
4820,User 4820,user4820@example.com,Москва,8340.20,plain note 4820,solo,true
4821,User 4821,user4821@example.com,東京,8377.21,plain note 4821,"a,b,c",false
4822,User 4822,user4822@example.com,Paris,8414.22,plain note 4822,solo,true
4823,User 4823,user4823@example.com,Lima,8451.23,"said ""hi"", then left",solo,false
4824,User 4824,user4824@example.com,Amsterdam,8488.24,plain note 4824,"a,b,c",true
4825,User 4825,user4825@example.com,Bratislava,8525.25,plain note 4825,solo,false
4826,User 4826,user4826@example.com,Zürich,8562.26,plain note 4826,solo,true
4827,User 4827,user4827@example.com,København,8599.27,plain note 4827,"a,b,c",false
4828,User 4828,user4828@example.com,Москва,8636.28,plain note 4828,solo,true
4829,User 4829,user4829@example.com,東京,8673.29,"line one
line two",solo,false
4830,User 4830,user4830@example.com,Paris,8710.30,"said ""hi"", then left","a,b,c",true
4831,User 4831,user4831@example.com,Lima,8747.31,plain note 4831,solo,false
4832,User 4832,user4832@example.com,Amsterdam,8784.32,plain note 4832,solo,true
4833,User 4833,user4833@example.com,Bratislava,8821.33,plain note 4833,"a,b,c",false
4834,User 4834,user4834@example.com,Zürich,8858.34,plain note 4834,solo,true
4835,User 4835,user4835@example.com,København,8895.35,plain note 4835,solo,false
4836,User 4836,user4836@example.com,Москва,8932.36,plain note 4836,"a,b,c",true
4837,User 4837,user4837@example.com,東京,8969.37,"said ""hi"", then left",solo,false
4838,User 4838,user4838@example.com,Paris,9006.38,plain note 4838,solo,true
4839,User 4839,user4839@example.com,Lima,9043.39,plain note 4839,"a,b,c",false
4840,User 4840,user4840@example.com,Amsterdam,9080.40,"line one
line two",solo,true
4841,User 4841,user4841@example.com,Bratislava,9117.41,plain note 4841,solo,false
4842,User 4842,user4842@example.com,Zürich,9154.42,plain note 4842,"a,b,c",true
4843,User 4843,user4843@example.com,København,9191.43,plain note 4843,solo,false
4844,User 4844,user4844@example.com,Москва,9228.44,"said ""hi"", then left",solo,true
4845,User 4845,user4845@example.com,東京,9265.45,plain note 4845,"a,b,c",false
4846,User 4846,user4846@example.com,Paris,9302.46,plain note 4846,solo,true
4847,User 4847,user4847@example.com,Lima,9339.47,plain note 4847,solo,false
4848,User 4848,user4848@example.com,Amsterdam,9376.48,plain note 4848,"a,b,c",true
4849,User 4849,user4849@example.com,Bratislava,9413.49,plain note 4849,solo,false
4850,User 4850,user4850@example.com,Zürich,9450.50,plain note 4850,solo,true
4851,User 4851,user4851@example.com,København,9487.51,"said ""hi"", then left","a,b,c",false
4852,User 4852,user4852@example.com,Москва,9524.52,plain note 4852,solo,true
4853,User 4853,user4853@example.com,東京,9561.53,plain note 4853,solo,false
4854,User 4854,user4854@example.com,Paris,9598.54,plain note 4854,"a,b,c",true
4855,User 4855,user4855@example.com,Lima,9635.55,plain note 4855,solo,false
4856,User 4856,user4856@example.com,Amsterdam,9672.56,plain note 4856,solo,true
4857,User 4857,user4857@example.com,Bratislava,9709.57,plain note 4857,"a,b,c",false
4858,User 4858,user4858@example.com,Zürich,9746.58,"said ""hi"", then left",solo,true
4859,User 4859,user4859@example.com,København,9783.59,plain note 4859,solo,false
4860,User 4860,user4860@example.com,Москва,9820.60,plain note 4860,"a,b,c",true
4861,User 4861,user4861@example.com,東京,9857.61,plain note 4861,solo,false
4862,User 4862,user4862@example.com,Paris,9894.62,"line one
line two",solo,true
4863,User 4863,user4863@example.com,Lima,9931.63,plain note 4863,"a,b,c",false
4864,User 4864,user4864@example.com,Amsterdam,9968.64,plain note 4864,solo,true
4865,User 4865,user4865@example.com,Bratislava,5.65,"said ""hi"", then left",solo,false
4866,User 4866,user4866@example.com,Zürich,42.66,plain note 4866,"a,b,c",true
4867,User 4867,user4867@example.com,København,79.67,plain note 4867,solo,false
4868,User 4868,user4868@example.com,Москва,116.68,plain note 4868,solo,true
4869,User 4869,user4869@example.com,東京,153.69,plain note 4869,"a,b,c",false
4870,User 4870,user4870@example.com,Paris,190.70,plain note 4870,solo,true
4871,User 4871,user4871@example.com,Lima,227.71,plain note 4871,solo,false
4872,User 4872,user4872@example.com,Amsterdam,264.72,"said ""hi"", then left","a,b,c",true
4873,User 4873,user4873@example.com,Bratislava,301.73,"line one
line two",solo,false
4874,User 4874,user4874@example.com,Zürich,338.74,plain note 4874,solo,true
4875,User 4875,user4875@example.com,København,375.75,plain note 4875,"a,b,c",false
4876,User 4876,user4876@example.com,Москва,412.76,plain note 4876,solo,true
4877,User 4877,user4877@example.com,東京,449.77,plain note 4877,solo,false
4878,User 4878,user4878@example.com,Paris,486.78,plain note 4878,"a,b,c",true
4879,User 4879,user4879@example.com,Lima,523.79,"said ""hi"", then left",solo,false
4880,User 4880,user4880@example.com,Amsterdam,560.80,plain note 4880,solo,true
4881,User 4881,user4881@example.com,Bratislava,597.81,plain note 4881,"a,b,c",false
4882,User 4882,user4882@example.com,Zürich,634.82,plain note 4882,solo,true
4883,User 4883,user4883@example.com,København,671.83,plain note 4883,solo,false
4884,User 4884,user4884@example.com,Москва,708.84,"line one
line two","a,b,c",true
4885,User 4885,user4885@example.com,東京,745.85,plain note 4885,solo,false
4886,User 4886,user4886@example.com,Paris,782.86,"said ""hi"", then left",solo,true
4887,User 4887,user4887@example.com,Lima,819.87,plain note 4887,"a,b,c",false
4888,User 4888,user4888@example.com,Amsterdam,856.88,plain note 4888,solo,true
4889,User 4889,user4889@example.com,Bratislava,893.89,plain note 4889,solo,false
4890,User 4890,user4890@example.com,Zürich,930.90,plain note 4890,"a,b,c",true
4891,User 4891,user4891@example.com,København,967.91,plain note 4891,solo,false
4892,User 4892,user4892@example.com,Москва,1004.92,plain note 4892,solo,true
4893,User 4893,user4893@example.com,東京,1041.93,"said ""hi"", then left","a,b,c",false
4894,User 4894,user4894@example.com,Paris,1078.94,plain note 4894,solo,true
4895,User 4895,user4895@example.com,Lima,1115.95,"line one
line two",solo,false
4896,User 4896,user4896@example.com,Amsterdam,1152.96,plain note 4896,"a,b,c",true
4897,User 4897,user4897@example.com,Bratislava,1189.97,plain note 4897,solo,false
4898,User 4898,user4898@example.com,Zürich,1226.98,plain note 4898,solo,true
4899,User 4899,user4899@example.com,København,1263.99,plain note 4899,"a,b,c",false
4900,User 4900,user4900@example.com,Москва,1300.0,"said ""hi"", then left",solo,true
4901,User 4901,user4901@example.com,東京,1337.1,plain note 4901,solo,false
4902,User 4902,user4902@example.com,Paris,1374.2,plain note 4902,"a,b,c",true
4903,User 4903,user4903@example.com,Lima,1411.3,plain note 4903,solo,false
4904,User 4904,user4904@example.com,Amsterdam,1448.4,plain note 4904,solo,true
4905,User 4905,user4905@example.com,Bratislava,1485.5,plain note 4905,"a,b,c",false
4906,User 4906,user4906@example.com,Zürich,1522.6,"line one
line two",solo,true
4907,User 4907,user4907@example.com,København,1559.7,"said ""hi"", then left",solo,false
4908,User 4908,user4908@example.com,Москва,1596.8,plain note 4908,"a,b,c",true
4909,User 4909,user4909@example.com,東京,1633.9,plain note 4909,solo,false
4910,User 4910,user4910@example.com,Paris,1670.10,plain note 4910,solo,true
4911,User 4911,user4911@example.com,Lima,1707.11,plain note 4911,"a,b,c",false
4912,User 4912,user4912@example.com,Amsterdam,1744.12,plain note 4912,solo,true
4913,User 4913,user4913@example.com,Bratislava,1781.13,plain note 4913,solo,false
4914,User 4914,user4914@example.com,Zürich,1818.14,"said ""hi"", then left","a,b,c",true
4915,User 4915,user4915@example.com,København,1855.15,plain note 4915,solo,false
4916,User 4916,user4916@example.com,Москва,1892.16,plain note 4916,solo,true
4917,User 4917,user4917@example.com,東京,1929.17,"line one
line two","a,b,c",false
4918,User 4918,user4918@example.com,Paris,1966.18,plain note 4918,solo,true
4919,User 4919,user4919@example.com,Lima,2003.19,plain note 4919,solo,false
4920,User 4920,user4920@example.com,Amsterdam,2040.20,plain note 4920,"a,b,c",true
4921,User 4921,user4921@example.com,Bratislava,2077.21,"said ""hi"", then left",solo,false
4922,User 4922,user4922@example.com,Zürich,2114.22,plain note 4922,solo,true
4923,User 4923,user4923@example.com,København,2151.23,plain note 4923,"a,b,c",false
4924,User 4924,user4924@example.com,Москва,2188.24,plain note 4924,solo,true
4925,User 4925,user4925@example.com,東京,2225.25,plain note 4925,solo,false
4926,User 4926,user4926@example.com,Paris,2262.26,plain note 4926,"a,b,c",true
4927,User 4927,user4927@example.com,Lima,2299.27,plain note 4927,solo,false
4928,User 4928,user4928@example.com,Amsterdam,2336.28,"said ""hi"", then left",solo,true
4929,User 4929,user4929@example.com,Bratislava,2373.29,plain note 4929,"a,b,c",false
4930,User 4930,user4930@example.com,Zürich,2410.30,plain note 4930,solo,true
4931,User 4931,user4931@example.com,København,2447.31,plain note 4931,solo,false
4932,User 4932,user4932@example.com,Москва,2484.32,plain note 4932,"a,b,c",true
4933,User 4933,user4933@example.com,東京,2521.33,plain note 4933,solo,false
4934,User 4934,user4934@example.com,Paris,2558.34,plain note 4934,solo,true
4935,User 4935,user4935@example.com,Lima,2595.35,"said ""hi"", then left","a,b,c",false
4936,User 4936,user4936@example.com,Amsterdam,2632.36,plain note 4936,solo,true
4937,User 4937,user4937@example.com,Bratislava,2669.37,plain note 4937,solo,false
4938,User 4938,user4938@example.com,Zürich,2706.38,plain note 4938,"a,b,c",true
4939,User 4939,user4939@example.com,København,2743.39,"line one
line two",solo,false
4940,User 4940,user4940@example.com,Москва,2780.40,plain note 4940,solo,true
4941,User 4941,user4941@example.com,東京,2817.41,plain note 4941,"a,b,c",false
4942,User 4942,user4942@example.com,Paris,2854.42,"said ""hi"", then left",solo,true
4943,User 4943,user4943@example.com,Lima,2891.43,plain note 4943,solo,false
4944,User 4944,user4944@example.com,Amsterdam,2928.44,plain note 4944,"a,b,c",true
4945,User 4945,user4945@example.com,Bratislava,2965.45,plain note 4945,solo,false
4946,User 4946,user4946@example.com,Zürich,3002.46,plain note 4946,solo,true
4947,User 4947,user4947@example.com,København,3039.47,plain note 4947,"a,b,c",false
4948,User 4948,user4948@example.com,Москва,3076.48,plain note 4948,solo,true
4949,User 4949,user4949@example.com,東京,3113.49,"said ""hi"", then left",solo,false
4950,User 4950,user4950@example.com,Paris,3150.50,"line one
line two","a,b,c",true
4951,User 4951,user4951@example.com,Lima,3187.51,plain note 4951,solo,false
4952,User 4952,user4952@example.com,Amsterdam,3224.52,plain note 4952,solo,true
4953,User 4953,user4953@example.com,Bratislava,3261.53,plain note 4953,"a,b,c",false
4954,User 4954,user4954@example.com,Zürich,3298.54,plain note 4954,solo,true
4955,User 4955,user4955@example.com,København,3335.55,plain note 4955,solo,false
4956,User 4956,user4956@example.com,Москва,3372.56,"said ""hi"", then left","a,b,c",true
4957,User 4957,user4957@example.com,東京,3409.57,plain note 4957,solo,false
4958,User 4958,user4958@example.com,Paris,3446.58,plain note 4958,solo,true
4959,User 4959,user4959@example.com,Lima,3483.59,plain note 4959,"a,b,c",false
4960,User 4960,user4960@example.com,Amsterdam,3520.60,plain note 4960,solo,true
4961,User 4961,user4961@example.com,Bratislava,3557.61,"line one
line two",solo,false
4962,User 4962,user4962@example.com,Zürich,3594.62,plain note 4962,"a,b,c",true
4963,User 4963,user4963@example.com,København,3631.63,"said ""hi"", then left",solo,false
4964,User 4964,user4964@example.com,Москва,3668.64,plain note 4964,solo,true
4965,User 4965,user4965@example.com,東京,3705.65,plain note 4965,"a,b,c",false
4966,User 4966,user4966@example.com,Paris,3742.66,plain note 4966,solo,true
4967,User 4967,user4967@example.com,Lima,3779.67,plain note 4967,solo,false
4968,User 4968,user4968@example.com,Amsterdam,3816.68,plain note 4968,"a,b,c",true
4969,User 4969,user4969@example.com,Bratislava,3853.69,plain note 4969,solo,false
4970,User 4970,user4970@example.com,Zürich,3890.70,"said ""hi"", then left",solo,true
4971,User 4971,user4971@example.com,København,3927.71,plain note 4971,"a,b,c",false
4972,User 4972,user4972@example.com,Москва,3964.72,"line one
line two",solo,true
4973,User 4973,user4973@example.com,東京,4001.73,plain note 4973,solo,false
4974,User 4974,user4974@example.com,Paris,4038.74,plain note 4974,"a,b,c",true
4975,User 4975,user4975@example.com,Lima,4075.75,plain note 4975,solo,false
4976,User 4976,user4976@example.com,Amsterdam,4112.76,plain note 4976,solo,true
4977,User 4977,user4977@example.com,Bratislava,4149.77,"said ""hi"", then left","a,b,c",false
4978,User 4978,user4978@example.com,Zürich,4186.78,plain note 4978,solo,true
4979,User 4979,user4979@example.com,København,4223.79,plain note 4979,solo,false
4980,User 4980,user4980@example.com,Москва,4260.80,plain note 4980,"a,b,c",true
4981,User 4981,user4981@example.com,東京,4297.81,plain note 4981,solo,false
4982,User 4982,user4982@example.com,Paris,4334.82,plain note 4982,solo,true
4983,User 4983,user4983@example.com,Lima,4371.83,"line one
line two","a,b,c",false
4984,User 4984,user4984@example.com,Amsterdam,4408.84,"said ""hi"", then left",solo,true
4985,User 4985,user4985@example.com,Bratislava,4445.85,plain note 4985,solo,false
4986,User 4986,user4986@example.com,Zürich,4482.86,plain note 4986,"a,b,c",true
4987,User 4987,user4987@example.com,København,4519.87,plain note 4987,solo,false
4988,User 4988,user4988@example.com,Москва,4556.88,plain note 4988,solo,true
4989,User 4989,user4989@example.com,東京,4593.89,plain note 4989,"a,b,c",false
4990,User 4990,user4990@example.com,Paris,4630.90,plain note 4990,solo,true
4991,User 4991,user4991@example.com,Lima,4667.91,"said ""hi"", then left",solo,false
4992,User 4992,user4992@example.com,Amsterdam,4704.92,plain note 4992,"a,b,c",true
4993,User 4993,user4993@example.com,Bratislava,4741.93,plain note 4993,solo,false
4994,User 4994,user4994@example.com,Zürich,4778.94,"line one
line two",solo,true
4995,User 4995,user4995@example.com,København,4815.95,plain note 4995,"a,b,c",false
4996,User 4996,user4996@example.com,Москва,4852.96,plain note 4996,solo,true
4997,User 4997,user4997@example.com,東京,4889.97,plain note 4997,solo,false
4998,User 4998,user4998@example.com,Paris,4926.98,"said ""hi"", then left","a,b,c",true
4999,User 4999,user4999@example.com,Lima,4963.99,plain note 4999,solo,false
5000,User 5000,user5000@example.com,Amsterdam,5000.0,plain note 5000,solo,true
5001,User 5001,user5001@example.com,Bratislava,5037.1,plain note 5001,"a,b,c",false
5002,User 5002,user5002@example.com,Zürich,5074.2,plain note 5002,solo,true
5003,User 5003,user5003@example.com,København,5111.3,plain note 5003,solo,false
5004,User 5004,user5004@example.com,Москва,5148.4,plain note 5004,"a,b,c",true
5005,User 5005,user5005@example.com,東京,5185.5,"said ""hi"", then left",solo,false
5006,User 5006,user5006@example.com,Paris,5222.6,plain note 5006,solo,true
5007,User 5007,user5007@example.com,Lima,5259.7,plain note 5007,"a,b,c",false
5008,User 5008,user5008@example.com,Amsterdam,5296.8,plain note 5008,solo,true
5009,User 5009,user5009@example.com,Bratislava,5333.9,plain note 5009,solo,false
5010,User 5010,user5010@example.com,Zürich,5370.10,plain note 5010,"a,b,c",true
5011,User 5011,user5011@example.com,København,5407.11,plain note 5011,solo,false
5012,User 5012,user5012@example.com,Москва,5444.12,"said ""hi"", then left",solo,true
5013,User 5013,user5013@example.com,東京,5481.13,plain note 5013,"a,b,c",false
5014,User 5014,user5014@example.com,Paris,5518.14,plain note 5014,solo,true
5015,User 5015,user5015@example.com,Lima,5555.15,plain note 5015,solo,false
5016,User 5016,user5016@example.com,Amsterdam,5592.16,"line one
line two","a,b,c",true
5017,User 5017,user5017@example.com,Bratislava,5629.17,plain note 5017,solo,false
5018,User 5018,user5018@example.com,Zürich,5666.18,plain note 5018,solo,true
5019,User 5019,user5019@example.com,København,5703.19,"said ""hi"", then left","a,b,c",false
5020,User 5020,user5020@example.com,Москва,5740.20,plain note 5020,solo,true
5021,User 5021,user5021@example.com,東京,5777.21,plain note 5021,solo,false
5022,User 5022,user5022@example.com,Paris,5814.22,plain note 5022,"a,b,c",true
5023,User 5023,user5023@example.com,Lima,5851.23,plain note 5023,solo,false
5024,User 5024,user5024@example.com,Amsterdam,5888.24,plain note 5024,solo,true
5025,User 5025,user5025@example.com,Bratislava,5925.25,plain note 5025,"a,b,c",false
5026,User 5026,user5026@example.com,Zürich,5962.26,"said ""hi"", then left",solo,true
5027,User 5027,user5027@example.com,København,5999.27,"line one
line two",solo,false
5028,User 5028,user5028@example.com,Москва,6036.28,plain note 5028,"a,b,c",true
5029,User 5029,user5029@example.com,東京,6073.29,plain note 5029,solo,false
5030,User 5030,user5030@example.com,Paris,6110.30,plain note 5030,solo,true
5031,User 5031,user5031@example.com,Lima,6147.31,plain note 5031,"a,b,c",false
5032,User 5032,user5032@example.com,Amsterdam,6184.32,plain note 5032,solo,true
5033,User 5033,user5033@example.com,Bratislava,6221.33,"said ""hi"", then left",solo,false
5034,User 5034,user5034@example.com,Zürich,6258.34,plain note 5034,"a,b,c",true
5035,User 5035,user5035@example.com,København,6295.35,plain note 5035,solo,false
5036,User 5036,user5036@example.com,Москва,6332.36,plain note 5036,solo,true
5037,User 5037,user5037@example.com,東京,6369.37,plain note 5037,"a,b,c",false
5038,User 5038,user5038@example.com,Paris,6406.38,"line one
line two",solo,true
5039,User 5039,user5039@example.com,Lima,6443.39,plain note 5039,solo,false
5040,User 5040,user5040@example.com,Amsterdam,6480.40,"said ""hi"", then left","a,b,c",true
5041,User 5041,user5041@example.com,Bratislava,6517.41,plain note 5041,solo,false
5042,User 5042,user5042@example.com,Zürich,6554.42,plain note 5042,solo,true
5043,User 5043,user5043@example.com,København,6591.43,plain note 5043,"a,b,c",false
5044,User 5044,user5044@example.com,Москва,6628.44,plain note 5044,solo,true
5045,User 5045,user5045@example.com,東京,6665.45,plain note 5045,solo,false
5046,User 5046,user5046@example.com,Paris,6702.46,plain note 5046,"a,b,c",true
5047,User 5047,user5047@example.com,Lima,6739.47,"said ""hi"", then left",solo,false
5048,User 5048,user5048@example.com,Amsterdam,6776.48,plain note 5048,solo,true
5049,User 5049,user5049@example.com,Bratislava,6813.49,"line one
line two","a,b,c",false
5050,User 5050,user5050@example.com,Zürich,6850.50,plain note 5050,solo,true
5051,User 5051,user5051@example.com,København,6887.51,plain note 5051,solo,false
5052,User 5052,user5052@example.com,Москва,6924.52,plain note 5052,"a,b,c",true
5053,User 5053,user5053@example.com,東京,6961.53,plain note 5053,solo,false
5054,User 5054,user5054@example.com,Paris,6998.54,"said ""hi"", then left",solo,true
5055,User 5055,user5055@example.com,Lima,7035.55,plain note 5055,"a,b,c",false
5056,User 5056,user5056@example.com,Amsterdam,7072.56,plain note 5056,solo,true
5057,User 5057,user5057@example.com,Bratislava,7109.57,plain note 5057,solo,false
5058,User 5058,user5058@example.com,Zürich,7146.58,plain note 5058,"a,b,c",true
5059,User 5059,user5059@example.com,København,7183.59,plain note 5059,solo,false
5060,User 5060,user5060@example.com,Москва,7220.60,"line one
line two",solo,true
5061,User 5061,user5061@example.com,東京,7257.61,"said ""hi"", then left","a,b,c",false
5062,User 5062,user5062@example.com,Paris,7294.62,plain note 5062,solo,true
5063,User 5063,user5063@example.com,Lima,7331.63,plain note 5063,solo,false
5064,User 5064,user5064@example.com,Amsterdam,7368.64,plain note 5064,"a,b,c",true
5065,User 5065,user5065@example.com,Bratislava,7405.65,plain note 5065,solo,false
5066,User 5066,user5066@example.com,Zürich,7442.66,plain note 5066,solo,true
5067,User 5067,user5067@example.com,København,7479.67,plain note 5067,"a,b,c",false
5068,User 5068,user5068@example.com,Москва,7516.68,"said ""hi"", then left",solo,true
5069,User 5069,user5069@example.com,東京,7553.69,plain note 5069,solo,false
5070,User 5070,user5070@example.com,Paris,7590.70,plain note 5070,"a,b,c",true
5071,User 5071,user5071@example.com,Lima,7627.71,"line one
line two",solo,false
5072,User 5072,user5072@example.com,Amsterdam,7664.72,plain note 5072,solo,true
5073,User 5073,user5073@example.com,Bratislava,7701.73,plain note 5073,"a,b,c",false
5074,User 5074,user5074@example.com,Zürich,7738.74,plain note 5074,solo,true
5075,User 5075,user5075@example.com,København,7775.75,"said ""hi"", then left",solo,false
5076,User 5076,user5076@example.com,Москва,7812.76,plain note 5076,"a,b,c",true
5077,User 5077,user5077@example.com,東京,7849.77,plain note 5077,solo,false
5078,User 5078,user5078@example.com,Paris,7886.78,plain note 5078,solo,true
5079,User 5079,user5079@example.com,Lima,7923.79,plain note 5079,"a,b,c",false
5080,User 5080,user5080@example.com,Amsterdam,7960.80,plain note 5080,solo,true
5081,User 5081,user5081@example.com,Bratislava,7997.81,plain note 5081,solo,false
5082,User 5082,user5082@example.com,Zürich,8034.82,"said ""hi"", then left","a,b,c",true
5083,User 5083,user5083@example.com,København,8071.83,plain note 5083,solo,false
5084,User 5084,user5084@example.com,Москва,8108.84,plain note 5084,solo,true
5085,User 5085,user5085@example.com,東京,8145.85,plain note 5085,"a,b,c",false
5086,User 5086,user5086@example.com,Paris,8182.86,plain note 5086,solo,true
5087,User 5087,user5087@example.com,Lima,8219.87,plain note 5087,solo,false
5088,User 5088,user5088@example.com,Amsterdam,8256.88,plain note 5088,"a,b,c",true
5089,User 5089,user5089@example.com,Bratislava,8293.89,"said ""hi"", then left",solo,false
5090,User 5090,user5090@example.com,Zürich,8330.90,plain note 5090,solo,true
5091,User 5091,user5091@example.com,København,8367.91,plain note 5091,"a,b,c",false
5092,User 5092,user5092@example.com,Москва,8404.92,plain note 5092,solo,true
5093,User 5093,user5093@example.com,東京,8441.93,"line one
line two",solo,false
5094,User 5094,user5094@example.com,Paris,8478.94,plain note 5094,"a,b,c",true
5095,User 5095,user5095@example.com,Lima,8515.95,plain note 5095,solo,false
5096,User 5096,user5096@example.com,Amsterdam,8552.96,"said ""hi"", then left",solo,true
5097,User 5097,user5097@example.com,Bratislava,8589.97,plain note 5097,"a,b,c",false
5098,User 5098,user5098@example.com,Zürich,8626.98,plain note 5098,solo,true
5099,User 5099,user5099@example.com,København,8663.99,plain note 5099,solo,false
5100,User 5100,user5100@example.com,Москва,8700.0,plain note 5100,"a,b,c",true
5101,User 5101,user5101@example.com,東京,8737.1,plain note 5101,solo,false
5102,User 5102,user5102@example.com,Paris,8774.2,plain note 5102,solo,true
5103,User 5103,user5103@example.com,Lima,8811.3,"said ""hi"", then left","a,b,c",false
5104,User 5104,user5104@example.com,Amsterdam,8848.4,"line one
line two",solo,true
5105,User 5105,user5105@example.com,Bratislava,8885.5,plain note 5105,solo,false
5106,User 5106,user5106@example.com,Zürich,8922.6,plain note 5106,"a,b,c",true
5107,User 5107,user5107@example.com,København,8959.7,plain note 5107,solo,false
5108,User 5108,user5108@example.com,Москва,8996.8,plain note 5108,solo,true
5109,User 5109,user5109@example.com,東京,9033.9,plain note 5109,"a,b,c",false
5110,User 5110,user5110@example.com,Paris,9070.10,"said ""hi"", then left",solo,true
5111,User 5111,user5111@example.com,Lima,9107.11,plain note 5111,solo,false
5112,User 5112,user5112@example.com,Amsterdam,9144.12,plain note 5112,"a,b,c",true
5113,User 5113,user5113@example.com,Bratislava,9181.13,plain note 5113,solo,false
5114,User 5114,user5114@example.com,Zürich,9218.14,plain note 5114,solo,true
5115,User 5115,user5115@example.com,København,9255.15,"line one
line two","a,b,c",false
5116,User 5116,user5116@example.com,Москва,9292.16,plain note 5116,solo,true
5117,User 5117,user5117@example.com,東京,9329.17,"said ""hi"", then left",solo,false
5118,User 5118,user5118@example.com,Paris,9366.18,plain note 5118,"a,b,c",true
5119,User 5119,user5119@example.com,Lima,9403.19,plain note 5119,solo,false
5120,User 5120,user5120@example.com,Amsterdam,9440.20,plain note 5120,solo,true
5121,User 5121,user5121@example.com,Bratislava,9477.21,plain note 5121,"a,b,c",false
5122,User 5122,user5122@example.com,Zürich,9514.22,plain note 5122,solo,true
5123,User 5123,user5123@example.com,København,9551.23,plain note 5123,solo,false
5124,User 5124,user5124@example.com,Москва,9588.24,"said ""hi"", then left","a,b,c",true
5125,User 5125,user5125@example.com,東京,9625.25,plain note 5125,solo,false
5126,User 5126,user5126@example.com,Paris,9662.26,"line one
line two",solo,true
5127,User 5127,user5127@example.com,Lima,9699.27,plain note 5127,"a,b,c",false
5128,User 5128,user5128@example.com,Amsterdam,9736.28,plain note 5128,solo,true
5129,User 5129,user5129@example.com,Bratislava,9773.29,plain note 5129,solo,false
5130,User 5130,user5130@example.com,Zürich,9810.30,plain note 5130,"a,b,c",true
5131,User 5131,user5131@example.com,København,9847.31,"said ""hi"", then left",solo,false
5132,User 5132,user5132@example.com,Москва,9884.32,plain note 5132,solo,true
5133,User 5133,user5133@example.com,東京,9921.33,plain note 5133,"a,b,c",false
5134,User 5134,user5134@example.com,Paris,9958.34,plain note 5134,solo,true
5135,User 5135,user5135@example.com,Lima,9995.35,plain note 5135,solo,false
5136,User 5136,user5136@example.com,Amsterdam,32.36,plain note 5136,"a,b,c",true
5137,User 5137,user5137@example.com,Bratislava,69.37,"line one
line two",solo,false
5138,User 5138,user5138@example.com,Zürich,106.38,"said ""hi"", then left",solo,true
5139,User 5139,user5139@example.com,København,143.39,plain note 5139,"a,b,c",false
5140,User 5140,user5140@example.com,Москва,180.40,plain note 5140,solo,true
5141,User 5141,user5141@example.com,東京,217.41,plain note 5141,solo,false
5142,User 5142,user5142@example.com,Paris,254.42,plain note 5142,"a,b,c",true
5143,User 5143,user5143@example.com,Lima,291.43,plain note 5143,solo,false
5144,User 5144,user5144@example.com,Amsterdam,328.44,plain note 5144,solo,true
5145,User 5145,user5145@example.com,Bratislava,365.45,"said ""hi"", then left","a,b,c",false
5146,User 5146,user5146@example.com,Zürich,402.46,plain note 5146,solo,true
5147,User 5147,user5147@example.com,København,439.47,plain note 5147,solo,false
5148,User 5148,user5148@example.com,Москва,476.48,"line one
line two","a,b,c",true
5149,User 5149,user5149@example.com,東京,513.49,plain note 5149,solo,false
5150,User 5150,user5150@example.com,Paris,550.50,plain note 5150,solo,true
5151,User 5151,user5151@example.com,Lima,587.51,plain note 5151,"a,b,c",false
5152,User 5152,user5152@example.com,Amsterdam,624.52,"said ""hi"", then left",solo,true
5153,User 5153,user5153@example.com,Bratislava,661.53,plain note 5153,solo,false
5154,User 5154,user5154@example.com,Zürich,698.54,plain note 5154,"a,b,c",true
5155,User 5155,user5155@example.com,København,735.55,plain note 5155,solo,false
5156,User 5156,user5156@example.com,Москва,772.56,plain note 5156,solo,true
5157,User 5157,user5157@example.com,東京,809.57,plain note 5157,"a,b,c",false
5158,User 5158,user5158@example.com,Paris,846.58,plain note 5158,solo,true
5159,User 5159,user5159@example.com,Lima,883.59,"said ""hi"", then left",solo,false
5160,User 5160,user5160@example.com,Amsterdam,920.60,plain note 5160,"a,b,c",true
5161,User 5161,user5161@example.com,Bratislava,957.61,plain note 5161,solo,false
5162,User 5162,user5162@example.com,Zürich,994.62,plain note 5162,solo,true
5163,User 5163,user5163@example.com,København,1031.63,plain note 5163,"a,b,c",false
5164,User 5164,user5164@example.com,Москва,1068.64,plain note 5164,solo,true
5165,User 5165,user5165@example.com,東京,1105.65,plain note 5165,solo,false
5166,User 5166,user5166@example.com,Paris,1142.66,"said ""hi"", then left","a,b,c",true
5167,User 5167,user5167@example.com,Lima,1179.67,plain note 5167,solo,false
5168,User 5168,user5168@example.com,Amsterdam,1216.68,plain note 5168,solo,true
5169,User 5169,user5169@example.com,Bratislava,1253.69,plain note 5169,"a,b,c",false
5170,User 5170,user5170@example.com,Zürich,1290.70,"line one
line two",solo,true
5171,User 5171,user5171@example.com,København,1327.71,plain note 5171,solo,false
5172,User 5172,user5172@example.com,Москва,1364.72,plain note 5172,"a,b,c",true
5173,User 5173,user5173@example.com,東京,1401.73,"said ""hi"", then left",solo,false
5174,User 5174,user5174@example.com,Paris,1438.74,plain note 5174,solo,true
5175,User 5175,user5175@example.com,Lima,1475.75,plain note 5175,"a,b,c",false
5176,User 5176,user5176@example.com,Amsterdam,1512.76,plain note 5176,solo,true
5177,User 5177,user5177@example.com,Bratislava,1549.77,plain note 5177,solo,false
5178,User 5178,user5178@example.com,Zürich,1586.78,plain note 5178,"a,b,c",true
5179,User 5179,user5179@example.com,København,1623.79,plain note 5179,solo,false
5180,User 5180,user5180@example.com,Москва,1660.80,"said ""hi"", then left",solo,true
5181,User 5181,user5181@example.com,東京,1697.81,"line one
line two","a,b,c",false
5182,User 5182,user5182@example.com,Paris,1734.82,plain note 5182,solo,true
5183,User 5183,user5183@example.com,Lima,1771.83,plain note 5183,solo,false
5184,User 5184,user5184@example.com,Amsterdam,1808.84,plain note 5184,"a,b,c",true
5185,User 5185,user5185@example.com,Bratislava,1845.85,plain note 5185,solo,false
5186,User 5186,user5186@example.com,Zürich,1882.86,plain note 5186,solo,true
5187,User 5187,user5187@example.com,København,1919.87,"said ""hi"", then left","a,b,c",false
5188,User 5188,user5188@example.com,Москва,1956.88,plain note 5188,solo,true
5189,User 5189,user5189@example.com,東京,1993.89,plain note 5189,solo,false
5190,User 5190,user5190@example.com,Paris,2030.90,plain note 5190,"a,b,c",true
5191,User 5191,user5191@example.com,Lima,2067.91,plain note 5191,solo,false
5192,User 5192,user5192@example.com,Amsterdam,2104.92,"line one
line two",solo,true
5193,User 5193,user5193@example.com,Bratislava,2141.93,plain note 5193,"a,b,c",false
5194,User 5194,user5194@example.com,Zürich,2178.94,"said ""hi"", then left",solo,true
5195,User 5195,user5195@example.com,København,2215.95,plain note 5195,solo,false
5196,User 5196,user5196@example.com,Москва,2252.96,plain note 5196,"a,b,c",true
5197,User 5197,user5197@example.com,東京,2289.97,plain note 5197,solo,false
5198,User 5198,user5198@example.com,Paris,2326.98,plain note 5198,solo,true
5199,User 5199,user5199@example.com,Lima,2363.99,plain note 5199,"a,b,c",false
5200,User 5200,user5200@example.com,Amsterdam,2400.0,plain note 5200,solo,true
5201,User 5201,user5201@example.com,Bratislava,2437.1,"said ""hi"", then left",solo,false
5202,User 5202,user5202@example.com,Zürich,2474.2,plain note 5202,"a,b,c",true
5203,User 5203,user5203@example.com,København,2511.3,"line one
line two",solo,false
5204,User 5204,user5204@example.com,Москва,2548.4,plain note 5204,solo,true
5205,User 5205,user5205@example.com,東京,2585.5,plain note 5205,"a,b,c",false
5206,User 5206,user5206@example.com,Paris,2622.6,plain note 5206,solo,true
5207,User 5207,user5207@example.com,Lima,2659.7,plain note 5207,solo,false
5208,User 5208,user5208@example.com,Amsterdam,2696.8,"said ""hi"", then left","a,b,c",true
5209,User 5209,user5209@example.com,Bratislava,2733.9,plain note 5209,solo,false
5210,User 5210,user5210@example.com,Zürich,2770.10,plain note 5210,solo,true
5211,User 5211,user5211@example.com,København,2807.11,plain note 5211,"a,b,c",false
5212,User 5212,user5212@example.com,Москва,2844.12,plain note 5212,solo,true
5213,User 5213,user5213@example.com,東京,2881.13,plain note 5213,solo,false
5214,User 5214,user5214@example.com,Paris,2918.14,"line one
line two","a,b,c",true
5215,User 5215,user5215@example.com,Lima,2955.15,"said ""hi"", then left",solo,false
5216,User 5216,user5216@example.com,Amsterdam,2992.16,plain note 5216,solo,true
5217,User 5217,user5217@example.com,Bratislava,3029.17,plain note 5217,"a,b,c",false
5218,User 5218,user5218@example.com,Zürich,3066.18,plain note 5218,solo,true
5219,User 5219,user5219@example.com,København,3103.19,plain note 5219,solo,false
5220,User 5220,user5220@example.com,Москва,3140.20,plain note 5220,"a,b,c",true
5221,User 5221,user5221@example.com,東京,3177.21,plain note 5221,solo,false
5222,User 5222,user5222@example.com,Paris,3214.22,"said ""hi"", then left",solo,true
5223,User 5223,user5223@example.com,Lima,3251.23,plain note 5223,"a,b,c",false
5224,User 5224,user5224@example.com,Amsterdam,3288.24,plain note 5224,solo,true
5225,User 5225,user5225@example.com,Bratislava,3325.25,"line one
line two",solo,false
5226,User 5226,user5226@example.com,Zürich,3362.26,plain note 5226,"a,b,c",true
5227,User 5227,user5227@example.com,København,3399.27,plain note 5227,solo,false
5228,User 5228,user5228@example.com,Москва,3436.28,plain note 5228,solo,true
5229,User 5229,user5229@example.com,東京,3473.29,"said ""hi"", then left","a,b,c",false
5230,User 5230,user5230@example.com,Paris,3510.30,plain note 5230,solo,true
5231,User 5231,user5231@example.com,Lima,3547.31,plain note 5231,solo,false
5232,User 5232,user5232@example.com,Amsterdam,3584.32,plain note 5232,"a,b,c",true
5233,User 5233,user5233@example.com,Bratislava,3621.33,plain note 5233,solo,false
5234,User 5234,user5234@example.com,Zürich,3658.34,plain note 5234,solo,true
5235,User 5235,user5235@example.com,København,3695.35,plain note 5235,"a,b,c",false
5236,User 5236,user5236@example.com,Москва,3732.36,"said ""hi"", then left",solo,true
5237,User 5237,user5237@example.com,東京,3769.37,plain note 5237,solo,false
5238,User 5238,user5238@example.com,Paris,3806.38,plain note 5238,"a,b,c",true
5239,User 5239,user5239@example.com,Lima,3843.39,plain note 5239,solo,false
5240,User 5240,user5240@example.com,Amsterdam,3880.40,plain note 5240,solo,true
5241,User 5241,user5241@example.com,Bratislava,3917.41,plain note 5241,"a,b,c",false
5242,User 5242,user5242@example.com,Zürich,3954.42,plain note 5242,solo,true
5243,User 5243,user5243@example.com,København,3991.43,"said ""hi"", then left",solo,false
5244,User 5244,user5244@example.com,Москва,4028.44,plain note 5244,"a,b,c",true
5245,User 5245,user5245@example.com,東京,4065.45,plain note 5245,solo,false
5246,User 5246,user5246@example.com,Paris,4102.46,plain note 5246,solo,true
5247,User 5247,user5247@example.com,Lima,4139.47,"line one
line two","a,b,c",false
5248,User 5248,user5248@example.com,Amsterdam,4176.48,plain note 5248,solo,true
5249,User 5249,user5249@example.com,Bratislava,4213.49,plain note 5249,solo,false
5250,User 5250,user5250@example.com,Zürich,4250.50,"said ""hi"", then left","a,b,c",true
5251,User 5251,user5251@example.com,København,4287.51,plain note 5251,solo,false
5252,User 5252,user5252@example.com,Москва,4324.52,plain note 5252,solo,true
5253,User 5253,user5253@example.com,東京,4361.53,plain note 5253,"a,b,c",false
5254,User 5254,user5254@example.com,Paris,4398.54,plain note 5254,solo,true
5255,User 5255,user5255@example.com,Lima,4435.55,plain note 5255,solo,false
5256,User 5256,user5256@example.com,Amsterdam,4472.56,plain note 5256,"a,b,c",true
5257,User 5257,user5257@example.com,Bratislava,4509.57,"said ""hi"", then left",solo,false
5258,User 5258,user5258@example.com,Zürich,4546.58,"line one
line two",solo,true
5259,User 5259,user5259@example.com,København,4583.59,plain note 5259,"a,b,c",false
5260,User 5260,user5260@example.com,Москва,4620.60,plain note 5260,solo,true
5261,User 5261,user5261@example.com,東京,4657.61,plain note 5261,solo,false
5262,User 5262,user5262@example.com,Paris,4694.62,plain note 5262,"a,b,c",true
5263,User 5263,user5263@example.com,Lima,4731.63,plain note 5263,solo,false
5264,User 5264,user5264@example.com,Amsterdam,4768.64,"said ""hi"", then left",solo,true
5265,User 5265,user5265@example.com,Bratislava,4805.65,plain note 5265,"a,b,c",false
5266,User 5266,user5266@example.com,Zürich,4842.66,plain note 5266,solo,true
5267,User 5267,user5267@example.com,København,4879.67,plain note 5267,solo,false
5268,User 5268,user5268@example.com,Москва,4916.68,plain note 5268,"a,b,c",true
5269,User 5269,user5269@example.com,東京,4953.69,"line one
line two",solo,false
5270,User 5270,user5270@example.com,Paris,4990.70,plain note 5270,solo,true
5271,User 5271,user5271@example.com,Lima,5027.71,"said ""hi"", then left","a,b,c",false
5272,User 5272,user5272@example.com,Amsterdam,5064.72,plain note 5272,solo,true
5273,User 5273,user5273@example.com,Bratislava,5101.73,plain note 5273,solo,false
5274,User 5274,user5274@example.com,Zürich,5138.74,plain note 5274,"a,b,c",true
5275,User 5275,user5275@example.com,København,5175.75,plain note 5275,solo,false
5276,User 5276,user5276@example.com,Москва,5212.76,plain note 5276,solo,true
5277,User 5277,user5277@example.com,東京,5249.77,plain note 5277,"a,b,c",false
5278,User 5278,user5278@example.com,Paris,5286.78,"said ""hi"", then left",solo,true
5279,User 5279,user5279@example.com,Lima,5323.79,plain note 5279,solo,false
5280,User 5280,user5280@example.com,Amsterdam,5360.80,"line one
line two","a,b,c",true
5281,User 5281,user5281@example.com,Bratislava,5397.81,plain note 5281,solo,false
5282,User 5282,user5282@example.com,Zürich,5434.82,plain note 5282,solo,true
5283,User 5283,user5283@example.com,København,5471.83,plain note 5283,"a,b,c",false
5284,User 5284,user5284@example.com,Москва,5508.84,plain note 5284,solo,true
5285,User 5285,user5285@example.com,東京,5545.85,"said ""hi"", then left",solo,false
5286,User 5286,user5286@example.com,Paris,5582.86,plain note 5286,"a,b,c",true
5287,User 5287,user5287@example.com,Lima,5619.87,plain note 5287,solo,false
5288,User 5288,user5288@example.com,Amsterdam,5656.88,plain note 5288,solo,true
5289,User 5289,user5289@example.com,Bratislava,5693.89,plain note 5289,"a,b,c",false
5290,User 5290,user5290@example.com,Zürich,5730.90,plain note 5290,solo,true
5291,User 5291,user5291@example.com,København,5767.91,"line one
line two",solo,false
5292,User 5292,user5292@example.com,Москва,5804.92,"said ""hi"", then left","a,b,c",true
5293,User 5293,user5293@example.com,東京,5841.93,plain note 5293,solo,false
5294,User 5294,user5294@example.com,Paris,5878.94,plain note 5294,solo,true
5295,User 5295,user5295@example.com,Lima,5915.95,plain note 5295,"a,b,c",false
5296,User 5296,user5296@example.com,Amsterdam,5952.96,plain note 5296,solo,true
5297,User 5297,user5297@example.com,Bratislava,5989.97,plain note 5297,solo,false
5298,User 5298,user5298@example.com,Zürich,6026.98,plain note 5298,"a,b,c",true
5299,User 5299,user5299@example.com,København,6063.99,"said ""hi"", then left",solo,false
5300,User 5300,user5300@example.com,Москва,6100.0,plain note 5300,solo,true
5301,User 5301,user5301@example.com,東京,6137.1,plain note 5301,"a,b,c",false
5302,User 5302,user5302@example.com,Paris,6174.2,"line one
line two",solo,true
5303,User 5303,user5303@example.com,Lima,6211.3,plain note 5303,solo,false
5304,User 5304,user5304@example.com,Amsterdam,6248.4,plain note 5304,"a,b,c",true
5305,User 5305,user5305@example.com,Bratislava,6285.5,plain note 5305,solo,false
5306,User 5306,user5306@example.com,Zürich,6322.6,"said ""hi"", then left",solo,true
5307,User 5307,user5307@example.com,København,6359.7,plain note 5307,"a,b,c",false
5308,User 5308,user5308@example.com,Москва,6396.8,plain note 5308,solo,true
5309,User 5309,user5309@example.com,東京,6433.9,plain note 5309,solo,false
5310,User 5310,user5310@example.com,Paris,6470.10,plain note 5310,"a,b,c",true
5311,User 5311,user5311@example.com,Lima,6507.11,plain note 5311,solo,false
5312,User 5312,user5312@example.com,Amsterdam,6544.12,plain note 5312,solo,true
5313,User 5313,user5313@example.com,Bratislava,6581.13,"said ""hi"", then left","a,b,c",false
5314,User 5314,user5314@example.com,Zürich,6618.14,plain note 5314,solo,true
5315,User 5315,user5315@example.com,København,6655.15,plain note 5315,solo,false
5316,User 5316,user5316@example.com,Москва,6692.16,plain note 5316,"a,b,c",true
5317,User 5317,user5317@example.com,東京,6729.17,plain note 5317,solo,false
5318,User 5318,user5318@example.com,Paris,6766.18,plain note 5318,solo,true
5319,User 5319,user5319@example.com,Lima,6803.19,plain note 5319,"a,b,c",false
5320,User 5320,user5320@example.com,Amsterdam,6840.20,"said ""hi"", then left",solo,true
5321,User 5321,user5321@example.com,Bratislava,6877.21,plain note 5321,solo,false
5322,User 5322,user5322@example.com,Zürich,6914.22,plain note 5322,"a,b,c",true
5323,User 5323,user5323@example.com,København,6951.23,plain note 5323,solo,false
5324,User 5324,user5324@example.com,Москва,6988.24,"line one
line two",solo,true
5325,User 5325,user5325@example.com,東京,7025.25,plain note 5325,"a,b,c",false
5326,User 5326,user5326@example.com,Paris,7062.26,plain note 5326,solo,true
5327,User 5327,user5327@example.com,Lima,7099.27,"said ""hi"", then left",solo,false
5328,User 5328,user5328@example.com,Amsterdam,7136.28,plain note 5328,"a,b,c",true
5329,User 5329,user5329@example.com,Bratislava,7173.29,plain note 5329,solo,false
5330,User 5330,user5330@example.com,Zürich,7210.30,plain note 5330,solo,true
5331,User 5331,user5331@example.com,København,7247.31,plain note 5331,"a,b,c",false
5332,User 5332,user5332@example.com,Москва,7284.32,plain note 5332,solo,true
5333,User 5333,user5333@example.com,東京,7321.33,plain note 5333,solo,false
5334,User 5334,user5334@example.com,Paris,7358.34,"said ""hi"", then left","a,b,c",true
5335,User 5335,user5335@example.com,Lima,7395.35,"line one
line two",solo,false
5336,User 5336,user5336@example.com,Amsterdam,7432.36,plain note 5336,solo,true
5337,User 5337,user5337@example.com,Bratislava,7469.37,plain note 5337,"a,b,c",false
5338,User 5338,user5338@example.com,Zürich,7506.38,plain note 5338,solo,true
5339,User 5339,user5339@example.com,København,7543.39,plain note 5339,solo,false
5340,User 5340,user5340@example.com,Москва,7580.40,plain note 5340,"a,b,c",true
5341,User 5341,user5341@example.com,東京,7617.41,"said ""hi"", then left",solo,false
5342,User 5342,user5342@example.com,Paris,7654.42,plain note 5342,solo,true
5343,User 5343,user5343@example.com,Lima,7691.43,plain note 5343,"a,b,c",false
5344,User 5344,user5344@example.com,Amsterdam,7728.44,plain note 5344,solo,true
5345,User 5345,user5345@example.com,Bratislava,7765.45,plain note 5345,solo,false
5346,User 5346,user5346@example.com,Zürich,7802.46,"line one
line two","a,b,c",true
5347,User 5347,user5347@example.com,København,7839.47,plain note 5347,solo,false
5348,User 5348,user5348@example.com,Москва,7876.48,"said ""hi"", then left",solo,true
5349,User 5349,user5349@example.com,東京,7913.49,plain note 5349,"a,b,c",false
5350,User 5350,user5350@example.com,Paris,7950.50,plain note 5350,solo,true
5351,User 5351,user5351@example.com,Lima,7987.51,plain note 5351,solo,false
5352,User 5352,user5352@example.com,Amsterdam,8024.52,plain note 5352,"a,b,c",true
5353,User 5353,user5353@example.com,Bratislava,8061.53,plain note 5353,solo,false
5354,User 5354,user5354@example.com,Zürich,8098.54,plain note 5354,solo,true
5355,User 5355,user5355@example.com,København,8135.55,"said ""hi"", then left","a,b,c",false
5356,User 5356,user5356@example.com,Москва,8172.56,plain note 5356,solo,true
5357,User 5357,user5357@example.com,東京,8209.57,"line one
line two",solo,false
5358,User 5358,user5358@example.com,Paris,8246.58,plain note 5358,"a,b,c",true
5359,User 5359,user5359@example.com,Lima,8283.59,plain note 5359,solo,false
5360,User 5360,user5360@example.com,Amsterdam,8320.60,plain note 5360,solo,true
5361,User 5361,user5361@example.com,Bratislava,8357.61,plain note 5361,"a,b,c",false
5362,User 5362,user5362@example.com,Zürich,8394.62,"said ""hi"", then left",solo,true
5363,User 5363,user5363@example.com,København,8431.63,plain note 5363,solo,false
5364,User 5364,user5364@example.com,Москва,8468.64,plain note 5364,"a,b,c",true
5365,User 5365,user5365@example.com,東京,8505.65,plain note 5365,solo,false
5366,User 5366,user5366@example.com,Paris,8542.66,plain note 5366,solo,true
5367,User 5367,user5367@example.com,Lima,8579.67,plain note 5367,"a,b,c",false
5368,User 5368,user5368@example.com,Amsterdam,8616.68,"line one
line two",solo,true
5369,User 5369,user5369@example.com,Bratislava,8653.69,"said ""hi"", then left",solo,false
5370,User 5370,user5370@example.com,Zürich,8690.70,plain note 5370,"a,b,c",true
5371,User 5371,user5371@example.com,København,8727.71,plain note 5371,solo,false
5372,User 5372,user5372@example.com,Москва,8764.72,plain note 5372,solo,true
5373,User 5373,user5373@example.com,東京,8801.73,plain note 5373,"a,b,c",false
5374,User 5374,user5374@example.com,Paris,8838.74,plain note 5374,solo,true
5375,User 5375,user5375@example.com,Lima,8875.75,plain note 5375,solo,false
5376,User 5376,user5376@example.com,Amsterdam,8912.76,"said ""hi"", then left","a,b,c",true
5377,User 5377,user5377@example.com,Bratislava,8949.77,plain note 5377,solo,false
5378,User 5378,user5378@example.com,Zürich,8986.78,plain note 5378,solo,true
5379,User 5379,user5379@example.com,København,9023.79,"line one
line two","a,b,c",false
5380,User 5380,user5380@example.com,Москва,9060.80,plain note 5380,solo,true
5381,User 5381,user5381@example.com,東京,9097.81,plain note 5381,solo,false
5382,User 5382,user5382@example.com,Paris,9134.82,plain note 5382,"a,b,c",true
5383,User 5383,user5383@example.com,Lima,9171.83,"said ""hi"", then left",solo,false
5384,User 5384,user5384@example.com,Amsterdam,9208.84,plain note 5384,solo,true
5385,User 5385,user5385@example.com,Bratislava,9245.85,plain note 5385,"a,b,c",false
5386,User 5386,user5386@example.com,Zürich,9282.86,plain note 5386,solo,true
5387,User 5387,user5387@example.com,København,9319.87,plain note 5387,solo,false
5388,User 5388,user5388@example.com,Москва,9356.88,plain note 5388,"a,b,c",true
5389,User 5389,user5389@example.com,東京,9393.89,plain note 5389,solo,false
5390,User 5390,user5390@example.com,Paris,9430.90,"said ""hi"", then left",solo,true
5391,User 5391,user5391@example.com,Lima,9467.91,plain note 5391,"a,b,c",false
5392,User 5392,user5392@example.com,Amsterdam,9504.92,plain note 5392,solo,true
5393,User 5393,user5393@example.com,Bratislava,9541.93,plain note 5393,solo,false
5394,User 5394,user5394@example.com,Zürich,9578.94,plain note 5394,"a,b,c",true
5395,User 5395,user5395@example.com,København,9615.95,plain note 5395,solo,false
5396,User 5396,user5396@example.com,Москва,9652.96,plain note 5396,solo,true
5397,User 5397,user5397@example.com,東京,9689.97,"said ""hi"", then left","a,b,c",false
5398,User 5398,user5398@example.com,Paris,9726.98,plain note 5398,solo,true
5399,User 5399,user5399@example.com,Lima,9763.99,plain note 5399,solo,false
5400,User 5400,user5400@example.com,Amsterdam,9800.0,plain note 5400,"a,b,c",true
5401,User 5401,user5401@example.com,Bratislava,9837.1,"line one
line two",solo,false
5402,User 5402,user5402@example.com,Zürich,9874.2,plain note 5402,solo,true
5403,User 5403,user5403@example.com,København,9911.3,plain note 5403,"a,b,c",false
5404,User 5404,user5404@example.com,Москва,9948.4,"said ""hi"", then left",solo,true
5405,User 5405,user5405@example.com,東京,9985.5,plain note 5405,solo,false
5406,User 5406,user5406@example.com,Paris,22.6,plain note 5406,"a,b,c",true
5407,User 5407,user5407@example.com,Lima,59.7,plain note 5407,solo,false
5408,User 5408,user5408@example.com,Amsterdam,96.8,plain note 5408,solo,true
5409,User 5409,user5409@example.com,Bratislava,133.9,plain note 5409,"a,b,c",false
5410,User 5410,user5410@example.com,Zürich,170.10,plain note 5410,solo,true
5411,User 5411,user5411@example.com,København,207.11,"said ""hi"", then left",solo,false
5412,User 5412,user5412@example.com,Москва,244.12,"line one
line two","a,b,c",true
5413,User 5413,user5413@example.com,東京,281.13,plain note 5413,solo,false
5414,User 5414,user5414@example.com,Paris,318.14,plain note 5414,solo,true
5415,User 5415,user5415@example.com,Lima,355.15,plain note 5415,"a,b,c",false
5416,User 5416,user5416@example.com,Amsterdam,392.16,plain note 5416,solo,true
5417,User 5417,user5417@example.com,Bratislava,429.17,plain note 5417,solo,false
5418,User 5418,user5418@example.com,Zürich,466.18,"said ""hi"", then left","a,b,c",true
5419,User 5419,user5419@example.com,København,503.19,plain note 5419,solo,false
5420,User 5420,user5420@example.com,Москва,540.20,plain note 5420,solo,true
5421,User 5421,user5421@example.com,東京,577.21,plain note 5421,"a,b,c",false
5422,User 5422,user5422@example.com,Paris,614.22,plain note 5422,solo,true
5423,User 5423,user5423@example.com,Lima,651.23,"line one
line two",solo,false
5424,User 5424,user5424@example.com,Amsterdam,688.24,plain note 5424,"a,b,c",true
5425,User 5425,user5425@example.com,Bratislava,725.25,"said ""hi"", then left",solo,false
5426,User 5426,user5426@example.com,Zürich,762.26,plain note 5426,solo,true
5427,User 5427,user5427@example.com,København,799.27,plain note 5427,"a,b,c",false
5428,User 5428,user5428@example.com,Москва,836.28,plain note 5428,solo,true
5429,User 5429,user5429@example.com,東京,873.29,plain note 5429,solo,false
5430,User 5430,user5430@example.com,Paris,910.30,plain note 5430,"a,b,c",true
5431,User 5431,user5431@example.com,Lima,947.31,plain note 5431,solo,false
5432,User 5432,user5432@example.com,Amsterdam,984.32,"said ""hi"", then left",solo,true
5433,User 5433,user5433@example.com,Bratislava,1021.33,plain note 5433,"a,b,c",false
5434,User 5434,user5434@example.com,Zürich,1058.34,"line one
line two",solo,true
5435,User 5435,user5435@example.com,København,1095.35,plain note 5435,solo,false
5436,User 5436,user5436@example.com,Москва,1132.36,plain note 5436,"a,b,c",true
5437,User 5437,user5437@example.com,東京,1169.37,plain note 5437,solo,false
5438,User 5438,user5438@example.com,Paris,1206.38,plain note 5438,solo,true
5439,User 5439,user5439@example.com,Lima,1243.39,"said ""hi"", then left","a,b,c",false
5440,User 5440,user5440@example.com,Amsterdam,1280.40,plain note 5440,solo,true
5441,User 5441,user5441@example.com,Bratislava,1317.41,plain note 5441,solo,false
5442,User 5442,user5442@example.com,Zürich,1354.42,plain note 5442,"a,b,c",true
5443,User 5443,user5443@example.com,København,1391.43,plain note 5443,solo,false
5444,User 5444,user5444@example.com,Москва,1428.44,plain note 5444,solo,true
5445,User 5445,user5445@example.com,東京,1465.45,"line one
line two","a,b,c",false
5446,User 5446,user5446@example.com,Paris,1502.46,"said ""hi"", then left",solo,true
5447,User 5447,user5447@example.com,Lima,1539.47,plain note 5447,solo,false
5448,User 5448,user5448@example.com,Amsterdam,1576.48,plain note 5448,"a,b,c",true
5449,User 5449,user5449@example.com,Bratislava,1613.49,plain note 5449,solo,false
5450,User 5450,user5450@example.com,Zürich,1650.50,plain note 5450,solo,true
5451,User 5451,user5451@example.com,København,1687.51,plain note 5451,"a,b,c",false
5452,User 5452,user5452@example.com,Москва,1724.52,plain note 5452,solo,true
5453,User 5453,user5453@example.com,東京,1761.53,"said ""hi"", then left",solo,false
5454,User 5454,user5454@example.com,Paris,1798.54,plain note 5454,"a,b,c",true
5455,User 5455,user5455@example.com,Lima,1835.55,plain note 5455,solo,false
5456,User 5456,user5456@example.com,Amsterdam,1872.56,"line one
line two",solo,true
5457,User 5457,user5457@example.com,Bratislava,1909.57,plain note 5457,"a,b,c",false
5458,User 5458,user5458@example.com,Zürich,1946.58,plain note 5458,solo,true
5459,User 5459,user5459@example.com,København,1983.59,plain note 5459,solo,false
5460,User 5460,user5460@example.com,Москва,2020.60,"said ""hi"", then left","a,b,c",true
5461,User 5461,user5461@example.com,東京,2057.61,plain note 5461,solo,false
5462,User 5462,user5462@example.com,Paris,2094.62,plain note 5462,solo,true
5463,User 5463,user5463@example.com,Lima,2131.63,plain note 5463,"a,b,c",false
5464,User 5464,user5464@example.com,Amsterdam,2168.64,plain note 5464,solo,true
5465,User 5465,user5465@example.com,Bratislava,2205.65,plain note 5465,solo,false
5466,User 5466,user5466@example.com,Zürich,2242.66,plain note 5466,"a,b,c",true
5467,User 5467,user5467@example.com,København,2279.67,"said ""hi"", then left",solo,false
5468,User 5468,user5468@example.com,Москва,2316.68,plain note 5468,solo,true
5469,User 5469,user5469@example.com,東京,2353.69,plain note 5469,"a,b,c",false
5470,User 5470,user5470@example.com,Paris,2390.70,plain note 5470,solo,true
5471,User 5471,user5471@example.com,Lima,2427.71,plain note 5471,solo,false
5472,User 5472,user5472@example.com,Amsterdam,2464.72,plain note 5472,"a,b,c",true
5473,User 5473,user5473@example.com,Bratislava,2501.73,plain note 5473,solo,false
5474,User 5474,user5474@example.com,Zürich,2538.74,"said ""hi"", then left",solo,true
5475,User 5475,user5475@example.com,København,2575.75,plain note 5475,"a,b,c",false
5476,User 5476,user5476@example.com,Москва,2612.76,plain note 5476,solo,true
5477,User 5477,user5477@example.com,東京,2649.77,plain note 5477,solo,false
5478,User 5478,user5478@example.com,Paris,2686.78,"line one
line two","a,b,c",true
5479,User 5479,user5479@example.com,Lima,2723.79,plain note 5479,solo,false
5480,User 5480,user5480@example.com,Amsterdam,2760.80,plain note 5480,solo,true
5481,User 5481,user5481@example.com,Bratislava,2797.81,"said ""hi"", then left","a,b,c",false
5482,User 5482,user5482@example.com,Zürich,2834.82,plain note 5482,solo,true
5483,User 5483,user5483@example.com,København,2871.83,plain note 5483,solo,false
5484,User 5484,user5484@example.com,Москва,2908.84,plain note 5484,"a,b,c",true
5485,User 5485,user5485@example.com,東京,2945.85,plain note 5485,solo,false
5486,User 5486,user5486@example.com,Paris,2982.86,plain note 5486,solo,true
5487,User 5487,user5487@example.com,Lima,3019.87,plain note 5487,"a,b,c",false
5488,User 5488,user5488@example.com,Amsterdam,3056.88,"said ""hi"", then left",solo,true
5489,User 5489,user5489@example.com,Bratislava,3093.89,"line one
line two",solo,false
5490,User 5490,user5490@example.com,Zürich,3130.90,plain note 5490,"a,b,c",true
5491,User 5491,user5491@example.com,København,3167.91,plain note 5491,solo,false
5492,User 5492,user5492@example.com,Москва,3204.92,plain note 5492,solo,true
5493,User 5493,user5493@example.com,東京,3241.93,plain note 5493,"a,b,c",false
5494,User 5494,user5494@example.com,Paris,3278.94,plain note 5494,solo,true
5495,User 5495,user5495@example.com,Lima,3315.95,"said ""hi"", then left",solo,false
5496,User 5496,user5496@example.com,Amsterdam,3352.96,plain note 5496,"a,b,c",true
5497,User 5497,user5497@example.com,Bratislava,3389.97,plain note 5497,solo,false
5498,User 5498,user5498@example.com,Zürich,3426.98,plain note 5498,solo,true
5499,User 5499,user5499@example.com,København,3463.99,plain note 5499,"a,b,c",false
5500,User 5500,user5500@example.com,Москва,3500.0,"line one
line two",solo,true
5501,User 5501,user5501@example.com,東京,3537.1,plain note 5501,solo,false
5502,User 5502,user5502@example.com,Paris,3574.2,"said ""hi"", then left","a,b,c",true
5503,User 5503,user5503@example.com,Lima,3611.3,plain note 5503,solo,false
5504,User 5504,user5504@example.com,Amsterdam,3648.4,plain note 5504,solo,true
5505,User 5505,user5505@example.com,Bratislava,3685.5,plain note 5505,"a,b,c",false
5506,User 5506,user5506@example.com,Zürich,3722.6,plain note 5506,solo,true
5507,User 5507,user5507@example.com,København,3759.7,plain note 5507,solo,false
5508,User 5508,user5508@example.com,Москва,3796.8,plain note 5508,"a,b,c",true
5509,User 5509,user5509@example.com,東京,3833.9,"said ""hi"", then left",solo,false
5510,User 5510,user5510@example.com,Paris,3870.10,plain note 5510,solo,true
5511,User 5511,user5511@example.com,Lima,3907.11,"line one
line two","a,b,c",false
5512,User 5512,user5512@example.com,Amsterdam,3944.12,plain note 5512,solo,true
5513,User 5513,user5513@example.com,Bratislava,3981.13,plain note 5513,solo,false
5514,User 5514,user5514@example.com,Zürich,4018.14,plain note 5514,"a,b,c",true
5515,User 5515,user5515@example.com,København,4055.15,plain note 5515,solo,false
5516,User 5516,user5516@example.com,Москва,4092.16,"said ""hi"", then left",solo,true
5517,User 5517,user5517@example.com,東京,4129.17,plain note 5517,"a,b,c",false
5518,User 5518,user5518@example.com,Paris,4166.18,plain note 5518,solo,true
5519,User 5519,user5519@example.com,Lima,4203.19,plain note 5519,solo,false
5520,User 5520,user5520@example.com,Amsterdam,4240.20,plain note 5520,"a,b,c",true
5521,User 5521,user5521@example.com,Bratislava,4277.21,plain note 5521,solo,false
5522,User 5522,user5522@example.com,Zürich,4314.22,"line one
line two",solo,true
5523,User 5523,user5523@example.com,København,4351.23,"said ""hi"", then left","a,b,c",false
5524,User 5524,user5524@example.com,Москва,4388.24,plain note 5524,solo,true
5525,User 5525,user5525@example.com,東京,4425.25,plain note 5525,solo,false
5526,User 5526,user5526@example.com,Paris,4462.26,plain note 5526,"a,b,c",true
5527,User 5527,user5527@example.com,Lima,4499.27,plain note 5527,solo,false
5528,User 5528,user5528@example.com,Amsterdam,4536.28,plain note 5528,solo,true
5529,User 5529,user5529@example.com,Bratislava,4573.29,plain note 5529,"a,b,c",false
5530,User 5530,user5530@example.com,Zürich,4610.30,"said ""hi"", then left",solo,true
5531,User 5531,user5531@example.com,København,4647.31,plain note 5531,solo,false
5532,User 5532,user5532@example.com,Москва,4684.32,plain note 5532,"a,b,c",true
5533,User 5533,user5533@example.com,東京,4721.33,"line one
line two",solo,false
5534,User 5534,user5534@example.com,Paris,4758.34,plain note 5534,solo,true
5535,User 5535,user5535@example.com,Lima,4795.35,plain note 5535,"a,b,c",false
5536,User 5536,user5536@example.com,Amsterdam,4832.36,plain note 5536,solo,true
5537,User 5537,user5537@example.com,Bratislava,4869.37,"said ""hi"", then left",solo,false
5538,User 5538,user5538@example.com,Zürich,4906.38,plain note 5538,"a,b,c",true
5539,User 5539,user5539@example.com,København,4943.39,plain note 5539,solo,false
5540,User 5540,user5540@example.com,Москва,4980.40,plain note 5540,solo,true
5541,User 5541,user5541@example.com,東京,5017.41,plain note 5541,"a,b,c",false
5542,User 5542,user5542@example.com,Paris,5054.42,plain note 5542,solo,true
5543,User 5543,user5543@example.com,Lima,5091.43,plain note 5543,solo,false
5544,User 5544,user5544@example.com,Amsterdam,5128.44,"said ""hi"", then left","a,b,c",true
5545,User 5545,user5545@example.com,Bratislava,5165.45,plain note 5545,solo,false
5546,User 5546,user5546@example.com,Zürich,5202.46,plain note 5546,solo,true
5547,User 5547,user5547@example.com,København,5239.47,plain note 5547,"a,b,c",false
5548,User 5548,user5548@example.com,Москва,5276.48,plain note 5548,solo,true
5549,User 5549,user5549@example.com,東京,5313.49,plain note 5549,solo,false
5550,User 5550,user5550@example.com,Paris,5350.50,plain note 5550,"a,b,c",true
5551,User 5551,user5551@example.com,Lima,5387.51,"said ""hi"", then left",solo,false
5552,User 5552,user5552@example.com,Amsterdam,5424.52,plain note 5552,solo,true
5553,User 5553,user5553@example.com,Bratislava,5461.53,plain note 5553,"a,b,c",false
5554,User 5554,user5554@example.com,Zürich,5498.54,plain note 5554,solo,true
5555,User 5555,user5555@example.com,København,5535.55,"line one
line two",solo,false
5556,User 5556,user5556@example.com,Москва,5572.56,plain note 5556,"a,b,c",true
5557,User 5557,user5557@example.com,東京,5609.57,plain note 5557,solo,false
5558,User 5558,user5558@example.com,Paris,5646.58,"said ""hi"", then left",solo,true
5559,User 5559,user5559@example.com,Lima,5683.59,plain note 5559,"a,b,c",false
5560,User 5560,user5560@example.com,Amsterdam,5720.60,plain note 5560,solo,true
5561,User 5561,user5561@example.com,Bratislava,5757.61,plain note 5561,solo,false
5562,User 5562,user5562@example.com,Zürich,5794.62,plain note 5562,"a,b,c",true
5563,User 5563,user5563@example.com,København,5831.63,plain note 5563,solo,false
5564,User 5564,user5564@example.com,Москва,5868.64,plain note 5564,solo,true
5565,User 5565,user5565@example.com,東京,5905.65,"said ""hi"", then left","a,b,c",false
5566,User 5566,user5566@example.com,Paris,5942.66,"line one
line two",solo,true
5567,User 5567,user5567@example.com,Lima,5979.67,plain note 5567,solo,false
5568,User 5568,user5568@example.com,Amsterdam,6016.68,plain note 5568,"a,b,c",true
5569,User 5569,user5569@example.com,Bratislava,6053.69,plain note 5569,solo,false
5570,User 5570,user5570@example.com,Zürich,6090.70,plain note 5570,solo,true
5571,User 5571,user5571@example.com,København,6127.71,plain note 5571,"a,b,c",false
5572,User 5572,user5572@example.com,Москва,6164.72,"said ""hi"", then left",solo,true
5573,User 5573,user5573@example.com,東京,6201.73,plain note 5573,solo,false
5574,User 5574,user5574@example.com,Paris,6238.74,plain note 5574,"a,b,c",true
5575,User 5575,user5575@example.com,Lima,6275.75,plain note 5575,solo,false
5576,User 5576,user5576@example.com,Amsterdam,6312.76,plain note 5576,solo,true
5577,User 5577,user5577@example.com,Bratislava,6349.77,"line one
line two","a,b,c",false
5578,User 5578,user5578@example.com,Zürich,6386.78,plain note 5578,solo,true
5579,User 5579,user5579@example.com,København,6423.79,"said ""hi"", then left",solo,false
5580,User 5580,user5580@example.com,Москва,6460.80,plain note 5580,"a,b,c",true
5581,User 5581,user5581@example.com,東京,6497.81,plain note 5581,solo,false
5582,User 5582,user5582@example.com,Paris,6534.82,plain note 5582,solo,true
5583,User 5583,user5583@example.com,Lima,6571.83,plain note 5583,"a,b,c",false
5584,User 5584,user5584@example.com,Amsterdam,6608.84,plain note 5584,solo,true
5585,User 5585,user5585@example.com,Bratislava,6645.85,plain note 5585,solo,false
5586,User 5586,user5586@example.com,Zürich,6682.86,"said ""hi"", then left","a,b,c",true
5587,User 5587,user5587@example.com,København,6719.87,plain note 5587,solo,false
5588,User 5588,user5588@example.com,Москва,6756.88,"line one
line two",solo,true
5589,User 5589,user5589@example.com,東京,6793.89,plain note 5589,"a,b,c",false
5590,User 5590,user5590@example.com,Paris,6830.90,plain note 5590,solo,true
5591,User 5591,user5591@example.com,Lima,6867.91,plain note 5591,solo,false
5592,User 5592,user5592@example.com,Amsterdam,6904.92,plain note 5592,"a,b,c",true
5593,User 5593,user5593@example.com,Bratislava,6941.93,"said ""hi"", then left",solo,false
5594,User 5594,user5594@example.com,Zürich,6978.94,plain note 5594,solo,true
5595,User 5595,user5595@example.com,København,7015.95,plain note 5595,"a,b,c",false
5596,User 5596,user5596@example.com,Москва,7052.96,plain note 5596,solo,true
5597,User 5597,user5597@example.com,東京,7089.97,plain note 5597,solo,false
5598,User 5598,user5598@example.com,Paris,7126.98,plain note 5598,"a,b,c",true
5599,User 5599,user5599@example.com,Lima,7163.99,"line one
line two",solo,false
5600,User 5600,user5600@example.com,Amsterdam,7200.0,"said ""hi"", then left",solo,true
5601,User 5601,user5601@example.com,Bratislava,7237.1,plain note 5601,"a,b,c",false
5602,User 5602,user5602@example.com,Zürich,7274.2,plain note 5602,solo,true
5603,User 5603,user5603@example.com,København,7311.3,plain note 5603,solo,false
5604,User 5604,user5604@example.com,Москва,7348.4,plain note 5604,"a,b,c",true
5605,User 5605,user5605@example.com,東京,7385.5,plain note 5605,solo,false
5606,User 5606,user5606@example.com,Paris,7422.6,plain note 5606,solo,true
5607,User 5607,user5607@example.com,Lima,7459.7,"said ""hi"", then left","a,b,c",false
5608,User 5608,user5608@example.com,Amsterdam,7496.8,plain note 5608,solo,true
5609,User 5609,user5609@example.com,Bratislava,7533.9,plain note 5609,solo,false
5610,User 5610,user5610@example.com,Zürich,7570.10,"line one
line two","a,b,c",true
5611,User 5611,user5611@example.com,København,7607.11,plain note 5611,solo,false
5612,User 5612,user5612@example.com,Москва,7644.12,plain note 5612,solo,true
5613,User 5613,user5613@example.com,東京,7681.13,plain note 5613,"a,b,c",false
5614,User 5614,user5614@example.com,Paris,7718.14,"said ""hi"", then left",solo,true
5615,User 5615,user5615@example.com,Lima,7755.15,plain note 5615,solo,false
5616,User 5616,user5616@example.com,Amsterdam,7792.16,plain note 5616,"a,b,c",true
5617,User 5617,user5617@example.com,Bratislava,7829.17,plain note 5617,solo,false
5618,User 5618,user5618@example.com,Zürich,7866.18,plain note 5618,solo,true
5619,User 5619,user5619@example.com,København,7903.19,plain note 5619,"a,b,c",false
5620,User 5620,user5620@example.com,Москва,7940.20,plain note 5620,solo,true
5621,User 5621,user5621@example.com,東京,7977.21,"said ""hi"", then left",solo,false
5622,User 5622,user5622@example.com,Paris,8014.22,plain note 5622,"a,b,c",true
5623,User 5623,user5623@example.com,Lima,8051.23,plain note 5623,solo,false
5624,User 5624,user5624@example.com,Amsterdam,8088.24,plain note 5624,solo,true
5625,User 5625,user5625@example.com,Bratislava,8125.25,plain note 5625,"a,b,c",false
5626,User 5626,user5626@example.com,Zürich,8162.26,plain note 5626,solo,true
5627,User 5627,user5627@example.com,København,8199.27,plain note 5627,solo,false
5628,User 5628,user5628@example.com,Москва,8236.28,"said ""hi"", then left","a,b,c",true
5629,User 5629,user5629@example.com,東京,8273.29,plain note 5629,solo,false
5630,User 5630,user5630@example.com,Paris,8310.30,plain note 5630,solo,true
5631,User 5631,user5631@example.com,Lima,8347.31,plain note 5631,"a,b,c",false
5632,User 5632,user5632@example.com,Amsterdam,8384.32,"line one
line two",solo,true
5633,User 5633,user5633@example.com,Bratislava,8421.33,plain note 5633,solo,false
5634,User 5634,user5634@example.com,Zürich,8458.34,plain note 5634,"a,b,c",true
5635,User 5635,user5635@example.com,København,8495.35,"said ""hi"", then left",solo,false
5636,User 5636,user5636@example.com,Москва,8532.36,plain note 5636,solo,true
5637,User 5637,user5637@example.com,東京,8569.37,plain note 5637,"a,b,c",false
5638,User 5638,user5638@example.com,Paris,8606.38,plain note 5638,solo,true
5639,User 5639,user5639@example.com,Lima,8643.39,plain note 5639,solo,false
5640,User 5640,user5640@example.com,Amsterdam,8680.40,plain note 5640,"a,b,c",true
5641,User 5641,user5641@example.com,Bratislava,8717.41,plain note 5641,solo,false
5642,User 5642,user5642@example.com,Zürich,8754.42,"said ""hi"", then left",solo,true
5643,User 5643,user5643@example.com,København,8791.43,"line one
line two","a,b,c",false
5644,User 5644,user5644@example.com,Москва,8828.44,plain note 5644,solo,true
5645,User 5645,user5645@example.com,東京,8865.45,plain note 5645,solo,false
5646,User 5646,user5646@example.com,Paris,8902.46,plain note 5646,"a,b,c",true
5647,User 5647,user5647@example.com,Lima,8939.47,plain note 5647,solo,false
5648,User 5648,user5648@example.com,Amsterdam,8976.48,plain note 5648,solo,true
5649,User 5649,user5649@example.com,Bratislava,9013.49,"said ""hi"", then left","a,b,c",false
5650,User 5650,user5650@example.com,Zürich,9050.50,plain note 5650,solo,true
5651,User 5651,user5651@example.com,København,9087.51,plain note 5651,solo,false
5652,User 5652,user5652@example.com,Москва,9124.52,plain note 5652,"a,b,c",true
5653,User 5653,user5653@example.com,東京,9161.53,plain note 5653,solo,false
5654,User 5654,user5654@example.com,Paris,9198.54,"line one
line two",solo,true
5655,User 5655,user5655@example.com,Lima,9235.55,plain note 5655,"a,b,c",false
5656,User 5656,user5656@example.com,Amsterdam,9272.56,"said ""hi"", then left",solo,true
5657,User 5657,user5657@example.com,Bratislava,9309.57,plain note 5657,solo,false
5658,User 5658,user5658@example.com,Zürich,9346.58,plain note 5658,"a,b,c",true
5659,User 5659,user5659@example.com,København,9383.59,plain note 5659,solo,false
5660,User 5660,user5660@example.com,Москва,9420.60,plain note 5660,solo,true
5661,User 5661,user5661@example.com,東京,9457.61,plain note 5661,"a,b,c",false
5662,User 5662,user5662@example.com,Paris,9494.62,plain note 5662,solo,true
5663,User 5663,user5663@example.com,Lima,9531.63,"said ""hi"", then left",solo,false
5664,User 5664,user5664@example.com,Amsterdam,9568.64,plain note 5664,"a,b,c",true
5665,User 5665,user5665@example.com,Bratislava,9605.65,"line one
line two",solo,false
5666,User 5666,user5666@example.com,Zürich,9642.66,plain note 5666,solo,true
5667,User 5667,user5667@example.com,København,9679.67,plain note 5667,"a,b,c",false
5668,User 5668,user5668@example.com,Москва,9716.68,plain note 5668,solo,true
5669,User 5669,user5669@example.com,東京,9753.69,plain note 5669,solo,false
5670,User 5670,user5670@example.com,Paris,9790.70,"said ""hi"", then left","a,b,c",true
5671,User 5671,user5671@example.com,Lima,9827.71,plain note 5671,solo,false
5672,User 5672,user5672@example.com,Amsterdam,9864.72,plain note 5672,solo,true
5673,User 5673,user5673@example.com,Bratislava,9901.73,plain note 5673,"a,b,c",false
5674,User 5674,user5674@example.com,Zürich,9938.74,plain note 5674,solo,true
5675,User 5675,user5675@example.com,København,9975.75,plain note 5675,solo,false
5676,User 5676,user5676@example.com,Москва,12.76,"line one
line two","a,b,c",true
5677,User 5677,user5677@example.com,東京,49.77,"said ""hi"", then left",solo,false
5678,User 5678,user5678@example.com,Paris,86.78,plain note 5678,solo,true
5679,User 5679,user5679@example.com,Lima,123.79,plain note 5679,"a,b,c",false
5680,User 5680,user5680@example.com,Amsterdam,160.80,plain note 5680,solo,true
5681,User 5681,user5681@example.com,Bratislava,197.81,plain note 5681,solo,false
5682,User 5682,user5682@example.com,Zürich,234.82,plain note 5682,"a,b,c",true
5683,User 5683,user5683@example.com,København,271.83,plain note 5683,solo,false
5684,User 5684,user5684@example.com,Москва,308.84,"said ""hi"", then left",solo,true
5685,User 5685,user5685@example.com,東京,345.85,plain note 5685,"a,b,c",false
5686,User 5686,user5686@example.com,Paris,382.86,plain note 5686,solo,true
5687,User 5687,user5687@example.com,Lima,419.87,"line one
line two",solo,false
5688,User 5688,user5688@example.com,Amsterdam,456.88,plain note 5688,"a,b,c",true
5689,User 5689,user5689@example.com,Bratislava,493.89,plain note 5689,solo,false
5690,User 5690,user5690@example.com,Zürich,530.90,plain note 5690,solo,true
5691,User 5691,user5691@example.com,København,567.91,"said ""hi"", then left","a,b,c",false
5692,User 5692,user5692@example.com,Москва,604.92,plain note 5692,solo,true
5693,User 5693,user5693@example.com,東京,641.93,plain note 5693,solo,false
5694,User 5694,user5694@example.com,Paris,678.94,plain note 5694,"a,b,c",true
5695,User 5695,user5695@example.com,Lima,715.95,plain note 5695,solo,false
5696,User 5696,user5696@example.com,Amsterdam,752.96,plain note 5696,solo,true
5697,User 5697,user5697@example.com,Bratislava,789.97,plain note 5697,"a,b,c",false
5698,User 5698,user5698@example.com,Zürich,826.98,"said ""hi"", then left",solo,true
5699,User 5699,user5699@example.com,København,863.99,plain note 5699,solo,false
5700,User 5700,user5700@example.com,Москва,900.0,plain note 5700,"a,b,c",true
5701,User 5701,user5701@example.com,東京,937.1,plain note 5701,solo,false
5702,User 5702,user5702@example.com,Paris,974.2,plain note 5702,solo,true
5703,User 5703,user5703@example.com,Lima,1011.3,plain note 5703,"a,b,c",false
5704,User 5704,user5704@example.com,Amsterdam,1048.4,plain note 5704,solo,true
5705,User 5705,user5705@example.com,Bratislava,1085.5,"said ""hi"", then left",solo,false
5706,User 5706,user5706@example.com,Zürich,1122.6,plain note 5706,"a,b,c",true
5707,User 5707,user5707@example.com,København,1159.7,plain note 5707,solo,false
5708,User 5708,user5708@example.com,Москва,1196.8,plain note 5708,solo,true
5709,User 5709,user5709@example.com,東京,1233.9,"line one
line two","a,b,c",false
5710,User 5710,user5710@example.com,Paris,1270.10,plain note 5710,solo,true
5711,User 5711,user5711@example.com,Lima,1307.11,plain note 5711,solo,false
5712,User 5712,user5712@example.com,Amsterdam,1344.12,"said ""hi"", then left","a,b,c",true
5713,User 5713,user5713@example.com,Bratislava,1381.13,plain note 5713,solo,false
5714,User 5714,user5714@example.com,Zürich,1418.14,plain note 5714,solo,true
5715,User 5715,user5715@example.com,København,1455.15,plain note 5715,"a,b,c",false
5716,User 5716,user5716@example.com,Москва,1492.16,plain note 5716,solo,true
5717,User 5717,user5717@example.com,東京,1529.17,plain note 5717,solo,false
5718,User 5718,user5718@example.com,Paris,1566.18,plain note 5718,"a,b,c",true
5719,User 5719,user5719@example.com,Lima,1603.19,"said ""hi"", then left",solo,false
5720,User 5720,user5720@example.com,Amsterdam,1640.20,"line one
line two",solo,true
5721,User 5721,user5721@example.com,Bratislava,1677.21,plain note 5721,"a,b,c",false
5722,User 5722,user5722@example.com,Zürich,1714.22,plain note 5722,solo,true
5723,User 5723,user5723@example.com,København,1751.23,plain note 5723,solo,false
5724,User 5724,user5724@example.com,Москва,1788.24,plain note 5724,"a,b,c",true
5725,User 5725,user5725@example.com,東京,1825.25,plain note 5725,solo,false
5726,User 5726,user5726@example.com,Paris,1862.26,"said ""hi"", then left",solo,true
5727,User 5727,user5727@example.com,Lima,1899.27,plain note 5727,"a,b,c",false
5728,User 5728,user5728@example.com,Amsterdam,1936.28,plain note 5728,solo,true
5729,User 5729,user5729@example.com,Bratislava,1973.29,plain note 5729,solo,false
5730,User 5730,user5730@example.com,Zürich,2010.30,plain note 5730,"a,b,c",true
5731,User 5731,user5731@example.com,København,2047.31,"line one
line two",solo,false
5732,User 5732,user5732@example.com,Москва,2084.32,plain note 5732,solo,true
5733,User 5733,user5733@example.com,東京,2121.33,"said ""hi"", then left","a,b,c",false
5734,User 5734,user5734@example.com,Paris,2158.34,plain note 5734,solo,true
5735,User 5735,user5735@example.com,Lima,2195.35,plain note 5735,solo,false
5736,User 5736,user5736@example.com,Amsterdam,2232.36,plain note 5736,"a,b,c",true
5737,User 5737,user5737@example.com,Bratislava,2269.37,plain note 5737,solo,false
5738,User 5738,user5738@example.com,Zürich,2306.38,plain note 5738,solo,true
5739,User 5739,user5739@example.com,København,2343.39,plain note 5739,"a,b,c",false
5740,User 5740,user5740@example.com,Москва,2380.40,"said ""hi"", then left",solo,true
5741,User 5741,user5741@example.com,東京,2417.41,plain note 5741,solo,false
5742,User 5742,user5742@example.com,Paris,2454.42,"line one
line two","a,b,c",true
5743,User 5743,user5743@example.com,Lima,2491.43,plain note 5743,solo,false
5744,User 5744,user5744@example.com,Amsterdam,2528.44,plain note 5744,solo,true
5745,User 5745,user5745@example.com,Bratislava,2565.45,plain note 5745,"a,b,c",false
5746,User 5746,user5746@example.com,Zürich,2602.46,plain note 5746,solo,true
5747,User 5747,user5747@example.com,København,2639.47,"said ""hi"", then left",solo,false
5748,User 5748,user5748@example.com,Москва,2676.48,plain note 5748,"a,b,c",true
5749,User 5749,user5749@example.com,東京,2713.49,plain note 5749,solo,false
5750,User 5750,user5750@example.com,Paris,2750.50,plain note 5750,solo,true
5751,User 5751,user5751@example.com,Lima,2787.51,plain note 5751,"a,b,c",false
5752,User 5752,user5752@example.com,Amsterdam,2824.52,plain note 5752,solo,true
5753,User 5753,user5753@example.com,Bratislava,2861.53,"line one
line two",solo,false
5754,User 5754,user5754@example.com,Zürich,2898.54,"said ""hi"", then left","a,b,c",true
5755,User 5755,user5755@example.com,København,2935.55,plain note 5755,solo,false
5756,User 5756,user5756@example.com,Москва,2972.56,plain note 5756,solo,true
5757,User 5757,user5757@example.com,東京,3009.57,plain note 5757,"a,b,c",false
5758,User 5758,user5758@example.com,Paris,3046.58,plain note 5758,solo,true
5759,User 5759,user5759@example.com,Lima,3083.59,plain note 5759,solo,false
5760,User 5760,user5760@example.com,Amsterdam,3120.60,plain note 5760,"a,b,c",true
5761,User 5761,user5761@example.com,Bratislava,3157.61,"said ""hi"", then left",solo,false
5762,User 5762,user5762@example.com,Zürich,3194.62,plain note 5762,solo,true
5763,User 5763,user5763@example.com,København,3231.63,plain note 5763,"a,b,c",false
5764,User 5764,user5764@example.com,Москва,3268.64,"line one
line two",solo,true
5765,User 5765,user5765@example.com,東京,3305.65,plain note 5765,solo,false
5766,User 5766,user5766@example.com,Paris,3342.66,plain note 5766,"a,b,c",true
5767,User 5767,user5767@example.com,Lima,3379.67,plain note 5767,solo,false
5768,User 5768,user5768@example.com,Amsterdam,3416.68,"said ""hi"", then left",solo,true
5769,User 5769,user5769@example.com,Bratislava,3453.69,plain note 5769,"a,b,c",false
5770,User 5770,user5770@example.com,Zürich,3490.70,plain note 5770,solo,true
5771,User 5771,user5771@example.com,København,3527.71,plain note 5771,solo,false
5772,User 5772,user5772@example.com,Москва,3564.72,plain note 5772,"a,b,c",true
5773,User 5773,user5773@example.com,東京,3601.73,plain note 5773,solo,false
5774,User 5774,user5774@example.com,Paris,3638.74,plain note 5774,solo,true
5775,User 5775,user5775@example.com,Lima,3675.75,"said ""hi"", then left","a,b,c",false
5776,User 5776,user5776@example.com,Amsterdam,3712.76,plain note 5776,solo,true
5777,User 5777,user5777@example.com,Bratislava,3749.77,plain note 5777,solo,false
5778,User 5778,user5778@example.com,Zürich,3786.78,plain note 5778,"a,b,c",true
5779,User 5779,user5779@example.com,København,3823.79,plain note 5779,solo,false
5780,User 5780,user5780@example.com,Москва,3860.80,plain note 5780,solo,true
5781,User 5781,user5781@example.com,東京,3897.81,plain note 5781,"a,b,c",false
5782,User 5782,user5782@example.com,Paris,3934.82,"said ""hi"", then left",solo,true
5783,User 5783,user5783@example.com,Lima,3971.83,plain note 5783,solo,false
5784,User 5784,user5784@example.com,Amsterdam,4008.84,plain note 5784,"a,b,c",true
5785,User 5785,user5785@example.com,Bratislava,4045.85,plain note 5785,solo,false
5786,User 5786,user5786@example.com,Zürich,4082.86,"line one
line two",solo,true
5787,User 5787,user5787@example.com,København,4119.87,plain note 5787,"a,b,c",false
5788,User 5788,user5788@example.com,Москва,4156.88,plain note 5788,solo,true
5789,User 5789,user5789@example.com,東京,4193.89,"said ""hi"", then left",solo,false
5790,User 5790,user5790@example.com,Paris,4230.90,plain note 5790,"a,b,c",true
5791,User 5791,user5791@example.com,Lima,4267.91,plain note 5791,solo,false
5792,User 5792,user5792@example.com,Amsterdam,4304.92,plain note 5792,solo,true
5793,User 5793,user5793@example.com,Bratislava,4341.93,plain note 5793,"a,b,c",false
5794,User 5794,user5794@example.com,Zürich,4378.94,plain note 5794,solo,true
5795,User 5795,user5795@example.com,København,4415.95,plain note 5795,solo,false
5796,User 5796,user5796@example.com,Москва,4452.96,"said ""hi"", then left","a,b,c",true
5797,User 5797,user5797@example.com,東京,4489.97,"line one
line two",solo,false
5798,User 5798,user5798@example.com,Paris,4526.98,plain note 5798,solo,true
5799,User 5799,user5799@example.com,Lima,4563.99,plain note 5799,"a,b,c",false
5800,User 5800,user5800@example.com,Amsterdam,4600.0,plain note 5800,solo,true
5801,User 5801,user5801@example.com,Bratislava,4637.1,plain note 5801,solo,false
5802,User 5802,user5802@example.com,Zürich,4674.2,plain note 5802,"a,b,c",true
5803,User 5803,user5803@example.com,København,4711.3,"said ""hi"", then left",solo,false
5804,User 5804,user5804@example.com,Москва,4748.4,plain note 5804,solo,true
5805,User 5805,user5805@example.com,東京,4785.5,plain note 5805,"a,b,c",false
5806,User 5806,user5806@example.com,Paris,4822.6,plain note 5806,solo,true
5807,User 5807,user5807@example.com,Lima,4859.7,plain note 5807,solo,false
5808,User 5808,user5808@example.com,Amsterdam,4896.8,"line one
line two","a,b,c",true
5809,User 5809,user5809@example.com,Bratislava,4933.9,plain note 5809,solo,false
5810,User 5810,user5810@example.com,Zürich,4970.10,"said ""hi"", then left",solo,true
5811,User 5811,user5811@example.com,København,5007.11,plain note 5811,"a,b,c",false
5812,User 5812,user5812@example.com,Москва,5044.12,plain note 5812,solo,true
5813,User 5813,user5813@example.com,東京,5081.13,plain note 5813,solo,false
5814,User 5814,user5814@example.com,Paris,5118.14,plain note 5814,"a,b,c",true
5815,User 5815,user5815@example.com,Lima,5155.15,plain note 5815,solo,false
5816,User 5816,user5816@example.com,Amsterdam,5192.16,plain note 5816,solo,true
5817,User 5817,user5817@example.com,Bratislava,5229.17,"said ""hi"", then left","a,b,c",false
5818,User 5818,user5818@example.com,Zürich,5266.18,plain note 5818,solo,true
5819,User 5819,user5819@example.com,København,5303.19,"line one
line two",solo,false
5820,User 5820,user5820@example.com,Москва,5340.20,plain note 5820,"a,b,c",true
5821,User 5821,user5821@example.com,東京,5377.21,plain note 5821,solo,false
5822,User 5822,user5822@example.com,Paris,5414.22,plain note 5822,solo,true
5823,User 5823,user5823@example.com,Lima,5451.23,plain note 5823,"a,b,c",false
5824,User 5824,user5824@example.com,Amsterdam,5488.24,"said ""hi"", then left",solo,true
5825,User 5825,user5825@example.com,Bratislava,5525.25,plain note 5825,solo,false
5826,User 5826,user5826@example.com,Zürich,5562.26,plain note 5826,"a,b,c",true
5827,User 5827,user5827@example.com,København,5599.27,plain note 5827,solo,false
5828,User 5828,user5828@example.com,Москва,5636.28,plain note 5828,solo,true
5829,User 5829,user5829@example.com,東京,5673.29,plain note 5829,"a,b,c",false
5830,User 5830,user5830@example.com,Paris,5710.30,"line one
line two",solo,true
5831,User 5831,user5831@example.com,Lima,5747.31,"said ""hi"", then left",solo,false
5832,User 5832,user5832@example.com,Amsterdam,5784.32,plain note 5832,"a,b,c",true
5833,User 5833,user5833@example.com,Bratislava,5821.33,plain note 5833,solo,false
5834,User 5834,user5834@example.com,Zürich,5858.34,plain note 5834,solo,true
5835,User 5835,user5835@example.com,København,5895.35,plain note 5835,"a,b,c",false
5836,User 5836,user5836@example.com,Москва,5932.36,plain note 5836,solo,true
5837,User 5837,user5837@example.com,東京,5969.37,plain note 5837,solo,false
5838,User 5838,user5838@example.com,Paris,6006.38,"said ""hi"", then left","a,b,c",true
5839,User 5839,user5839@example.com,Lima,6043.39,plain note 5839,solo,false
5840,User 5840,user5840@example.com,Amsterdam,6080.40,plain note 5840,solo,true
5841,User 5841,user5841@example.com,Bratislava,6117.41,"line one
line two","a,b,c",false
5842,User 5842,user5842@example.com,Zürich,6154.42,plain note 5842,solo,true
5843,User 5843,user5843@example.com,København,6191.43,plain note 5843,solo,false
5844,User 5844,user5844@example.com,Москва,6228.44,plain note 5844,"a,b,c",true
5845,User 5845,user5845@example.com,東京,6265.45,"said ""hi"", then left",solo,false
5846,User 5846,user5846@example.com,Paris,6302.46,plain note 5846,solo,true
5847,User 5847,user5847@example.com,Lima,6339.47,plain note 5847,"a,b,c",false
5848,User 5848,user5848@example.com,Amsterdam,6376.48,plain note 5848,solo,true
5849,User 5849,user5849@example.com,Bratislava,6413.49,plain note 5849,solo,false
5850,User 5850,user5850@example.com,Zürich,6450.50,plain note 5850,"a,b,c",true
5851,User 5851,user5851@example.com,København,6487.51,plain note 5851,solo,false
5852,User 5852,user5852@example.com,Москва,6524.52,"said ""hi"", then left",solo,true
5853,User 5853,user5853@example.com,東京,6561.53,plain note 5853,"a,b,c",false
5854,User 5854,user5854@example.com,Paris,6598.54,plain note 5854,solo,true
5855,User 5855,user5855@example.com,Lima,6635.55,plain note 5855,solo,false
5856,User 5856,user5856@example.com,Amsterdam,6672.56,plain note 5856,"a,b,c",true
5857,User 5857,user5857@example.com,Bratislava,6709.57,plain note 5857,solo,false
5858,User 5858,user5858@example.com,Zürich,6746.58,plain note 5858,solo,true
5859,User 5859,user5859@example.com,København,6783.59,"said ""hi"", then left","a,b,c",false
5860,User 5860,user5860@example.com,Москва,6820.60,plain note 5860,solo,true
5861,User 5861,user5861@example.com,東京,6857.61,plain note 5861,solo,false
5862,User 5862,user5862@example.com,Paris,6894.62,plain note 5862,"a,b,c",true
5863,User 5863,user5863@example.com,Lima,6931.63,"line one
line two",solo,false
5864,User 5864,user5864@example.com,Amsterdam,6968.64,plain note 5864,solo,true
5865,User 5865,user5865@example.com,Bratislava,7005.65,plain note 5865,"a,b,c",false
5866,User 5866,user5866@example.com,Zürich,7042.66,"said ""hi"", then left",solo,true
5867,User 5867,user5867@example.com,København,7079.67,plain note 5867,solo,false
5868,User 5868,user5868@example.com,Москва,7116.68,plain note 5868,"a,b,c",true
5869,User 5869,user5869@example.com,東京,7153.69,plain note 5869,solo,false
5870,User 5870,user5870@example.com,Paris,7190.70,plain note 5870,solo,true
5871,User 5871,user5871@example.com,Lima,7227.71,plain note 5871,"a,b,c",false
5872,User 5872,user5872@example.com,Amsterdam,7264.72,plain note 5872,solo,true
5873,User 5873,user5873@example.com,Bratislava,7301.73,"said ""hi"", then left",solo,false
5874,User 5874,user5874@example.com,Zürich,7338.74,"line one
line two","a,b,c",true
5875,User 5875,user5875@example.com,København,7375.75,plain note 5875,solo,false
5876,User 5876,user5876@example.com,Москва,7412.76,plain note 5876,solo,true
5877,User 5877,user5877@example.com,東京,7449.77,plain note 5877,"a,b,c",false
5878,User 5878,user5878@example.com,Paris,7486.78,plain note 5878,solo,true
5879,User 5879,user5879@example.com,Lima,7523.79,plain note 5879,solo,false
5880,User 5880,user5880@example.com,Amsterdam,7560.80,"said ""hi"", then left","a,b,c",true
5881,User 5881,user5881@example.com,Bratislava,7597.81,plain note 5881,solo,false
5882,User 5882,user5882@example.com,Zürich,7634.82,plain note 5882,solo,true
5883,User 5883,user5883@example.com,København,7671.83,plain note 5883,"a,b,c",false
5884,User 5884,user5884@example.com,Москва,7708.84,plain note 5884,solo,true
5885,User 5885,user5885@example.com,東京,7745.85,"line one
line two",solo,false
5886,User 5886,user5886@example.com,Paris,7782.86,plain note 5886,"a,b,c",true
5887,User 5887,user5887@example.com,Lima,7819.87,"said ""hi"", then left",solo,false
5888,User 5888,user5888@example.com,Amsterdam,7856.88,plain note 5888,solo,true
5889,User 5889,user5889@example.com,Bratislava,7893.89,plain note 5889,"a,b,c",false
5890,User 5890,user5890@example.com,Zürich,7930.90,plain note 5890,solo,true
5891,User 5891,user5891@example.com,København,7967.91,plain note 5891,solo,false
5892,User 5892,user5892@example.com,Москва,8004.92,plain note 5892,"a,b,c",true
5893,User 5893,user5893@example.com,東京,8041.93,plain note 5893,solo,false
5894,User 5894,user5894@example.com,Paris,8078.94,"said ""hi"", then left",solo,true
5895,User 5895,user5895@example.com,Lima,8115.95,plain note 5895,"a,b,c",false
5896,User 5896,user5896@example.com,Amsterdam,8152.96,"line one
line two",solo,true
5897,User 5897,user5897@example.com,Bratislava,8189.97,plain note 5897,solo,false
5898,User 5898,user5898@example.com,Zürich,8226.98,plain note 5898,"a,b,c",true
5899,User 5899,user5899@example.com,København,8263.99,plain note 5899,solo,false
5900,User 5900,user5900@example.com,Москва,8300.0,plain note 5900,solo,true
5901,User 5901,user5901@example.com,東京,8337.1,"said ""hi"", then left","a,b,c",false
5902,User 5902,user5902@example.com,Paris,8374.2,plain note 5902,solo,true
5903,User 5903,user5903@example.com,Lima,8411.3,plain note 5903,solo,false
5904,User 5904,user5904@example.com,Amsterdam,8448.4,plain note 5904,"a,b,c",true
5905,User 5905,user5905@example.com,Bratislava,8485.5,plain note 5905,solo,false
5906,User 5906,user5906@example.com,Zürich,8522.6,plain note 5906,solo,true
5907,User 5907,user5907@example.com,København,8559.7,"line one
line two","a,b,c",false
5908,User 5908,user5908@example.com,Москва,8596.8,"said ""hi"", then left",solo,true
5909,User 5909,user5909@example.com,東京,8633.9,plain note 5909,solo,false
5910,User 5910,user5910@example.com,Paris,8670.10,plain note 5910,"a,b,c",true
5911,User 5911,user5911@example.com,Lima,8707.11,plain note 5911,solo,false
5912,User 5912,user5912@example.com,Amsterdam,8744.12,plain note 5912,solo,true
5913,User 5913,user5913@example.com,Bratislava,8781.13,plain note 5913,"a,b,c",false
5914,User 5914,user5914@example.com,Zürich,8818.14,plain note 5914,solo,true
5915,User 5915,user5915@example.com,København,8855.15,"said ""hi"", then left",solo,false
5916,User 5916,user5916@example.com,Москва,8892.16,plain note 5916,"a,b,c",true
5917,User 5917,user5917@example.com,東京,8929.17,plain note 5917,solo,false
5918,User 5918,user5918@example.com,Paris,8966.18,"line one
line two",solo,true
5919,User 5919,user5919@example.com,Lima,9003.19,plain note 5919,"a,b,c",false
5920,User 5920,user5920@example.com,Amsterdam,9040.20,plain note 5920,solo,true
5921,User 5921,user5921@example.com,Bratislava,9077.21,plain note 5921,solo,false
5922,User 5922,user5922@example.com,Zürich,9114.22,"said ""hi"", then left","a,b,c",true
5923,User 5923,user5923@example.com,København,9151.23,plain note 5923,solo,false
5924,User 5924,user5924@example.com,Москва,9188.24,plain note 5924,solo,true
5925,User 5925,user5925@example.com,東京,9225.25,plain note 5925,"a,b,c",false
5926,User 5926,user5926@example.com,Paris,9262.26,plain note 5926,solo,true
5927,User 5927,user5927@example.com,Lima,9299.27,plain note 5927,solo,false
5928,User 5928,user5928@example.com,Amsterdam,9336.28,plain note 5928,"a,b,c",true
5929,User 5929,user5929@example.com,Bratislava,9373.29,"said ""hi"", then left",solo,false
5930,User 5930,user5930@example.com,Zürich,9410.30,plain note 5930,solo,true
5931,User 5931,user5931@example.com,København,9447.31,plain note 5931,"a,b,c",false
5932,User 5932,user5932@example.com,Москва,9484.32,plain note 5932,solo,true
5933,User 5933,user5933@example.com,東京,9521.33,plain note 5933,solo,false
5934,User 5934,user5934@example.com,Paris,9558.34,plain note 5934,"a,b,c",true
5935,User 5935,user5935@example.com,Lima,9595.35,plain note 5935,solo,false
5936,User 5936,user5936@example.com,Amsterdam,9632.36,"said ""hi"", then left",solo,true
5937,User 5937,user5937@example.com,Bratislava,9669.37,plain note 5937,"a,b,c",false
5938,User 5938,user5938@example.com,Zürich,9706.38,plain note 5938,solo,true
5939,User 5939,user5939@example.com,København,9743.39,plain note 5939,solo,false
5940,User 5940,user5940@example.com,Москва,9780.40,"line one
line two","a,b,c",true
5941,User 5941,user5941@example.com,東京,9817.41,plain note 5941,solo,false
5942,User 5942,user5942@example.com,Paris,9854.42,plain note 5942,solo,true
5943,User 5943,user5943@example.com,Lima,9891.43,"said ""hi"", then left","a,b,c",false
5944,User 5944,user5944@example.com,Amsterdam,9928.44,plain note 5944,solo,true
5945,User 5945,user5945@example.com,Bratislava,9965.45,plain note 5945,solo,false
5946,User 5946,user5946@example.com,Zürich,2.46,plain note 5946,"a,b,c",true
5947,User 5947,user5947@example.com,København,39.47,plain note 5947,solo,false
5948,User 5948,user5948@example.com,Москва,76.48,plain note 5948,solo,true
5949,User 5949,user5949@example.com,東京,113.49,plain note 5949,"a,b,c",false
5950,User 5950,user5950@example.com,Paris,150.50,"said ""hi"", then left",solo,true
5951,User 5951,user5951@example.com,Lima,187.51,"line one
line two",solo,false
5952,User 5952,user5952@example.com,Amsterdam,224.52,plain note 5952,"a,b,c",true
5953,User 5953,user5953@example.com,Bratislava,261.53,plain note 5953,solo,false
5954,User 5954,user5954@example.com,Zürich,298.54,plain note 5954,solo,true
5955,User 5955,user5955@example.com,København,335.55,plain note 5955,"a,b,c",false
5956,User 5956,user5956@example.com,Москва,372.56,plain note 5956,solo,true
5957,User 5957,user5957@example.com,東京,409.57,"said ""hi"", then left",solo,false
5958,User 5958,user5958@example.com,Paris,446.58,plain note 5958,"a,b,c",true
5959,User 5959,user5959@example.com,Lima,483.59,plain note 5959,solo,false
5960,User 5960,user5960@example.com,Amsterdam,520.60,plain note 5960,solo,true
5961,User 5961,user5961@example.com,Bratislava,557.61,plain note 5961,"a,b,c",false
5962,User 5962,user5962@example.com,Zürich,594.62,"line one
line two",solo,true
5963,User 5963,user5963@example.com,København,631.63,plain note 5963,solo,false
5964,User 5964,user5964@example.com,Москва,668.64,"said ""hi"", then left","a,b,c",true
5965,User 5965,user5965@example.com,東京,705.65,plain note 5965,solo,false
5966,User 5966,user5966@example.com,Paris,742.66,plain note 5966,solo,true
5967,User 5967,user5967@example.com,Lima,779.67,plain note 5967,"a,b,c",false
5968,User 5968,user5968@example.com,Amsterdam,816.68,plain note 5968,solo,true
5969,User 5969,user5969@example.com,Bratislava,853.69,plain note 5969,solo,false
5970,User 5970,user5970@example.com,Zürich,890.70,plain note 5970,"a,b,c",true
5971,User 5971,user5971@example.com,København,927.71,"said ""hi"", then left",solo,false
5972,User 5972,user5972@example.com,Москва,964.72,plain note 5972,solo,true
5973,User 5973,user5973@example.com,東京,1001.73,"line one
line two","a,b,c",false
5974,User 5974,user5974@example.com,Paris,1038.74,plain note 5974,solo,true
5975,User 5975,user5975@example.com,Lima,1075.75,plain note 5975,solo,false
5976,User 5976,user5976@example.com,Amsterdam,1112.76,plain note 5976,"a,b,c",true
5977,User 5977,user5977@example.com,Bratislava,1149.77,plain note 5977,solo,false
5978,User 5978,user5978@example.com,Zürich,1186.78,"said ""hi"", then left",solo,true
5979,User 5979,user5979@example.com,København,1223.79,plain note 5979,"a,b,c",false
5980,User 5980,user5980@example.com,Москва,1260.80,plain note 5980,solo,true
5981,User 5981,user5981@example.com,東京,1297.81,plain note 5981,solo,false
5982,User 5982,user5982@example.com,Paris,1334.82,plain note 5982,"a,b,c",true
5983,User 5983,user5983@example.com,Lima,1371.83,plain note 5983,solo,false
5984,User 5984,user5984@example.com,Amsterdam,1408.84,"line one
line two",solo,true
5985,User 5985,user5985@example.com,Bratislava,1445.85,"said ""hi"", then left","a,b,c",false
5986,User 5986,user5986@example.com,Zürich,1482.86,plain note 5986,solo,true
5987,User 5987,user5987@example.com,København,1519.87,plain note 5987,solo,false
5988,User 5988,user5988@example.com,Москва,1556.88,plain note 5988,"a,b,c",true
5989,User 5989,user5989@example.com,東京,1593.89,plain note 5989,solo,false
5990,User 5990,user5990@example.com,Paris,1630.90,plain note 5990,solo,true
5991,User 5991,user5991@example.com,Lima,1667.91,plain note 5991,"a,b,c",false
5992,User 5992,user5992@example.com,Amsterdam,1704.92,"said ""hi"", then left",solo,true
5993,User 5993,user5993@example.com,Bratislava,1741.93,plain note 5993,solo,false
5994,User 5994,user5994@example.com,Zürich,1778.94,plain note 5994,"a,b,c",true
5995,User 5995,user5995@example.com,København,1815.95,"line one
line two",solo,false
5996,User 5996,user5996@example.com,Москва,1852.96,plain note 5996,solo,true
5997,User 5997,user5997@example.com,東京,1889.97,plain note 5997,"a,b,c",false
5998,User 5998,user5998@example.com,Paris,1926.98,plain note 5998,solo,true
5999,User 5999,user5999@example.com,Lima,1963.99,"said ""hi"", then left",solo,false
6000,User 6000,user6000@example.com,Amsterdam,2000.0,plain note 6000,"a,b,c",true
6001,User 6001,user6001@example.com,Bratislava,2037.1,plain note 6001,solo,false
6002,User 6002,user6002@example.com,Zürich,2074.2,plain note 6002,solo,true
6003,User 6003,user6003@example.com,København,2111.3,plain note 6003,"a,b,c",false
6004,User 6004,user6004@example.com,Москва,2148.4,plain note 6004,solo,true
6005,User 6005,user6005@example.com,東京,2185.5,plain note 6005,solo,false
6006,User 6006,user6006@example.com,Paris,2222.6,"said ""hi"", then left","a,b,c",true
6007,User 6007,user6007@example.com,Lima,2259.7,plain note 6007,solo,false
6008,User 6008,user6008@example.com,Amsterdam,2296.8,plain note 6008,solo,true
6009,User 6009,user6009@example.com,Bratislava,2333.9,plain note 6009,"a,b,c",false
6010,User 6010,user6010@example.com,Zürich,2370.10,plain note 6010,solo,true
6011,User 6011,user6011@example.com,København,2407.11,plain note 6011,solo,false
6012,User 6012,user6012@example.com,Москва,2444.12,plain note 6012,"a,b,c",true
6013,User 6013,user6013@example.com,東京,2481.13,"said ""hi"", then left",solo,false
6014,User 6014,user6014@example.com,Paris,2518.14,plain note 6014,solo,true
6015,User 6015,user6015@example.com,Lima,2555.15,plain note 6015,"a,b,c",false
6016,User 6016,user6016@example.com,Amsterdam,2592.16,plain note 6016,solo,true
6017,User 6017,user6017@example.com,Bratislava,2629.17,"line one
line two",solo,false
6018,User 6018,user6018@example.com,Zürich,2666.18,plain note 6018,"a,b,c",true
6019,User 6019,user6019@example.com,København,2703.19,plain note 6019,solo,false
6020,User 6020,user6020@example.com,Москва,2740.20,"said ""hi"", then left",solo,true
6021,User 6021,user6021@example.com,東京,2777.21,plain note 6021,"a,b,c",false
6022,User 6022,user6022@example.com,Paris,2814.22,plain note 6022,solo,true
6023,User 6023,user6023@example.com,Lima,2851.23,plain note 6023,solo,false
6024,User 6024,user6024@example.com,Amsterdam,2888.24,plain note 6024,"a,b,c",true
6025,User 6025,user6025@example.com,Bratislava,2925.25,plain note 6025,solo,false
6026,User 6026,user6026@example.com,Zürich,2962.26,plain note 6026,solo,true
6027,User 6027,user6027@example.com,København,2999.27,"said ""hi"", then left","a,b,c",false
6028,User 6028,user6028@example.com,Москва,3036.28,"line one
line two",solo,true
6029,User 6029,user6029@example.com,東京,3073.29,plain note 6029,solo,false
6030,User 6030,user6030@example.com,Paris,3110.30,plain note 6030,"a,b,c",true
6031,User 6031,user6031@example.com,Lima,3147.31,plain note 6031,solo,false
6032,User 6032,user6032@example.com,Amsterdam,3184.32,plain note 6032,solo,true
6033,User 6033,user6033@example.com,Bratislava,3221.33,plain note 6033,"a,b,c",false
6034,User 6034,user6034@example.com,Zürich,3258.34,"said ""hi"", then left",solo,true
6035,User 6035,user6035@example.com,København,3295.35,plain note 6035,solo,false
6036,User 6036,user6036@example.com,Москва,3332.36,plain note 6036,"a,b,c",true
6037,User 6037,user6037@example.com,東京,3369.37,plain note 6037,solo,false
6038,User 6038,user6038@example.com,Paris,3406.38,plain note 6038,solo,true
6039,User 6039,user6039@example.com,Lima,3443.39,"line one
line two","a,b,c",false
6040,User 6040,user6040@example.com,Amsterdam,3480.40,plain note 6040,solo,true
6041,User 6041,user6041@example.com,Bratislava,3517.41,"said ""hi"", then left",solo,false
6042,User 6042,user6042@example.com,Zürich,3554.42,plain note 6042,"a,b,c",true
6043,User 6043,user6043@example.com,København,3591.43,plain note 6043,solo,false
6044,User 6044,user6044@example.com,Москва,3628.44,plain note 6044,solo,true
6045,User 6045,user6045@example.com,東京,3665.45,plain note 6045,"a,b,c",false
6046,User 6046,user6046@example.com,Paris,3702.46,plain note 6046,solo,true
6047,User 6047,user6047@example.com,Lima,3739.47,plain note 6047,solo,false
6048,User 6048,user6048@example.com,Amsterdam,3776.48,"said ""hi"", then left","a,b,c",true
6049,User 6049,user6049@example.com,Bratislava,3813.49,plain note 6049,solo,false
6050,User 6050,user6050@example.com,Zürich,3850.50,"line one
line two",solo,true
6051,User 6051,user6051@example.com,København,3887.51,plain note 6051,"a,b,c",false
6052,User 6052,user6052@example.com,Москва,3924.52,plain note 6052,solo,true
6053,User 6053,user6053@example.com,東京,3961.53,plain note 6053,solo,false
6054,User 6054,user6054@example.com,Paris,3998.54,plain note 6054,"a,b,c",true
6055,User 6055,user6055@example.com,Lima,4035.55,"said ""hi"", then left",solo,false
6056,User 6056,user6056@example.com,Amsterdam,4072.56,plain note 6056,solo,true
6057,User 6057,user6057@example.com,Bratislava,4109.57,plain note 6057,"a,b,c",false
6058,User 6058,user6058@example.com,Zürich,4146.58,plain note 6058,solo,true
6059,User 6059,user6059@example.com,København,4183.59,plain note 6059,solo,false
6060,User 6060,user6060@example.com,Москва,4220.60,plain note 6060,"a,b,c",true
6061,User 6061,user6061@example.com,東京,4257.61,"line one
line two",solo,false
6062,User 6062,user6062@example.com,Paris,4294.62,"said ""hi"", then left",solo,true
6063,User 6063,user6063@example.com,Lima,4331.63,plain note 6063,"a,b,c",false
6064,User 6064,user6064@example.com,Amsterdam,4368.64,plain note 6064,solo,true
6065,User 6065,user6065@example.com,Bratislava,4405.65,plain note 6065,solo,false
6066,User 6066,user6066@example.com,Zürich,4442.66,plain note 6066,"a,b,c",true
6067,User 6067,user6067@example.com,København,4479.67,plain note 6067,solo,false
6068,User 6068,user6068@example.com,Москва,4516.68,plain note 6068,solo,true
6069,User 6069,user6069@example.com,東京,4553.69,"said ""hi"", then left","a,b,c",false
6070,User 6070,user6070@example.com,Paris,4590.70,plain note 6070,solo,true
6071,User 6071,user6071@example.com,Lima,4627.71,plain note 6071,solo,false
6072,User 6072,user6072@example.com,Amsterdam,4664.72,"line one
line two","a,b,c",true
6073,User 6073,user6073@example.com,Bratislava,4701.73,plain note 6073,solo,false
6074,User 6074,user6074@example.com,Zürich,4738.74,plain note 6074,solo,true
6075,User 6075,user6075@example.com,København,4775.75,plain note 6075,"a,b,c",false
6076,User 6076,user6076@example.com,Москва,4812.76,"said ""hi"", then left",solo,true
6077,User 6077,user6077@example.com,東京,4849.77,plain note 6077,solo,false
6078,User 6078,user6078@example.com,Paris,4886.78,plain note 6078,"a,b,c",true
6079,User 6079,user6079@example.com,Lima,4923.79,plain note 6079,solo,false
6080,User 6080,user6080@example.com,Amsterdam,4960.80,plain note 6080,solo,true
6081,User 6081,user6081@example.com,Bratislava,4997.81,plain note 6081,"a,b,c",false
6082,User 6082,user6082@example.com,Zürich,5034.82,plain note 6082,solo,true
6083,User 6083,user6083@example.com,København,5071.83,"said ""hi"", then left",solo,false
6084,User 6084,user6084@example.com,Москва,5108.84,plain note 6084,"a,b,c",true
6085,User 6085,user6085@example.com,東京,5145.85,plain note 6085,solo,false
6086,User 6086,user6086@example.com,Paris,5182.86,plain note 6086,solo,true
6087,User 6087,user6087@example.com,Lima,5219.87,plain note 6087,"a,b,c",false
6088,User 6088,user6088@example.com,Amsterdam,5256.88,plain note 6088,solo,true
6089,User 6089,user6089@example.com,Bratislava,5293.89,plain note 6089,solo,false
6090,User 6090,user6090@example.com,Zürich,5330.90,"said ""hi"", then left","a,b,c",true
6091,User 6091,user6091@example.com,København,5367.91,plain note 6091,solo,false
6092,User 6092,user6092@example.com,Москва,5404.92,plain note 6092,solo,true
6093,User 6093,user6093@example.com,東京,5441.93,plain note 6093,"a,b,c",false
6094,User 6094,user6094@example.com,Paris,5478.94,"line one
line two",solo,true
6095,User 6095,user6095@example.com,Lima,5515.95,plain note 6095,solo,false
6096,User 6096,user6096@example.com,Amsterdam,5552.96,plain note 6096,"a,b,c",true
6097,User 6097,user6097@example.com,Bratislava,5589.97,"said ""hi"", then left",solo,false
6098,User 6098,user6098@example.com,Zürich,5626.98,plain note 6098,solo,true
6099,User 6099,user6099@example.com,København,5663.99,plain note 6099,"a,b,c",false
6100,User 6100,user6100@example.com,Москва,5700.0,plain note 6100,solo,true
6101,User 6101,user6101@example.com,東京,5737.1,plain note 6101,solo,false
6102,User 6102,user6102@example.com,Paris,5774.2,plain note 6102,"a,b,c",true
6103,User 6103,user6103@example.com,Lima,5811.3,plain note 6103,solo,false
6104,User 6104,user6104@example.com,Amsterdam,5848.4,"said ""hi"", then left",solo,true
6105,User 6105,user6105@example.com,Bratislava,5885.5,"line one
line two","a,b,c",false
6106,User 6106,user6106@example.com,Zürich,5922.6,plain note 6106,solo,true
6107,User 6107,user6107@example.com,København,5959.7,plain note 6107,solo,false
6108,User 6108,user6108@example.com,Москва,5996.8,plain note 6108,"a,b,c",true
6109,User 6109,user6109@example.com,東京,6033.9,plain note 6109,solo,false
6110,User 6110,user6110@example.com,Paris,6070.10,plain note 6110,solo,true
6111,User 6111,user6111@example.com,Lima,6107.11,"said ""hi"", then left","a,b,c",false
6112,User 6112,user6112@example.com,Amsterdam,6144.12,plain note 6112,solo,true
6113,User 6113,user6113@example.com,Bratislava,6181.13,plain note 6113,solo,false
6114,User 6114,user6114@example.com,Zürich,6218.14,plain note 6114,"a,b,c",true
6115,User 6115,user6115@example.com,København,6255.15,plain note 6115,solo,false
6116,User 6116,user6116@example.com,Москва,6292.16,"line one
line two",solo,true
6117,User 6117,user6117@example.com,東京,6329.17,plain note 6117,"a,b,c",false
6118,User 6118,user6118@example.com,Paris,6366.18,"said ""hi"", then left",solo,true
6119,User 6119,user6119@example.com,Lima,6403.19,plain note 6119,solo,false
6120,User 6120,user6120@example.com,Amsterdam,6440.20,plain note 6120,"a,b,c",true
6121,User 6121,user6121@example.com,Bratislava,6477.21,plain note 6121,solo,false
6122,User 6122,user6122@example.com,Zürich,6514.22,plain note 6122,solo,true
6123,User 6123,user6123@example.com,København,6551.23,plain note 6123,"a,b,c",false
6124,User 6124,user6124@example.com,Москва,6588.24,plain note 6124,solo,true
6125,User 6125,user6125@example.com,東京,6625.25,"said ""hi"", then left",solo,false
6126,User 6126,user6126@example.com,Paris,6662.26,plain note 6126,"a,b,c",true
6127,User 6127,user6127@example.com,Lima,6699.27,"line one
line two",solo,false
6128,User 6128,user6128@example.com,Amsterdam,6736.28,plain note 6128,solo,true
6129,User 6129,user6129@example.com,Bratislava,6773.29,plain note 6129,"a,b,c",false
6130,User 6130,user6130@example.com,Zürich,6810.30,plain note 6130,solo,true
6131,User 6131,user6131@example.com,København,6847.31,plain note 6131,solo,false
6132,User 6132,user6132@example.com,Москва,6884.32,"said ""hi"", then left","a,b,c",true
6133,User 6133,user6133@example.com,東京,6921.33,plain note 6133,solo,false
6134,User 6134,user6134@example.com,Paris,6958.34,plain note 6134,solo,true
6135,User 6135,user6135@example.com,Lima,6995.35,plain note 6135,"a,b,c",false
6136,User 6136,user6136@example.com,Amsterdam,7032.36,plain note 6136,solo,true
6137,User 6137,user6137@example.com,Bratislava,7069.37,plain note 6137,solo,false
6138,User 6138,user6138@example.com,Zürich,7106.38,"line one
line two","a,b,c",true
6139,User 6139,user6139@example.com,København,7143.39,"said ""hi"", then left",solo,false
6140,User 6140,user6140@example.com,Москва,7180.40,plain note 6140,solo,true
6141,User 6141,user6141@example.com,東京,7217.41,plain note 6141,"a,b,c",false
6142,User 6142,user6142@example.com,Paris,7254.42,plain note 6142,solo,true
6143,User 6143,user6143@example.com,Lima,7291.43,plain note 6143,solo,false
6144,User 6144,user6144@example.com,Amsterdam,7328.44,plain note 6144,"a,b,c",true
6145,User 6145,user6145@example.com,Bratislava,7365.45,plain note 6145,solo,false
6146,User 6146,user6146@example.com,Zürich,7402.46,"said ""hi"", then left",solo,true
6147,User 6147,user6147@example.com,København,7439.47,plain note 6147,"a,b,c",false
6148,User 6148,user6148@example.com,Москва,7476.48,plain note 6148,solo,true
6149,User 6149,user6149@example.com,東京,7513.49,"line one
line two",solo,false
6150,User 6150,user6150@example.com,Paris,7550.50,plain note 6150,"a,b,c",true
6151,User 6151,user6151@example.com,Lima,7587.51,plain note 6151,solo,false
6152,User 6152,user6152@example.com,Amsterdam,7624.52,plain note 6152,solo,true
6153,User 6153,user6153@example.com,Bratislava,7661.53,"said ""hi"", then left","a,b,c",false
6154,User 6154,user6154@example.com,Zürich,7698.54,plain note 6154,solo,true
6155,User 6155,user6155@example.com,København,7735.55,plain note 6155,solo,false
6156,User 6156,user6156@example.com,Москва,7772.56,plain note 6156,"a,b,c",true
6157,User 6157,user6157@example.com,東京,7809.57,plain note 6157,solo,false
6158,User 6158,user6158@example.com,Paris,7846.58,plain note 6158,solo,true
6159,User 6159,user6159@example.com,Lima,7883.59,plain note 6159,"a,b,c",false
6160,User 6160,user6160@example.com,Amsterdam,7920.60,"said ""hi"", then left",solo,true
6161,User 6161,user6161@example.com,Bratislava,7957.61,plain note 6161,solo,false
6162,User 6162,user6162@example.com,Zürich,7994.62,plain note 6162,"a,b,c",true
6163,User 6163,user6163@example.com,København,8031.63,plain note 6163,solo,false
6164,User 6164,user6164@example.com,Москва,8068.64,plain note 6164,solo,true
6165,User 6165,user6165@example.com,東京,8105.65,plain note 6165,"a,b,c",false
6166,User 6166,user6166@example.com,Paris,8142.66,plain note 6166,solo,true
6167,User 6167,user6167@example.com,Lima,8179.67,"said ""hi"", then left",solo,false
6168,User 6168,user6168@example.com,Amsterdam,8216.68,plain note 6168,"a,b,c",true
6169,User 6169,user6169@example.com,Bratislava,8253.69,plain note 6169,solo,false
6170,User 6170,user6170@example.com,Zürich,8290.70,plain note 6170,solo,true
6171,User 6171,user6171@example.com,København,8327.71,"line one
line two","a,b,c",false
6172,User 6172,user6172@example.com,Москва,8364.72,plain note 6172,solo,true
6173,User 6173,user6173@example.com,東京,8401.73,plain note 6173,solo,false
6174,User 6174,user6174@example.com,Paris,8438.74,"said ""hi"", then left","a,b,c",true
6175,User 6175,user6175@example.com,Lima,8475.75,plain note 6175,solo,false
6176,User 6176,user6176@example.com,Amsterdam,8512.76,plain note 6176,solo,true
6177,User 6177,user6177@example.com,Bratislava,8549.77,plain note 6177,"a,b,c",false
6178,User 6178,user6178@example.com,Zürich,8586.78,plain note 6178,solo,true
6179,User 6179,user6179@example.com,København,8623.79,plain note 6179,solo,false
6180,User 6180,user6180@example.com,Москва,8660.80,plain note 6180,"a,b,c",true
6181,User 6181,user6181@example.com,東京,8697.81,"said ""hi"", then left",solo,false
6182,User 6182,user6182@example.com,Paris,8734.82,"line one
line two",solo,true
6183,User 6183,user6183@example.com,Lima,8771.83,plain note 6183,"a,b,c",false
6184,User 6184,user6184@example.com,Amsterdam,8808.84,plain note 6184,solo,true
6185,User 6185,user6185@example.com,Bratislava,8845.85,plain note 6185,solo,false
6186,User 6186,user6186@example.com,Zürich,8882.86,plain note 6186,"a,b,c",true
6187,User 6187,user6187@example.com,København,8919.87,plain note 6187,solo,false
6188,User 6188,user6188@example.com,Москва,8956.88,"said ""hi"", then left",solo,true
6189,User 6189,user6189@example.com,東京,8993.89,plain note 6189,"a,b,c",false
6190,User 6190,user6190@example.com,Paris,9030.90,plain note 6190,solo,true
6191,User 6191,user6191@example.com,Lima,9067.91,plain note 6191,solo,false
6192,User 6192,user6192@example.com,Amsterdam,9104.92,plain note 6192,"a,b,c",true
6193,User 6193,user6193@example.com,Bratislava,9141.93,"line one
line two",solo,false
6194,User 6194,user6194@example.com,Zürich,9178.94,plain note 6194,solo,true
6195,User 6195,user6195@example.com,København,9215.95,"said ""hi"", then left","a,b,c",false
6196,User 6196,user6196@example.com,Москва,9252.96,plain note 6196,solo,true
6197,User 6197,user6197@example.com,東京,9289.97,plain note 6197,solo,false
6198,User 6198,user6198@example.com,Paris,9326.98,plain note 6198,"a,b,c",true
6199,User 6199,user6199@example.com,Lima,9363.99,plain note 6199,solo,false
6200,User 6200,user6200@example.com,Amsterdam,9400.0,plain note 6200,solo,true
6201,User 6201,user6201@example.com,Bratislava,9437.1,plain note 6201,"a,b,c",false
6202,User 6202,user6202@example.com,Zürich,9474.2,"said ""hi"", then left",solo,true
6203,User 6203,user6203@example.com,København,9511.3,plain note 6203,solo,false
6204,User 6204,user6204@example.com,Москва,9548.4,"line one
line two","a,b,c",true
6205,User 6205,user6205@example.com,東京,9585.5,plain note 6205,solo,false
6206,User 6206,user6206@example.com,Paris,9622.6,plain note 6206,solo,true
6207,User 6207,user6207@example.com,Lima,9659.7,plain note 6207,"a,b,c",false
6208,User 6208,user6208@example.com,Amsterdam,9696.8,plain note 6208,solo,true
6209,User 6209,user6209@example.com,Bratislava,9733.9,"said ""hi"", then left",solo,false
6210,User 6210,user6210@example.com,Zürich,9770.10,plain note 6210,"a,b,c",true
6211,User 6211,user6211@example.com,København,9807.11,plain note 6211,solo,false
6212,User 6212,user6212@example.com,Москва,9844.12,plain note 6212,solo,true
6213,User 6213,user6213@example.com,東京,9881.13,plain note 6213,"a,b,c",false
6214,User 6214,user6214@example.com,Paris,9918.14,plain note 6214,solo,true
6215,User 6215,user6215@example.com,Lima,9955.15,"line one
line two",solo,false
6216,User 6216,user6216@example.com,Amsterdam,9992.16,"said ""hi"", then left","a,b,c",true
6217,User 6217,user6217@example.com,Bratislava,29.17,plain note 6217,solo,false
6218,User 6218,user6218@example.com,Zürich,66.18,plain note 6218,solo,true
6219,User 6219,user6219@example.com,København,103.19,plain note 6219,"a,b,c",false
6220,User 6220,user6220@example.com,Москва,140.20,plain note 6220,solo,true
6221,User 6221,user6221@example.com,東京,177.21,plain note 6221,solo,false
6222,User 6222,user6222@example.com,Paris,214.22,plain note 6222,"a,b,c",true
6223,User 6223,user6223@example.com,Lima,251.23,"said ""hi"", then left",solo,false
6224,User 6224,user6224@example.com,Amsterdam,288.24,plain note 6224,solo,true
6225,User 6225,user6225@example.com,Bratislava,325.25,plain note 6225,"a,b,c",false
6226,User 6226,user6226@example.com,Zürich,362.26,"line one
line two",solo,true
6227,User 6227,user6227@example.com,København,399.27,plain note 6227,solo,false
6228,User 6228,user6228@example.com,Москва,436.28,plain note 6228,"a,b,c",true
6229,User 6229,user6229@example.com,東京,473.29,plain note 6229,solo,false
6230,User 6230,user6230@example.com,Paris,510.30,"said ""hi"", then left",solo,true
6231,User 6231,user6231@example.com,Lima,547.31,plain note 6231,"a,b,c",false
6232,User 6232,user6232@example.com,Amsterdam,584.32,plain note 6232,solo,true
6233,User 6233,user6233@example.com,Bratislava,621.33,plain note 6233,solo,false
6234,User 6234,user6234@example.com,Zürich,658.34,plain note 6234,"a,b,c",true
6235,User 6235,user6235@example.com,København,695.35,plain note 6235,solo,false
6236,User 6236,user6236@example.com,Москва,732.36,plain note 6236,solo,true
6237,User 6237,user6237@example.com,東京,769.37,"said ""hi"", then left","a,b,c",false
6238,User 6238,user6238@example.com,Paris,806.38,plain note 6238,solo,true
6239,User 6239,user6239@example.com,Lima,843.39,plain note 6239,solo,false
6240,User 6240,user6240@example.com,Amsterdam,880.40,plain note 6240,"a,b,c",true
6241,User 6241,user6241@example.com,Bratislava,917.41,plain note 6241,solo,false
6242,User 6242,user6242@example.com,Zürich,954.42,plain note 6242,solo,true
6243,User 6243,user6243@example.com,København,991.43,plain note 6243,"a,b,c",false
6244,User 6244,user6244@example.com,Москва,1028.44,"said ""hi"", then left",solo,true
6245,User 6245,user6245@example.com,東京,1065.45,plain note 6245,solo,false
6246,User 6246,user6246@example.com,Paris,1102.46,plain note 6246,"a,b,c",true
6247,User 6247,user6247@example.com,Lima,1139.47,plain note 6247,solo,false
6248,User 6248,user6248@example.com,Amsterdam,1176.48,"line one
line two",solo,true
6249,User 6249,user6249@example.com,Bratislava,1213.49,plain note 6249,"a,b,c",false
6250,User 6250,user6250@example.com,Zürich,1250.50,plain note 6250,solo,true
6251,User 6251,user6251@example.com,København,1287.51,"said ""hi"", then left",solo,false
6252,User 6252,user6252@example.com,Москва,1324.52,plain note 6252,"a,b,c",true
6253,User 6253,user6253@example.com,東京,1361.53,plain note 6253,solo,false
6254,User 6254,user6254@example.com,Paris,1398.54,plain note 6254,solo,true
6255,User 6255,user6255@example.com,Lima,1435.55,plain note 6255,"a,b,c",false
6256,User 6256,user6256@example.com,Amsterdam,1472.56,plain note 6256,solo,true
6257,User 6257,user6257@example.com,Bratislava,1509.57,plain note 6257,solo,false
6258,User 6258,user6258@example.com,Zürich,1546.58,"said ""hi"", then left","a,b,c",true
6259,User 6259,user6259@example.com,København,1583.59,"line one
line two",solo,false
6260,User 6260,user6260@example.com,Москва,1620.60,plain note 6260,solo,true
6261,User 6261,user6261@example.com,東京,1657.61,plain note 6261,"a,b,c",false
6262,User 6262,user6262@example.com,Paris,1694.62,plain note 6262,solo,true
6263,User 6263,user6263@example.com,Lima,1731.63,plain note 6263,solo,false
6264,User 6264,user6264@example.com,Amsterdam,1768.64,plain note 6264,"a,b,c",true
6265,User 6265,user6265@example.com,Bratislava,1805.65,"said ""hi"", then left",solo,false
6266,User 6266,user6266@example.com,Zürich,1842.66,plain note 6266,solo,true
6267,User 6267,user6267@example.com,København,1879.67,plain note 6267,"a,b,c",false
6268,User 6268,user6268@example.com,Москва,1916.68,plain note 6268,solo,true
6269,User 6269,user6269@example.com,東京,1953.69,plain note 6269,solo,false
6270,User 6270,user6270@example.com,Paris,1990.70,"line one
line two","a,b,c",true
6271,User 6271,user6271@example.com,Lima,2027.71,plain note 6271,solo,false
6272,User 6272,user6272@example.com,Amsterdam,2064.72,"said ""hi"", then left",solo,true
6273,User 6273,user6273@example.com,Bratislava,2101.73,plain note 6273,"a,b,c",false
6274,User 6274,user6274@example.com,Zürich,2138.74,plain note 6274,solo,true
6275,User 6275,user6275@example.com,København,2175.75,plain note 6275,solo,false
6276,User 6276,user6276@example.com,Москва,2212.76,plain note 6276,"a,b,c",true
6277,User 6277,user6277@example.com,東京,2249.77,plain note 6277,solo,false
6278,User 6278,user6278@example.com,Paris,2286.78,plain note 6278,solo,true
6279,User 6279,user6279@example.com,Lima,2323.79,"said ""hi"", then left","a,b,c",false
6280,User 6280,user6280@example.com,Amsterdam,2360.80,plain note 6280,solo,true
6281,User 6281,user6281@example.com,Bratislava,2397.81,"line one
line two",solo,false
6282,User 6282,user6282@example.com,Zürich,2434.82,plain note 6282,"a,b,c",true
6283,User 6283,user6283@example.com,København,2471.83,plain note 6283,solo,false
6284,User 6284,user6284@example.com,Москва,2508.84,plain note 6284,solo,true
6285,User 6285,user6285@example.com,東京,2545.85,plain note 6285,"a,b,c",false
6286,User 6286,user6286@example.com,Paris,2582.86,"said ""hi"", then left",solo,true
6287,User 6287,user6287@example.com,Lima,2619.87,plain note 6287,solo,false
6288,User 6288,user6288@example.com,Amsterdam,2656.88,plain note 6288,"a,b,c",true
6289,User 6289,user6289@example.com,Bratislava,2693.89,plain note 6289,solo,false
6290,User 6290,user6290@example.com,Zürich,2730.90,plain note 6290,solo,true
6291,User 6291,user6291@example.com,København,2767.91,plain note 6291,"a,b,c",false
6292,User 6292,user6292@example.com,Москва,2804.92,"line one
line two",solo,true
6293,User 6293,user6293@example.com,東京,2841.93,"said ""hi"", then left",solo,false
6294,User 6294,user6294@example.com,Paris,2878.94,plain note 6294,"a,b,c",true
6295,User 6295,user6295@example.com,Lima,2915.95,plain note 6295,solo,false
6296,User 6296,user6296@example.com,Amsterdam,2952.96,plain note 6296,solo,true
6297,User 6297,user6297@example.com,Bratislava,2989.97,plain note 6297,"a,b,c",false
6298,User 6298,user6298@example.com,Zürich,3026.98,plain note 6298,solo,true
6299,User 6299,user6299@example.com,København,3063.99,plain note 6299,solo,false
6300,User 6300,user6300@example.com,Москва,3100.0,"said ""hi"", then left","a,b,c",true
6301,User 6301,user6301@example.com,東京,3137.1,plain note 6301,solo,false
6302,User 6302,user6302@example.com,Paris,3174.2,plain note 6302,solo,true
6303,User 6303,user6303@example.com,Lima,3211.3,"line one
line two","a,b,c",false
6304,User 6304,user6304@example.com,Amsterdam,3248.4,plain note 6304,solo,true
6305,User 6305,user6305@example.com,Bratislava,3285.5,plain note 6305,solo,false
6306,User 6306,user6306@example.com,Zürich,3322.6,plain note 6306,"a,b,c",true
6307,User 6307,user6307@example.com,København,3359.7,"said ""hi"", then left",solo,false
6308,User 6308,user6308@example.com,Москва,3396.8,plain note 6308,solo,true
6309,User 6309,user6309@example.com,東京,3433.9,plain note 6309,"a,b,c",false
6310,User 6310,user6310@example.com,Paris,3470.10,plain note 6310,solo,true
6311,User 6311,user6311@example.com,Lima,3507.11,plain note 6311,solo,false
6312,User 6312,user6312@example.com,Amsterdam,3544.12,plain note 6312,"a,b,c",true
6313,User 6313,user6313@example.com,Bratislava,3581.13,plain note 6313,solo,false
6314,User 6314,user6314@example.com,Zürich,3618.14,"said ""hi"", then left",solo,true
6315,User 6315,user6315@example.com,København,3655.15,plain note 6315,"a,b,c",false
6316,User 6316,user6316@example.com,Москва,3692.16,plain note 6316,solo,true
6317,User 6317,user6317@example.com,東京,3729.17,plain note 6317,solo,false
6318,User 6318,user6318@example.com,Paris,3766.18,plain note 6318,"a,b,c",true
6319,User 6319,user6319@example.com,Lima,3803.19,plain note 6319,solo,false
6320,User 6320,user6320@example.com,Amsterdam,3840.20,plain note 6320,solo,true
6321,User 6321,user6321@example.com,Bratislava,3877.21,"said ""hi"", then left","a,b,c",false
6322,User 6322,user6322@example.com,Zürich,3914.22,plain note 6322,solo,true
6323,User 6323,user6323@example.com,København,3951.23,plain note 6323,solo,false
6324,User 6324,user6324@example.com,Москва,3988.24,plain note 6324,"a,b,c",true
6325,User 6325,user6325@example.com,東京,4025.25,"line one
line two",solo,false
6326,User 6326,user6326@example.com,Paris,4062.26,plain note 6326,solo,true
6327,User 6327,user6327@example.com,Lima,4099.27,plain note 6327,"a,b,c",false
6328,User 6328,user6328@example.com,Amsterdam,4136.28,"said ""hi"", then left",solo,true
6329,User 6329,user6329@example.com,Bratislava,4173.29,plain note 6329,solo,false
6330,User 6330,user6330@example.com,Zürich,4210.30,plain note 6330,"a,b,c",true
6331,User 6331,user6331@example.com,København,4247.31,plain note 6331,solo,false
6332,User 6332,user6332@example.com,Москва,4284.32,plain note 6332,solo,true
6333,User 6333,user6333@example.com,東京,4321.33,plain note 6333,"a,b,c",false
6334,User 6334,user6334@example.com,Paris,4358.34,plain note 6334,solo,true
6335,User 6335,user6335@example.com,Lima,4395.35,"said ""hi"", then left",solo,false
6336,User 6336,user6336@example.com,Amsterdam,4432.36,"line one
line two","a,b,c",true
6337,User 6337,user6337@example.com,Bratislava,4469.37,plain note 6337,solo,false
6338,User 6338,user6338@example.com,Zürich,4506.38,plain note 6338,solo,true
6339,User 6339,user6339@example.com,København,4543.39,plain note 6339,"a,b,c",false
6340,User 6340,user6340@example.com,Москва,4580.40,plain note 6340,solo,true
6341,User 6341,user6341@example.com,東京,4617.41,plain note 6341,solo,false
6342,User 6342,user6342@example.com,Paris,4654.42,"said ""hi"", then left","a,b,c",true
6343,User 6343,user6343@example.com,Lima,4691.43,plain note 6343,solo,false
6344,User 6344,user6344@example.com,Amsterdam,4728.44,plain note 6344,solo,true
6345,User 6345,user6345@example.com,Bratislava,4765.45,plain note 6345,"a,b,c",false
6346,User 6346,user6346@example.com,Zürich,4802.46,plain note 6346,solo,true
6347,User 6347,user6347@example.com,København,4839.47,"line one
line two",solo,false
6348,User 6348,user6348@example.com,Москва,4876.48,plain note 6348,"a,b,c",true
6349,User 6349,user6349@example.com,東京,4913.49,"said ""hi"", then left",solo,false
6350,User 6350,user6350@example.com,Paris,4950.50,plain note 6350,solo,true
6351,User 6351,user6351@example.com,Lima,4987.51,plain note 6351,"a,b,c",false
6352,User 6352,user6352@example.com,Amsterdam,5024.52,plain note 6352,solo,true
6353,User 6353,user6353@example.com,Bratislava,5061.53,plain note 6353,solo,false
6354,User 6354,user6354@example.com,Zürich,5098.54,plain note 6354,"a,b,c",true
6355,User 6355,user6355@example.com,København,5135.55,plain note 6355,solo,false
6356,User 6356,user6356@example.com,Москва,5172.56,"said ""hi"", then left",solo,true
6357,User 6357,user6357@example.com,東京,5209.57,plain note 6357,"a,b,c",false
6358,User 6358,user6358@example.com,Paris,5246.58,"line one
line two",solo,true
6359,User 6359,user6359@example.com,Lima,5283.59,plain note 6359,solo,false
6360,User 6360,user6360@example.com,Amsterdam,5320.60,plain note 6360,"a,b,c",true
6361,User 6361,user6361@example.com,Bratislava,5357.61,plain note 6361,solo,false
6362,User 6362,user6362@example.com,Zürich,5394.62,plain note 6362,solo,true
6363,User 6363,user6363@example.com,København,5431.63,"said ""hi"", then left","a,b,c",false
6364,User 6364,user6364@example.com,Москва,5468.64,plain note 6364,solo,true
6365,User 6365,user6365@example.com,東京,5505.65,plain note 6365,solo,false
6366,User 6366,user6366@example.com,Paris,5542.66,plain note 6366,"a,b,c",true
6367,User 6367,user6367@example.com,Lima,5579.67,plain note 6367,solo,false
6368,User 6368,user6368@example.com,Amsterdam,5616.68,plain note 6368,solo,true
6369,User 6369,user6369@example.com,Bratislava,5653.69,"line one
line two","a,b,c",false
6370,User 6370,user6370@example.com,Zürich,5690.70,"said ""hi"", then left",solo,true
6371,User 6371,user6371@example.com,København,5727.71,plain note 6371,solo,false
6372,User 6372,user6372@example.com,Москва,5764.72,plain note 6372,"a,b,c",true
6373,User 6373,user6373@example.com,東京,5801.73,plain note 6373,solo,false
6374,User 6374,user6374@example.com,Paris,5838.74,plain note 6374,solo,true
6375,User 6375,user6375@example.com,Lima,5875.75,plain note 6375,"a,b,c",false
6376,User 6376,user6376@example.com,Amsterdam,5912.76,plain note 6376,solo,true
6377,User 6377,user6377@example.com,Bratislava,5949.77,"said ""hi"", then left",solo,false
6378,User 6378,user6378@example.com,Zürich,5986.78,plain note 6378,"a,b,c",true
6379,User 6379,user6379@example.com,København,6023.79,plain note 6379,solo,false
6380,User 6380,user6380@example.com,Москва,6060.80,"line one
line two",solo,true
6381,User 6381,user6381@example.com,東京,6097.81,plain note 6381,"a,b,c",false
6382,User 6382,user6382@example.com,Paris,6134.82,plain note 6382,solo,true
6383,User 6383,user6383@example.com,Lima,6171.83,plain note 6383,solo,false
6384,User 6384,user6384@example.com,Amsterdam,6208.84,"said ""hi"", then left","a,b,c",true
6385,User 6385,user6385@example.com,Bratislava,6245.85,plain note 6385,solo,false
6386,User 6386,user6386@example.com,Zürich,6282.86,plain note 6386,solo,true
6387,User 6387,user6387@example.com,København,6319.87,plain note 6387,"a,b,c",false
6388,User 6388,user6388@example.com,Москва,6356.88,plain note 6388,solo,true
6389,User 6389,user6389@example.com,東京,6393.89,plain note 6389,solo,false
6390,User 6390,user6390@example.com,Paris,6430.90,plain note 6390,"a,b,c",true
6391,User 6391,user6391@example.com,Lima,6467.91,"said ""hi"", then left",solo,false
6392,User 6392,user6392@example.com,Amsterdam,6504.92,plain note 6392,solo,true
6393,User 6393,user6393@example.com,Bratislava,6541.93,plain note 6393,"a,b,c",false
6394,User 6394,user6394@example.com,Zürich,6578.94,plain note 6394,solo,true
6395,User 6395,user6395@example.com,København,6615.95,plain note 6395,solo,false
6396,User 6396,user6396@example.com,Москва,6652.96,plain note 6396,"a,b,c",true
6397,User 6397,user6397@example.com,東京,6689.97,plain note 6397,solo,false
6398,User 6398,user6398@example.com,Paris,6726.98,"said ""hi"", then left",solo,true
6399,User 6399,user6399@example.com,Lima,6763.99,plain note 6399,"a,b,c",false
6400,User 6400,user6400@example.com,Amsterdam,6800.0,plain note 6400,solo,true
6401,User 6401,user6401@example.com,Bratislava,6837.1,plain note 6401,solo,false
6402,User 6402,user6402@example.com,Zürich,6874.2,"line one
line two","a,b,c",true
6403,User 6403,user6403@example.com,København,6911.3,plain note 6403,solo,false
6404,User 6404,user6404@example.com,Москва,6948.4,plain note 6404,solo,true
6405,User 6405,user6405@example.com,東京,6985.5,"said ""hi"", then left","a,b,c",false
6406,User 6406,user6406@example.com,Paris,7022.6,plain note 6406,solo,true
6407,User 6407,user6407@example.com,Lima,7059.7,plain note 6407,solo,false
6408,User 6408,user6408@example.com,Amsterdam,7096.8,plain note 6408,"a,b,c",true
6409,User 6409,user6409@example.com,Bratislava,7133.9,plain note 6409,solo,false
6410,User 6410,user6410@example.com,Zürich,7170.10,plain note 6410,solo,true
6411,User 6411,user6411@example.com,København,7207.11,plain note 6411,"a,b,c",false
6412,User 6412,user6412@example.com,Москва,7244.12,"said ""hi"", then left",solo,true
6413,User 6413,user6413@example.com,東京,7281.13,"line one
line two",solo,false
6414,User 6414,user6414@example.com,Paris,7318.14,plain note 6414,"a,b,c",true
6415,User 6415,user6415@example.com,Lima,7355.15,plain note 6415,solo,false
6416,User 6416,user6416@example.com,Amsterdam,7392.16,plain note 6416,solo,true
6417,User 6417,user6417@example.com,Bratislava,7429.17,plain note 6417,"a,b,c",false
6418,User 6418,user6418@example.com,Zürich,7466.18,plain note 6418,solo,true
6419,User 6419,user6419@example.com,København,7503.19,"said ""hi"", then left",solo,false
6420,User 6420,user6420@example.com,Москва,7540.20,plain note 6420,"a,b,c",true
6421,User 6421,user6421@example.com,東京,7577.21,plain note 6421,solo,false
6422,User 6422,user6422@example.com,Paris,7614.22,plain note 6422,solo,true
6423,User 6423,user6423@example.com,Lima,7651.23,plain note 6423,"a,b,c",false
6424,User 6424,user6424@example.com,Amsterdam,7688.24,"line one
line two",solo,true
6425,User 6425,user6425@example.com,Bratislava,7725.25,plain note 6425,solo,false
6426,User 6426,user6426@example.com,Zürich,7762.26,"said ""hi"", then left","a,b,c",true
6427,User 6427,user6427@example.com,København,7799.27,plain note 6427,solo,false
6428,User 6428,user6428@example.com,Москва,7836.28,plain note 6428,solo,true
6429,User 6429,user6429@example.com,東京,7873.29,plain note 6429,"a,b,c",false
6430,User 6430,user6430@example.com,Paris,7910.30,plain note 6430,solo,true
6431,User 6431,user6431@example.com,Lima,7947.31,plain note 6431,solo,false
6432,User 6432,user6432@example.com,Amsterdam,7984.32,plain note 6432,"a,b,c",true
6433,User 6433,user6433@example.com,Bratislava,8021.33,"said ""hi"", then left",solo,false
6434,User 6434,user6434@example.com,Zürich,8058.34,plain note 6434,solo,true
6435,User 6435,user6435@example.com,København,8095.35,"line one
line two","a,b,c",false
6436,User 6436,user6436@example.com,Москва,8132.36,plain note 6436,solo,true
6437,User 6437,user6437@example.com,東京,8169.37,plain note 6437,solo,false
6438,User 6438,user6438@example.com,Paris,8206.38,plain note 6438,"a,b,c",true
6439,User 6439,user6439@example.com,Lima,8243.39,plain note 6439,solo,false
6440,User 6440,user6440@example.com,Amsterdam,8280.40,"said ""hi"", then left",solo,true
6441,User 6441,user6441@example.com,Bratislava,8317.41,plain note 6441,"a,b,c",false
6442,User 6442,user6442@example.com,Zürich,8354.42,plain note 6442,solo,true
6443,User 6443,user6443@example.com,København,8391.43,plain note 6443,solo,false
6444,User 6444,user6444@example.com,Москва,8428.44,plain note 6444,"a,b,c",true
6445,User 6445,user6445@example.com,東京,8465.45,plain note 6445,solo,false
6446,User 6446,user6446@example.com,Paris,8502.46,"line one
line two",solo,true
6447,User 6447,user6447@example.com,Lima,8539.47,"said ""hi"", then left","a,b,c",false
6448,User 6448,user6448@example.com,Amsterdam,8576.48,plain note 6448,solo,true
6449,User 6449,user6449@example.com,Bratislava,8613.49,plain note 6449,solo,false
6450,User 6450,user6450@example.com,Zürich,8650.50,plain note 6450,"a,b,c",true
6451,User 6451,user6451@example.com,København,8687.51,plain note 6451,solo,false
6452,User 6452,user6452@example.com,Москва,8724.52,plain note 6452,solo,true
6453,User 6453,user6453@example.com,東京,8761.53,plain note 6453,"a,b,c",false
6454,User 6454,user6454@example.com,Paris,8798.54,"said ""hi"", then left",solo,true
6455,User 6455,user6455@example.com,Lima,8835.55,plain note 6455,solo,false
6456,User 6456,user6456@example.com,Amsterdam,8872.56,plain note 6456,"a,b,c",true
6457,User 6457,user6457@example.com,Bratislava,8909.57,"line one
line two",solo,false
6458,User 6458,user6458@example.com,Zürich,8946.58,plain note 6458,solo,true
6459,User 6459,user6459@example.com,København,8983.59,plain note 6459,"a,b,c",false
6460,User 6460,user6460@example.com,Москва,9020.60,plain note 6460,solo,true
6461,User 6461,user6461@example.com,東京,9057.61,"said ""hi"", then left",solo,false
6462,User 6462,user6462@example.com,Paris,9094.62,plain note 6462,"a,b,c",true
6463,User 6463,user6463@example.com,Lima,9131.63,plain note 6463,solo,false
6464,User 6464,user6464@example.com,Amsterdam,9168.64,plain note 6464,solo,true
6465,User 6465,user6465@example.com,Bratislava,9205.65,plain note 6465,"a,b,c",false
6466,User 6466,user6466@example.com,Zürich,9242.66,plain note 6466,solo,true
6467,User 6467,user6467@example.com,København,9279.67,plain note 6467,solo,false
6468,User 6468,user6468@example.com,Москва,9316.68,"said ""hi"", then left","a,b,c",true
6469,User 6469,user6469@example.com,東京,9353.69,plain note 6469,solo,false
6470,User 6470,user6470@example.com,Paris,9390.70,plain note 6470,solo,true
6471,User 6471,user6471@example.com,Lima,9427.71,plain note 6471,"a,b,c",false
6472,User 6472,user6472@example.com,Amsterdam,9464.72,plain note 6472,solo,true
6473,User 6473,user6473@example.com,Bratislava,9501.73,plain note 6473,solo,false
6474,User 6474,user6474@example.com,Zürich,9538.74,plain note 6474,"a,b,c",true
6475,User 6475,user6475@example.com,København,9575.75,"said ""hi"", then left",solo,false
6476,User 6476,user6476@example.com,Москва,9612.76,plain note 6476,solo,true
6477,User 6477,user6477@example.com,東京,9649.77,plain note 6477,"a,b,c",false
6478,User 6478,user6478@example.com,Paris,9686.78,plain note 6478,solo,true
6479,User 6479,user6479@example.com,Lima,9723.79,"line one
line two",solo,false
6480,User 6480,user6480@example.com,Amsterdam,9760.80,plain note 6480,"a,b,c",true
6481,User 6481,user6481@example.com,Bratislava,9797.81,plain note 6481,solo,false
6482,User 6482,user6482@example.com,Zürich,9834.82,"said ""hi"", then left",solo,true
6483,User 6483,user6483@example.com,København,9871.83,plain note 6483,"a,b,c",false
6484,User 6484,user6484@example.com,Москва,9908.84,plain note 6484,solo,true
6485,User 6485,user6485@example.com,東京,9945.85,plain note 6485,solo,false
6486,User 6486,user6486@example.com,Paris,9982.86,plain note 6486,"a,b,c",true
6487,User 6487,user6487@example.com,Lima,19.87,plain note 6487,solo,false
6488,User 6488,user6488@example.com,Amsterdam,56.88,plain note 6488,solo,true
6489,User 6489,user6489@example.com,Bratislava,93.89,"said ""hi"", then left","a,b,c",false
6490,User 6490,user6490@example.com,Zürich,130.90,"line one
line two",solo,true
6491,User 6491,user6491@example.com,København,167.91,plain note 6491,solo,false
6492,User 6492,user6492@example.com,Москва,204.92,plain note 6492,"a,b,c",true
6493,User 6493,user6493@example.com,東京,241.93,plain note 6493,solo,false
6494,User 6494,user6494@example.com,Paris,278.94,plain note 6494,solo,true
6495,User 6495,user6495@example.com,Lima,315.95,plain note 6495,"a,b,c",false
6496,User 6496,user6496@example.com,Amsterdam,352.96,"said ""hi"", then left",solo,true
6497,User 6497,user6497@example.com,Bratislava,389.97,plain note 6497,solo,false
6498,User 6498,user6498@example.com,Zürich,426.98,plain note 6498,"a,b,c",true
6499,User 6499,user6499@example.com,København,463.99,plain note 6499,solo,false
6500,User 6500,user6500@example.com,Москва,500.0,plain note 6500,solo,true
6501,User 6501,user6501@example.com,東京,537.1,"line one
line two","a,b,c",false
6502,User 6502,user6502@example.com,Paris,574.2,plain note 6502,solo,true
6503,User 6503,user6503@example.com,Lima,611.3,"said ""hi"", then left",solo,false
6504,User 6504,user6504@example.com,Amsterdam,648.4,plain note 6504,"a,b,c",true
6505,User 6505,user6505@example.com,Bratislava,685.5,plain note 6505,solo,false
6506,User 6506,user6506@example.com,Zürich,722.6,plain note 6506,solo,true
6507,User 6507,user6507@example.com,København,759.7,plain note 6507,"a,b,c",false
6508,User 6508,user6508@example.com,Москва,796.8,plain note 6508,solo,true
6509,User 6509,user6509@example.com,東京,833.9,plain note 6509,solo,false
6510,User 6510,user6510@example.com,Paris,870.10,"said ""hi"", then left","a,b,c",true
6511,User 6511,user6511@example.com,Lima,907.11,plain note 6511,solo,false
6512,User 6512,user6512@example.com,Amsterdam,944.12,"line one
line two",solo,true
6513,User 6513,user6513@example.com,Bratislava,981.13,plain note 6513,"a,b,c",false
6514,User 6514,user6514@example.com,Zürich,1018.14,plain note 6514,solo,true
6515,User 6515,user6515@example.com,København,1055.15,plain note 6515,solo,false
6516,User 6516,user6516@example.com,Москва,1092.16,plain note 6516,"a,b,c",true
6517,User 6517,user6517@example.com,東京,1129.17,"said ""hi"", then left",solo,false
6518,User 6518,user6518@example.com,Paris,1166.18,plain note 6518,solo,true
6519,User 6519,user6519@example.com,Lima,1203.19,plain note 6519,"a,b,c",false
6520,User 6520,user6520@example.com,Amsterdam,1240.20,plain note 6520,solo,true
6521,User 6521,user6521@example.com,Bratislava,1277.21,plain note 6521,solo,false
6522,User 6522,user6522@example.com,Zürich,1314.22,plain note 6522,"a,b,c",true
6523,User 6523,user6523@example.com,København,1351.23,"line one
line two",solo,false
6524,User 6524,user6524@example.com,Москва,1388.24,"said ""hi"", then left",solo,true
6525,User 6525,user6525@example.com,東京,1425.25,plain note 6525,"a,b,c",false
6526,User 6526,user6526@example.com,Paris,1462.26,plain note 6526,solo,true
6527,User 6527,user6527@example.com,Lima,1499.27,plain note 6527,solo,false
6528,User 6528,user6528@example.com,Amsterdam,1536.28,plain note 6528,"a,b,c",true
6529,User 6529,user6529@example.com,Bratislava,1573.29,plain note 6529,solo,false
6530,User 6530,user6530@example.com,Zürich,1610.30,plain note 6530,solo,true
6531,User 6531,user6531@example.com,København,1647.31,"said ""hi"", then left","a,b,c",false
6532,User 6532,user6532@example.com,Москва,1684.32,plain note 6532,solo,true
6533,User 6533,user6533@example.com,東京,1721.33,plain note 6533,solo,false
6534,User 6534,user6534@example.com,Paris,1758.34,"line one
line two","a,b,c",true
6535,User 6535,user6535@example.com,Lima,1795.35,plain note 6535,solo,false
6536,User 6536,user6536@example.com,Amsterdam,1832.36,plain note 6536,solo,true
6537,User 6537,user6537@example.com,Bratislava,1869.37,plain note 6537,"a,b,c",false
6538,User 6538,user6538@example.com,Zürich,1906.38,"said ""hi"", then left",solo,true
6539,User 6539,user6539@example.com,København,1943.39,plain note 6539,solo,false
6540,User 6540,user6540@example.com,Москва,1980.40,plain note 6540,"a,b,c",true
6541,User 6541,user6541@example.com,東京,2017.41,plain note 6541,solo,false
6542,User 6542,user6542@example.com,Paris,2054.42,plain note 6542,solo,true
6543,User 6543,user6543@example.com,Lima,2091.43,plain note 6543,"a,b,c",false
6544,User 6544,user6544@example.com,Amsterdam,2128.44,plain note 6544,solo,true
6545,User 6545,user6545@example.com,Bratislava,2165.45,"said ""hi"", then left",solo,false
6546,User 6546,user6546@example.com,Zürich,2202.46,plain note 6546,"a,b,c",true
6547,User 6547,user6547@example.com,København,2239.47,plain note 6547,solo,false
6548,User 6548,user6548@example.com,Москва,2276.48,plain note 6548,solo,true
6549,User 6549,user6549@example.com,東京,2313.49,plain note 6549,"a,b,c",false
6550,User 6550,user6550@example.com,Paris,2350.50,plain note 6550,solo,true
6551,User 6551,user6551@example.com,Lima,2387.51,plain note 6551,solo,false
6552,User 6552,user6552@example.com,Amsterdam,2424.52,"said ""hi"", then left","a,b,c",true
6553,User 6553,user6553@example.com,Bratislava,2461.53,plain note 6553,solo,false
6554,User 6554,user6554@example.com,Zürich,2498.54,plain note 6554,solo,true
6555,User 6555,user6555@example.com,København,2535.55,plain note 6555,"a,b,c",false
6556,User 6556,user6556@example.com,Москва,2572.56,"line one
line two",solo,true
6557,User 6557,user6557@example.com,東京,2609.57,plain note 6557,solo,false
6558,User 6558,user6558@example.com,Paris,2646.58,plain note 6558,"a,b,c",true
6559,User 6559,user6559@example.com,Lima,2683.59,"said ""hi"", then left",solo,false
6560,User 6560,user6560@example.com,Amsterdam,2720.60,plain note 6560,solo,true
6561,User 6561,user6561@example.com,Bratislava,2757.61,plain note 6561,"a,b,c",false
6562,User 6562,user6562@example.com,Zürich,2794.62,plain note 6562,solo,true
6563,User 6563,user6563@example.com,København,2831.63,plain note 6563,solo,false
6564,User 6564,user6564@example.com,Москва,2868.64,plain note 6564,"a,b,c",true
6565,User 6565,user6565@example.com,東京,2905.65,plain note 6565,solo,false
6566,User 6566,user6566@example.com,Paris,2942.66,"said ""hi"", then left",solo,true
6567,User 6567,user6567@example.com,Lima,2979.67,"line one
line two","a,b,c",false
6568,User 6568,user6568@example.com,Amsterdam,3016.68,plain note 6568,solo,true
6569,User 6569,user6569@example.com,Bratislava,3053.69,plain note 6569,solo,false
6570,User 6570,user6570@example.com,Zürich,3090.70,plain note 6570,"a,b,c",true
6571,User 6571,user6571@example.com,København,3127.71,plain note 6571,solo,false
6572,User 6572,user6572@example.com,Москва,3164.72,plain note 6572,solo,true
6573,User 6573,user6573@example.com,東京,3201.73,"said ""hi"", then left","a,b,c",false
6574,User 6574,user6574@example.com,Paris,3238.74,plain note 6574,solo,true
6575,User 6575,user6575@example.com,Lima,3275.75,plain note 6575,solo,false
6576,User 6576,user6576@example.com,Amsterdam,3312.76,plain note 6576,"a,b,c",true
6577,User 6577,user6577@example.com,Bratislava,3349.77,plain note 6577,solo,false
6578,User 6578,user6578@example.com,Zürich,3386.78,"line one
line two",solo,true
6579,User 6579,user6579@example.com,København,3423.79,plain note 6579,"a,b,c",false
6580,User 6580,user6580@example.com,Москва,3460.80,"said ""hi"", then left",solo,true
6581,User 6581,user6581@example.com,東京,3497.81,plain note 6581,solo,false
6582,User 6582,user6582@example.com,Paris,3534.82,plain note 6582,"a,b,c",true
6583,User 6583,user6583@example.com,Lima,3571.83,plain note 6583,solo,false
6584,User 6584,user6584@example.com,Amsterdam,3608.84,plain note 6584,solo,true
6585,User 6585,user6585@example.com,Bratislava,3645.85,plain note 6585,"a,b,c",false
6586,User 6586,user6586@example.com,Zürich,3682.86,plain note 6586,solo,true
6587,User 6587,user6587@example.com,København,3719.87,"said ""hi"", then left",solo,false
6588,User 6588,user6588@example.com,Москва,3756.88,plain note 6588,"a,b,c",true
6589,User 6589,user6589@example.com,東京,3793.89,"line one
line two",solo,false
6590,User 6590,user6590@example.com,Paris,3830.90,plain note 6590,solo,true
6591,User 6591,user6591@example.com,Lima,3867.91,plain note 6591,"a,b,c",false
6592,User 6592,user6592@example.com,Amsterdam,3904.92,plain note 6592,solo,true
6593,User 6593,user6593@example.com,Bratislava,3941.93,plain note 6593,solo,false
6594,User 6594,user6594@example.com,Zürich,3978.94,"said ""hi"", then left","a,b,c",true
6595,User 6595,user6595@example.com,København,4015.95,plain note 6595,solo,false
6596,User 6596,user6596@example.com,Москва,4052.96,plain note 6596,solo,true
6597,User 6597,user6597@example.com,東京,4089.97,plain note 6597,"a,b,c",false
6598,User 6598,user6598@example.com,Paris,4126.98,plain note 6598,solo,true
6599,User 6599,user6599@example.com,Lima,4163.99,plain note 6599,solo,false
6600,User 6600,user6600@example.com,Amsterdam,4200.0,"line one
line two","a,b,c",true
6601,User 6601,user6601@example.com,Bratislava,4237.1,"said ""hi"", then left",solo,false
6602,User 6602,user6602@example.com,Zürich,4274.2,plain note 6602,solo,true
6603,User 6603,user6603@example.com,København,4311.3,plain note 6603,"a,b,c",false
6604,User 6604,user6604@example.com,Москва,4348.4,plain note 6604,solo,true
6605,User 6605,user6605@example.com,東京,4385.5,plain note 6605,solo,false
6606,User 6606,user6606@example.com,Paris,4422.6,plain note 6606,"a,b,c",true
6607,User 6607,user6607@example.com,Lima,4459.7,plain note 6607,solo,false
6608,User 6608,user6608@example.com,Amsterdam,4496.8,"said ""hi"", then left",solo,true
6609,User 6609,user6609@example.com,Bratislava,4533.9,plain note 6609,"a,b,c",false
6610,User 6610,user6610@example.com,Zürich,4570.10,plain note 6610,solo,true
6611,User 6611,user6611@example.com,København,4607.11,"line one
line two",solo,false
6612,User 6612,user6612@example.com,Москва,4644.12,plain note 6612,"a,b,c",true
6613,User 6613,user6613@example.com,東京,4681.13,plain note 6613,solo,false
6614,User 6614,user6614@example.com,Paris,4718.14,plain note 6614,solo,true
6615,User 6615,user6615@example.com,Lima,4755.15,"said ""hi"", then left","a,b,c",false
6616,User 6616,user6616@example.com,Amsterdam,4792.16,plain note 6616,solo,true
6617,User 6617,user6617@example.com,Bratislava,4829.17,plain note 6617,solo,false
6618,User 6618,user6618@example.com,Zürich,4866.18,plain note 6618,"a,b,c",true
6619,User 6619,user6619@example.com,København,4903.19,plain note 6619,solo,false
6620,User 6620,user6620@example.com,Москва,4940.20,plain note 6620,solo,true
6621,User 6621,user6621@example.com,東京,4977.21,plain note 6621,"a,b,c",false
6622,User 6622,user6622@example.com,Paris,5014.22,"said ""hi"", then left",solo,true
6623,User 6623,user6623@example.com,Lima,5051.23,plain note 6623,solo,false
6624,User 6624,user6624@example.com,Amsterdam,5088.24,plain note 6624,"a,b,c",true
6625,User 6625,user6625@example.com,Bratislava,5125.25,plain note 6625,solo,false
6626,User 6626,user6626@example.com,Zürich,5162.26,plain note 6626,solo,true
6627,User 6627,user6627@example.com,København,5199.27,plain note 6627,"a,b,c",false
6628,User 6628,user6628@example.com,Москва,5236.28,plain note 6628,solo,true
6629,User 6629,user6629@example.com,東京,5273.29,"said ""hi"", then left",solo,false
6630,User 6630,user6630@example.com,Paris,5310.30,plain note 6630,"a,b,c",true
6631,User 6631,user6631@example.com,Lima,5347.31,plain note 6631,solo,false
6632,User 6632,user6632@example.com,Amsterdam,5384.32,plain note 6632,solo,true
6633,User 6633,user6633@example.com,Bratislava,5421.33,"line one
line two","a,b,c",false
6634,User 6634,user6634@example.com,Zürich,5458.34,plain note 6634,solo,true
6635,User 6635,user6635@example.com,København,5495.35,plain note 6635,solo,false
6636,User 6636,user6636@example.com,Москва,5532.36,"said ""hi"", then left","a,b,c",true
6637,User 6637,user6637@example.com,東京,5569.37,plain note 6637,solo,false
6638,User 6638,user6638@example.com,Paris,5606.38,plain note 6638,solo,true
6639,User 6639,user6639@example.com,Lima,5643.39,plain note 6639,"a,b,c",false
6640,User 6640,user6640@example.com,Amsterdam,5680.40,plain note 6640,solo,true
6641,User 6641,user6641@example.com,Bratislava,5717.41,plain note 6641,solo,false
6642,User 6642,user6642@example.com,Zürich,5754.42,plain note 6642,"a,b,c",true
6643,User 6643,user6643@example.com,København,5791.43,"said ""hi"", then left",solo,false
6644,User 6644,user6644@example.com,Москва,5828.44,"line one
line two",solo,true
6645,User 6645,user6645@example.com,東京,5865.45,plain note 6645,"a,b,c",false
6646,User 6646,user6646@example.com,Paris,5902.46,plain note 6646,solo,true
6647,User 6647,user6647@example.com,Lima,5939.47,plain note 6647,solo,false
6648,User 6648,user6648@example.com,Amsterdam,5976.48,plain note 6648,"a,b,c",true
6649,User 6649,user6649@example.com,Bratislava,6013.49,plain note 6649,solo,false
6650,User 6650,user6650@example.com,Zürich,6050.50,"said ""hi"", then left",solo,true
6651,User 6651,user6651@example.com,København,6087.51,plain note 6651,"a,b,c",false
6652,User 6652,user6652@example.com,Москва,6124.52,plain note 6652,solo,true
6653,User 6653,user6653@example.com,東京,6161.53,plain note 6653,solo,false
6654,User 6654,user6654@example.com,Paris,6198.54,plain note 6654,"a,b,c",true
6655,User 6655,user6655@example.com,Lima,6235.55,"line one
line two",solo,false
6656,User 6656,user6656@example.com,Amsterdam,6272.56,plain note 6656,solo,true
6657,User 6657,user6657@example.com,Bratislava,6309.57,"said ""hi"", then left","a,b,c",false
6658,User 6658,user6658@example.com,Zürich,6346.58,plain note 6658,solo,true
6659,User 6659,user6659@example.com,København,6383.59,plain note 6659,solo,false
6660,User 6660,user6660@example.com,Москва,6420.60,plain note 6660,"a,b,c",true
6661,User 6661,user6661@example.com,東京,6457.61,plain note 6661,solo,false
6662,User 6662,user6662@example.com,Paris,6494.62,plain note 6662,solo,true
6663,User 6663,user6663@example.com,Lima,6531.63,plain note 6663,"a,b,c",false
6664,User 6664,user6664@example.com,Amsterdam,6568.64,"said ""hi"", then left",solo,true
6665,User 6665,user6665@example.com,Bratislava,6605.65,plain note 6665,solo,false
6666,User 6666,user6666@example.com,Zürich,6642.66,"line one
line two","a,b,c",true
6667,User 6667,user6667@example.com,København,6679.67,plain note 6667,solo,false
6668,User 6668,user6668@example.com,Москва,6716.68,plain note 6668,solo,true
6669,User 6669,user6669@example.com,東京,6753.69,plain note 6669,"a,b,c",false
6670,User 6670,user6670@example.com,Paris,6790.70,plain note 6670,solo,true
6671,User 6671,user6671@example.com,Lima,6827.71,"said ""hi"", then left",solo,false
6672,User 6672,user6672@example.com,Amsterdam,6864.72,plain note 6672,"a,b,c",true
6673,User 6673,user6673@example.com,Bratislava,6901.73,plain note 6673,solo,false
6674,User 6674,user6674@example.com,Zürich,6938.74,plain note 6674,solo,true
6675,User 6675,user6675@example.com,København,6975.75,plain note 6675,"a,b,c",false
6676,User 6676,user6676@example.com,Москва,7012.76,plain note 6676,solo,true
6677,User 6677,user6677@example.com,東京,7049.77,"line one
line two",solo,false
6678,User 6678,user6678@example.com,Paris,7086.78,"said ""hi"", then left","a,b,c",true
6679,User 6679,user6679@example.com,Lima,7123.79,plain note 6679,solo,false
6680,User 6680,user6680@example.com,Amsterdam,7160.80,plain note 6680,solo,true
6681,User 6681,user6681@example.com,Bratislava,7197.81,plain note 6681,"a,b,c",false
6682,User 6682,user6682@example.com,Zürich,7234.82,plain note 6682,solo,true
6683,User 6683,user6683@example.com,København,7271.83,plain note 6683,solo,false
6684,User 6684,user6684@example.com,Москва,7308.84,plain note 6684,"a,b,c",true
6685,User 6685,user6685@example.com,東京,7345.85,"said ""hi"", then left",solo,false
6686,User 6686,user6686@example.com,Paris,7382.86,plain note 6686,solo,true
6687,User 6687,user6687@example.com,Lima,7419.87,plain note 6687,"a,b,c",false
6688,User 6688,user6688@example.com,Amsterdam,7456.88,"line one
line two",solo,true
6689,User 6689,user6689@example.com,Bratislava,7493.89,plain note 6689,solo,false
6690,User 6690,user6690@example.com,Zürich,7530.90,plain note 6690,"a,b,c",true
6691,User 6691,user6691@example.com,København,7567.91,plain note 6691,solo,false
6692,User 6692,user6692@example.com,Москва,7604.92,"said ""hi"", then left",solo,true
6693,User 6693,user6693@example.com,東京,7641.93,plain note 6693,"a,b,c",false
6694,User 6694,user6694@example.com,Paris,7678.94,plain note 6694,solo,true
6695,User 6695,user6695@example.com,Lima,7715.95,plain note 6695,solo,false
6696,User 6696,user6696@example.com,Amsterdam,7752.96,plain note 6696,"a,b,c",true
6697,User 6697,user6697@example.com,Bratislava,7789.97,plain note 6697,solo,false
6698,User 6698,user6698@example.com,Zürich,7826.98,plain note 6698,solo,true
6699,User 6699,user6699@example.com,København,7863.99,"said ""hi"", then left","a,b,c",false
6700,User 6700,user6700@example.com,Москва,7900.0,plain note 6700,solo,true
6701,User 6701,user6701@example.com,東京,7937.1,plain note 6701,solo,false
6702,User 6702,user6702@example.com,Paris,7974.2,plain note 6702,"a,b,c",true
6703,User 6703,user6703@example.com,Lima,8011.3,plain note 6703,solo,false
6704,User 6704,user6704@example.com,Amsterdam,8048.4,plain note 6704,solo,true
6705,User 6705,user6705@example.com,Bratislava,8085.5,plain note 6705,"a,b,c",false
6706,User 6706,user6706@example.com,Zürich,8122.6,"said ""hi"", then left",solo,true
6707,User 6707,user6707@example.com,København,8159.7,plain note 6707,solo,false
6708,User 6708,user6708@example.com,Москва,8196.8,plain note 6708,"a,b,c",true
6709,User 6709,user6709@example.com,東京,8233.9,plain note 6709,solo,false
6710,User 6710,user6710@example.com,Paris,8270.10,"line one
line two",solo,true
6711,User 6711,user6711@example.com,Lima,8307.11,plain note 6711,"a,b,c",false
6712,User 6712,user6712@example.com,Amsterdam,8344.12,plain note 6712,solo,true
6713,User 6713,user6713@example.com,Bratislava,8381.13,"said ""hi"", then left",solo,false
6714,User 6714,user6714@example.com,Zürich,8418.14,plain note 6714,"a,b,c",true
6715,User 6715,user6715@example.com,København,8455.15,plain note 6715,solo,false
6716,User 6716,user6716@example.com,Москва,8492.16,plain note 6716,solo,true
6717,User 6717,user6717@example.com,東京,8529.17,plain note 6717,"a,b,c",false
6718,User 6718,user6718@example.com,Paris,8566.18,plain note 6718,solo,true
6719,User 6719,user6719@example.com,Lima,8603.19,plain note 6719,solo,false
6720,User 6720,user6720@example.com,Amsterdam,8640.20,"said ""hi"", then left","a,b,c",true
6721,User 6721,user6721@example.com,Bratislava,8677.21,"line one
line two",solo,false
6722,User 6722,user6722@example.com,Zürich,8714.22,plain note 6722,solo,true
6723,User 6723,user6723@example.com,København,8751.23,plain note 6723,"a,b,c",false
6724,User 6724,user6724@example.com,Москва,8788.24,plain note 6724,solo,true
6725,User 6725,user6725@example.com,東京,8825.25,plain note 6725,solo,false
6726,User 6726,user6726@example.com,Paris,8862.26,plain note 6726,"a,b,c",true
6727,User 6727,user6727@example.com,Lima,8899.27,"said ""hi"", then left",solo,false
6728,User 6728,user6728@example.com,Amsterdam,8936.28,plain note 6728,solo,true
6729,User 6729,user6729@example.com,Bratislava,8973.29,plain note 6729,"a,b,c",false
6730,User 6730,user6730@example.com,Zürich,9010.30,plain note 6730,solo,true
6731,User 6731,user6731@example.com,København,9047.31,plain note 6731,solo,false
6732,User 6732,user6732@example.com,Москва,9084.32,"line one
line two","a,b,c",true
6733,User 6733,user6733@example.com,東京,9121.33,plain note 6733,solo,false
6734,User 6734,user6734@example.com,Paris,9158.34,"said ""hi"", then left",solo,true
6735,User 6735,user6735@example.com,Lima,9195.35,plain note 6735,"a,b,c",false
6736,User 6736,user6736@example.com,Amsterdam,9232.36,plain note 6736,solo,true
6737,User 6737,user6737@example.com,Bratislava,9269.37,plain note 6737,solo,false
6738,User 6738,user6738@example.com,Zürich,9306.38,plain note 6738,"a,b,c",true
6739,User 6739,user6739@example.com,København,9343.39,plain note 6739,solo,false
6740,User 6740,user6740@example.com,Москва,9380.40,plain note 6740,solo,true
6741,User 6741,user6741@example.com,東京,9417.41,"said ""hi"", then left","a,b,c",false
6742,User 6742,user6742@example.com,Paris,9454.42,plain note 6742,solo,true
6743,User 6743,user6743@example.com,Lima,9491.43,"line one
line two",solo,false
6744,User 6744,user6744@example.com,Amsterdam,9528.44,plain note 6744,"a,b,c",true
6745,User 6745,user6745@example.com,Bratislava,9565.45,plain note 6745,solo,false
6746,User 6746,user6746@example.com,Zürich,9602.46,plain note 6746,solo,true
6747,User 6747,user6747@example.com,København,9639.47,plain note 6747,"a,b,c",false
6748,User 6748,user6748@example.com,Москва,9676.48,"said ""hi"", then left",solo,true
6749,User 6749,user6749@example.com,東京,9713.49,plain note 6749,solo,false
6750,User 6750,user6750@example.com,Paris,9750.50,plain note 6750,"a,b,c",true
6751,User 6751,user6751@example.com,Lima,9787.51,plain note 6751,solo,false
6752,User 6752,user6752@example.com,Amsterdam,9824.52,plain note 6752,solo,true
6753,User 6753,user6753@example.com,Bratislava,9861.53,plain note 6753,"a,b,c",false
6754,User 6754,user6754@example.com,Zürich,9898.54,"line one
line two",solo,true
6755,User 6755,user6755@example.com,København,9935.55,"said ""hi"", then left",solo,false
6756,User 6756,user6756@example.com,Москва,9972.56,plain note 6756,"a,b,c",true
6757,User 6757,user6757@example.com,東京,9.57,plain note 6757,solo,false
6758,User 6758,user6758@example.com,Paris,46.58,plain note 6758,solo,true
6759,User 6759,user6759@example.com,Lima,83.59,plain note 6759,"a,b,c",false
6760,User 6760,user6760@example.com,Amsterdam,120.60,plain note 6760,solo,true
6761,User 6761,user6761@example.com,Bratislava,157.61,plain note 6761,solo,false
6762,User 6762,user6762@example.com,Zürich,194.62,"said ""hi"", then left","a,b,c",true
6763,User 6763,user6763@example.com,København,231.63,plain note 6763,solo,false
6764,User 6764,user6764@example.com,Москва,268.64,plain note 6764,solo,true
6765,User 6765,user6765@example.com,東京,305.65,"line one
line two","a,b,c",false
6766,User 6766,user6766@example.com,Paris,342.66,plain note 6766,solo,true
6767,User 6767,user6767@example.com,Lima,379.67,plain note 6767,solo,false
6768,User 6768,user6768@example.com,Amsterdam,416.68,plain note 6768,"a,b,c",true
6769,User 6769,user6769@example.com,Bratislava,453.69,"said ""hi"", then left",solo,false
6770,User 6770,user6770@example.com,Zürich,490.70,plain note 6770,solo,true
6771,User 6771,user6771@example.com,København,527.71,plain note 6771,"a,b,c",false
6772,User 6772,user6772@example.com,Москва,564.72,plain note 6772,solo,true
6773,User 6773,user6773@example.com,東京,601.73,plain note 6773,solo,false
6774,User 6774,user6774@example.com,Paris,638.74,plain note 6774,"a,b,c",true
6775,User 6775,user6775@example.com,Lima,675.75,plain note 6775,solo,false
6776,User 6776,user6776@example.com,Amsterdam,712.76,"said ""hi"", then left",solo,true
6777,User 6777,user6777@example.com,Bratislava,749.77,plain note 6777,"a,b,c",false
6778,User 6778,user6778@example.com,Zürich,786.78,plain note 6778,solo,true
6779,User 6779,user6779@example.com,København,823.79,plain note 6779,solo,false
6780,User 6780,user6780@example.com,Москва,860.80,plain note 6780,"a,b,c",true
6781,User 6781,user6781@example.com,東京,897.81,plain note 6781,solo,false
6782,User 6782,user6782@example.com,Paris,934.82,plain note 6782,solo,true
6783,User 6783,user6783@example.com,Lima,971.83,"said ""hi"", then left","a,b,c",false
6784,User 6784,user6784@example.com,Amsterdam,1008.84,plain note 6784,solo,true
6785,User 6785,user6785@example.com,Bratislava,1045.85,plain note 6785,solo,false
6786,User 6786,user6786@example.com,Zürich,1082.86,plain note 6786,"a,b,c",true
6787,User 6787,user6787@example.com,København,1119.87,"line one
line two",solo,false
6788,User 6788,user6788@example.com,Москва,1156.88,plain note 6788,solo,true
6789,User 6789,user6789@example.com,東京,1193.89,plain note 6789,"a,b,c",false
6790,User 6790,user6790@example.com,Paris,1230.90,"said ""hi"", then left",solo,true
6791,User 6791,user6791@example.com,Lima,1267.91,plain note 6791,solo,false
6792,User 6792,user6792@example.com,Amsterdam,1304.92,plain note 6792,"a,b,c",true
6793,User 6793,user6793@example.com,Bratislava,1341.93,plain note 6793,solo,false
6794,User 6794,user6794@example.com,Zürich,1378.94,plain note 6794,solo,true
6795,User 6795,user6795@example.com,København,1415.95,plain note 6795,"a,b,c",false
6796,User 6796,user6796@example.com,Москва,1452.96,plain note 6796,solo,true
6797,User 6797,user6797@example.com,東京,1489.97,"said ""hi"", then left",solo,false
6798,User 6798,user6798@example.com,Paris,1526.98,"line one
line two","a,b,c",true
6799,User 6799,user6799@example.com,Lima,1563.99,plain note 6799,solo,false
6800,User 6800,user6800@example.com,Amsterdam,1600.0,plain note 6800,solo,true
6801,User 6801,user6801@example.com,Bratislava,1637.1,plain note 6801,"a,b,c",false
6802,User 6802,user6802@example.com,Zürich,1674.2,plain note 6802,solo,true
6803,User 6803,user6803@example.com,København,1711.3,plain note 6803,solo,false
6804,User 6804,user6804@example.com,Москва,1748.4,"said ""hi"", then left","a,b,c",true
6805,User 6805,user6805@example.com,東京,1785.5,plain note 6805,solo,false
6806,User 6806,user6806@example.com,Paris,1822.6,plain note 6806,solo,true
6807,User 6807,user6807@example.com,Lima,1859.7,plain note 6807,"a,b,c",false
6808,User 6808,user6808@example.com,Amsterdam,1896.8,plain note 6808,solo,true
6809,User 6809,user6809@example.com,Bratislava,1933.9,"line one
line two",solo,false
6810,User 6810,user6810@example.com,Zürich,1970.10,plain note 6810,"a,b,c",true
6811,User 6811,user6811@example.com,København,2007.11,"said ""hi"", then left",solo,false
6812,User 6812,user6812@example.com,Москва,2044.12,plain note 6812,solo,true
6813,User 6813,user6813@example.com,東京,2081.13,plain note 6813,"a,b,c",false
6814,User 6814,user6814@example.com,Paris,2118.14,plain note 6814,solo,true
6815,User 6815,user6815@example.com,Lima,2155.15,plain note 6815,solo,false
6816,User 6816,user6816@example.com,Amsterdam,2192.16,plain note 6816,"a,b,c",true
6817,User 6817,user6817@example.com,Bratislava,2229.17,plain note 6817,solo,false
6818,User 6818,user6818@example.com,Zürich,2266.18,"said ""hi"", then left",solo,true
6819,User 6819,user6819@example.com,København,2303.19,plain note 6819,"a,b,c",false
6820,User 6820,user6820@example.com,Москва,2340.20,"line one
line two",solo,true
6821,User 6821,user6821@example.com,東京,2377.21,plain note 6821,solo,false
6822,User 6822,user6822@example.com,Paris,2414.22,plain note 6822,"a,b,c",true
6823,User 6823,user6823@example.com,Lima,2451.23,plain note 6823,solo,false
6824,User 6824,user6824@example.com,Amsterdam,2488.24,plain note 6824,solo,true
6825,User 6825,user6825@example.com,Bratislava,2525.25,"said ""hi"", then left","a,b,c",false
6826,User 6826,user6826@example.com,Zürich,2562.26,plain note 6826,solo,true
6827,User 6827,user6827@example.com,København,2599.27,plain note 6827,solo,false
6828,User 6828,user6828@example.com,Москва,2636.28,plain note 6828,"a,b,c",true
6829,User 6829,user6829@example.com,東京,2673.29,plain note 6829,solo,false
6830,User 6830,user6830@example.com,Paris,2710.30,plain note 6830,solo,true
6831,User 6831,user6831@example.com,Lima,2747.31,"line one
line two","a,b,c",false
6832,User 6832,user6832@example.com,Amsterdam,2784.32,"said ""hi"", then left",solo,true
6833,User 6833,user6833@example.com,Bratislava,2821.33,plain note 6833,solo,false
6834,User 6834,user6834@example.com,Zürich,2858.34,plain note 6834,"a,b,c",true
6835,User 6835,user6835@example.com,København,2895.35,plain note 6835,solo,false
6836,User 6836,user6836@example.com,Москва,2932.36,plain note 6836,solo,true
6837,User 6837,user6837@example.com,東京,2969.37,plain note 6837,"a,b,c",false
6838,User 6838,user6838@example.com,Paris,3006.38,plain note 6838,solo,true
6839,User 6839,user6839@example.com,Lima,3043.39,"said ""hi"", then left",solo,false
6840,User 6840,user6840@example.com,Amsterdam,3080.40,plain note 6840,"a,b,c",true
6841,User 6841,user6841@example.com,Bratislava,3117.41,plain note 6841,solo,false
6842,User 6842,user6842@example.com,Zürich,3154.42,"line one
line two",solo,true
6843,User 6843,user6843@example.com,København,3191.43,plain note 6843,"a,b,c",false
6844,User 6844,user6844@example.com,Москва,3228.44,plain note 6844,solo,true
6845,User 6845,user6845@example.com,東京,3265.45,plain note 6845,solo,false
6846,User 6846,user6846@example.com,Paris,3302.46,"said ""hi"", then left","a,b,c",true
6847,User 6847,user6847@example.com,Lima,3339.47,plain note 6847,solo,false
6848,User 6848,user6848@example.com,Amsterdam,3376.48,plain note 6848,solo,true
6849,User 6849,user6849@example.com,Bratislava,3413.49,plain note 6849,"a,b,c",false
6850,User 6850,user6850@example.com,Zürich,3450.50,plain note 6850,solo,true
6851,User 6851,user6851@example.com,København,3487.51,plain note 6851,solo,false
6852,User 6852,user6852@example.com,Москва,3524.52,plain note 6852,"a,b,c",true
6853,User 6853,user6853@example.com,東京,3561.53,"said ""hi"", then left",solo,false
6854,User 6854,user6854@example.com,Paris,3598.54,plain note 6854,solo,true
6855,User 6855,user6855@example.com,Lima,3635.55,plain note 6855,"a,b,c",false
6856,User 6856,user6856@example.com,Amsterdam,3672.56,plain note 6856,solo,true
6857,User 6857,user6857@example.com,Bratislava,3709.57,plain note 6857,solo,false
6858,User 6858,user6858@example.com,Zürich,3746.58,plain note 6858,"a,b,c",true
6859,User 6859,user6859@example.com,København,3783.59,plain note 6859,solo,false
6860,User 6860,user6860@example.com,Москва,3820.60,"said ""hi"", then left",solo,true
6861,User 6861,user6861@example.com,東京,3857.61,plain note 6861,"a,b,c",false
6862,User 6862,user6862@example.com,Paris,3894.62,plain note 6862,solo,true
6863,User 6863,user6863@example.com,Lima,3931.63,plain note 6863,solo,false
6864,User 6864,user6864@example.com,Amsterdam,3968.64,"line one
line two","a,b,c",true
6865,User 6865,user6865@example.com,Bratislava,4005.65,plain note 6865,solo,false
6866,User 6866,user6866@example.com,Zürich,4042.66,plain note 6866,solo,true
6867,User 6867,user6867@example.com,København,4079.67,"said ""hi"", then left","a,b,c",false
6868,User 6868,user6868@example.com,Москва,4116.68,plain note 6868,solo,true
6869,User 6869,user6869@example.com,東京,4153.69,plain note 6869,solo,false
6870,User 6870,user6870@example.com,Paris,4190.70,plain note 6870,"a,b,c",true
6871,User 6871,user6871@example.com,Lima,4227.71,plain note 6871,solo,false
6872,User 6872,user6872@example.com,Amsterdam,4264.72,plain note 6872,solo,true
6873,User 6873,user6873@example.com,Bratislava,4301.73,plain note 6873,"a,b,c",false
6874,User 6874,user6874@example.com,Zürich,4338.74,"said ""hi"", then left",solo,true
6875,User 6875,user6875@example.com,København,4375.75,"line one
line two",solo,false
6876,User 6876,user6876@example.com,Москва,4412.76,plain note 6876,"a,b,c",true
6877,User 6877,user6877@example.com,東京,4449.77,plain note 6877,solo,false
6878,User 6878,user6878@example.com,Paris,4486.78,plain note 6878,solo,true
6879,User 6879,user6879@example.com,Lima,4523.79,plain note 6879,"a,b,c",false
6880,User 6880,user6880@example.com,Amsterdam,4560.80,plain note 6880,solo,true
6881,User 6881,user6881@example.com,Bratislava,4597.81,"said ""hi"", then left",solo,false
6882,User 6882,user6882@example.com,Zürich,4634.82,plain note 6882,"a,b,c",true
6883,User 6883,user6883@example.com,København,4671.83,plain note 6883,solo,false
6884,User 6884,user6884@example.com,Москва,4708.84,plain note 6884,solo,true
6885,User 6885,user6885@example.com,東京,4745.85,plain note 6885,"a,b,c",false
6886,User 6886,user6886@example.com,Paris,4782.86,"line one
line two",solo,true
6887,User 6887,user6887@example.com,Lima,4819.87,plain note 6887,solo,false
6888,User 6888,user6888@example.com,Amsterdam,4856.88,"said ""hi"", then left","a,b,c",true
6889,User 6889,user6889@example.com,Bratislava,4893.89,plain note 6889,solo,false
6890,User 6890,user6890@example.com,Zürich,4930.90,plain note 6890,solo,true
6891,User 6891,user6891@example.com,København,4967.91,plain note 6891,"a,b,c",false
6892,User 6892,user6892@example.com,Москва,5004.92,plain note 6892,solo,true
6893,User 6893,user6893@example.com,東京,5041.93,plain note 6893,solo,false
6894,User 6894,user6894@example.com,Paris,5078.94,plain note 6894,"a,b,c",true
6895,User 6895,user6895@example.com,Lima,5115.95,"said ""hi"", then left",solo,false
6896,User 6896,user6896@example.com,Amsterdam,5152.96,plain note 6896,solo,true
6897,User 6897,user6897@example.com,Bratislava,5189.97,"line one
line two","a,b,c",false
6898,User 6898,user6898@example.com,Zürich,5226.98,plain note 6898,solo,true
6899,User 6899,user6899@example.com,København,5263.99,plain note 6899,solo,false
6900,User 6900,user6900@example.com,Москва,5300.0,plain note 6900,"a,b,c",true
6901,User 6901,user6901@example.com,東京,5337.1,plain note 6901,solo,false
6902,User 6902,user6902@example.com,Paris,5374.2,"said ""hi"", then left",solo,true
6903,User 6903,user6903@example.com,Lima,5411.3,plain note 6903,"a,b,c",false
6904,User 6904,user6904@example.com,Amsterdam,5448.4,plain note 6904,solo,true
6905,User 6905,user6905@example.com,Bratislava,5485.5,plain note 6905,solo,false
6906,User 6906,user6906@example.com,Zürich,5522.6,plain note 6906,"a,b,c",true
6907,User 6907,user6907@example.com,København,5559.7,plain note 6907,solo,false
6908,User 6908,user6908@example.com,Москва,5596.8,"line one
line two",solo,true
6909,User 6909,user6909@example.com,東京,5633.9,"said ""hi"", then left","a,b,c",false
6910,User 6910,user6910@example.com,Paris,5670.10,plain note 6910,solo,true
6911,User 6911,user6911@example.com,Lima,5707.11,plain note 6911,solo,false
6912,User 6912,user6912@example.com,Amsterdam,5744.12,plain note 6912,"a,b,c",true
6913,User 6913,user6913@example.com,Bratislava,5781.13,plain note 6913,solo,false
6914,User 6914,user6914@example.com,Zürich,5818.14,plain note 6914,solo,true
6915,User 6915,user6915@example.com,København,5855.15,plain note 6915,"a,b,c",false
6916,User 6916,user6916@example.com,Москва,5892.16,"said ""hi"", then left",solo,true
6917,User 6917,user6917@example.com,東京,5929.17,plain note 6917,solo,false
6918,User 6918,user6918@example.com,Paris,5966.18,plain note 6918,"a,b,c",true
6919,User 6919,user6919@example.com,Lima,6003.19,"line one
line two",solo,false
6920,User 6920,user6920@example.com,Amsterdam,6040.20,plain note 6920,solo,true
6921,User 6921,user6921@example.com,Bratislava,6077.21,plain note 6921,"a,b,c",false
6922,User 6922,user6922@example.com,Zürich,6114.22,plain note 6922,solo,true
6923,User 6923,user6923@example.com,København,6151.23,"said ""hi"", then left",solo,false
6924,User 6924,user6924@example.com,Москва,6188.24,plain note 6924,"a,b,c",true
6925,User 6925,user6925@example.com,東京,6225.25,plain note 6925,solo,false
6926,User 6926,user6926@example.com,Paris,6262.26,plain note 6926,solo,true
6927,User 6927,user6927@example.com,Lima,6299.27,plain note 6927,"a,b,c",false
6928,User 6928,user6928@example.com,Amsterdam,6336.28,plain note 6928,solo,true
6929,User 6929,user6929@example.com,Bratislava,6373.29,plain note 6929,solo,false
6930,User 6930,user6930@example.com,Zürich,6410.30,"said ""hi"", then left","a,b,c",true
6931,User 6931,user6931@example.com,København,6447.31,plain note 6931,solo,false
6932,User 6932,user6932@example.com,Москва,6484.32,plain note 6932,solo,true
6933,User 6933,user6933@example.com,東京,6521.33,plain note 6933,"a,b,c",false
6934,User 6934,user6934@example.com,Paris,6558.34,plain note 6934,solo,true
6935,User 6935,user6935@example.com,Lima,6595.35,plain note 6935,solo,false
6936,User 6936,user6936@example.com,Amsterdam,6632.36,plain note 6936,"a,b,c",true
6937,User 6937,user6937@example.com,Bratislava,6669.37,"said ""hi"", then left",solo,false
6938,User 6938,user6938@example.com,Zürich,6706.38,plain note 6938,solo,true
6939,User 6939,user6939@example.com,København,6743.39,plain note 6939,"a,b,c",false
6940,User 6940,user6940@example.com,Москва,6780.40,plain note 6940,solo,true
6941,User 6941,user6941@example.com,東京,6817.41,"line one
line two",solo,false
6942,User 6942,user6942@example.com,Paris,6854.42,plain note 6942,"a,b,c",true
6943,User 6943,user6943@example.com,Lima,6891.43,plain note 6943,solo,false
6944,User 6944,user6944@example.com,Amsterdam,6928.44,"said ""hi"", then left",solo,true
6945,User 6945,user6945@example.com,Bratislava,6965.45,plain note 6945,"a,b,c",false
6946,User 6946,user6946@example.com,Zürich,7002.46,plain note 6946,solo,true
6947,User 6947,user6947@example.com,København,7039.47,plain note 6947,solo,false
6948,User 6948,user6948@example.com,Москва,7076.48,plain note 6948,"a,b,c",true
6949,User 6949,user6949@example.com,東京,7113.49,plain note 6949,solo,false
6950,User 6950,user6950@example.com,Paris,7150.50,plain note 6950,solo,true
6951,User 6951,user6951@example.com,Lima,7187.51,"said ""hi"", then left","a,b,c",false
6952,User 6952,user6952@example.com,Amsterdam,7224.52,"line one
line two",solo,true
6953,User 6953,user6953@example.com,Bratislava,7261.53,plain note 6953,solo,false
6954,User 6954,user6954@example.com,Zürich,7298.54,plain note 6954,"a,b,c",true
6955,User 6955,user6955@example.com,København,7335.55,plain note 6955,solo,false
6956,User 6956,user6956@example.com,Москва,7372.56,plain note 6956,solo,true
6957,User 6957,user6957@example.com,東京,7409.57,plain note 6957,"a,b,c",false
6958,User 6958,user6958@example.com,Paris,7446.58,"said ""hi"", then left",solo,true
6959,User 6959,user6959@example.com,Lima,7483.59,plain note 6959,solo,false
6960,User 6960,user6960@example.com,Amsterdam,7520.60,plain note 6960,"a,b,c",true
6961,User 6961,user6961@example.com,Bratislava,7557.61,plain note 6961,solo,false
6962,User 6962,user6962@example.com,Zürich,7594.62,plain note 6962,solo,true
6963,User 6963,user6963@example.com,København,7631.63,"line one
line two","a,b,c",false
6964,User 6964,user6964@example.com,Москва,7668.64,plain note 6964,solo,true
6965,User 6965,user6965@example.com,東京,7705.65,"said ""hi"", then left",solo,false
6966,User 6966,user6966@example.com,Paris,7742.66,plain note 6966,"a,b,c",true
6967,User 6967,user6967@example.com,Lima,7779.67,plain note 6967,solo,false
6968,User 6968,user6968@example.com,Amsterdam,7816.68,plain note 6968,solo,true
6969,User 6969,user6969@example.com,Bratislava,7853.69,plain note 6969,"a,b,c",false
6970,User 6970,user6970@example.com,Zürich,7890.70,plain note 6970,solo,true
6971,User 6971,user6971@example.com,København,7927.71,plain note 6971,solo,false
6972,User 6972,user6972@example.com,Москва,7964.72,"said ""hi"", then left","a,b,c",true
6973,User 6973,user6973@example.com,東京,8001.73,plain note 6973,solo,false
6974,User 6974,user6974@example.com,Paris,8038.74,"line one
line two",solo,true
6975,User 6975,user6975@example.com,Lima,8075.75,plain note 6975,"a,b,c",false
6976,User 6976,user6976@example.com,Amsterdam,8112.76,plain note 6976,solo,true
6977,User 6977,user6977@example.com,Bratislava,8149.77,plain note 6977,solo,false
6978,User 6978,user6978@example.com,Zürich,8186.78,plain note 6978,"a,b,c",true
6979,User 6979,user6979@example.com,København,8223.79,"said ""hi"", then left",solo,false
6980,User 6980,user6980@example.com,Москва,8260.80,plain note 6980,solo,true
6981,User 6981,user6981@example.com,東京,8297.81,plain note 6981,"a,b,c",false
6982,User 6982,user6982@example.com,Paris,8334.82,plain note 6982,solo,true
6983,User 6983,user6983@example.com,Lima,8371.83,plain note 6983,solo,false
6984,User 6984,user6984@example.com,Amsterdam,8408.84,plain note 6984,"a,b,c",true
6985,User 6985,user6985@example.com,Bratislava,8445.85,"line one
line two",solo,false
6986,User 6986,user6986@example.com,Zürich,8482.86,"said ""hi"", then left",solo,true
6987,User 6987,user6987@example.com,København,8519.87,plain note 6987,"a,b,c",false
6988,User 6988,user6988@example.com,Москва,8556.88,plain note 6988,solo,true
6989,User 6989,user6989@example.com,東京,8593.89,plain note 6989,solo,false
6990,User 6990,user6990@example.com,Paris,8630.90,plain note 6990,"a,b,c",true
6991,User 6991,user6991@example.com,Lima,8667.91,plain note 6991,solo,false
6992,User 6992,user6992@example.com,Amsterdam,8704.92,plain note 6992,solo,true
6993,User 6993,user6993@example.com,Bratislava,8741.93,"said ""hi"", then left","a,b,c",false
6994,User 6994,user6994@example.com,Zürich,8778.94,plain note 6994,solo,true
6995,User 6995,user6995@example.com,København,8815.95,plain note 6995,solo,false
6996,User 6996,user6996@example.com,Москва,8852.96,"line one
line two","a,b,c",true
6997,User 6997,user6997@example.com,東京,8889.97,plain note 6997,solo,false
6998,User 6998,user6998@example.com,Paris,8926.98,plain note 6998,solo,true
6999,User 6999,user6999@example.com,Lima,8963.99,plain note 6999,"a,b,c",false
7000,User 7000,user7000@example.com,Amsterdam,9000.0,"said ""hi"", then left",solo,true
7001,User 7001,user7001@example.com,Bratislava,9037.1,plain note 7001,solo,false
7002,User 7002,user7002@example.com,Zürich,9074.2,plain note 7002,"a,b,c",true
7003,User 7003,user7003@example.com,København,9111.3,plain note 7003,solo,false
7004,User 7004,user7004@example.com,Москва,9148.4,plain note 7004,solo,true
7005,User 7005,user7005@example.com,東京,9185.5,plain note 7005,"a,b,c",false
7006,User 7006,user7006@example.com,Paris,9222.6,plain note 7006,solo,true
7007,User 7007,user7007@example.com,Lima,9259.7,"said ""hi"", then left",solo,false
7008,User 7008,user7008@example.com,Amsterdam,9296.8,plain note 7008,"a,b,c",true
7009,User 7009,user7009@example.com,Bratislava,9333.9,plain note 7009,solo,false
7010,User 7010,user7010@example.com,Zürich,9370.10,plain note 7010,solo,true
7011,User 7011,user7011@example.com,København,9407.11,plain note 7011,"a,b,c",false
7012,User 7012,user7012@example.com,Москва,9444.12,plain note 7012,solo,true
7013,User 7013,user7013@example.com,東京,9481.13,plain note 7013,solo,false
7014,User 7014,user7014@example.com,Paris,9518.14,"said ""hi"", then left","a,b,c",true
7015,User 7015,user7015@example.com,Lima,9555.15,plain note 7015,solo,false
7016,User 7016,user7016@example.com,Amsterdam,9592.16,plain note 7016,solo,true
7017,User 7017,user7017@example.com,Bratislava,9629.17,plain note 7017,"a,b,c",false
7018,User 7018,user7018@example.com,Zürich,9666.18,"line one
line two",solo,true
7019,User 7019,user7019@example.com,København,9703.19,plain note 7019,solo,false
7020,User 7020,user7020@example.com,Москва,9740.20,plain note 7020,"a,b,c",true
7021,User 7021,user7021@example.com,東京,9777.21,"said ""hi"", then left",solo,false
7022,User 7022,user7022@example.com,Paris,9814.22,plain note 7022,solo,true
7023,User 7023,user7023@example.com,Lima,9851.23,plain note 7023,"a,b,c",false
7024,User 7024,user7024@example.com,Amsterdam,9888.24,plain note 7024,solo,true
7025,User 7025,user7025@example.com,Bratislava,9925.25,plain note 7025,solo,false
7026,User 7026,user7026@example.com,Zürich,9962.26,plain note 7026,"a,b,c",true
7027,User 7027,user7027@example.com,København,9999.27,plain note 7027,solo,false
7028,User 7028,user7028@example.com,Москва,36.28,"said ""hi"", then left",solo,true
7029,User 7029,user7029@example.com,東京,73.29,"line one
line two","a,b,c",false
7030,User 7030,user7030@example.com,Paris,110.30,plain note 7030,solo,true
7031,User 7031,user7031@example.com,Lima,147.31,plain note 7031,solo,false
7032,User 7032,user7032@example.com,Amsterdam,184.32,plain note 7032,"a,b,c",true
7033,User 7033,user7033@example.com,Bratislava,221.33,plain note 7033,solo,false
7034,User 7034,user7034@example.com,Zürich,258.34,plain note 7034,solo,true
7035,User 7035,user7035@example.com,København,295.35,"said ""hi"", then left","a,b,c",false
7036,User 7036,user7036@example.com,Москва,332.36,plain note 7036,solo,true
7037,User 7037,user7037@example.com,東京,369.37,plain note 7037,solo,false
7038,User 7038,user7038@example.com,Paris,406.38,plain note 7038,"a,b,c",true
7039,User 7039,user7039@example.com,Lima,443.39,plain note 7039,solo,false
7040,User 7040,user7040@example.com,Amsterdam,480.40,"line one
line two",solo,true
7041,User 7041,user7041@example.com,Bratislava,517.41,plain note 7041,"a,b,c",false
7042,User 7042,user7042@example.com,Zürich,554.42,"said ""hi"", then left",solo,true
7043,User 7043,user7043@example.com,København,591.43,plain note 7043,solo,false
7044,User 7044,user7044@example.com,Москва,628.44,plain note 7044,"a,b,c",true
7045,User 7045,user7045@example.com,東京,665.45,plain note 7045,solo,false
7046,User 7046,user7046@example.com,Paris,702.46,plain note 7046,solo,true
7047,User 7047,user7047@example.com,Lima,739.47,plain note 7047,"a,b,c",false
7048,User 7048,user7048@example.com,Amsterdam,776.48,plain note 7048,solo,true
7049,User 7049,user7049@example.com,Bratislava,813.49,"said ""hi"", then left",solo,false
7050,User 7050,user7050@example.com,Zürich,850.50,plain note 7050,"a,b,c",true
7051,User 7051,user7051@example.com,København,887.51,"line one
line two",solo,false
7052,User 7052,user7052@example.com,Москва,924.52,plain note 7052,solo,true
7053,User 7053,user7053@example.com,東京,961.53,plain note 7053,"a,b,c",false
7054,User 7054,user7054@example.com,Paris,998.54,plain note 7054,solo,true
7055,User 7055,user7055@example.com,Lima,1035.55,plain note 7055,solo,false
7056,User 7056,user7056@example.com,Amsterdam,1072.56,"said ""hi"", then left","a,b,c",true
7057,User 7057,user7057@example.com,Bratislava,1109.57,plain note 7057,solo,false
7058,User 7058,user7058@example.com,Zürich,1146.58,plain note 7058,solo,true
7059,User 7059,user7059@example.com,København,1183.59,plain note 7059,"a,b,c",false
7060,User 7060,user7060@example.com,Москва,1220.60,plain note 7060,solo,true
7061,User 7061,user7061@example.com,東京,1257.61,plain note 7061,solo,false
7062,User 7062,user7062@example.com,Paris,1294.62,"line one
line two","a,b,c",true
7063,User 7063,user7063@example.com,Lima,1331.63,"said ""hi"", then left",solo,false
7064,User 7064,user7064@example.com,Amsterdam,1368.64,plain note 7064,solo,true
7065,User 7065,user7065@example.com,Bratislava,1405.65,plain note 7065,"a,b,c",false
7066,User 7066,user7066@example.com,Zürich,1442.66,plain note 7066,solo,true
7067,User 7067,user7067@example.com,København,1479.67,plain note 7067,solo,false
7068,User 7068,user7068@example.com,Москва,1516.68,plain note 7068,"a,b,c",true
7069,User 7069,user7069@example.com,東京,1553.69,plain note 7069,solo,false
7070,User 7070,user7070@example.com,Paris,1590.70,"said ""hi"", then left",solo,true
7071,User 7071,user7071@example.com,Lima,1627.71,plain note 7071,"a,b,c",false
7072,User 7072,user7072@example.com,Amsterdam,1664.72,plain note 7072,solo,true
7073,User 7073,user7073@example.com,Bratislava,1701.73,"line one
line two",solo,false
7074,User 7074,user7074@example.com,Zürich,1738.74,plain note 7074,"a,b,c",true
7075,User 7075,user7075@example.com,København,1775.75,plain note 7075,solo,false
7076,User 7076,user7076@example.com,Москва,1812.76,plain note 7076,solo,true
7077,User 7077,user7077@example.com,東京,1849.77,"said ""hi"", then left","a,b,c",false
7078,User 7078,user7078@example.com,Paris,1886.78,plain note 7078,solo,true
7079,User 7079,user7079@example.com,Lima,1923.79,plain note 7079,solo,false
7080,User 7080,user7080@example.com,Amsterdam,1960.80,plain note 7080,"a,b,c",true
7081,User 7081,user7081@example.com,Bratislava,1997.81,plain note 7081,solo,false
7082,User 7082,user7082@example.com,Zürich,2034.82,plain note 7082,solo,true
7083,User 7083,user7083@example.com,København,2071.83,plain note 7083,"a,b,c",false
7084,User 7084,user7084@example.com,Москва,2108.84,"said ""hi"", then left",solo,true
7085,User 7085,user7085@example.com,東京,2145.85,plain note 7085,solo,false
7086,User 7086,user7086@example.com,Paris,2182.86,plain note 7086,"a,b,c",true
7087,User 7087,user7087@example.com,Lima,2219.87,plain note 7087,solo,false
7088,User 7088,user7088@example.com,Amsterdam,2256.88,plain note 7088,solo,true
7089,User 7089,user7089@example.com,Bratislava,2293.89,plain note 7089,"a,b,c",false
7090,User 7090,user7090@example.com,Zürich,2330.90,plain note 7090,solo,true
7091,User 7091,user7091@example.com,København,2367.91,"said ""hi"", then left",solo,false
7092,User 7092,user7092@example.com,Москва,2404.92,plain note 7092,"a,b,c",true
7093,User 7093,user7093@example.com,東京,2441.93,plain note 7093,solo,false
7094,User 7094,user7094@example.com,Paris,2478.94,plain note 7094,solo,true
7095,User 7095,user7095@example.com,Lima,2515.95,"line one
line two","a,b,c",false
7096,User 7096,user7096@example.com,Amsterdam,2552.96,plain note 7096,solo,true
7097,User 7097,user7097@example.com,Bratislava,2589.97,plain note 7097,solo,false
7098,User 7098,user7098@example.com,Zürich,2626.98,"said ""hi"", then left","a,b,c",true
7099,User 7099,user7099@example.com,København,2663.99,plain note 7099,solo,false
7100,User 7100,user7100@example.com,Москва,2700.0,plain note 7100,solo,true
7101,User 7101,user7101@example.com,東京,2737.1,plain note 7101,"a,b,c",false
7102,User 7102,user7102@example.com,Paris,2774.2,plain note 7102,solo,true
7103,User 7103,user7103@example.com,Lima,2811.3,plain note 7103,solo,false
7104,User 7104,user7104@example.com,Amsterdam,2848.4,plain note 7104,"a,b,c",true
7105,User 7105,user7105@example.com,Bratislava,2885.5,"said ""hi"", then left",solo,false
7106,User 7106,user7106@example.com,Zürich,2922.6,"line one
line two",solo,true
7107,User 7107,user7107@example.com,København,2959.7,plain note 7107,"a,b,c",false
7108,User 7108,user7108@example.com,Москва,2996.8,plain note 7108,solo,true
7109,User 7109,user7109@example.com,東京,3033.9,plain note 7109,solo,false
7110,User 7110,user7110@example.com,Paris,3070.10,plain note 7110,"a,b,c",true
7111,User 7111,user7111@example.com,Lima,3107.11,plain note 7111,solo,false
7112,User 7112,user7112@example.com,Amsterdam,3144.12,"said ""hi"", then left",solo,true
7113,User 7113,user7113@example.com,Bratislava,3181.13,plain note 7113,"a,b,c",false
7114,User 7114,user7114@example.com,Zürich,3218.14,plain note 7114,solo,true
7115,User 7115,user7115@example.com,København,3255.15,plain note 7115,solo,false
7116,User 7116,user7116@example.com,Москва,3292.16,plain note 7116,"a,b,c",true
7117,User 7117,user7117@example.com,東京,3329.17,"line one
line two",solo,false
7118,User 7118,user7118@example.com,Paris,3366.18,plain note 7118,solo,true
7119,User 7119,user7119@example.com,Lima,3403.19,"said ""hi"", then left","a,b,c",false
7120,User 7120,user7120@example.com,Amsterdam,3440.20,plain note 7120,solo,true
7121,User 7121,user7121@example.com,Bratislava,3477.21,plain note 7121,solo,false
7122,User 7122,user7122@example.com,Zürich,3514.22,plain note 7122,"a,b,c",true
7123,User 7123,user7123@example.com,København,3551.23,plain note 7123,solo,false
7124,User 7124,user7124@example.com,Москва,3588.24,plain note 7124,solo,true
7125,User 7125,user7125@example.com,東京,3625.25,plain note 7125,"a,b,c",false
7126,User 7126,user7126@example.com,Paris,3662.26,"said ""hi"", then left",solo,true
7127,User 7127,user7127@example.com,Lima,3699.27,plain note 7127,solo,false
7128,User 7128,user7128@example.com,Amsterdam,3736.28,"line one
line two","a,b,c",true
7129,User 7129,user7129@example.com,Bratislava,3773.29,plain note 7129,solo,false
7130,User 7130,user7130@example.com,Zürich,3810.30,plain note 7130,solo,true
7131,User 7131,user7131@example.com,København,3847.31,plain note 7131,"a,b,c",false
7132,User 7132,user7132@example.com,Москва,3884.32,plain note 7132,solo,true
7133,User 7133,user7133@example.com,東京,3921.33,"said ""hi"", then left",solo,false
7134,User 7134,user7134@example.com,Paris,3958.34,plain note 7134,"a,b,c",true
7135,User 7135,user7135@example.com,Lima,3995.35,plain note 7135,solo,false
7136,User 7136,user7136@example.com,Amsterdam,4032.36,plain note 7136,solo,true
7137,User 7137,user7137@example.com,Bratislava,4069.37,plain note 7137,"a,b,c",false
7138,User 7138,user7138@example.com,Zürich,4106.38,plain note 7138,solo,true
7139,User 7139,user7139@example.com,København,4143.39,"line one
line two",solo,false
7140,User 7140,user7140@example.com,Москва,4180.40,"said ""hi"", then left","a,b,c",true
7141,User 7141,user7141@example.com,東京,4217.41,plain note 7141,solo,false
7142,User 7142,user7142@example.com,Paris,4254.42,plain note 7142,solo,true
7143,User 7143,user7143@example.com,Lima,4291.43,plain note 7143,"a,b,c",false
7144,User 7144,user7144@example.com,Amsterdam,4328.44,plain note 7144,solo,true
7145,User 7145,user7145@example.com,Bratislava,4365.45,plain note 7145,solo,false
7146,User 7146,user7146@example.com,Zürich,4402.46,plain note 7146,"a,b,c",true
7147,User 7147,user7147@example.com,København,4439.47,"said ""hi"", then left",solo,false
7148,User 7148,user7148@example.com,Москва,4476.48,plain note 7148,solo,true
7149,User 7149,user7149@example.com,東京,4513.49,plain note 7149,"a,b,c",false
7150,User 7150,user7150@example.com,Paris,4550.50,"line one
line two",solo,true
7151,User 7151,user7151@example.com,Lima,4587.51,plain note 7151,solo,false
7152,User 7152,user7152@example.com,Amsterdam,4624.52,plain note 7152,"a,b,c",true
7153,User 7153,user7153@example.com,Bratislava,4661.53,plain note 7153,solo,false
7154,User 7154,user7154@example.com,Zürich,4698.54,"said ""hi"", then left",solo,true
7155,User 7155,user7155@example.com,København,4735.55,plain note 7155,"a,b,c",false
7156,User 7156,user7156@example.com,Москва,4772.56,plain note 7156,solo,true
7157,User 7157,user7157@example.com,東京,4809.57,plain note 7157,solo,false
7158,User 7158,user7158@example.com,Paris,4846.58,plain note 7158,"a,b,c",true
7159,User 7159,user7159@example.com,Lima,4883.59,plain note 7159,solo,false
7160,User 7160,user7160@example.com,Amsterdam,4920.60,plain note 7160,solo,true
7161,User 7161,user7161@example.com,Bratislava,4957.61,"said ""hi"", then left","a,b,c",false
7162,User 7162,user7162@example.com,Zürich,4994.62,plain note 7162,solo,true
7163,User 7163,user7163@example.com,København,5031.63,plain note 7163,solo,false
7164,User 7164,user7164@example.com,Москва,5068.64,plain note 7164,"a,b,c",true
7165,User 7165,user7165@example.com,東京,5105.65,plain note 7165,solo,false
7166,User 7166,user7166@example.com,Paris,5142.66,plain note 7166,solo,true
7167,User 7167,user7167@example.com,Lima,5179.67,plain note 7167,"a,b,c",false
7168,User 7168,user7168@example.com,Amsterdam,5216.68,"said ""hi"", then left",solo,true
7169,User 7169,user7169@example.com,Bratislava,5253.69,plain note 7169,solo,false
7170,User 7170,user7170@example.com,Zürich,5290.70,plain note 7170,"a,b,c",true
7171,User 7171,user7171@example.com,København,5327.71,plain note 7171,solo,false
7172,User 7172,user7172@example.com,Москва,5364.72,"line one
line two",solo,true
7173,User 7173,user7173@example.com,東京,5401.73,plain note 7173,"a,b,c",false
7174,User 7174,user7174@example.com,Paris,5438.74,plain note 7174,solo,true
7175,User 7175,user7175@example.com,Lima,5475.75,"said ""hi"", then left",solo,false
7176,User 7176,user7176@example.com,Amsterdam,5512.76,plain note 7176,"a,b,c",true
7177,User 7177,user7177@example.com,Bratislava,5549.77,plain note 7177,solo,false
7178,User 7178,user7178@example.com,Zürich,5586.78,plain note 7178,solo,true
7179,User 7179,user7179@example.com,København,5623.79,plain note 7179,"a,b,c",false
7180,User 7180,user7180@example.com,Москва,5660.80,plain note 7180,solo,true
7181,User 7181,user7181@example.com,東京,5697.81,plain note 7181,solo,false
7182,User 7182,user7182@example.com,Paris,5734.82,"said ""hi"", then left","a,b,c",true
7183,User 7183,user7183@example.com,Lima,5771.83,"line one
line two",solo,false
7184,User 7184,user7184@example.com,Amsterdam,5808.84,plain note 7184,solo,true
7185,User 7185,user7185@example.com,Bratislava,5845.85,plain note 7185,"a,b,c",false
7186,User 7186,user7186@example.com,Zürich,5882.86,plain note 7186,solo,true
7187,User 7187,user7187@example.com,København,5919.87,plain note 7187,solo,false
7188,User 7188,user7188@example.com,Москва,5956.88,plain note 7188,"a,b,c",true
7189,User 7189,user7189@example.com,東京,5993.89,"said ""hi"", then left",solo,false
7190,User 7190,user7190@example.com,Paris,6030.90,plain note 7190,solo,true
7191,User 7191,user7191@example.com,Lima,6067.91,plain note 7191,"a,b,c",false
7192,User 7192,user7192@example.com,Amsterdam,6104.92,plain note 7192,solo,true
7193,User 7193,user7193@example.com,Bratislava,6141.93,plain note 7193,solo,false
7194,User 7194,user7194@example.com,Zürich,6178.94,"line one
line two","a,b,c",true
7195,User 7195,user7195@example.com,København,6215.95,plain note 7195,solo,false
7196,User 7196,user7196@example.com,Москва,6252.96,"said ""hi"", then left",solo,true
7197,User 7197,user7197@example.com,東京,6289.97,plain note 7197,"a,b,c",false
7198,User 7198,user7198@example.com,Paris,6326.98,plain note 7198,solo,true
7199,User 7199,user7199@example.com,Lima,6363.99,plain note 7199,solo,false
7200,User 7200,user7200@example.com,Amsterdam,6400.0,plain note 7200,"a,b,c",true
7201,User 7201,user7201@example.com,Bratislava,6437.1,plain note 7201,solo,false
7202,User 7202,user7202@example.com,Zürich,6474.2,plain note 7202,solo,true
7203,User 7203,user7203@example.com,København,6511.3,"said ""hi"", then left","a,b,c",false
7204,User 7204,user7204@example.com,Москва,6548.4,plain note 7204,solo,true
7205,User 7205,user7205@example.com,東京,6585.5,"line one
line two",solo,false
7206,User 7206,user7206@example.com,Paris,6622.6,plain note 7206,"a,b,c",true
7207,User 7207,user7207@example.com,Lima,6659.7,plain note 7207,solo,false
7208,User 7208,user7208@example.com,Amsterdam,6696.8,plain note 7208,solo,true
7209,User 7209,user7209@example.com,Bratislava,6733.9,plain note 7209,"a,b,c",false
7210,User 7210,user7210@example.com,Zürich,6770.10,"said ""hi"", then left",solo,true
7211,User 7211,user7211@example.com,København,6807.11,plain note 7211,solo,false
7212,User 7212,user7212@example.com,Москва,6844.12,plain note 7212,"a,b,c",true
7213,User 7213,user7213@example.com,東京,6881.13,plain note 7213,solo,false
7214,User 7214,user7214@example.com,Paris,6918.14,plain note 7214,solo,true
7215,User 7215,user7215@example.com,Lima,6955.15,plain note 7215,"a,b,c",false
7216,User 7216,user7216@example.com,Amsterdam,6992.16,"line one
line two",solo,true
7217,User 7217,user7217@example.com,Bratislava,7029.17,"said ""hi"", then left",solo,false
7218,User 7218,user7218@example.com,Zürich,7066.18,plain note 7218,"a,b,c",true
7219,User 7219,user7219@example.com,København,7103.19,plain note 7219,solo,false
7220,User 7220,user7220@example.com,Москва,7140.20,plain note 7220,solo,true
7221,User 7221,user7221@example.com,東京,7177.21,plain note 7221,"a,b,c",false
7222,User 7222,user7222@example.com,Paris,7214.22,plain note 7222,solo,true
7223,User 7223,user7223@example.com,Lima,7251.23,plain note 7223,solo,false
7224,User 7224,user7224@example.com,Amsterdam,7288.24,"said ""hi"", then left","a,b,c",true
7225,User 7225,user7225@example.com,Bratislava,7325.25,plain note 7225,solo,false
7226,User 7226,user7226@example.com,Zürich,7362.26,plain note 7226,solo,true
7227,User 7227,user7227@example.com,København,7399.27,"line one
line two","a,b,c",false
7228,User 7228,user7228@example.com,Москва,7436.28,plain note 7228,solo,true
7229,User 7229,user7229@example.com,東京,7473.29,plain note 7229,solo,false
7230,User 7230,user7230@example.com,Paris,7510.30,plain note 7230,"a,b,c",true
7231,User 7231,user7231@example.com,Lima,7547.31,"said ""hi"", then left",solo,false
7232,User 7232,user7232@example.com,Amsterdam,7584.32,plain note 7232,solo,true
7233,User 7233,user7233@example.com,Bratislava,7621.33,plain note 7233,"a,b,c",false
7234,User 7234,user7234@example.com,Zürich,7658.34,plain note 7234,solo,true
7235,User 7235,user7235@example.com,København,7695.35,plain note 7235,solo,false
7236,User 7236,user7236@example.com,Москва,7732.36,plain note 7236,"a,b,c",true
7237,User 7237,user7237@example.com,東京,7769.37,plain note 7237,solo,false
7238,User 7238,user7238@example.com,Paris,7806.38,"said ""hi"", then left",solo,true
7239,User 7239,user7239@example.com,Lima,7843.39,plain note 7239,"a,b,c",false
7240,User 7240,user7240@example.com,Amsterdam,7880.40,plain note 7240,solo,true
7241,User 7241,user7241@example.com,Bratislava,7917.41,plain note 7241,solo,false
7242,User 7242,user7242@example.com,Zürich,7954.42,plain note 7242,"a,b,c",true
7243,User 7243,user7243@example.com,København,7991.43,plain note 7243,solo,false
7244,User 7244,user7244@example.com,Москва,8028.44,plain note 7244,solo,true
7245,User 7245,user7245@example.com,東京,8065.45,"said ""hi"", then left","a,b,c",false
7246,User 7246,user7246@example.com,Paris,8102.46,plain note 7246,solo,true
7247,User 7247,user7247@example.com,Lima,8139.47,plain note 7247,solo,false
7248,User 7248,user7248@example.com,Amsterdam,8176.48,plain note 7248,"a,b,c",true
7249,User 7249,user7249@example.com,Bratislava,8213.49,"line one
line two",solo,false
7250,User 7250,user7250@example.com,Zürich,8250.50,plain note 7250,solo,true
7251,User 7251,user7251@example.com,København,8287.51,plain note 7251,"a,b,c",false
7252,User 7252,user7252@example.com,Москва,8324.52,"said ""hi"", then left",solo,true
7253,User 7253,user7253@example.com,東京,8361.53,plain note 7253,solo,false
7254,User 7254,user7254@example.com,Paris,8398.54,plain note 7254,"a,b,c",true
7255,User 7255,user7255@example.com,Lima,8435.55,plain note 7255,solo,false
7256,User 7256,user7256@example.com,Amsterdam,8472.56,plain note 7256,solo,true
7257,User 7257,user7257@example.com,Bratislava,8509.57,plain note 7257,"a,b,c",false
7258,User 7258,user7258@example.com,Zürich,8546.58,plain note 7258,solo,true
7259,User 7259,user7259@example.com,København,8583.59,"said ""hi"", then left",solo,false
7260,User 7260,user7260@example.com,Москва,8620.60,"line one
line two","a,b,c",true
7261,User 7261,user7261@example.com,東京,8657.61,plain note 7261,solo,false
7262,User 7262,user7262@example.com,Paris,8694.62,plain note 7262,solo,true
7263,User 7263,user7263@example.com,Lima,8731.63,plain note 7263,"a,b,c",false
7264,User 7264,user7264@example.com,Amsterdam,8768.64,plain note 7264,solo,true
7265,User 7265,user7265@example.com,Bratislava,8805.65,plain note 7265,solo,false
7266,User 7266,user7266@example.com,Zürich,8842.66,"said ""hi"", then left","a,b,c",true
7267,User 7267,user7267@example.com,København,8879.67,plain note 7267,solo,false
7268,User 7268,user7268@example.com,Москва,8916.68,plain note 7268,solo,true
7269,User 7269,user7269@example.com,東京,8953.69,plain note 7269,"a,b,c",false
7270,User 7270,user7270@example.com,Paris,8990.70,plain note 7270,solo,true
7271,User 7271,user7271@example.com,Lima,9027.71,"line one
line two",solo,false
7272,User 7272,user7272@example.com,Amsterdam,9064.72,plain note 7272,"a,b,c",true
7273,User 7273,user7273@example.com,Bratislava,9101.73,"said ""hi"", then left",solo,false
7274,User 7274,user7274@example.com,Zürich,9138.74,plain note 7274,solo,true
7275,User 7275,user7275@example.com,København,9175.75,plain note 7275,"a,b,c",false
7276,User 7276,user7276@example.com,Москва,9212.76,plain note 7276,solo,true
7277,User 7277,user7277@example.com,東京,9249.77,plain note 7277,solo,false
7278,User 7278,user7278@example.com,Paris,9286.78,plain note 7278,"a,b,c",true
7279,User 7279,user7279@example.com,Lima,9323.79,plain note 7279,solo,false
7280,User 7280,user7280@example.com,Amsterdam,9360.80,"said ""hi"", then left",solo,true
7281,User 7281,user7281@example.com,Bratislava,9397.81,plain note 7281,"a,b,c",false
7282,User 7282,user7282@example.com,Zürich,9434.82,"line one
line two",solo,true
7283,User 7283,user7283@example.com,København,9471.83,plain note 7283,solo,false
7284,User 7284,user7284@example.com,Москва,9508.84,plain note 7284,"a,b,c",true
7285,User 7285,user7285@example.com,東京,9545.85,plain note 7285,solo,false
7286,User 7286,user7286@example.com,Paris,9582.86,plain note 7286,solo,true
7287,User 7287,user7287@example.com,Lima,9619.87,"said ""hi"", then left","a,b,c",false
7288,User 7288,user7288@example.com,Amsterdam,9656.88,plain note 7288,solo,true
7289,User 7289,user7289@example.com,Bratislava,9693.89,plain note 7289,solo,false
7290,User 7290,user7290@example.com,Zürich,9730.90,plain note 7290,"a,b,c",true
7291,User 7291,user7291@example.com,København,9767.91,plain note 7291,solo,false
7292,User 7292,user7292@example.com,Москва,9804.92,plain note 7292,solo,true
7293,User 7293,user7293@example.com,東京,9841.93,"line one
line two","a,b,c",false
7294,User 7294,user7294@example.com,Paris,9878.94,"said ""hi"", then left",solo,true
7295,User 7295,user7295@example.com,Lima,9915.95,plain note 7295,solo,false
7296,User 7296,user7296@example.com,Amsterdam,9952.96,plain note 7296,"a,b,c",true
7297,User 7297,user7297@example.com,Bratislava,9989.97,plain note 7297,solo,false
7298,User 7298,user7298@example.com,Zürich,26.98,plain note 7298,solo,true
7299,User 7299,user7299@example.com,København,63.99,plain note 7299,"a,b,c",false
7300,User 7300,user7300@example.com,Москва,100.0,plain note 7300,solo,true
7301,User 7301,user7301@example.com,東京,137.1,"said ""hi"", then left",solo,false
7302,User 7302,user7302@example.com,Paris,174.2,plain note 7302,"a,b,c",true
7303,User 7303,user7303@example.com,Lima,211.3,plain note 7303,solo,false
7304,User 7304,user7304@example.com,Amsterdam,248.4,"line one
line two",solo,true
7305,User 7305,user7305@example.com,Bratislava,285.5,plain note 7305,"a,b,c",false
7306,User 7306,user7306@example.com,Zürich,322.6,plain note 7306,solo,true
7307,User 7307,user7307@example.com,København,359.7,plain note 7307,solo,false
7308,User 7308,user7308@example.com,Москва,396.8,"said ""hi"", then left","a,b,c",true
7309,User 7309,user7309@example.com,東京,433.9,plain note 7309,solo,false
7310,User 7310,user7310@example.com,Paris,470.10,plain note 7310,solo,true
7311,User 7311,user7311@example.com,Lima,507.11,plain note 7311,"a,b,c",false
7312,User 7312,user7312@example.com,Amsterdam,544.12,plain note 7312,solo,true
7313,User 7313,user7313@example.com,Bratislava,581.13,plain note 7313,solo,false
7314,User 7314,user7314@example.com,Zürich,618.14,plain note 7314,"a,b,c",true
7315,User 7315,user7315@example.com,København,655.15,"said ""hi"", then left",solo,false
7316,User 7316,user7316@example.com,Москва,692.16,plain note 7316,solo,true
7317,User 7317,user7317@example.com,東京,729.17,plain note 7317,"a,b,c",false
7318,User 7318,user7318@example.com,Paris,766.18,plain note 7318,solo,true
7319,User 7319,user7319@example.com,Lima,803.19,plain note 7319,solo,false
7320,User 7320,user7320@example.com,Amsterdam,840.20,plain note 7320,"a,b,c",true
7321,User 7321,user7321@example.com,Bratislava,877.21,plain note 7321,solo,false
7322,User 7322,user7322@example.com,Zürich,914.22,"said ""hi"", then left",solo,true
7323,User 7323,user7323@example.com,København,951.23,plain note 7323,"a,b,c",false
7324,User 7324,user7324@example.com,Москва,988.24,plain note 7324,solo,true
7325,User 7325,user7325@example.com,東京,1025.25,plain note 7325,solo,false
7326,User 7326,user7326@example.com,Paris,1062.26,"line one
line two","a,b,c",true
7327,User 7327,user7327@example.com,Lima,1099.27,plain note 7327,solo,false
7328,User 7328,user7328@example.com,Amsterdam,1136.28,plain note 7328,solo,true
7329,User 7329,user7329@example.com,Bratislava,1173.29,"said ""hi"", then left","a,b,c",false
7330,User 7330,user7330@example.com,Zürich,1210.30,plain note 7330,solo,true
7331,User 7331,user7331@example.com,København,1247.31,plain note 7331,solo,false
7332,User 7332,user7332@example.com,Москва,1284.32,plain note 7332,"a,b,c",true
7333,User 7333,user7333@example.com,東京,1321.33,plain note 7333,solo,false
7334,User 7334,user7334@example.com,Paris,1358.34,plain note 7334,solo,true
7335,User 7335,user7335@example.com,Lima,1395.35,plain note 7335,"a,b,c",false
7336,User 7336,user7336@example.com,Amsterdam,1432.36,"said ""hi"", then left",solo,true
7337,User 7337,user7337@example.com,Bratislava,1469.37,"line one
line two",solo,false
7338,User 7338,user7338@example.com,Zürich,1506.38,plain note 7338,"a,b,c",true
7339,User 7339,user7339@example.com,København,1543.39,plain note 7339,solo,false
7340,User 7340,user7340@example.com,Москва,1580.40,plain note 7340,solo,true
7341,User 7341,user7341@example.com,東京,1617.41,plain note 7341,"a,b,c",false
7342,User 7342,user7342@example.com,Paris,1654.42,plain note 7342,solo,true
7343,User 7343,user7343@example.com,Lima,1691.43,"said ""hi"", then left",solo,false
7344,User 7344,user7344@example.com,Amsterdam,1728.44,plain note 7344,"a,b,c",true
7345,User 7345,user7345@example.com,Bratislava,1765.45,plain note 7345,solo,false
7346,User 7346,user7346@example.com,Zürich,1802.46,plain note 7346,solo,true
7347,User 7347,user7347@example.com,København,1839.47,plain note 7347,"a,b,c",false
7348,User 7348,user7348@example.com,Москва,1876.48,"line one
line two",solo,true
7349,User 7349,user7349@example.com,東京,1913.49,plain note 7349,solo,false
7350,User 7350,user7350@example.com,Paris,1950.50,"said ""hi"", then left","a,b,c",true
7351,User 7351,user7351@example.com,Lima,1987.51,plain note 7351,solo,false
7352,User 7352,user7352@example.com,Amsterdam,2024.52,plain note 7352,solo,true
7353,User 7353,user7353@example.com,Bratislava,2061.53,plain note 7353,"a,b,c",false
7354,User 7354,user7354@example.com,Zürich,2098.54,plain note 7354,solo,true
7355,User 7355,user7355@example.com,København,2135.55,plain note 7355,solo,false
7356,User 7356,user7356@example.com,Москва,2172.56,plain note 7356,"a,b,c",true
7357,User 7357,user7357@example.com,東京,2209.57,"said ""hi"", then left",solo,false
7358,User 7358,user7358@example.com,Paris,2246.58,plain note 7358,solo,true
7359,User 7359,user7359@example.com,Lima,2283.59,"line one
line two","a,b,c",false
7360,User 7360,user7360@example.com,Amsterdam,2320.60,plain note 7360,solo,true
7361,User 7361,user7361@example.com,Bratislava,2357.61,plain note 7361,solo,false
7362,User 7362,user7362@example.com,Zürich,2394.62,plain note 7362,"a,b,c",true
7363,User 7363,user7363@example.com,København,2431.63,plain note 7363,solo,false
7364,User 7364,user7364@example.com,Москва,2468.64,"said ""hi"", then left",solo,true
7365,User 7365,user7365@example.com,東京,2505.65,plain note 7365,"a,b,c",false
7366,User 7366,user7366@example.com,Paris,2542.66,plain note 7366,solo,true
7367,User 7367,user7367@example.com,Lima,2579.67,plain note 7367,solo,false
7368,User 7368,user7368@example.com,Amsterdam,2616.68,plain note 7368,"a,b,c",true
7369,User 7369,user7369@example.com,Bratislava,2653.69,plain note 7369,solo,false
7370,User 7370,user7370@example.com,Zürich,2690.70,"line one
line two",solo,true
7371,User 7371,user7371@example.com,København,2727.71,"said ""hi"", then left","a,b,c",false
7372,User 7372,user7372@example.com,Москва,2764.72,plain note 7372,solo,true
7373,User 7373,user7373@example.com,東京,2801.73,plain note 7373,solo,false
7374,User 7374,user7374@example.com,Paris,2838.74,plain note 7374,"a,b,c",true
7375,User 7375,user7375@example.com,Lima,2875.75,plain note 7375,solo,false
7376,User 7376,user7376@example.com,Amsterdam,2912.76,plain note 7376,solo,true
7377,User 7377,user7377@example.com,Bratislava,2949.77,plain note 7377,"a,b,c",false
7378,User 7378,user7378@example.com,Zürich,2986.78,"said ""hi"", then left",solo,true
7379,User 7379,user7379@example.com,København,3023.79,plain note 7379,solo,false
7380,User 7380,user7380@example.com,Москва,3060.80,plain note 7380,"a,b,c",true
7381,User 7381,user7381@example.com,東京,3097.81,"line one
line two",solo,false
7382,User 7382,user7382@example.com,Paris,3134.82,plain note 7382,solo,true
7383,User 7383,user7383@example.com,Lima,3171.83,plain note 7383,"a,b,c",false
7384,User 7384,user7384@example.com,Amsterdam,3208.84,plain note 7384,solo,true
7385,User 7385,user7385@example.com,Bratislava,3245.85,"said ""hi"", then left",solo,false
7386,User 7386,user7386@example.com,Zürich,3282.86,plain note 7386,"a,b,c",true
7387,User 7387,user7387@example.com,København,3319.87,plain note 7387,solo,false
7388,User 7388,user7388@example.com,Москва,3356.88,plain note 7388,solo,true
7389,User 7389,user7389@example.com,東京,3393.89,plain note 7389,"a,b,c",false
7390,User 7390,user7390@example.com,Paris,3430.90,plain note 7390,solo,true
7391,User 7391,user7391@example.com,Lima,3467.91,plain note 7391,solo,false
7392,User 7392,user7392@example.com,Amsterdam,3504.92,"said ""hi"", then left","a,b,c",true
7393,User 7393,user7393@example.com,Bratislava,3541.93,plain note 7393,solo,false
7394,User 7394,user7394@example.com,Zürich,3578.94,plain note 7394,solo,true
7395,User 7395,user7395@example.com,København,3615.95,plain note 7395,"a,b,c",false
7396,User 7396,user7396@example.com,Москва,3652.96,plain note 7396,solo,true
7397,User 7397,user7397@example.com,東京,3689.97,plain note 7397,solo,false
7398,User 7398,user7398@example.com,Paris,3726.98,plain note 7398,"a,b,c",true
7399,User 7399,user7399@example.com,Lima,3763.99,"said ""hi"", then left",solo,false
7400,User 7400,user7400@example.com,Amsterdam,3800.0,plain note 7400,solo,true
7401,User 7401,user7401@example.com,Bratislava,3837.1,plain note 7401,"a,b,c",false
7402,User 7402,user7402@example.com,Zürich,3874.2,plain note 7402,solo,true
7403,User 7403,user7403@example.com,København,3911.3,"line one
line two",solo,false
7404,User 7404,user7404@example.com,Москва,3948.4,plain note 7404,"a,b,c",true
7405,User 7405,user7405@example.com,東京,3985.5,plain note 7405,solo,false
7406,User 7406,user7406@example.com,Paris,4022.6,"said ""hi"", then left",solo,true
7407,User 7407,user7407@example.com,Lima,4059.7,plain note 7407,"a,b,c",false
7408,User 7408,user7408@example.com,Amsterdam,4096.8,plain note 7408,solo,true
7409,User 7409,user7409@example.com,Bratislava,4133.9,plain note 7409,solo,false
7410,User 7410,user7410@example.com,Zürich,4170.10,plain note 7410,"a,b,c",true
7411,User 7411,user7411@example.com,København,4207.11,plain note 7411,solo,false
7412,User 7412,user7412@example.com,Москва,4244.12,plain note 7412,solo,true
7413,User 7413,user7413@example.com,東京,4281.13,"said ""hi"", then left","a,b,c",false
7414,User 7414,user7414@example.com,Paris,4318.14,"line one
line two",solo,true
7415,User 7415,user7415@example.com,Lima,4355.15,plain note 7415,solo,false
7416,User 7416,user7416@example.com,Amsterdam,4392.16,plain note 7416,"a,b,c",true
7417,User 7417,user7417@example.com,Bratislava,4429.17,plain note 7417,solo,false
7418,User 7418,user7418@example.com,Zürich,4466.18,plain note 7418,solo,true
7419,User 7419,user7419@example.com,København,4503.19,plain note 7419,"a,b,c",false
7420,User 7420,user7420@example.com,Москва,4540.20,"said ""hi"", then left",solo,true
7421,User 7421,user7421@example.com,東京,4577.21,plain note 7421,solo,false
7422,User 7422,user7422@example.com,Paris,4614.22,plain note 7422,"a,b,c",true
7423,User 7423,user7423@example.com,Lima,4651.23,plain note 7423,solo,false
7424,User 7424,user7424@example.com,Amsterdam,4688.24,plain note 7424,solo,true
7425,User 7425,user7425@example.com,Bratislava,4725.25,"line one
line two","a,b,c",false
7426,User 7426,user7426@example.com,Zürich,4762.26,plain note 7426,solo,true
7427,User 7427,user7427@example.com,København,4799.27,"said ""hi"", then left",solo,false
7428,User 7428,user7428@example.com,Москва,4836.28,plain note 7428,"a,b,c",true
7429,User 7429,user7429@example.com,東京,4873.29,plain note 7429,solo,false
7430,User 7430,user7430@example.com,Paris,4910.30,plain note 7430,solo,true
7431,User 7431,user7431@example.com,Lima,4947.31,plain note 7431,"a,b,c",false
7432,User 7432,user7432@example.com,Amsterdam,4984.32,plain note 7432,solo,true
7433,User 7433,user7433@example.com,Bratislava,5021.33,plain note 7433,solo,false
7434,User 7434,user7434@example.com,Zürich,5058.34,"said ""hi"", then left","a,b,c",true
7435,User 7435,user7435@example.com,København,5095.35,plain note 7435,solo,false
7436,User 7436,user7436@example.com,Москва,5132.36,"line one
line two",solo,true
7437,User 7437,user7437@example.com,東京,5169.37,plain note 7437,"a,b,c",false
7438,User 7438,user7438@example.com,Paris,5206.38,plain note 7438,solo,true
7439,User 7439,user7439@example.com,Lima,5243.39,plain note 7439,solo,false
7440,User 7440,user7440@example.com,Amsterdam,5280.40,plain note 7440,"a,b,c",true
7441,User 7441,user7441@example.com,Bratislava,5317.41,"said ""hi"", then left",solo,false
7442,User 7442,user7442@example.com,Zürich,5354.42,plain note 7442,solo,true
7443,User 7443,user7443@example.com,København,5391.43,plain note 7443,"a,b,c",false
7444,User 7444,user7444@example.com,Москва,5428.44,plain note 7444,solo,true
7445,User 7445,user7445@example.com,東京,5465.45,plain note 7445,solo,false
7446,User 7446,user7446@example.com,Paris,5502.46,plain note 7446,"a,b,c",true
7447,User 7447,user7447@example.com,Lima,5539.47,"line one
line two",solo,false
7448,User 7448,user7448@example.com,Amsterdam,5576.48,"said ""hi"", then left",solo,true
7449,User 7449,user7449@example.com,Bratislava,5613.49,plain note 7449,"a,b,c",false
7450,User 7450,user7450@example.com,Zürich,5650.50,plain note 7450,solo,true
7451,User 7451,user7451@example.com,København,5687.51,plain note 7451,solo,false
7452,User 7452,user7452@example.com,Москва,5724.52,plain note 7452,"a,b,c",true
7453,User 7453,user7453@example.com,東京,5761.53,plain note 7453,solo,false
7454,User 7454,user7454@example.com,Paris,5798.54,plain note 7454,solo,true
7455,User 7455,user7455@example.com,Lima,5835.55,"said ""hi"", then left","a,b,c",false
7456,User 7456,user7456@example.com,Amsterdam,5872.56,plain note 7456,solo,true
7457,User 7457,user7457@example.com,Bratislava,5909.57,plain note 7457,solo,false
7458,User 7458,user7458@example.com,Zürich,5946.58,"line one
line two","a,b,c",true
7459,User 7459,user7459@example.com,København,5983.59,plain note 7459,solo,false
7460,User 7460,user7460@example.com,Москва,6020.60,plain note 7460,solo,true
7461,User 7461,user7461@example.com,東京,6057.61,plain note 7461,"a,b,c",false
7462,User 7462,user7462@example.com,Paris,6094.62,"said ""hi"", then left",solo,true
7463,User 7463,user7463@example.com,Lima,6131.63,plain note 7463,solo,false
7464,User 7464,user7464@example.com,Amsterdam,6168.64,plain note 7464,"a,b,c",true
7465,User 7465,user7465@example.com,Bratislava,6205.65,plain note 7465,solo,false
7466,User 7466,user7466@example.com,Zürich,6242.66,plain note 7466,solo,true
7467,User 7467,user7467@example.com,København,6279.67,plain note 7467,"a,b,c",false
7468,User 7468,user7468@example.com,Москва,6316.68,plain note 7468,solo,true
7469,User 7469,user7469@example.com,東京,6353.69,"said ""hi"", then left",solo,false
7470,User 7470,user7470@example.com,Paris,6390.70,plain note 7470,"a,b,c",true
7471,User 7471,user7471@example.com,Lima,6427.71,plain note 7471,solo,false
7472,User 7472,user7472@example.com,Amsterdam,6464.72,plain note 7472,solo,true
7473,User 7473,user7473@example.com,Bratislava,6501.73,plain note 7473,"a,b,c",false
7474,User 7474,user7474@example.com,Zürich,6538.74,plain note 7474,solo,true
7475,User 7475,user7475@example.com,København,6575.75,plain note 7475,solo,false
7476,User 7476,user7476@example.com,Москва,6612.76,"said ""hi"", then left","a,b,c",true
7477,User 7477,user7477@example.com,東京,6649.77,plain note 7477,solo,false
7478,User 7478,user7478@example.com,Paris,6686.78,plain note 7478,solo,true
7479,User 7479,user7479@example.com,Lima,6723.79,plain note 7479,"a,b,c",false
7480,User 7480,user7480@example.com,Amsterdam,6760.80,"line one
line two",solo,true
7481,User 7481,user7481@example.com,Bratislava,6797.81,plain note 7481,solo,false
7482,User 7482,user7482@example.com,Zürich,6834.82,plain note 7482,"a,b,c",true
7483,User 7483,user7483@example.com,København,6871.83,"said ""hi"", then left",solo,false
7484,User 7484,user7484@example.com,Москва,6908.84,plain note 7484,solo,true
7485,User 7485,user7485@example.com,東京,6945.85,plain note 7485,"a,b,c",false
7486,User 7486,user7486@example.com,Paris,6982.86,plain note 7486,solo,true
7487,User 7487,user7487@example.com,Lima,7019.87,plain note 7487,solo,false
7488,User 7488,user7488@example.com,Amsterdam,7056.88,plain note 7488,"a,b,c",true
7489,User 7489,user7489@example.com,Bratislava,7093.89,plain note 7489,solo,false
7490,User 7490,user7490@example.com,Zürich,7130.90,"said ""hi"", then left",solo,true
7491,User 7491,user7491@example.com,København,7167.91,"line one
line two","a,b,c",false
7492,User 7492,user7492@example.com,Москва,7204.92,plain note 7492,solo,true
7493,User 7493,user7493@example.com,東京,7241.93,plain note 7493,solo,false
7494,User 7494,user7494@example.com,Paris,7278.94,plain note 7494,"a,b,c",true
7495,User 7495,user7495@example.com,Lima,7315.95,plain note 7495,solo,false
7496,User 7496,user7496@example.com,Amsterdam,7352.96,plain note 7496,solo,true
7497,User 7497,user7497@example.com,Bratislava,7389.97,"said ""hi"", then left","a,b,c",false
7498,User 7498,user7498@example.com,Zürich,7426.98,plain note 7498,solo,true
7499,User 7499,user7499@example.com,København,7463.99,plain note 7499,solo,false
7500,User 7500,user7500@example.com,Москва,7500.0,plain note 7500,"a,b,c",true
7501,User 7501,user7501@example.com,東京,7537.1,plain note 7501,solo,false
7502,User 7502,user7502@example.com,Paris,7574.2,"line one
line two",solo,true
7503,User 7503,user7503@example.com,Lima,7611.3,plain note 7503,"a,b,c",false
7504,User 7504,user7504@example.com,Amsterdam,7648.4,"said ""hi"", then left",solo,true
7505,User 7505,user7505@example.com,Bratislava,7685.5,plain note 7505,solo,false
7506,User 7506,user7506@example.com,Zürich,7722.6,plain note 7506,"a,b,c",true
7507,User 7507,user7507@example.com,København,7759.7,plain note 7507,solo,false
7508,User 7508,user7508@example.com,Москва,7796.8,plain note 7508,solo,true
7509,User 7509,user7509@example.com,東京,7833.9,plain note 7509,"a,b,c",false
7510,User 7510,user7510@example.com,Paris,7870.10,plain note 7510,solo,true
7511,User 7511,user7511@example.com,Lima,7907.11,"said ""hi"", then left",solo,false
7512,User 7512,user7512@example.com,Amsterdam,7944.12,plain note 7512,"a,b,c",true
7513,User 7513,user7513@example.com,Bratislava,7981.13,"line one
line two",solo,false
7514,User 7514,user7514@example.com,Zürich,8018.14,plain note 7514,solo,true
7515,User 7515,user7515@example.com,København,8055.15,plain note 7515,"a,b,c",false
7516,User 7516,user7516@example.com,Москва,8092.16,plain note 7516,solo,true
7517,User 7517,user7517@example.com,東京,8129.17,plain note 7517,solo,false
7518,User 7518,user7518@example.com,Paris,8166.18,"said ""hi"", then left","a,b,c",true
7519,User 7519,user7519@example.com,Lima,8203.19,plain note 7519,solo,false
7520,User 7520,user7520@example.com,Amsterdam,8240.20,plain note 7520,solo,true
7521,User 7521,user7521@example.com,Bratislava,8277.21,plain note 7521,"a,b,c",false
7522,User 7522,user7522@example.com,Zürich,8314.22,plain note 7522,solo,true
7523,User 7523,user7523@example.com,København,8351.23,plain note 7523,solo,false
7524,User 7524,user7524@example.com,Москва,8388.24,"line one
line two","a,b,c",true
7525,User 7525,user7525@example.com,東京,8425.25,"said ""hi"", then left",solo,false
7526,User 7526,user7526@example.com,Paris,8462.26,plain note 7526,solo,true
7527,User 7527,user7527@example.com,Lima,8499.27,plain note 7527,"a,b,c",false
7528,User 7528,user7528@example.com,Amsterdam,8536.28,plain note 7528,solo,true
7529,User 7529,user7529@example.com,Bratislava,8573.29,plain note 7529,solo,false
7530,User 7530,user7530@example.com,Zürich,8610.30,plain note 7530,"a,b,c",true
7531,User 7531,user7531@example.com,København,8647.31,plain note 7531,solo,false
7532,User 7532,user7532@example.com,Москва,8684.32,"said ""hi"", then left",solo,true
7533,User 7533,user7533@example.com,東京,8721.33,plain note 7533,"a,b,c",false
7534,User 7534,user7534@example.com,Paris,8758.34,plain note 7534,solo,true
7535,User 7535,user7535@example.com,Lima,8795.35,"line one
line two",solo,false
7536,User 7536,user7536@example.com,Amsterdam,8832.36,plain note 7536,"a,b,c",true
7537,User 7537,user7537@example.com,Bratislava,8869.37,plain note 7537,solo,false
7538,User 7538,user7538@example.com,Zürich,8906.38,plain note 7538,solo,true
7539,User 7539,user7539@example.com,København,8943.39,"said ""hi"", then left","a,b,c",false
7540,User 7540,user7540@example.com,Москва,8980.40,plain note 7540,solo,true
7541,User 7541,user7541@example.com,東京,9017.41,plain note 7541,solo,false
7542,User 7542,user7542@example.com,Paris,9054.42,plain note 7542,"a,b,c",true
7543,User 7543,user7543@example.com,Lima,9091.43,plain note 7543,solo,false
7544,User 7544,user7544@example.com,Amsterdam,9128.44,plain note 7544,solo,true
7545,User 7545,user7545@example.com,Bratislava,9165.45,plain note 7545,"a,b,c",false
7546,User 7546,user7546@example.com,Zürich,9202.46,"said ""hi"", then left",solo,true
7547,User 7547,user7547@example.com,København,9239.47,plain note 7547,solo,false
7548,User 7548,user7548@example.com,Москва,9276.48,plain note 7548,"a,b,c",true
7549,User 7549,user7549@example.com,東京,9313.49,plain note 7549,solo,false
7550,User 7550,user7550@example.com,Paris,9350.50,plain note 7550,solo,true
7551,User 7551,user7551@example.com,Lima,9387.51,plain note 7551,"a,b,c",false
7552,User 7552,user7552@example.com,Amsterdam,9424.52,plain note 7552,solo,true
7553,User 7553,user7553@example.com,Bratislava,9461.53,"said ""hi"", then left",solo,false
7554,User 7554,user7554@example.com,Zürich,9498.54,plain note 7554,"a,b,c",true
7555,User 7555,user7555@example.com,København,9535.55,plain note 7555,solo,false
7556,User 7556,user7556@example.com,Москва,9572.56,plain note 7556,solo,true
7557,User 7557,user7557@example.com,東京,9609.57,"line one
line two","a,b,c",false
7558,User 7558,user7558@example.com,Paris,9646.58,plain note 7558,solo,true
7559,User 7559,user7559@example.com,Lima,9683.59,plain note 7559,solo,false
7560,User 7560,user7560@example.com,Amsterdam,9720.60,"said ""hi"", then left","a,b,c",true
7561,User 7561,user7561@example.com,Bratislava,9757.61,plain note 7561,solo,false
7562,User 7562,user7562@example.com,Zürich,9794.62,plain note 7562,solo,true
7563,User 7563,user7563@example.com,København,9831.63,plain note 7563,"a,b,c",false
7564,User 7564,user7564@example.com,Москва,9868.64,plain note 7564,solo,true
7565,User 7565,user7565@example.com,東京,9905.65,plain note 7565,solo,false
7566,User 7566,user7566@example.com,Paris,9942.66,plain note 7566,"a,b,c",true
7567,User 7567,user7567@example.com,Lima,9979.67,"said ""hi"", then left",solo,false
7568,User 7568,user7568@example.com,Amsterdam,16.68,"line one
line two",solo,true
7569,User 7569,user7569@example.com,Bratislava,53.69,plain note 7569,"a,b,c",false
7570,User 7570,user7570@example.com,Zürich,90.70,plain note 7570,solo,true
7571,User 7571,user7571@example.com,København,127.71,plain note 7571,solo,false
7572,User 7572,user7572@example.com,Москва,164.72,plain note 7572,"a,b,c",true
7573,User 7573,user7573@example.com,東京,201.73,plain note 7573,solo,false
7574,User 7574,user7574@example.com,Paris,238.74,"said ""hi"", then left",solo,true
7575,User 7575,user7575@example.com,Lima,275.75,plain note 7575,"a,b,c",false
7576,User 7576,user7576@example.com,Amsterdam,312.76,plain note 7576,solo,true
7577,User 7577,user7577@example.com,Bratislava,349.77,plain note 7577,solo,false
7578,User 7578,user7578@example.com,Zürich,386.78,plain note 7578,"a,b,c",true
7579,User 7579,user7579@example.com,København,423.79,"line one
line two",solo,false
7580,User 7580,user7580@example.com,Москва,460.80,plain note 7580,solo,true
7581,User 7581,user7581@example.com,東京,497.81,"said ""hi"", then left","a,b,c",false
7582,User 7582,user7582@example.com,Paris,534.82,plain note 7582,solo,true
7583,User 7583,user7583@example.com,Lima,571.83,plain note 7583,solo,false
7584,User 7584,user7584@example.com,Amsterdam,608.84,plain note 7584,"a,b,c",true
7585,User 7585,user7585@example.com,Bratislava,645.85,plain note 7585,solo,false
7586,User 7586,user7586@example.com,Zürich,682.86,plain note 7586,solo,true
7587,User 7587,user7587@example.com,København,719.87,plain note 7587,"a,b,c",false
7588,User 7588,user7588@example.com,Москва,756.88,"said ""hi"", then left",solo,true
7589,User 7589,user7589@example.com,東京,793.89,plain note 7589,solo,false
7590,User 7590,user7590@example.com,Paris,830.90,"line one
line two","a,b,c",true
7591,User 7591,user7591@example.com,Lima,867.91,plain note 7591,solo,false
7592,User 7592,user7592@example.com,Amsterdam,904.92,plain note 7592,solo,true
7593,User 7593,user7593@example.com,Bratislava,941.93,plain note 7593,"a,b,c",false
7594,User 7594,user7594@example.com,Zürich,978.94,plain note 7594,solo,true
7595,User 7595,user7595@example.com,København,1015.95,"said ""hi"", then left",solo,false
7596,User 7596,user7596@example.com,Москва,1052.96,plain note 7596,"a,b,c",true
7597,User 7597,user7597@example.com,東京,1089.97,plain note 7597,solo,false
7598,User 7598,user7598@example.com,Paris,1126.98,plain note 7598,solo,true
7599,User 7599,user7599@example.com,Lima,1163.99,plain note 7599,"a,b,c",false
7600,User 7600,user7600@example.com,Amsterdam,1200.0,plain note 7600,solo,true
7601,User 7601,user7601@example.com,Bratislava,1237.1,"line one
line two",solo,false
7602,User 7602,user7602@example.com,Zürich,1274.2,"said ""hi"", then left","a,b,c",true
7603,User 7603,user7603@example.com,København,1311.3,plain note 7603,solo,false
7604,User 7604,user7604@example.com,Москва,1348.4,plain note 7604,solo,true
7605,User 7605,user7605@example.com,東京,1385.5,plain note 7605,"a,b,c",false
7606,User 7606,user7606@example.com,Paris,1422.6,plain note 7606,solo,true
7607,User 7607,user7607@example.com,Lima,1459.7,plain note 7607,solo,false
7608,User 7608,user7608@example.com,Amsterdam,1496.8,plain note 7608,"a,b,c",true
7609,User 7609,user7609@example.com,Bratislava,1533.9,"said ""hi"", then left",solo,false
7610,User 7610,user7610@example.com,Zürich,1570.10,plain note 7610,solo,true
7611,User 7611,user7611@example.com,København,1607.11,plain note 7611,"a,b,c",false
7612,User 7612,user7612@example.com,Москва,1644.12,"line one
line two",solo,true
7613,User 7613,user7613@example.com,東京,1681.13,plain note 7613,solo,false
7614,User 7614,user7614@example.com,Paris,1718.14,plain note 7614,"a,b,c",true
7615,User 7615,user7615@example.com,Lima,1755.15,plain note 7615,solo,false
7616,User 7616,user7616@example.com,Amsterdam,1792.16,"said ""hi"", then left",solo,true
7617,User 7617,user7617@example.com,Bratislava,1829.17,plain note 7617,"a,b,c",false
7618,User 7618,user7618@example.com,Zürich,1866.18,plain note 7618,solo,true
7619,User 7619,user7619@example.com,København,1903.19,plain note 7619,solo,false
7620,User 7620,user7620@example.com,Москва,1940.20,plain note 7620,"a,b,c",true
7621,User 7621,user7621@example.com,東京,1977.21,plain note 7621,solo,false
7622,User 7622,user7622@example.com,Paris,2014.22,plain note 7622,solo,true
7623,User 7623,user7623@example.com,Lima,2051.23,"said ""hi"", then left","a,b,c",false
7624,User 7624,user7624@example.com,Amsterdam,2088.24,plain note 7624,solo,true
7625,User 7625,user7625@example.com,Bratislava,2125.25,plain note 7625,solo,false
7626,User 7626,user7626@example.com,Zürich,2162.26,plain note 7626,"a,b,c",true
7627,User 7627,user7627@example.com,København,2199.27,plain note 7627,solo,false
7628,User 7628,user7628@example.com,Москва,2236.28,plain note 7628,solo,true
7629,User 7629,user7629@example.com,東京,2273.29,plain note 7629,"a,b,c",false
7630,User 7630,user7630@example.com,Paris,2310.30,"said ""hi"", then left",solo,true
7631,User 7631,user7631@example.com,Lima,2347.31,plain note 7631,solo,false
7632,User 7632,user7632@example.com,Amsterdam,2384.32,plain note 7632,"a,b,c",true
7633,User 7633,user7633@example.com,Bratislava,2421.33,plain note 7633,solo,false
7634,User 7634,user7634@example.com,Zürich,2458.34,"line one
line two",solo,true
7635,User 7635,user7635@example.com,København,2495.35,plain note 7635,"a,b,c",false
7636,User 7636,user7636@example.com,Москва,2532.36,plain note 7636,solo,true
7637,User 7637,user7637@example.com,東京,2569.37,"said ""hi"", then left",solo,false
7638,User 7638,user7638@example.com,Paris,2606.38,plain note 7638,"a,b,c",true
7639,User 7639,user7639@example.com,Lima,2643.39,plain note 7639,solo,false
7640,User 7640,user7640@example.com,Amsterdam,2680.40,plain note 7640,solo,true
7641,User 7641,user7641@example.com,Bratislava,2717.41,plain note 7641,"a,b,c",false
7642,User 7642,user7642@example.com,Zürich,2754.42,plain note 7642,solo,true
7643,User 7643,user7643@example.com,København,2791.43,plain note 7643,solo,false
7644,User 7644,user7644@example.com,Москва,2828.44,"said ""hi"", then left","a,b,c",true
7645,User 7645,user7645@example.com,東京,2865.45,"line one
line two",solo,false
7646,User 7646,user7646@example.com,Paris,2902.46,plain note 7646,solo,true
7647,User 7647,user7647@example.com,Lima,2939.47,plain note 7647,"a,b,c",false
7648,User 7648,user7648@example.com,Amsterdam,2976.48,plain note 7648,solo,true
7649,User 7649,user7649@example.com,Bratislava,3013.49,plain note 7649,solo,false
7650,User 7650,user7650@example.com,Zürich,3050.50,plain note 7650,"a,b,c",true
7651,User 7651,user7651@example.com,København,3087.51,"said ""hi"", then left",solo,false
7652,User 7652,user7652@example.com,Москва,3124.52,plain note 7652,solo,true
7653,User 7653,user7653@example.com,東京,3161.53,plain note 7653,"a,b,c",false
7654,User 7654,user7654@example.com,Paris,3198.54,plain note 7654,solo,true
7655,User 7655,user7655@example.com,Lima,3235.55,plain note 7655,solo,false
7656,User 7656,user7656@example.com,Amsterdam,3272.56,"line one
line two","a,b,c",true
7657,User 7657,user7657@example.com,Bratislava,3309.57,plain note 7657,solo,false
7658,User 7658,user7658@example.com,Zürich,3346.58,"said ""hi"", then left",solo,true
7659,User 7659,user7659@example.com,København,3383.59,plain note 7659,"a,b,c",false
7660,User 7660,user7660@example.com,Москва,3420.60,plain note 7660,solo,true
7661,User 7661,user7661@example.com,東京,3457.61,plain note 7661,solo,false
7662,User 7662,user7662@example.com,Paris,3494.62,plain note 7662,"a,b,c",true
7663,User 7663,user7663@example.com,Lima,3531.63,plain note 7663,solo,false
7664,User 7664,user7664@example.com,Amsterdam,3568.64,plain note 7664,solo,true
7665,User 7665,user7665@example.com,Bratislava,3605.65,"said ""hi"", then left","a,b,c",false
7666,User 7666,user7666@example.com,Zürich,3642.66,plain note 7666,solo,true
7667,User 7667,user7667@example.com,København,3679.67,"line one
line two",solo,false
7668,User 7668,user7668@example.com,Москва,3716.68,plain note 7668,"a,b,c",true
7669,User 7669,user7669@example.com,東京,3753.69,plain note 7669,solo,false
7670,User 7670,user7670@example.com,Paris,3790.70,plain note 7670,solo,true
7671,User 7671,user7671@example.com,Lima,3827.71,plain note 7671,"a,b,c",false
7672,User 7672,user7672@example.com,Amsterdam,3864.72,"said ""hi"", then left",solo,true
7673,User 7673,user7673@example.com,Bratislava,3901.73,plain note 7673,solo,false
7674,User 7674,user7674@example.com,Zürich,3938.74,plain note 7674,"a,b,c",true
7675,User 7675,user7675@example.com,København,3975.75,plain note 7675,solo,false
7676,User 7676,user7676@example.com,Москва,4012.76,plain note 7676,solo,true
7677,User 7677,user7677@example.com,東京,4049.77,plain note 7677,"a,b,c",false
7678,User 7678,user7678@example.com,Paris,4086.78,"line one
line two",solo,true
7679,User 7679,user7679@example.com,Lima,4123.79,"said ""hi"", then left",solo,false
7680,User 7680,user7680@example.com,Amsterdam,4160.80,plain note 7680,"a,b,c",true
7681,User 7681,user7681@example.com,Bratislava,4197.81,plain note 7681,solo,false
7682,User 7682,user7682@example.com,Zürich,4234.82,plain note 7682,solo,true
7683,User 7683,user7683@example.com,København,4271.83,plain note 7683,"a,b,c",false
7684,User 7684,user7684@example.com,Москва,4308.84,plain note 7684,solo,true
7685,User 7685,user7685@example.com,東京,4345.85,plain note 7685,solo,false
7686,User 7686,user7686@example.com,Paris,4382.86,"said ""hi"", then left","a,b,c",true
7687,User 7687,user7687@example.com,Lima,4419.87,plain note 7687,solo,false
7688,User 7688,user7688@example.com,Amsterdam,4456.88,plain note 7688,solo,true
7689,User 7689,user7689@example.com,Bratislava,4493.89,"line one
line two","a,b,c",false
7690,User 7690,user7690@example.com,Zürich,4530.90,plain note 7690,solo,true
7691,User 7691,user7691@example.com,København,4567.91,plain note 7691,solo,false
7692,User 7692,user7692@example.com,Москва,4604.92,plain note 7692,"a,b,c",true
7693,User 7693,user7693@example.com,東京,4641.93,"said ""hi"", then left",solo,false
7694,User 7694,user7694@example.com,Paris,4678.94,plain note 7694,solo,true
7695,User 7695,user7695@example.com,Lima,4715.95,plain note 7695,"a,b,c",false
7696,User 7696,user7696@example.com,Amsterdam,4752.96,plain note 7696,solo,true
7697,User 7697,user7697@example.com,Bratislava,4789.97,plain note 7697,solo,false
7698,User 7698,user7698@example.com,Zürich,4826.98,plain note 7698,"a,b,c",true
7699,User 7699,user7699@example.com,København,4863.99,plain note 7699,solo,false
7700,User 7700,user7700@example.com,Москва,4900.0,"said ""hi"", then left",solo,true
7701,User 7701,user7701@example.com,東京,4937.1,plain note 7701,"a,b,c",false
7702,User 7702,user7702@example.com,Paris,4974.2,plain note 7702,solo,true
7703,User 7703,user7703@example.com,Lima,5011.3,plain note 7703,solo,false
7704,User 7704,user7704@example.com,Amsterdam,5048.4,plain note 7704,"a,b,c",true
7705,User 7705,user7705@example.com,Bratislava,5085.5,plain note 7705,solo,false
7706,User 7706,user7706@example.com,Zürich,5122.6,plain note 7706,solo,true
7707,User 7707,user7707@example.com,København,5159.7,"said ""hi"", then left","a,b,c",false
7708,User 7708,user7708@example.com,Москва,5196.8,plain note 7708,solo,true
7709,User 7709,user7709@example.com,東京,5233.9,plain note 7709,solo,false
7710,User 7710,user7710@example.com,Paris,5270.10,plain note 7710,"a,b,c",true
7711,User 7711,user7711@example.com,Lima,5307.11,"line one
line two",solo,false
7712,User 7712,user7712@example.com,Amsterdam,5344.12,plain note 7712,solo,true
7713,User 7713,user7713@example.com,Bratislava,5381.13,plain note 7713,"a,b,c",false
7714,User 7714,user7714@example.com,Zürich,5418.14,"said ""hi"", then left",solo,true
7715,User 7715,user7715@example.com,København,5455.15,plain note 7715,solo,false
7716,User 7716,user7716@example.com,Москва,5492.16,plain note 7716,"a,b,c",true
7717,User 7717,user7717@example.com,東京,5529.17,plain note 7717,solo,false
7718,User 7718,user7718@example.com,Paris,5566.18,plain note 7718,solo,true
7719,User 7719,user7719@example.com,Lima,5603.19,plain note 7719,"a,b,c",false
7720,User 7720,user7720@example.com,Amsterdam,5640.20,plain note 7720,solo,true
7721,User 7721,user7721@example.com,Bratislava,5677.21,"said ""hi"", then left",solo,false
7722,User 7722,user7722@example.com,Zürich,5714.22,"line one
line two","a,b,c",true
7723,User 7723,user7723@example.com,København,5751.23,plain note 7723,solo,false
7724,User 7724,user7724@example.com,Москва,5788.24,plain note 7724,solo,true
7725,User 7725,user7725@example.com,東京,5825.25,plain note 7725,"a,b,c",false
7726,User 7726,user7726@example.com,Paris,5862.26,plain note 7726,solo,true
7727,User 7727,user7727@example.com,Lima,5899.27,plain note 7727,solo,false
7728,User 7728,user7728@example.com,Amsterdam,5936.28,"said ""hi"", then left","a,b,c",true
7729,User 7729,user7729@example.com,Bratislava,5973.29,plain note 7729,solo,false
7730,User 7730,user7730@example.com,Zürich,6010.30,plain note 7730,solo,true
7731,User 7731,user7731@example.com,København,6047.31,plain note 7731,"a,b,c",false
7732,User 7732,user7732@example.com,Москва,6084.32,plain note 7732,solo,true
7733,User 7733,user7733@example.com,東京,6121.33,"line one
line two",solo,false
7734,User 7734,user7734@example.com,Paris,6158.34,plain note 7734,"a,b,c",true
7735,User 7735,user7735@example.com,Lima,6195.35,"said ""hi"", then left",solo,false
7736,User 7736,user7736@example.com,Amsterdam,6232.36,plain note 7736,solo,true
7737,User 7737,user7737@example.com,Bratislava,6269.37,plain note 7737,"a,b,c",false
7738,User 7738,user7738@example.com,Zürich,6306.38,plain note 7738,solo,true
7739,User 7739,user7739@example.com,København,6343.39,plain note 7739,solo,false
7740,User 7740,user7740@example.com,Москва,6380.40,plain note 7740,"a,b,c",true
7741,User 7741,user7741@example.com,東京,6417.41,plain note 7741,solo,false
7742,User 7742,user7742@example.com,Paris,6454.42,"said ""hi"", then left",solo,true
7743,User 7743,user7743@example.com,Lima,6491.43,plain note 7743,"a,b,c",false
7744,User 7744,user7744@example.com,Amsterdam,6528.44,"line one
line two",solo,true
7745,User 7745,user7745@example.com,Bratislava,6565.45,plain note 7745,solo,false
7746,User 7746,user7746@example.com,Zürich,6602.46,plain note 7746,"a,b,c",true
7747,User 7747,user7747@example.com,København,6639.47,plain note 7747,solo,false
7748,User 7748,user7748@example.com,Москва,6676.48,plain note 7748,solo,true
7749,User 7749,user7749@example.com,東京,6713.49,"said ""hi"", then left","a,b,c",false
7750,User 7750,user7750@example.com,Paris,6750.50,plain note 7750,solo,true
7751,User 7751,user7751@example.com,Lima,6787.51,plain note 7751,solo,false
7752,User 7752,user7752@example.com,Amsterdam,6824.52,plain note 7752,"a,b,c",true
7753,User 7753,user7753@example.com,Bratislava,6861.53,plain note 7753,solo,false
7754,User 7754,user7754@example.com,Zürich,6898.54,plain note 7754,solo,true
7755,User 7755,user7755@example.com,København,6935.55,"line one
line two","a,b,c",false
7756,User 7756,user7756@example.com,Москва,6972.56,"said ""hi"", then left",solo,true
7757,User 7757,user7757@example.com,東京,7009.57,plain note 7757,solo,false
7758,User 7758,user7758@example.com,Paris,7046.58,plain note 7758,"a,b,c",true
7759,User 7759,user7759@example.com,Lima,7083.59,plain note 7759,solo,false
7760,User 7760,user7760@example.com,Amsterdam,7120.60,plain note 7760,solo,true
7761,User 7761,user7761@example.com,Bratislava,7157.61,plain note 7761,"a,b,c",false
7762,User 7762,user7762@example.com,Zürich,7194.62,plain note 7762,solo,true
7763,User 7763,user7763@example.com,København,7231.63,"said ""hi"", then left",solo,false
7764,User 7764,user7764@example.com,Москва,7268.64,plain note 7764,"a,b,c",true
7765,User 7765,user7765@example.com,東京,7305.65,plain note 7765,solo,false
7766,User 7766,user7766@example.com,Paris,7342.66,"line one
line two",solo,true
7767,User 7767,user7767@example.com,Lima,7379.67,plain note 7767,"a,b,c",false
7768,User 7768,user7768@example.com,Amsterdam,7416.68,plain note 7768,solo,true
7769,User 7769,user7769@example.com,Bratislava,7453.69,plain note 7769,solo,false
7770,User 7770,user7770@example.com,Zürich,7490.70,"said ""hi"", then left","a,b,c",true
7771,User 7771,user7771@example.com,København,7527.71,plain note 7771,solo,false
7772,User 7772,user7772@example.com,Москва,7564.72,plain note 7772,solo,true
7773,User 7773,user7773@example.com,東京,7601.73,plain note 7773,"a,b,c",false
7774,User 7774,user7774@example.com,Paris,7638.74,plain note 7774,solo,true
7775,User 7775,user7775@example.com,Lima,7675.75,plain note 7775,solo,false
7776,User 7776,user7776@example.com,Amsterdam,7712.76,plain note 7776,"a,b,c",true
7777,User 7777,user7777@example.com,Bratislava,7749.77,"said ""hi"", then left",solo,false
7778,User 7778,user7778@example.com,Zürich,7786.78,plain note 7778,solo,true
7779,User 7779,user7779@example.com,København,7823.79,plain note 7779,"a,b,c",false
7780,User 7780,user7780@example.com,Москва,7860.80,plain note 7780,solo,true
7781,User 7781,user7781@example.com,東京,7897.81,plain note 7781,solo,false
7782,User 7782,user7782@example.com,Paris,7934.82,plain note 7782,"a,b,c",true
7783,User 7783,user7783@example.com,Lima,7971.83,plain note 7783,solo,false
7784,User 7784,user7784@example.com,Amsterdam,8008.84,"said ""hi"", then left",solo,true
7785,User 7785,user7785@example.com,Bratislava,8045.85,plain note 7785,"a,b,c",false
7786,User 7786,user7786@example.com,Zürich,8082.86,plain note 7786,solo,true
7787,User 7787,user7787@example.com,København,8119.87,plain note 7787,solo,false
7788,User 7788,user7788@example.com,Москва,8156.88,"line one
line two","a,b,c",true
7789,User 7789,user7789@example.com,東京,8193.89,plain note 7789,solo,false
7790,User 7790,user7790@example.com,Paris,8230.90,plain note 7790,solo,true
7791,User 7791,user7791@example.com,Lima,8267.91,"said ""hi"", then left","a,b,c",false
7792,User 7792,user7792@example.com,Amsterdam,8304.92,plain note 7792,solo,true
7793,User 7793,user7793@example.com,Bratislava,8341.93,plain note 7793,solo,false
7794,User 7794,user7794@example.com,Zürich,8378.94,plain note 7794,"a,b,c",true
7795,User 7795,user7795@example.com,København,8415.95,plain note 7795,solo,false
7796,User 7796,user7796@example.com,Москва,8452.96,plain note 7796,solo,true
7797,User 7797,user7797@example.com,東京,8489.97,plain note 7797,"a,b,c",false
7798,User 7798,user7798@example.com,Paris,8526.98,"said ""hi"", then left",solo,true
7799,User 7799,user7799@example.com,Lima,8563.99,"line one
line two",solo,false
7800,User 7800,user7800@example.com,Amsterdam,8600.0,plain note 7800,"a,b,c",true
7801,User 7801,user7801@example.com,Bratislava,8637.1,plain note 7801,solo,false
7802,User 7802,user7802@example.com,Zürich,8674.2,plain note 7802,solo,true
7803,User 7803,user7803@example.com,København,8711.3,plain note 7803,"a,b,c",false
7804,User 7804,user7804@example.com,Москва,8748.4,plain note 7804,solo,true
7805,User 7805,user7805@example.com,東京,8785.5,"said ""hi"", then left",solo,false
7806,User 7806,user7806@example.com,Paris,8822.6,plain note 7806,"a,b,c",true
7807,User 7807,user7807@example.com,Lima,8859.7,plain note 7807,solo,false
7808,User 7808,user7808@example.com,Amsterdam,8896.8,plain note 7808,solo,true
7809,User 7809,user7809@example.com,Bratislava,8933.9,plain note 7809,"a,b,c",false
7810,User 7810,user7810@example.com,Zürich,8970.10,"line one
line two",solo,true
7811,User 7811,user7811@example.com,København,9007.11,plain note 7811,solo,false
7812,User 7812,user7812@example.com,Москва,9044.12,"said ""hi"", then left","a,b,c",true
7813,User 7813,user7813@example.com,東京,9081.13,plain note 7813,solo,false
7814,User 7814,user7814@example.com,Paris,9118.14,plain note 7814,solo,true
7815,User 7815,user7815@example.com,Lima,9155.15,plain note 7815,"a,b,c",false
7816,User 7816,user7816@example.com,Amsterdam,9192.16,plain note 7816,solo,true
7817,User 7817,user7817@example.com,Bratislava,9229.17,plain note 7817,solo,false
7818,User 7818,user7818@example.com,Zürich,9266.18,plain note 7818,"a,b,c",true
7819,User 7819,user7819@example.com,København,9303.19,"said ""hi"", then left",solo,false
7820,User 7820,user7820@example.com,Москва,9340.20,plain note 7820,solo,true
7821,User 7821,user7821@example.com,東京,9377.21,"line one
line two","a,b,c",false
7822,User 7822,user7822@example.com,Paris,9414.22,plain note 7822,solo,true
7823,User 7823,user7823@example.com,Lima,9451.23,plain note 7823,solo,false
7824,User 7824,user7824@example.com,Amsterdam,9488.24,plain note 7824,"a,b,c",true
7825,User 7825,user7825@example.com,Bratislava,9525.25,plain note 7825,solo,false
7826,User 7826,user7826@example.com,Zürich,9562.26,"said ""hi"", then left",solo,true
7827,User 7827,user7827@example.com,København,9599.27,plain note 7827,"a,b,c",false
7828,User 7828,user7828@example.com,Москва,9636.28,plain note 7828,solo,true
7829,User 7829,user7829@example.com,東京,9673.29,plain note 7829,solo,false
7830,User 7830,user7830@example.com,Paris,9710.30,plain note 7830,"a,b,c",true
7831,User 7831,user7831@example.com,Lima,9747.31,plain note 7831,solo,false
7832,User 7832,user7832@example.com,Amsterdam,9784.32,"line one
line two",solo,true
7833,User 7833,user7833@example.com,Bratislava,9821.33,"said ""hi"", then left","a,b,c",false
7834,User 7834,user7834@example.com,Zürich,9858.34,plain note 7834,solo,true
7835,User 7835,user7835@example.com,København,9895.35,plain note 7835,solo,false
7836,User 7836,user7836@example.com,Москва,9932.36,plain note 7836,"a,b,c",true
7837,User 7837,user7837@example.com,東京,9969.37,plain note 7837,solo,false
7838,User 7838,user7838@example.com,Paris,6.38,plain note 7838,solo,true
7839,User 7839,user7839@example.com,Lima,43.39,plain note 7839,"a,b,c",false
7840,User 7840,user7840@example.com,Amsterdam,80.40,"said ""hi"", then left",solo,true
7841,User 7841,user7841@example.com,Bratislava,117.41,plain note 7841,solo,false
7842,User 7842,user7842@example.com,Zürich,154.42,plain note 7842,"a,b,c",true
7843,User 7843,user7843@example.com,København,191.43,"line one
line two",solo,false
7844,User 7844,user7844@example.com,Москва,228.44,plain note 7844,solo,true
7845,User 7845,user7845@example.com,東京,265.45,plain note 7845,"a,b,c",false
7846,User 7846,user7846@example.com,Paris,302.46,plain note 7846,solo,true
7847,User 7847,user7847@example.com,Lima,339.47,"said ""hi"", then left",solo,false
7848,User 7848,user7848@example.com,Amsterdam,376.48,plain note 7848,"a,b,c",true
7849,User 7849,user7849@example.com,Bratislava,413.49,plain note 7849,solo,false
7850,User 7850,user7850@example.com,Zürich,450.50,plain note 7850,solo,true
7851,User 7851,user7851@example.com,København,487.51,plain note 7851,"a,b,c",false
7852,User 7852,user7852@example.com,Москва,524.52,plain note 7852,solo,true
7853,User 7853,user7853@example.com,東京,561.53,plain note 7853,solo,false
7854,User 7854,user7854@example.com,Paris,598.54,"said ""hi"", then left","a,b,c",true
7855,User 7855,user7855@example.com,Lima,635.55,plain note 7855,solo,false
7856,User 7856,user7856@example.com,Amsterdam,672.56,plain note 7856,solo,true
7857,User 7857,user7857@example.com,Bratislava,709.57,plain note 7857,"a,b,c",false
7858,User 7858,user7858@example.com,Zürich,746.58,plain note 7858,solo,true
7859,User 7859,user7859@example.com,København,783.59,plain note 7859,solo,false
7860,User 7860,user7860@example.com,Москва,820.60,plain note 7860,"a,b,c",true
7861,User 7861,user7861@example.com,東京,857.61,"said ""hi"", then left",solo,false
7862,User 7862,user7862@example.com,Paris,894.62,plain note 7862,solo,true
7863,User 7863,user7863@example.com,Lima,931.63,plain note 7863,"a,b,c",false
7864,User 7864,user7864@example.com,Amsterdam,968.64,plain note 7864,solo,true
7865,User 7865,user7865@example.com,Bratislava,1005.65,"line one
line two",solo,false
7866,User 7866,user7866@example.com,Zürich,1042.66,plain note 7866,"a,b,c",true
7867,User 7867,user7867@example.com,København,1079.67,plain note 7867,solo,false
7868,User 7868,user7868@example.com,Москва,1116.68,"said ""hi"", then left",solo,true
7869,User 7869,user7869@example.com,東京,1153.69,plain note 7869,"a,b,c",false
7870,User 7870,user7870@example.com,Paris,1190.70,plain note 7870,solo,true
7871,User 7871,user7871@example.com,Lima,1227.71,plain note 7871,solo,false
7872,User 7872,user7872@example.com,Amsterdam,1264.72,plain note 7872,"a,b,c",true
7873,User 7873,user7873@example.com,Bratislava,1301.73,plain note 7873,solo,false
7874,User 7874,user7874@example.com,Zürich,1338.74,plain note 7874,solo,true
7875,User 7875,user7875@example.com,København,1375.75,"said ""hi"", then left","a,b,c",false
7876,User 7876,user7876@example.com,Москва,1412.76,"line one
line two",solo,true
7877,User 7877,user7877@example.com,東京,1449.77,plain note 7877,solo,false
7878,User 7878,user7878@example.com,Paris,1486.78,plain note 7878,"a,b,c",true
7879,User 7879,user7879@example.com,Lima,1523.79,plain note 7879,solo,false
7880,User 7880,user7880@example.com,Amsterdam,1560.80,plain note 7880,solo,true
7881,User 7881,user7881@example.com,Bratislava,1597.81,plain note 7881,"a,b,c",false
7882,User 7882,user7882@example.com,Zürich,1634.82,"said ""hi"", then left",solo,true
7883,User 7883,user7883@example.com,København,1671.83,plain note 7883,solo,false
7884,User 7884,user7884@example.com,Москва,1708.84,plain note 7884,"a,b,c",true
7885,User 7885,user7885@example.com,東京,1745.85,plain note 7885,solo,false
7886,User 7886,user7886@example.com,Paris,1782.86,plain note 7886,solo,true
7887,User 7887,user7887@example.com,Lima,1819.87,"line one
line two","a,b,c",false
7888,User 7888,user7888@example.com,Amsterdam,1856.88,plain note 7888,solo,true
7889,User 7889,user7889@example.com,Bratislava,1893.89,"said ""hi"", then left",solo,false
7890,User 7890,user7890@example.com,Zürich,1930.90,plain note 7890,"a,b,c",true
7891,User 7891,user7891@example.com,København,1967.91,plain note 7891,solo,false
7892,User 7892,user7892@example.com,Москва,2004.92,plain note 7892,solo,true
7893,User 7893,user7893@example.com,東京,2041.93,plain note 7893,"a,b,c",false
7894,User 7894,user7894@example.com,Paris,2078.94,plain note 7894,solo,true
7895,User 7895,user7895@example.com,Lima,2115.95,plain note 7895,solo,false
7896,User 7896,user7896@example.com,Amsterdam,2152.96,"said ""hi"", then left","a,b,c",true
7897,User 7897,user7897@example.com,Bratislava,2189.97,plain note 7897,solo,false
7898,User 7898,user7898@example.com,Zürich,2226.98,"line one
line two",solo,true
7899,User 7899,user7899@example.com,København,2263.99,plain note 7899,"a,b,c",false
7900,User 7900,user7900@example.com,Москва,2300.0,plain note 7900,solo,true
7901,User 7901,user7901@example.com,東京,2337.1,plain note 7901,solo,false
7902,User 7902,user7902@example.com,Paris,2374.2,plain note 7902,"a,b,c",true
7903,User 7903,user7903@example.com,Lima,2411.3,"said ""hi"", then left",solo,false
7904,User 7904,user7904@example.com,Amsterdam,2448.4,plain note 7904,solo,true
7905,User 7905,user7905@example.com,Bratislava,2485.5,plain note 7905,"a,b,c",false
7906,User 7906,user7906@example.com,Zürich,2522.6,plain note 7906,solo,true
7907,User 7907,user7907@example.com,København,2559.7,plain note 7907,solo,false
7908,User 7908,user7908@example.com,Москва,2596.8,plain note 7908,"a,b,c",true
7909,User 7909,user7909@example.com,東京,2633.9,"line one
line two",solo,false
7910,User 7910,user7910@example.com,Paris,2670.10,"said ""hi"", then left",solo,true
7911,User 7911,user7911@example.com,Lima,2707.11,plain note 7911,"a,b,c",false
7912,User 7912,user7912@example.com,Amsterdam,2744.12,plain note 7912,solo,true
7913,User 7913,user7913@example.com,Bratislava,2781.13,plain note 7913,solo,false
7914,User 7914,user7914@example.com,Zürich,2818.14,plain note 7914,"a,b,c",true
7915,User 7915,user7915@example.com,København,2855.15,plain note 7915,solo,false
7916,User 7916,user7916@example.com,Москва,2892.16,plain note 7916,solo,true
7917,User 7917,user7917@example.com,東京,2929.17,"said ""hi"", then left","a,b,c",false
7918,User 7918,user7918@example.com,Paris,2966.18,plain note 7918,solo,true
7919,User 7919,user7919@example.com,Lima,3003.19,plain note 7919,solo,false
7920,User 7920,user7920@example.com,Amsterdam,3040.20,"line one
line two","a,b,c",true
7921,User 7921,user7921@example.com,Bratislava,3077.21,plain note 7921,solo,false
7922,User 7922,user7922@example.com,Zürich,3114.22,plain note 7922,solo,true
7923,User 7923,user7923@example.com,København,3151.23,plain note 7923,"a,b,c",false
7924,User 7924,user7924@example.com,Москва,3188.24,"said ""hi"", then left",solo,true
7925,User 7925,user7925@example.com,東京,3225.25,plain note 7925,solo,false
7926,User 7926,user7926@example.com,Paris,3262.26,plain note 7926,"a,b,c",true
7927,User 7927,user7927@example.com,Lima,3299.27,plain note 7927,solo,false
7928,User 7928,user7928@example.com,Amsterdam,3336.28,plain note 7928,solo,true
7929,User 7929,user7929@example.com,Bratislava,3373.29,plain note 7929,"a,b,c",false
7930,User 7930,user7930@example.com,Zürich,3410.30,plain note 7930,solo,true
7931,User 7931,user7931@example.com,København,3447.31,"said ""hi"", then left",solo,false
7932,User 7932,user7932@example.com,Москва,3484.32,plain note 7932,"a,b,c",true
7933,User 7933,user7933@example.com,東京,3521.33,plain note 7933,solo,false
7934,User 7934,user7934@example.com,Paris,3558.34,plain note 7934,solo,true
7935,User 7935,user7935@example.com,Lima,3595.35,plain note 7935,"a,b,c",false
7936,User 7936,user7936@example.com,Amsterdam,3632.36,plain note 7936,solo,true
7937,User 7937,user7937@example.com,Bratislava,3669.37,plain note 7937,solo,false
7938,User 7938,user7938@example.com,Zürich,3706.38,"said ""hi"", then left","a,b,c",true
7939,User 7939,user7939@example.com,København,3743.39,plain note 7939,solo,false
7940,User 7940,user7940@example.com,Москва,3780.40,plain note 7940,solo,true
7941,User 7941,user7941@example.com,東京,3817.41,plain note 7941,"a,b,c",false
7942,User 7942,user7942@example.com,Paris,3854.42,"line one
line two",solo,true
7943,User 7943,user7943@example.com,Lima,3891.43,plain note 7943,solo,false
7944,User 7944,user7944@example.com,Amsterdam,3928.44,plain note 7944,"a,b,c",true
7945,User 7945,user7945@example.com,Bratislava,3965.45,"said ""hi"", then left",solo,false
7946,User 7946,user7946@example.com,Zürich,4002.46,plain note 7946,solo,true
7947,User 7947,user7947@example.com,København,4039.47,plain note 7947,"a,b,c",false
7948,User 7948,user7948@example.com,Москва,4076.48,plain note 7948,solo,true
7949,User 7949,user7949@example.com,東京,4113.49,plain note 7949,solo,false
7950,User 7950,user7950@example.com,Paris,4150.50,plain note 7950,"a,b,c",true
7951,User 7951,user7951@example.com,Lima,4187.51,plain note 7951,solo,false
7952,User 7952,user7952@example.com,Amsterdam,4224.52,"said ""hi"", then left",solo,true
7953,User 7953,user7953@example.com,Bratislava,4261.53,"line one
line two","a,b,c",false
7954,User 7954,user7954@example.com,Zürich,4298.54,plain note 7954,solo,true
7955,User 7955,user7955@example.com,København,4335.55,plain note 7955,solo,false
7956,User 7956,user7956@example.com,Москва,4372.56,plain note 7956,"a,b,c",true
7957,User 7957,user7957@example.com,東京,4409.57,plain note 7957,solo,false
7958,User 7958,user7958@example.com,Paris,4446.58,plain note 7958,solo,true
7959,User 7959,user7959@example.com,Lima,4483.59,"said ""hi"", then left","a,b,c",false
7960,User 7960,user7960@example.com,Amsterdam,4520.60,plain note 7960,solo,true
7961,User 7961,user7961@example.com,Bratislava,4557.61,plain note 7961,solo,false
7962,User 7962,user7962@example.com,Zürich,4594.62,plain note 7962,"a,b,c",true
7963,User 7963,user7963@example.com,København,4631.63,plain note 7963,solo,false
7964,User 7964,user7964@example.com,Москва,4668.64,"line one
line two",solo,true
7965,User 7965,user7965@example.com,東京,4705.65,plain note 7965,"a,b,c",false
7966,User 7966,user7966@example.com,Paris,4742.66,"said ""hi"", then left",solo,true
7967,User 7967,user7967@example.com,Lima,4779.67,plain note 7967,solo,false
7968,User 7968,user7968@example.com,Amsterdam,4816.68,plain note 7968,"a,b,c",true
7969,User 7969,user7969@example.com,Bratislava,4853.69,plain note 7969,solo,false
7970,User 7970,user7970@example.com,Zürich,4890.70,plain note 7970,solo,true
7971,User 7971,user7971@example.com,København,4927.71,plain note 7971,"a,b,c",false
7972,User 7972,user7972@example.com,Москва,4964.72,plain note 7972,solo,true
7973,User 7973,user7973@example.com,東京,5001.73,"said ""hi"", then left",solo,false
7974,User 7974,user7974@example.com,Paris,5038.74,plain note 7974,"a,b,c",true
7975,User 7975,user7975@example.com,Lima,5075.75,"line one
line two",solo,false
7976,User 7976,user7976@example.com,Amsterdam,5112.76,plain note 7976,solo,true
7977,User 7977,user7977@example.com,Bratislava,5149.77,plain note 7977,"a,b,c",false
7978,User 7978,user7978@example.com,Zürich,5186.78,plain note 7978,solo,true
7979,User 7979,user7979@example.com,København,5223.79,plain note 7979,solo,false
7980,User 7980,user7980@example.com,Москва,5260.80,"said ""hi"", then left","a,b,c",true
7981,User 7981,user7981@example.com,東京,5297.81,plain note 7981,solo,false
7982,User 7982,user7982@example.com,Paris,5334.82,plain note 7982,solo,true
7983,User 7983,user7983@example.com,Lima,5371.83,plain note 7983,"a,b,c",false
7984,User 7984,user7984@example.com,Amsterdam,5408.84,plain note 7984,solo,true
7985,User 7985,user7985@example.com,Bratislava,5445.85,plain note 7985,solo,false
7986,User 7986,user7986@example.com,Zürich,5482.86,"line one
line two","a,b,c",true
7987,User 7987,user7987@example.com,København,5519.87,"said ""hi"", then left",solo,false
7988,User 7988,user7988@example.com,Москва,5556.88,plain note 7988,solo,true
7989,User 7989,user7989@example.com,東京,5593.89,plain note 7989,"a,b,c",false
7990,User 7990,user7990@example.com,Paris,5630.90,plain note 7990,solo,true
7991,User 7991,user7991@example.com,Lima,5667.91,plain note 7991,solo,false
7992,User 7992,user7992@example.com,Amsterdam,5704.92,plain note 7992,"a,b,c",true
7993,User 7993,user7993@example.com,Bratislava,5741.93,plain note 7993,solo,false
7994,User 7994,user7994@example.com,Zürich,5778.94,"said ""hi"", then left",solo,true
7995,User 7995,user7995@example.com,København,5815.95,plain note 7995,"a,b,c",false
7996,User 7996,user7996@example.com,Москва,5852.96,plain note 7996,solo,true
7997,User 7997,user7997@example.com,東京,5889.97,"line one
line two",solo,false
7998,User 7998,user7998@example.com,Paris,5926.98,plain note 7998,"a,b,c",true
7999,User 7999,user7999@example.com,Lima,5963.99,plain note 7999,solo,false
8000,User 8000,user8000@example.com,Amsterdam,6000.0,plain note 8000,solo,true
8001,User 8001,user8001@example.com,Bratislava,6037.1,"said ""hi"", then left","a,b,c",false
8002,User 8002,user8002@example.com,Zürich,6074.2,plain note 8002,solo,true
8003,User 8003,user8003@example.com,København,6111.3,plain note 8003,solo,false
8004,User 8004,user8004@example.com,Москва,6148.4,plain note 8004,"a,b,c",true
8005,User 8005,user8005@example.com,東京,6185.5,plain note 8005,solo,false
8006,User 8006,user8006@example.com,Paris,6222.6,plain note 8006,solo,true
8007,User 8007,user8007@example.com,Lima,6259.7,plain note 8007,"a,b,c",false
8008,User 8008,user8008@example.com,Amsterdam,6296.8,"said ""hi"", then left",solo,true
8009,User 8009,user8009@example.com,Bratislava,6333.9,plain note 8009,solo,false
8010,User 8010,user8010@example.com,Zürich,6370.10,plain note 8010,"a,b,c",true
8011,User 8011,user8011@example.com,København,6407.11,plain note 8011,solo,false
8012,User 8012,user8012@example.com,Москва,6444.12,plain note 8012,solo,true
8013,User 8013,user8013@example.com,東京,6481.13,plain note 8013,"a,b,c",false
8014,User 8014,user8014@example.com,Paris,6518.14,plain note 8014,solo,true
8015,User 8015,user8015@example.com,Lima,6555.15,"said ""hi"", then left",solo,false
8016,User 8016,user8016@example.com,Amsterdam,6592.16,plain note 8016,"a,b,c",true
8017,User 8017,user8017@example.com,Bratislava,6629.17,plain note 8017,solo,false
8018,User 8018,user8018@example.com,Zürich,6666.18,plain note 8018,solo,true
8019,User 8019,user8019@example.com,København,6703.19,"line one
line two","a,b,c",false
8020,User 8020,user8020@example.com,Москва,6740.20,plain note 8020,solo,true
8021,User 8021,user8021@example.com,東京,6777.21,plain note 8021,solo,false
8022,User 8022,user8022@example.com,Paris,6814.22,"said ""hi"", then left","a,b,c",true
8023,User 8023,user8023@example.com,Lima,6851.23,plain note 8023,solo,false
8024,User 8024,user8024@example.com,Amsterdam,6888.24,plain note 8024,solo,true
8025,User 8025,user8025@example.com,Bratislava,6925.25,plain note 8025,"a,b,c",false
8026,User 8026,user8026@example.com,Zürich,6962.26,plain note 8026,solo,true
8027,User 8027,user8027@example.com,København,6999.27,plain note 8027,solo,false
8028,User 8028,user8028@example.com,Москва,7036.28,plain note 8028,"a,b,c",true
8029,User 8029,user8029@example.com,東京,7073.29,"said ""hi"", then left",solo,false
8030,User 8030,user8030@example.com,Paris,7110.30,"line one
line two",solo,true
8031,User 8031,user8031@example.com,Lima,7147.31,plain note 8031,"a,b,c",false
8032,User 8032,user8032@example.com,Amsterdam,7184.32,plain note 8032,solo,true
8033,User 8033,user8033@example.com,Bratislava,7221.33,plain note 8033,solo,false
8034,User 8034,user8034@example.com,Zürich,7258.34,plain note 8034,"a,b,c",true
8035,User 8035,user8035@example.com,København,7295.35,plain note 8035,solo,false
8036,User 8036,user8036@example.com,Москва,7332.36,"said ""hi"", then left",solo,true
8037,User 8037,user8037@example.com,東京,7369.37,plain note 8037,"a,b,c",false
8038,User 8038,user8038@example.com,Paris,7406.38,plain note 8038,solo,true
8039,User 8039,user8039@example.com,Lima,7443.39,plain note 8039,solo,false
8040,User 8040,user8040@example.com,Amsterdam,7480.40,plain note 8040,"a,b,c",true
8041,User 8041,user8041@example.com,Bratislava,7517.41,"line one
line two",solo,false
8042,User 8042,user8042@example.com,Zürich,7554.42,plain note 8042,solo,true
8043,User 8043,user8043@example.com,København,7591.43,"said ""hi"", then left","a,b,c",false
8044,User 8044,user8044@example.com,Москва,7628.44,plain note 8044,solo,true
8045,User 8045,user8045@example.com,東京,7665.45,plain note 8045,solo,false
8046,User 8046,user8046@example.com,Paris,7702.46,plain note 8046,"a,b,c",true
8047,User 8047,user8047@example.com,Lima,7739.47,plain note 8047,solo,false
8048,User 8048,user8048@example.com,Amsterdam,7776.48,plain note 8048,solo,true
8049,User 8049,user8049@example.com,Bratislava,7813.49,plain note 8049,"a,b,c",false
8050,User 8050,user8050@example.com,Zürich,7850.50,"said ""hi"", then left",solo,true
8051,User 8051,user8051@example.com,København,7887.51,plain note 8051,solo,false
8052,User 8052,user8052@example.com,Москва,7924.52,"line one
line two","a,b,c",true
8053,User 8053,user8053@example.com,東京,7961.53,plain note 8053,solo,false
8054,User 8054,user8054@example.com,Paris,7998.54,plain note 8054,solo,true
8055,User 8055,user8055@example.com,Lima,8035.55,plain note 8055,"a,b,c",false
8056,User 8056,user8056@example.com,Amsterdam,8072.56,plain note 8056,solo,true
8057,User 8057,user8057@example.com,Bratislava,8109.57,"said ""hi"", then left",solo,false
8058,User 8058,user8058@example.com,Zürich,8146.58,plain note 8058,"a,b,c",true
8059,User 8059,user8059@example.com,København,8183.59,plain note 8059,solo,false
8060,User 8060,user8060@example.com,Москва,8220.60,plain note 8060,solo,true
8061,User 8061,user8061@example.com,東京,8257.61,plain note 8061,"a,b,c",false
8062,User 8062,user8062@example.com,Paris,8294.62,plain note 8062,solo,true
8063,User 8063,user8063@example.com,Lima,8331.63,"line one
line two",solo,false
8064,User 8064,user8064@example.com,Amsterdam,8368.64,"said ""hi"", then left","a,b,c",true
8065,User 8065,user8065@example.com,Bratislava,8405.65,plain note 8065,solo,false
8066,User 8066,user8066@example.com,Zürich,8442.66,plain note 8066,solo,true
8067,User 8067,user8067@example.com,København,8479.67,plain note 8067,"a,b,c",false
8068,User 8068,user8068@example.com,Москва,8516.68,plain note 8068,solo,true
8069,User 8069,user8069@example.com,東京,8553.69,plain note 8069,solo,false
8070,User 8070,user8070@example.com,Paris,8590.70,plain note 8070,"a,b,c",true
8071,User 8071,user8071@example.com,Lima,8627.71,"said ""hi"", then left",solo,false
8072,User 8072,user8072@example.com,Amsterdam,8664.72,plain note 8072,solo,true
8073,User 8073,user8073@example.com,Bratislava,8701.73,plain note 8073,"a,b,c",false
8074,User 8074,user8074@example.com,Zürich,8738.74,"line one
line two",solo,true
8075,User 8075,user8075@example.com,København,8775.75,plain note 8075,solo,false
8076,User 8076,user8076@example.com,Москва,8812.76,plain note 8076,"a,b,c",true
8077,User 8077,user8077@example.com,東京,8849.77,plain note 8077,solo,false
8078,User 8078,user8078@example.com,Paris,8886.78,"said ""hi"", then left",solo,true
8079,User 8079,user8079@example.com,Lima,8923.79,plain note 8079,"a,b,c",false
8080,User 8080,user8080@example.com,Amsterdam,8960.80,plain note 8080,solo,true
8081,User 8081,user8081@example.com,Bratislava,8997.81,plain note 8081,solo,false
8082,User 8082,user8082@example.com,Zürich,9034.82,plain note 8082,"a,b,c",true
8083,User 8083,user8083@example.com,København,9071.83,plain note 8083,solo,false
8084,User 8084,user8084@example.com,Москва,9108.84,plain note 8084,solo,true
8085,User 8085,user8085@example.com,東京,9145.85,"said ""hi"", then left","a,b,c",false
8086,User 8086,user8086@example.com,Paris,9182.86,plain note 8086,solo,true
8087,User 8087,user8087@example.com,Lima,9219.87,plain note 8087,solo,false
8088,User 8088,user8088@example.com,Amsterdam,9256.88,plain note 8088,"a,b,c",true
8089,User 8089,user8089@example.com,Bratislava,9293.89,plain note 8089,solo,false
8090,User 8090,user8090@example.com,Zürich,9330.90,plain note 8090,solo,true
8091,User 8091,user8091@example.com,København,9367.91,plain note 8091,"a,b,c",false
8092,User 8092,user8092@example.com,Москва,9404.92,"said ""hi"", then left",solo,true
8093,User 8093,user8093@example.com,東京,9441.93,plain note 8093,solo,false
8094,User 8094,user8094@example.com,Paris,9478.94,plain note 8094,"a,b,c",true
8095,User 8095,user8095@example.com,Lima,9515.95,plain note 8095,solo,false
8096,User 8096,user8096@example.com,Amsterdam,9552.96,"line one
line two",solo,true
8097,User 8097,user8097@example.com,Bratislava,9589.97,plain note 8097,"a,b,c",false
8098,User 8098,user8098@example.com,Zürich,9626.98,plain note 8098,solo,true
8099,User 8099,user8099@example.com,København,9663.99,"said ""hi"", then left",solo,false
8100,User 8100,user8100@example.com,Москва,9700.0,plain note 8100,"a,b,c",true
8101,User 8101,user8101@example.com,東京,9737.1,plain note 8101,solo,false
8102,User 8102,user8102@example.com,Paris,9774.2,plain note 8102,solo,true
8103,User 8103,user8103@example.com,Lima,9811.3,plain note 8103,"a,b,c",false
8104,User 8104,user8104@example.com,Amsterdam,9848.4,plain note 8104,solo,true
8105,User 8105,user8105@example.com,Bratislava,9885.5,plain note 8105,solo,false
8106,User 8106,user8106@example.com,Zürich,9922.6,"said ""hi"", then left","a,b,c",true
8107,User 8107,user8107@example.com,København,9959.7,"line one
line two",solo,false
8108,User 8108,user8108@example.com,Москва,9996.8,plain note 8108,solo,true
8109,User 8109,user8109@example.com,東京,33.9,plain note 8109,"a,b,c",false
8110,User 8110,user8110@example.com,Paris,70.10,plain note 8110,solo,true
8111,User 8111,user8111@example.com,Lima,107.11,plain note 8111,solo,false
8112,User 8112,user8112@example.com,Amsterdam,144.12,plain note 8112,"a,b,c",true
8113,User 8113,user8113@example.com,Bratislava,181.13,"said ""hi"", then left",solo,false
8114,User 8114,user8114@example.com,Zürich,218.14,plain note 8114,solo,true
8115,User 8115,user8115@example.com,København,255.15,plain note 8115,"a,b,c",false
8116,User 8116,user8116@example.com,Москва,292.16,plain note 8116,solo,true
8117,User 8117,user8117@example.com,東京,329.17,plain note 8117,solo,false
8118,User 8118,user8118@example.com,Paris,366.18,"line one
line two","a,b,c",true
8119,User 8119,user8119@example.com,Lima,403.19,plain note 8119,solo,false
8120,User 8120,user8120@example.com,Amsterdam,440.20,"said ""hi"", then left",solo,true
8121,User 8121,user8121@example.com,Bratislava,477.21,plain note 8121,"a,b,c",false
8122,User 8122,user8122@example.com,Zürich,514.22,plain note 8122,solo,true
8123,User 8123,user8123@example.com,København,551.23,plain note 8123,solo,false
8124,User 8124,user8124@example.com,Москва,588.24,plain note 8124,"a,b,c",true
8125,User 8125,user8125@example.com,東京,625.25,plain note 8125,solo,false
8126,User 8126,user8126@example.com,Paris,662.26,plain note 8126,solo,true
8127,User 8127,user8127@example.com,Lima,699.27,"said ""hi"", then left","a,b,c",false
8128,User 8128,user8128@example.com,Amsterdam,736.28,plain note 8128,solo,true
8129,User 8129,user8129@example.com,Bratislava,773.29,"line one
line two",solo,false
8130,User 8130,user8130@example.com,Zürich,810.30,plain note 8130,"a,b,c",true
8131,User 8131,user8131@example.com,København,847.31,plain note 8131,solo,false
8132,User 8132,user8132@example.com,Москва,884.32,plain note 8132,solo,true
8133,User 8133,user8133@example.com,東京,921.33,plain note 8133,"a,b,c",false
8134,User 8134,user8134@example.com,Paris,958.34,"said ""hi"", then left",solo,true
8135,User 8135,user8135@example.com,Lima,995.35,plain note 8135,solo,false
8136,User 8136,user8136@example.com,Amsterdam,1032.36,plain note 8136,"a,b,c",true
8137,User 8137,user8137@example.com,Bratislava,1069.37,plain note 8137,solo,false
8138,User 8138,user8138@example.com,Zürich,1106.38,plain note 8138,solo,true
8139,User 8139,user8139@example.com,København,1143.39,plain note 8139,"a,b,c",false
8140,User 8140,user8140@example.com,Москва,1180.40,"line one
line two",solo,true
8141,User 8141,user8141@example.com,東京,1217.41,"said ""hi"", then left",solo,false
8142,User 8142,user8142@example.com,Paris,1254.42,plain note 8142,"a,b,c",true
8143,User 8143,user8143@example.com,Lima,1291.43,plain note 8143,solo,false
8144,User 8144,user8144@example.com,Amsterdam,1328.44,plain note 8144,solo,true
8145,User 8145,user8145@example.com,Bratislava,1365.45,plain note 8145,"a,b,c",false
8146,User 8146,user8146@example.com,Zürich,1402.46,plain note 8146,solo,true
8147,User 8147,user8147@example.com,København,1439.47,plain note 8147,solo,false
8148,User 8148,user8148@example.com,Москва,1476.48,"said ""hi"", then left","a,b,c",true
8149,User 8149,user8149@example.com,東京,1513.49,plain note 8149,solo,false
8150,User 8150,user8150@example.com,Paris,1550.50,plain note 8150,solo,true
8151,User 8151,user8151@example.com,Lima,1587.51,"line one
line two","a,b,c",false
8152,User 8152,user8152@example.com,Amsterdam,1624.52,plain note 8152,solo,true
8153,User 8153,user8153@example.com,Bratislava,1661.53,plain note 8153,solo,false
8154,User 8154,user8154@example.com,Zürich,1698.54,plain note 8154,"a,b,c",true
8155,User 8155,user8155@example.com,København,1735.55,"said ""hi"", then left",solo,false
8156,User 8156,user8156@example.com,Москва,1772.56,plain note 8156,solo,true
8157,User 8157,user8157@example.com,東京,1809.57,plain note 8157,"a,b,c",false
8158,User 8158,user8158@example.com,Paris,1846.58,plain note 8158,solo,true
8159,User 8159,user8159@example.com,Lima,1883.59,plain note 8159,solo,false
8160,User 8160,user8160@example.com,Amsterdam,1920.60,plain note 8160,"a,b,c",true
8161,User 8161,user8161@example.com,Bratislava,1957.61,plain note 8161,solo,false
8162,User 8162,user8162@example.com,Zürich,1994.62,"said ""hi"", then left",solo,true
8163,User 8163,user8163@example.com,København,2031.63,plain note 8163,"a,b,c",false
8164,User 8164,user8164@example.com,Москва,2068.64,plain note 8164,solo,true
8165,User 8165,user8165@example.com,東京,2105.65,plain note 8165,solo,false
8166,User 8166,user8166@example.com,Paris,2142.66,plain note 8166,"a,b,c",true
8167,User 8167,user8167@example.com,Lima,2179.67,plain note 8167,solo,false
8168,User 8168,user8168@example.com,Amsterdam,2216.68,plain note 8168,solo,true
8169,User 8169,user8169@example.com,Bratislava,2253.69,"said ""hi"", then left","a,b,c",false
8170,User 8170,user8170@example.com,Zürich,2290.70,plain note 8170,solo,true
8171,User 8171,user8171@example.com,København,2327.71,plain note 8171,solo,false
8172,User 8172,user8172@example.com,Москва,2364.72,plain note 8172,"a,b,c",true
8173,User 8173,user8173@example.com,東京,2401.73,"line one
line two",solo,false
8174,User 8174,user8174@example.com,Paris,2438.74,plain note 8174,solo,true
8175,User 8175,user8175@example.com,Lima,2475.75,plain note 8175,"a,b,c",false
8176,User 8176,user8176@example.com,Amsterdam,2512.76,"said ""hi"", then left",solo,true
8177,User 8177,user8177@example.com,Bratislava,2549.77,plain note 8177,solo,false
8178,User 8178,user8178@example.com,Zürich,2586.78,plain note 8178,"a,b,c",true
8179,User 8179,user8179@example.com,København,2623.79,plain note 8179,solo,false
8180,User 8180,user8180@example.com,Москва,2660.80,plain note 8180,solo,true
8181,User 8181,user8181@example.com,東京,2697.81,plain note 8181,"a,b,c",false
8182,User 8182,user8182@example.com,Paris,2734.82,plain note 8182,solo,true
8183,User 8183,user8183@example.com,Lima,2771.83,"said ""hi"", then left",solo,false
8184,User 8184,user8184@example.com,Amsterdam,2808.84,"line one
line two","a,b,c",true
8185,User 8185,user8185@example.com,Bratislava,2845.85,plain note 8185,solo,false
8186,User 8186,user8186@example.com,Zürich,2882.86,plain note 8186,solo,true
8187,User 8187,user8187@example.com,København,2919.87,plain note 8187,"a,b,c",false
8188,User 8188,user8188@example.com,Москва,2956.88,plain note 8188,solo,true
8189,User 8189,user8189@example.com,東京,2993.89,plain note 8189,solo,false
8190,User 8190,user8190@example.com,Paris,3030.90,"said ""hi"", then left","a,b,c",true
8191,User 8191,user8191@example.com,Lima,3067.91,plain note 8191,solo,false
8192,User 8192,user8192@example.com,Amsterdam,3104.92,plain note 8192,solo,true
8193,User 8193,user8193@example.com,Bratislava,3141.93,plain note 8193,"a,b,c",false
8194,User 8194,user8194@example.com,Zürich,3178.94,plain note 8194,solo,true
8195,User 8195,user8195@example.com,København,3215.95,"line one
line two",solo,false
8196,User 8196,user8196@example.com,Москва,3252.96,plain note 8196,"a,b,c",true
8197,User 8197,user8197@example.com,東京,3289.97,"said ""hi"", then left",solo,false
8198,User 8198,user8198@example.com,Paris,3326.98,plain note 8198,solo,true
8199,User 8199,user8199@example.com,Lima,3363.99,plain note 8199,"a,b,c",false
8200,User 8200,user8200@example.com,Amsterdam,3400.0,plain note 8200,solo,true
8201,User 8201,user8201@example.com,Bratislava,3437.1,plain note 8201,solo,false
8202,User 8202,user8202@example.com,Zürich,3474.2,plain note 8202,"a,b,c",true
8203,User 8203,user8203@example.com,København,3511.3,plain note 8203,solo,false
8204,User 8204,user8204@example.com,Москва,3548.4,"said ""hi"", then left",solo,true
8205,User 8205,user8205@example.com,東京,3585.5,plain note 8205,"a,b,c",false
8206,User 8206,user8206@example.com,Paris,3622.6,"line one
line two",solo,true
8207,User 8207,user8207@example.com,Lima,3659.7,plain note 8207,solo,false
8208,User 8208,user8208@example.com,Amsterdam,3696.8,plain note 8208,"a,b,c",true
8209,User 8209,user8209@example.com,Bratislava,3733.9,plain note 8209,solo,false
8210,User 8210,user8210@example.com,Zürich,3770.10,plain note 8210,solo,true
8211,User 8211,user8211@example.com,København,3807.11,"said ""hi"", then left","a,b,c",false
8212,User 8212,user8212@example.com,Москва,3844.12,plain note 8212,solo,true
8213,User 8213,user8213@example.com,東京,3881.13,plain note 8213,solo,false
8214,User 8214,user8214@example.com,Paris,3918.14,plain note 8214,"a,b,c",true
8215,User 8215,user8215@example.com,Lima,3955.15,plain note 8215,solo,false
8216,User 8216,user8216@example.com,Amsterdam,3992.16,plain note 8216,solo,true
8217,User 8217,user8217@example.com,Bratislava,4029.17,"line one
line two","a,b,c",false
8218,User 8218,user8218@example.com,Zürich,4066.18,"said ""hi"", then left",solo,true
8219,User 8219,user8219@example.com,København,4103.19,plain note 8219,solo,false
8220,User 8220,user8220@example.com,Москва,4140.20,plain note 8220,"a,b,c",true
8221,User 8221,user8221@example.com,東京,4177.21,plain note 8221,solo,false
8222,User 8222,user8222@example.com,Paris,4214.22,plain note 8222,solo,true
8223,User 8223,user8223@example.com,Lima,4251.23,plain note 8223,"a,b,c",false
8224,User 8224,user8224@example.com,Amsterdam,4288.24,plain note 8224,solo,true
8225,User 8225,user8225@example.com,Bratislava,4325.25,"said ""hi"", then left",solo,false
8226,User 8226,user8226@example.com,Zürich,4362.26,plain note 8226,"a,b,c",true
8227,User 8227,user8227@example.com,København,4399.27,plain note 8227,solo,false
8228,User 8228,user8228@example.com,Москва,4436.28,"line one
line two",solo,true
8229,User 8229,user8229@example.com,東京,4473.29,plain note 8229,"a,b,c",false
8230,User 8230,user8230@example.com,Paris,4510.30,plain note 8230,solo,true
8231,User 8231,user8231@example.com,Lima,4547.31,plain note 8231,solo,false
8232,User 8232,user8232@example.com,Amsterdam,4584.32,"said ""hi"", then left","a,b,c",true
8233,User 8233,user8233@example.com,Bratislava,4621.33,plain note 8233,solo,false
8234,User 8234,user8234@example.com,Zürich,4658.34,plain note 8234,solo,true
8235,User 8235,user8235@example.com,København,4695.35,plain note 8235,"a,b,c",false
8236,User 8236,user8236@example.com,Москва,4732.36,plain note 8236,solo,true
8237,User 8237,user8237@example.com,東京,4769.37,plain note 8237,solo,false
8238,User 8238,user8238@example.com,Paris,4806.38,plain note 8238,"a,b,c",true
8239,User 8239,user8239@example.com,Lima,4843.39,"said ""hi"", then left",solo,false
8240,User 8240,user8240@example.com,Amsterdam,4880.40,plain note 8240,solo,true
8241,User 8241,user8241@example.com,Bratislava,4917.41,plain note 8241,"a,b,c",false
8242,User 8242,user8242@example.com,Zürich,4954.42,plain note 8242,solo,true
8243,User 8243,user8243@example.com,København,4991.43,plain note 8243,solo,false
8244,User 8244,user8244@example.com,Москва,5028.44,plain note 8244,"a,b,c",true
8245,User 8245,user8245@example.com,東京,5065.45,plain note 8245,solo,false
8246,User 8246,user8246@example.com,Paris,5102.46,"said ""hi"", then left",solo,true
8247,User 8247,user8247@example.com,Lima,5139.47,plain note 8247,"a,b,c",false
8248,User 8248,user8248@example.com,Amsterdam,5176.48,plain note 8248,solo,true
8249,User 8249,user8249@example.com,Bratislava,5213.49,plain note 8249,solo,false
8250,User 8250,user8250@example.com,Zürich,5250.50,"line one
line two","a,b,c",true
8251,User 8251,user8251@example.com,København,5287.51,plain note 8251,solo,false
8252,User 8252,user8252@example.com,Москва,5324.52,plain note 8252,solo,true
8253,User 8253,user8253@example.com,東京,5361.53,"said ""hi"", then left","a,b,c",false
8254,User 8254,user8254@example.com,Paris,5398.54,plain note 8254,solo,true
8255,User 8255,user8255@example.com,Lima,5435.55,plain note 8255,solo,false
8256,User 8256,user8256@example.com,Amsterdam,5472.56,plain note 8256,"a,b,c",true
8257,User 8257,user8257@example.com,Bratislava,5509.57,plain note 8257,solo,false
8258,User 8258,user8258@example.com,Zürich,5546.58,plain note 8258,solo,true
8259,User 8259,user8259@example.com,København,5583.59,plain note 8259,"a,b,c",false
8260,User 8260,user8260@example.com,Москва,5620.60,"said ""hi"", then left",solo,true
8261,User 8261,user8261@example.com,東京,5657.61,"line one
line two",solo,false
8262,User 8262,user8262@example.com,Paris,5694.62,plain note 8262,"a,b,c",true
8263,User 8263,user8263@example.com,Lima,5731.63,plain note 8263,solo,false
8264,User 8264,user8264@example.com,Amsterdam,5768.64,plain note 8264,solo,true
8265,User 8265,user8265@example.com,Bratislava,5805.65,plain note 8265,"a,b,c",false
8266,User 8266,user8266@example.com,Zürich,5842.66,plain note 8266,solo,true
8267,User 8267,user8267@example.com,København,5879.67,"said ""hi"", then left",solo,false
8268,User 8268,user8268@example.com,Москва,5916.68,plain note 8268,"a,b,c",true
8269,User 8269,user8269@example.com,東京,5953.69,plain note 8269,solo,false
8270,User 8270,user8270@example.com,Paris,5990.70,plain note 8270,solo,true
8271,User 8271,user8271@example.com,Lima,6027.71,plain note 8271,"a,b,c",false
8272,User 8272,user8272@example.com,Amsterdam,6064.72,"line one
line two",solo,true
8273,User 8273,user8273@example.com,Bratislava,6101.73,plain note 8273,solo,false
8274,User 8274,user8274@example.com,Zürich,6138.74,"said ""hi"", then left","a,b,c",true
8275,User 8275,user8275@example.com,København,6175.75,plain note 8275,solo,false
8276,User 8276,user8276@example.com,Москва,6212.76,plain note 8276,solo,true
8277,User 8277,user8277@example.com,東京,6249.77,plain note 8277,"a,b,c",false
8278,User 8278,user8278@example.com,Paris,6286.78,plain note 8278,solo,true
8279,User 8279,user8279@example.com,Lima,6323.79,plain note 8279,solo,false
8280,User 8280,user8280@example.com,Amsterdam,6360.80,plain note 8280,"a,b,c",true
8281,User 8281,user8281@example.com,Bratislava,6397.81,"said ""hi"", then left",solo,false
8282,User 8282,user8282@example.com,Zürich,6434.82,plain note 8282,solo,true
8283,User 8283,user8283@example.com,København,6471.83,"line one
line two","a,b,c",false
8284,User 8284,user8284@example.com,Москва,6508.84,plain note 8284,solo,true
8285,User 8285,user8285@example.com,東京,6545.85,plain note 8285,solo,false
8286,User 8286,user8286@example.com,Paris,6582.86,plain note 8286,"a,b,c",true
8287,User 8287,user8287@example.com,Lima,6619.87,plain note 8287,solo,false
8288,User 8288,user8288@example.com,Amsterdam,6656.88,"said ""hi"", then left",solo,true
8289,User 8289,user8289@example.com,Bratislava,6693.89,plain note 8289,"a,b,c",false
8290,User 8290,user8290@example.com,Zürich,6730.90,plain note 8290,solo,true
8291,User 8291,user8291@example.com,København,6767.91,plain note 8291,solo,false
8292,User 8292,user8292@example.com,Москва,6804.92,plain note 8292,"a,b,c",true
8293,User 8293,user8293@example.com,東京,6841.93,plain note 8293,solo,false
8294,User 8294,user8294@example.com,Paris,6878.94,"line one
line two",solo,true
8295,User 8295,user8295@example.com,Lima,6915.95,"said ""hi"", then left","a,b,c",false
8296,User 8296,user8296@example.com,Amsterdam,6952.96,plain note 8296,solo,true
8297,User 8297,user8297@example.com,Bratislava,6989.97,plain note 8297,solo,false
8298,User 8298,user8298@example.com,Zürich,7026.98,plain note 8298,"a,b,c",true
8299,User 8299,user8299@example.com,København,7063.99,plain note 8299,solo,false
8300,User 8300,user8300@example.com,Москва,7100.0,plain note 8300,solo,true
8301,User 8301,user8301@example.com,東京,7137.1,plain note 8301,"a,b,c",false
8302,User 8302,user8302@example.com,Paris,7174.2,"said ""hi"", then left",solo,true
8303,User 8303,user8303@example.com,Lima,7211.3,plain note 8303,solo,false
8304,User 8304,user8304@example.com,Amsterdam,7248.4,plain note 8304,"a,b,c",true
8305,User 8305,user8305@example.com,Bratislava,7285.5,"line one
line two",solo,false
8306,User 8306,user8306@example.com,Zürich,7322.6,plain note 8306,solo,true
8307,User 8307,user8307@example.com,København,7359.7,plain note 8307,"a,b,c",false
8308,User 8308,user8308@example.com,Москва,7396.8,plain note 8308,solo,true
8309,User 8309,user8309@example.com,東京,7433.9,"said ""hi"", then left",solo,false
8310,User 8310,user8310@example.com,Paris,7470.10,plain note 8310,"a,b,c",true
8311,User 8311,user8311@example.com,Lima,7507.11,plain note 8311,solo,false
8312,User 8312,user8312@example.com,Amsterdam,7544.12,plain note 8312,solo,true
8313,User 8313,user8313@example.com,Bratislava,7581.13,plain note 8313,"a,b,c",false
8314,User 8314,user8314@example.com,Zürich,7618.14,plain note 8314,solo,true
8315,User 8315,user8315@example.com,København,7655.15,plain note 8315,solo,false
8316,User 8316,user8316@example.com,Москва,7692.16,"said ""hi"", then left","a,b,c",true
8317,User 8317,user8317@example.com,東京,7729.17,plain note 8317,solo,false
8318,User 8318,user8318@example.com,Paris,7766.18,plain note 8318,solo,true
8319,User 8319,user8319@example.com,Lima,7803.19,plain note 8319,"a,b,c",false
8320,User 8320,user8320@example.com,Amsterdam,7840.20,plain note 8320,solo,true
8321,User 8321,user8321@example.com,Bratislava,7877.21,plain note 8321,solo,false
8322,User 8322,user8322@example.com,Zürich,7914.22,plain note 8322,"a,b,c",true
8323,User 8323,user8323@example.com,København,7951.23,"said ""hi"", then left",solo,false
8324,User 8324,user8324@example.com,Москва,7988.24,plain note 8324,solo,true
8325,User 8325,user8325@example.com,東京,8025.25,plain note 8325,"a,b,c",false
8326,User 8326,user8326@example.com,Paris,8062.26,plain note 8326,solo,true
8327,User 8327,user8327@example.com,Lima,8099.27,"line one
line two",solo,false
8328,User 8328,user8328@example.com,Amsterdam,8136.28,plain note 8328,"a,b,c",true
8329,User 8329,user8329@example.com,Bratislava,8173.29,plain note 8329,solo,false
8330,User 8330,user8330@example.com,Zürich,8210.30,"said ""hi"", then left",solo,true
8331,User 8331,user8331@example.com,København,8247.31,plain note 8331,"a,b,c",false
8332,User 8332,user8332@example.com,Москва,8284.32,plain note 8332,solo,true
8333,User 8333,user8333@example.com,東京,8321.33,plain note 8333,solo,false
8334,User 8334,user8334@example.com,Paris,8358.34,plain note 8334,"a,b,c",true
8335,User 8335,user8335@example.com,Lima,8395.35,plain note 8335,solo,false
8336,User 8336,user8336@example.com,Amsterdam,8432.36,plain note 8336,solo,true
8337,User 8337,user8337@example.com,Bratislava,8469.37,"said ""hi"", then left","a,b,c",false
8338,User 8338,user8338@example.com,Zürich,8506.38,"line one
line two",solo,true
8339,User 8339,user8339@example.com,København,8543.39,plain note 8339,solo,false
8340,User 8340,user8340@example.com,Москва,8580.40,plain note 8340,"a,b,c",true
8341,User 8341,user8341@example.com,東京,8617.41,plain note 8341,solo,false
8342,User 8342,user8342@example.com,Paris,8654.42,plain note 8342,solo,true
8343,User 8343,user8343@example.com,Lima,8691.43,plain note 8343,"a,b,c",false
8344,User 8344,user8344@example.com,Amsterdam,8728.44,"said ""hi"", then left",solo,true
8345,User 8345,user8345@example.com,Bratislava,8765.45,plain note 8345,solo,false
8346,User 8346,user8346@example.com,Zürich,8802.46,plain note 8346,"a,b,c",true
8347,User 8347,user8347@example.com,København,8839.47,plain note 8347,solo,false
8348,User 8348,user8348@example.com,Москва,8876.48,plain note 8348,solo,true
8349,User 8349,user8349@example.com,東京,8913.49,"line one
line two","a,b,c",false
8350,User 8350,user8350@example.com,Paris,8950.50,plain note 8350,solo,true
8351,User 8351,user8351@example.com,Lima,8987.51,"said ""hi"", then left",solo,false
8352,User 8352,user8352@example.com,Amsterdam,9024.52,plain note 8352,"a,b,c",true
8353,User 8353,user8353@example.com,Bratislava,9061.53,plain note 8353,solo,false
8354,User 8354,user8354@example.com,Zürich,9098.54,plain note 8354,solo,true
8355,User 8355,user8355@example.com,København,9135.55,plain note 8355,"a,b,c",false
8356,User 8356,user8356@example.com,Москва,9172.56,plain note 8356,solo,true
8357,User 8357,user8357@example.com,東京,9209.57,plain note 8357,solo,false
8358,User 8358,user8358@example.com,Paris,9246.58,"said ""hi"", then left","a,b,c",true
8359,User 8359,user8359@example.com,Lima,9283.59,plain note 8359,solo,false
8360,User 8360,user8360@example.com,Amsterdam,9320.60,"line one
line two",solo,true
8361,User 8361,user8361@example.com,Bratislava,9357.61,plain note 8361,"a,b,c",false
8362,User 8362,user8362@example.com,Zürich,9394.62,plain note 8362,solo,true
8363,User 8363,user8363@example.com,København,9431.63,plain note 8363,solo,false
8364,User 8364,user8364@example.com,Москва,9468.64,plain note 8364,"a,b,c",true
8365,User 8365,user8365@example.com,東京,9505.65,"said ""hi"", then left",solo,false
8366,User 8366,user8366@example.com,Paris,9542.66,plain note 8366,solo,true
8367,User 8367,user8367@example.com,Lima,9579.67,plain note 8367,"a,b,c",false
8368,User 8368,user8368@example.com,Amsterdam,9616.68,plain note 8368,solo,true
8369,User 8369,user8369@example.com,Bratislava,9653.69,plain note 8369,solo,false
8370,User 8370,user8370@example.com,Zürich,9690.70,plain note 8370,"a,b,c",true
8371,User 8371,user8371@example.com,København,9727.71,"line one
line two",solo,false
8372,User 8372,user8372@example.com,Москва,9764.72,"said ""hi"", then left",solo,true
8373,User 8373,user8373@example.com,東京,9801.73,plain note 8373,"a,b,c",false
8374,User 8374,user8374@example.com,Paris,9838.74,plain note 8374,solo,true
8375,User 8375,user8375@example.com,Lima,9875.75,plain note 8375,solo,false
8376,User 8376,user8376@example.com,Amsterdam,9912.76,plain note 8376,"a,b,c",true
8377,User 8377,user8377@example.com,Bratislava,9949.77,plain note 8377,solo,false
8378,User 8378,user8378@example.com,Zürich,9986.78,plain note 8378,solo,true
8379,User 8379,user8379@example.com,København,23.79,"said ""hi"", then left","a,b,c",false
8380,User 8380,user8380@example.com,Москва,60.80,plain note 8380,solo,true
8381,User 8381,user8381@example.com,東京,97.81,plain note 8381,solo,false
8382,User 8382,user8382@example.com,Paris,134.82,"line one
line two","a,b,c",true
8383,User 8383,user8383@example.com,Lima,171.83,plain note 8383,solo,false
8384,User 8384,user8384@example.com,Amsterdam,208.84,plain note 8384,solo,true
8385,User 8385,user8385@example.com,Bratislava,245.85,plain note 8385,"a,b,c",false
8386,User 8386,user8386@example.com,Zürich,282.86,"said ""hi"", then left",solo,true
8387,User 8387,user8387@example.com,København,319.87,plain note 8387,solo,false
8388,User 8388,user8388@example.com,Москва,356.88,plain note 8388,"a,b,c",true
8389,User 8389,user8389@example.com,東京,393.89,plain note 8389,solo,false
8390,User 8390,user8390@example.com,Paris,430.90,plain note 8390,solo,true
8391,User 8391,user8391@example.com,Lima,467.91,plain note 8391,"a,b,c",false
8392,User 8392,user8392@example.com,Amsterdam,504.92,plain note 8392,solo,true
8393,User 8393,user8393@example.com,Bratislava,541.93,"said ""hi"", then left",solo,false
8394,User 8394,user8394@example.com,Zürich,578.94,plain note 8394,"a,b,c",true
8395,User 8395,user8395@example.com,København,615.95,plain note 8395,solo,false
8396,User 8396,user8396@example.com,Москва,652.96,plain note 8396,solo,true
8397,User 8397,user8397@example.com,東京,689.97,plain note 8397,"a,b,c",false
8398,User 8398,user8398@example.com,Paris,726.98,plain note 8398,solo,true
8399,User 8399,user8399@example.com,Lima,763.99,plain note 8399,solo,false
8400,User 8400,user8400@example.com,Amsterdam,800.0,"said ""hi"", then left","a,b,c",true
8401,User 8401,user8401@example.com,Bratislava,837.1,plain note 8401,solo,false
8402,User 8402,user8402@example.com,Zürich,874.2,plain note 8402,solo,true
8403,User 8403,user8403@example.com,København,911.3,plain note 8403,"a,b,c",false
8404,User 8404,user8404@example.com,Москва,948.4,"line one
line two",solo,true
8405,User 8405,user8405@example.com,東京,985.5,plain note 8405,solo,false
8406,User 8406,user8406@example.com,Paris,1022.6,plain note 8406,"a,b,c",true
8407,User 8407,user8407@example.com,Lima,1059.7,"said ""hi"", then left",solo,false
8408,User 8408,user8408@example.com,Amsterdam,1096.8,plain note 8408,solo,true
8409,User 8409,user8409@example.com,Bratislava,1133.9,plain note 8409,"a,b,c",false
8410,User 8410,user8410@example.com,Zürich,1170.10,plain note 8410,solo,true
8411,User 8411,user8411@example.com,København,1207.11,plain note 8411,solo,false
8412,User 8412,user8412@example.com,Москва,1244.12,plain note 8412,"a,b,c",true
8413,User 8413,user8413@example.com,東京,1281.13,plain note 8413,solo,false
8414,User 8414,user8414@example.com,Paris,1318.14,"said ""hi"", then left",solo,true
8415,User 8415,user8415@example.com,Lima,1355.15,"line one
line two","a,b,c",false
8416,User 8416,user8416@example.com,Amsterdam,1392.16,plain note 8416,solo,true
8417,User 8417,user8417@example.com,Bratislava,1429.17,plain note 8417,solo,false
8418,User 8418,user8418@example.com,Zürich,1466.18,plain note 8418,"a,b,c",true
8419,User 8419,user8419@example.com,København,1503.19,plain note 8419,solo,false
8420,User 8420,user8420@example.com,Москва,1540.20,plain note 8420,solo,true
8421,User 8421,user8421@example.com,東京,1577.21,"said ""hi"", then left","a,b,c",false
8422,User 8422,user8422@example.com,Paris,1614.22,plain note 8422,solo,true
8423,User 8423,user8423@example.com,Lima,1651.23,plain note 8423,solo,false
8424,User 8424,user8424@example.com,Amsterdam,1688.24,plain note 8424,"a,b,c",true
8425,User 8425,user8425@example.com,Bratislava,1725.25,plain note 8425,solo,false
8426,User 8426,user8426@example.com,Zürich,1762.26,"line one
line two",solo,true
8427,User 8427,user8427@example.com,København,1799.27,plain note 8427,"a,b,c",false
8428,User 8428,user8428@example.com,Москва,1836.28,"said ""hi"", then left",solo,true
8429,User 8429,user8429@example.com,東京,1873.29,plain note 8429,solo,false
8430,User 8430,user8430@example.com,Paris,1910.30,plain note 8430,"a,b,c",true
8431,User 8431,user8431@example.com,Lima,1947.31,plain note 8431,solo,false
8432,User 8432,user8432@example.com,Amsterdam,1984.32,plain note 8432,solo,true
8433,User 8433,user8433@example.com,Bratislava,2021.33,plain note 8433,"a,b,c",false
8434,User 8434,user8434@example.com,Zürich,2058.34,plain note 8434,solo,true
8435,User 8435,user8435@example.com,København,2095.35,"said ""hi"", then left",solo,false
8436,User 8436,user8436@example.com,Москва,2132.36,plain note 8436,"a,b,c",true
8437,User 8437,user8437@example.com,東京,2169.37,"line one
line two",solo,false
8438,User 8438,user8438@example.com,Paris,2206.38,plain note 8438,solo,true
8439,User 8439,user8439@example.com,Lima,2243.39,plain note 8439,"a,b,c",false
8440,User 8440,user8440@example.com,Amsterdam,2280.40,plain note 8440,solo,true
8441,User 8441,user8441@example.com,Bratislava,2317.41,plain note 8441,solo,false
8442,User 8442,user8442@example.com,Zürich,2354.42,"said ""hi"", then left","a,b,c",true
8443,User 8443,user8443@example.com,København,2391.43,plain note 8443,solo,false
8444,User 8444,user8444@example.com,Москва,2428.44,plain note 8444,solo,true
8445,User 8445,user8445@example.com,東京,2465.45,plain note 8445,"a,b,c",false
8446,User 8446,user8446@example.com,Paris,2502.46,plain note 8446,solo,true
8447,User 8447,user8447@example.com,Lima,2539.47,plain note 8447,solo,false
8448,User 8448,user8448@example.com,Amsterdam,2576.48,"line one
line two","a,b,c",true
8449,User 8449,user8449@example.com,Bratislava,2613.49,"said ""hi"", then left",solo,false
8450,User 8450,user8450@example.com,Zürich,2650.50,plain note 8450,solo,true
8451,User 8451,user8451@example.com,København,2687.51,plain note 8451,"a,b,c",false
8452,User 8452,user8452@example.com,Москва,2724.52,plain note 8452,solo,true
8453,User 8453,user8453@example.com,東京,2761.53,plain note 8453,solo,false
8454,User 8454,user8454@example.com,Paris,2798.54,plain note 8454,"a,b,c",true
8455,User 8455,user8455@example.com,Lima,2835.55,plain note 8455,solo,false
8456,User 8456,user8456@example.com,Amsterdam,2872.56,"said ""hi"", then left",solo,true
8457,User 8457,user8457@example.com,Bratislava,2909.57,plain note 8457,"a,b,c",false
8458,User 8458,user8458@example.com,Zürich,2946.58,plain note 8458,solo,true
8459,User 8459,user8459@example.com,København,2983.59,"line one
line two",solo,false
8460,User 8460,user8460@example.com,Москва,3020.60,plain note 8460,"a,b,c",true
8461,User 8461,user8461@example.com,東京,3057.61,plain note 8461,solo,false
8462,User 8462,user8462@example.com,Paris,3094.62,plain note 8462,solo,true
8463,User 8463,user8463@example.com,Lima,3131.63,"said ""hi"", then left","a,b,c",false
8464,User 8464,user8464@example.com,Amsterdam,3168.64,plain note 8464,solo,true
8465,User 8465,user8465@example.com,Bratislava,3205.65,plain note 8465,solo,false
8466,User 8466,user8466@example.com,Zürich,3242.66,plain note 8466,"a,b,c",true
8467,User 8467,user8467@example.com,København,3279.67,plain note 8467,solo,false
8468,User 8468,user8468@example.com,Москва,3316.68,plain note 8468,solo,true
8469,User 8469,user8469@example.com,東京,3353.69,plain note 8469,"a,b,c",false
8470,User 8470,user8470@example.com,Paris,3390.70,"said ""hi"", then left",solo,true
8471,User 8471,user8471@example.com,Lima,3427.71,plain note 8471,solo,false
8472,User 8472,user8472@example.com,Amsterdam,3464.72,plain note 8472,"a,b,c",true
8473,User 8473,user8473@example.com,Bratislava,3501.73,plain note 8473,solo,false
8474,User 8474,user8474@example.com,Zürich,3538.74,plain note 8474,solo,true
8475,User 8475,user8475@example.com,København,3575.75,plain note 8475,"a,b,c",false
8476,User 8476,user8476@example.com,Москва,3612.76,plain note 8476,solo,true
8477,User 8477,user8477@example.com,東京,3649.77,"said ""hi"", then left",solo,false
8478,User 8478,user8478@example.com,Paris,3686.78,plain note 8478,"a,b,c",true
8479,User 8479,user8479@example.com,Lima,3723.79,plain note 8479,solo,false
8480,User 8480,user8480@example.com,Amsterdam,3760.80,plain note 8480,solo,true
8481,User 8481,user8481@example.com,Bratislava,3797.81,"line one
line two","a,b,c",false
8482,User 8482,user8482@example.com,Zürich,3834.82,plain note 8482,solo,true
8483,User 8483,user8483@example.com,København,3871.83,plain note 8483,solo,false
8484,User 8484,user8484@example.com,Москва,3908.84,"said ""hi"", then left","a,b,c",true
8485,User 8485,user8485@example.com,東京,3945.85,plain note 8485,solo,false
8486,User 8486,user8486@example.com,Paris,3982.86,plain note 8486,solo,true
8487,User 8487,user8487@example.com,Lima,4019.87,plain note 8487,"a,b,c",false
8488,User 8488,user8488@example.com,Amsterdam,4056.88,plain note 8488,solo,true
8489,User 8489,user8489@example.com,Bratislava,4093.89,plain note 8489,solo,false
8490,User 8490,user8490@example.com,Zürich,4130.90,plain note 8490,"a,b,c",true
8491,User 8491,user8491@example.com,København,4167.91,"said ""hi"", then left",solo,false
8492,User 8492,user8492@example.com,Москва,4204.92,"line one
line two",solo,true
8493,User 8493,user8493@example.com,東京,4241.93,plain note 8493,"a,b,c",false
8494,User 8494,user8494@example.com,Paris,4278.94,plain note 8494,solo,true
8495,User 8495,user8495@example.com,Lima,4315.95,plain note 8495,solo,false
8496,User 8496,user8496@example.com,Amsterdam,4352.96,plain note 8496,"a,b,c",true
8497,User 8497,user8497@example.com,Bratislava,4389.97,plain note 8497,solo,false
8498,User 8498,user8498@example.com,Zürich,4426.98,"said ""hi"", then left",solo,true
8499,User 8499,user8499@example.com,København,4463.99,plain note 8499,"a,b,c",false
8500,User 8500,user8500@example.com,Москва,4500.0,plain note 8500,solo,true
8501,User 8501,user8501@example.com,東京,4537.1,plain note 8501,solo,false
8502,User 8502,user8502@example.com,Paris,4574.2,plain note 8502,"a,b,c",true
8503,User 8503,user8503@example.com,Lima,4611.3,"line one
line two",solo,false
8504,User 8504,user8504@example.com,Amsterdam,4648.4,plain note 8504,solo,true
8505,User 8505,user8505@example.com,Bratislava,4685.5,"said ""hi"", then left","a,b,c",false
8506,User 8506,user8506@example.com,Zürich,4722.6,plain note 8506,solo,true
8507,User 8507,user8507@example.com,København,4759.7,plain note 8507,solo,false
8508,User 8508,user8508@example.com,Москва,4796.8,plain note 8508,"a,b,c",true
8509,User 8509,user8509@example.com,東京,4833.9,plain note 8509,solo,false
8510,User 8510,user8510@example.com,Paris,4870.10,plain note 8510,solo,true
8511,User 8511,user8511@example.com,Lima,4907.11,plain note 8511,"a,b,c",false
8512,User 8512,user8512@example.com,Amsterdam,4944.12,"said ""hi"", then left",solo,true
8513,User 8513,user8513@example.com,Bratislava,4981.13,plain note 8513,solo,false
8514,User 8514,user8514@example.com,Zürich,5018.14,"line one
line two","a,b,c",true
8515,User 8515,user8515@example.com,København,5055.15,plain note 8515,solo,false
8516,User 8516,user8516@example.com,Москва,5092.16,plain note 8516,solo,true
8517,User 8517,user8517@example.com,東京,5129.17,plain note 8517,"a,b,c",false
8518,User 8518,user8518@example.com,Paris,5166.18,plain note 8518,solo,true
8519,User 8519,user8519@example.com,Lima,5203.19,"said ""hi"", then left",solo,false
8520,User 8520,user8520@example.com,Amsterdam,5240.20,plain note 8520,"a,b,c",true
8521,User 8521,user8521@example.com,Bratislava,5277.21,plain note 8521,solo,false
8522,User 8522,user8522@example.com,Zürich,5314.22,plain note 8522,solo,true
8523,User 8523,user8523@example.com,København,5351.23,plain note 8523,"a,b,c",false
8524,User 8524,user8524@example.com,Москва,5388.24,plain note 8524,solo,true
8525,User 8525,user8525@example.com,東京,5425.25,"line one
line two",solo,false
8526,User 8526,user8526@example.com,Paris,5462.26,"said ""hi"", then left","a,b,c",true
8527,User 8527,user8527@example.com,Lima,5499.27,plain note 8527,solo,false
8528,User 8528,user8528@example.com,Amsterdam,5536.28,plain note 8528,solo,true
8529,User 8529,user8529@example.com,Bratislava,5573.29,plain note 8529,"a,b,c",false
8530,User 8530,user8530@example.com,Zürich,5610.30,plain note 8530,solo,true
8531,User 8531,user8531@example.com,København,5647.31,plain note 8531,solo,false
8532,User 8532,user8532@example.com,Москва,5684.32,plain note 8532,"a,b,c",true
8533,User 8533,user8533@example.com,東京,5721.33,"said ""hi"", then left",solo,false
8534,User 8534,user8534@example.com,Paris,5758.34,plain note 8534,solo,true
8535,User 8535,user8535@example.com,Lima,5795.35,plain note 8535,"a,b,c",false
8536,User 8536,user8536@example.com,Amsterdam,5832.36,"line one
line two",solo,true
8537,User 8537,user8537@example.com,Bratislava,5869.37,plain note 8537,solo,false
8538,User 8538,user8538@example.com,Zürich,5906.38,plain note 8538,"a,b,c",true
8539,User 8539,user8539@example.com,København,5943.39,plain note 8539,solo,false
8540,User 8540,user8540@example.com,Москва,5980.40,"said ""hi"", then left",solo,true
8541,User 8541,user8541@example.com,東京,6017.41,plain note 8541,"a,b,c",false
8542,User 8542,user8542@example.com,Paris,6054.42,plain note 8542,solo,true
8543,User 8543,user8543@example.com,Lima,6091.43,plain note 8543,solo,false
8544,User 8544,user8544@example.com,Amsterdam,6128.44,plain note 8544,"a,b,c",true
8545,User 8545,user8545@example.com,Bratislava,6165.45,plain note 8545,solo,false
8546,User 8546,user8546@example.com,Zürich,6202.46,plain note 8546,solo,true
8547,User 8547,user8547@example.com,København,6239.47,"said ""hi"", then left","a,b,c",false
8548,User 8548,user8548@example.com,Москва,6276.48,plain note 8548,solo,true
8549,User 8549,user8549@example.com,東京,6313.49,plain note 8549,solo,false
8550,User 8550,user8550@example.com,Paris,6350.50,plain note 8550,"a,b,c",true
8551,User 8551,user8551@example.com,Lima,6387.51,plain note 8551,solo,false
8552,User 8552,user8552@example.com,Amsterdam,6424.52,plain note 8552,solo,true
8553,User 8553,user8553@example.com,Bratislava,6461.53,plain note 8553,"a,b,c",false
8554,User 8554,user8554@example.com,Zürich,6498.54,"said ""hi"", then left",solo,true
8555,User 8555,user8555@example.com,København,6535.55,plain note 8555,solo,false
8556,User 8556,user8556@example.com,Москва,6572.56,plain note 8556,"a,b,c",true
8557,User 8557,user8557@example.com,東京,6609.57,plain note 8557,solo,false
8558,User 8558,user8558@example.com,Paris,6646.58,"line one
line two",solo,true
8559,User 8559,user8559@example.com,Lima,6683.59,plain note 8559,"a,b,c",false
8560,User 8560,user8560@example.com,Amsterdam,6720.60,plain note 8560,solo,true
8561,User 8561,user8561@example.com,Bratislava,6757.61,"said ""hi"", then left",solo,false
8562,User 8562,user8562@example.com,Zürich,6794.62,plain note 8562,"a,b,c",true
8563,User 8563,user8563@example.com,København,6831.63,plain note 8563,solo,false
8564,User 8564,user8564@example.com,Москва,6868.64,plain note 8564,solo,true
8565,User 8565,user8565@example.com,東京,6905.65,plain note 8565,"a,b,c",false
8566,User 8566,user8566@example.com,Paris,6942.66,plain note 8566,solo,true
8567,User 8567,user8567@example.com,Lima,6979.67,plain note 8567,solo,false
8568,User 8568,user8568@example.com,Amsterdam,7016.68,"said ""hi"", then left","a,b,c",true
8569,User 8569,user8569@example.com,Bratislava,7053.69,"line one
line two",solo,false
8570,User 8570,user8570@example.com,Zürich,7090.70,plain note 8570,solo,true
8571,User 8571,user8571@example.com,København,7127.71,plain note 8571,"a,b,c",false
8572,User 8572,user8572@example.com,Москва,7164.72,plain note 8572,solo,true
8573,User 8573,user8573@example.com,東京,7201.73,plain note 8573,solo,false
8574,User 8574,user8574@example.com,Paris,7238.74,plain note 8574,"a,b,c",true
8575,User 8575,user8575@example.com,Lima,7275.75,"said ""hi"", then left",solo,false
8576,User 8576,user8576@example.com,Amsterdam,7312.76,plain note 8576,solo,true
8577,User 8577,user8577@example.com,Bratislava,7349.77,plain note 8577,"a,b,c",false
8578,User 8578,user8578@example.com,Zürich,7386.78,plain note 8578,solo,true
8579,User 8579,user8579@example.com,København,7423.79,plain note 8579,solo,false
8580,User 8580,user8580@example.com,Москва,7460.80,"line one
line two","a,b,c",true
8581,User 8581,user8581@example.com,東京,7497.81,plain note 8581,solo,false
8582,User 8582,user8582@example.com,Paris,7534.82,"said ""hi"", then left",solo,true
8583,User 8583,user8583@example.com,Lima,7571.83,plain note 8583,"a,b,c",false
8584,User 8584,user8584@example.com,Amsterdam,7608.84,plain note 8584,solo,true
8585,User 8585,user8585@example.com,Bratislava,7645.85,plain note 8585,solo,false
8586,User 8586,user8586@example.com,Zürich,7682.86,plain note 8586,"a,b,c",true
8587,User 8587,user8587@example.com,København,7719.87,plain note 8587,solo,false
8588,User 8588,user8588@example.com,Москва,7756.88,plain note 8588,solo,true
8589,User 8589,user8589@example.com,東京,7793.89,"said ""hi"", then left","a,b,c",false
8590,User 8590,user8590@example.com,Paris,7830.90,plain note 8590,solo,true
8591,User 8591,user8591@example.com,Lima,7867.91,"line one
line two",solo,false
8592,User 8592,user8592@example.com,Amsterdam,7904.92,plain note 8592,"a,b,c",true
8593,User 8593,user8593@example.com,Bratislava,7941.93,plain note 8593,solo,false
8594,User 8594,user8594@example.com,Zürich,7978.94,plain note 8594,solo,true
8595,User 8595,user8595@example.com,København,8015.95,plain note 8595,"a,b,c",false
8596,User 8596,user8596@example.com,Москва,8052.96,"said ""hi"", then left",solo,true
8597,User 8597,user8597@example.com,東京,8089.97,plain note 8597,solo,false
8598,User 8598,user8598@example.com,Paris,8126.98,plain note 8598,"a,b,c",true
8599,User 8599,user8599@example.com,Lima,8163.99,plain note 8599,solo,false
8600,User 8600,user8600@example.com,Amsterdam,8200.0,plain note 8600,solo,true
8601,User 8601,user8601@example.com,Bratislava,8237.1,plain note 8601,"a,b,c",false
8602,User 8602,user8602@example.com,Zürich,8274.2,"line one
line two",solo,true
8603,User 8603,user8603@example.com,København,8311.3,"said ""hi"", then left",solo,false
8604,User 8604,user8604@example.com,Москва,8348.4,plain note 8604,"a,b,c",true
8605,User 8605,user8605@example.com,東京,8385.5,plain note 8605,solo,false
8606,User 8606,user8606@example.com,Paris,8422.6,plain note 8606,solo,true
8607,User 8607,user8607@example.com,Lima,8459.7,plain note 8607,"a,b,c",false
8608,User 8608,user8608@example.com,Amsterdam,8496.8,plain note 8608,solo,true
8609,User 8609,user8609@example.com,Bratislava,8533.9,plain note 8609,solo,false
8610,User 8610,user8610@example.com,Zürich,8570.10,"said ""hi"", then left","a,b,c",true
8611,User 8611,user8611@example.com,København,8607.11,plain note 8611,solo,false
8612,User 8612,user8612@example.com,Москва,8644.12,plain note 8612,solo,true
8613,User 8613,user8613@example.com,東京,8681.13,"line one
line two","a,b,c",false
8614,User 8614,user8614@example.com,Paris,8718.14,plain note 8614,solo,true
8615,User 8615,user8615@example.com,Lima,8755.15,plain note 8615,solo,false
8616,User 8616,user8616@example.com,Amsterdam,8792.16,plain note 8616,"a,b,c",true
8617,User 8617,user8617@example.com,Bratislava,8829.17,"said ""hi"", then left",solo,false
8618,User 8618,user8618@example.com,Zürich,8866.18,plain note 8618,solo,true
8619,User 8619,user8619@example.com,København,8903.19,plain note 8619,"a,b,c",false
8620,User 8620,user8620@example.com,Москва,8940.20,plain note 8620,solo,true
8621,User 8621,user8621@example.com,東京,8977.21,plain note 8621,solo,false
8622,User 8622,user8622@example.com,Paris,9014.22,plain note 8622,"a,b,c",true
8623,User 8623,user8623@example.com,Lima,9051.23,plain note 8623,solo,false
8624,User 8624,user8624@example.com,Amsterdam,9088.24,"said ""hi"", then left",solo,true
8625,User 8625,user8625@example.com,Bratislava,9125.25,plain note 8625,"a,b,c",false
8626,User 8626,user8626@example.com,Zürich,9162.26,plain note 8626,solo,true
8627,User 8627,user8627@example.com,København,9199.27,plain note 8627,solo,false
8628,User 8628,user8628@example.com,Москва,9236.28,plain note 8628,"a,b,c",true
8629,User 8629,user8629@example.com,東京,9273.29,plain note 8629,solo,false
8630,User 8630,user8630@example.com,Paris,9310.30,plain note 8630,solo,true
8631,User 8631,user8631@example.com,Lima,9347.31,"said ""hi"", then left","a,b,c",false
8632,User 8632,user8632@example.com,Amsterdam,9384.32,plain note 8632,solo,true
8633,User 8633,user8633@example.com,Bratislava,9421.33,plain note 8633,solo,false
8634,User 8634,user8634@example.com,Zürich,9458.34,plain note 8634,"a,b,c",true
8635,User 8635,user8635@example.com,København,9495.35,"line one
line two",solo,false
8636,User 8636,user8636@example.com,Москва,9532.36,plain note 8636,solo,true
8637,User 8637,user8637@example.com,東京,9569.37,plain note 8637,"a,b,c",false
8638,User 8638,user8638@example.com,Paris,9606.38,"said ""hi"", then left",solo,true
8639,User 8639,user8639@example.com,Lima,9643.39,plain note 8639,solo,false
8640,User 8640,user8640@example.com,Amsterdam,9680.40,plain note 8640,"a,b,c",true
8641,User 8641,user8641@example.com,Bratislava,9717.41,plain note 8641,solo,false
8642,User 8642,user8642@example.com,Zürich,9754.42,plain note 8642,solo,true
8643,User 8643,user8643@example.com,København,9791.43,plain note 8643,"a,b,c",false
8644,User 8644,user8644@example.com,Москва,9828.44,plain note 8644,solo,true
8645,User 8645,user8645@example.com,東京,9865.45,"said ""hi"", then left",solo,false
8646,User 8646,user8646@example.com,Paris,9902.46,"line one
line two","a,b,c",true
8647,User 8647,user8647@example.com,Lima,9939.47,plain note 8647,solo,false
8648,User 8648,user8648@example.com,Amsterdam,9976.48,plain note 8648,solo,true
8649,User 8649,user8649@example.com,Bratislava,13.49,plain note 8649,"a,b,c",false
8650,User 8650,user8650@example.com,Zürich,50.50,plain note 8650,solo,true
8651,User 8651,user8651@example.com,København,87.51,plain note 8651,solo,false
8652,User 8652,user8652@example.com,Москва,124.52,"said ""hi"", then left","a,b,c",true
8653,User 8653,user8653@example.com,東京,161.53,plain note 8653,solo,false
8654,User 8654,user8654@example.com,Paris,198.54,plain note 8654,solo,true
8655,User 8655,user8655@example.com,Lima,235.55,plain note 8655,"a,b,c",false
8656,User 8656,user8656@example.com,Amsterdam,272.56,plain note 8656,solo,true
8657,User 8657,user8657@example.com,Bratislava,309.57,"line one
line two",solo,false
8658,User 8658,user8658@example.com,Zürich,346.58,plain note 8658,"a,b,c",true
8659,User 8659,user8659@example.com,København,383.59,"said ""hi"", then left",solo,false
8660,User 8660,user8660@example.com,Москва,420.60,plain note 8660,solo,true
8661,User 8661,user8661@example.com,東京,457.61,plain note 8661,"a,b,c",false
8662,User 8662,user8662@example.com,Paris,494.62,plain note 8662,solo,true
8663,User 8663,user8663@example.com,Lima,531.63,plain note 8663,solo,false
8664,User 8664,user8664@example.com,Amsterdam,568.64,plain note 8664,"a,b,c",true
8665,User 8665,user8665@example.com,Bratislava,605.65,plain note 8665,solo,false
8666,User 8666,user8666@example.com,Zürich,642.66,"said ""hi"", then left",solo,true
8667,User 8667,user8667@example.com,København,679.67,plain note 8667,"a,b,c",false
8668,User 8668,user8668@example.com,Москва,716.68,"line one
line two",solo,true
8669,User 8669,user8669@example.com,東京,753.69,plain note 8669,solo,false
8670,User 8670,user8670@example.com,Paris,790.70,plain note 8670,"a,b,c",true
8671,User 8671,user8671@example.com,Lima,827.71,plain note 8671,solo,false
8672,User 8672,user8672@example.com,Amsterdam,864.72,plain note 8672,solo,true
8673,User 8673,user8673@example.com,Bratislava,901.73,"said ""hi"", then left","a,b,c",false
8674,User 8674,user8674@example.com,Zürich,938.74,plain note 8674,solo,true
8675,User 8675,user8675@example.com,København,975.75,plain note 8675,solo,false
8676,User 8676,user8676@example.com,Москва,1012.76,plain note 8676,"a,b,c",true
8677,User 8677,user8677@example.com,東京,1049.77,plain note 8677,solo,false
8678,User 8678,user8678@example.com,Paris,1086.78,plain note 8678,solo,true
8679,User 8679,user8679@example.com,Lima,1123.79,"line one
line two","a,b,c",false
8680,User 8680,user8680@example.com,Amsterdam,1160.80,"said ""hi"", then left",solo,true
8681,User 8681,user8681@example.com,Bratislava,1197.81,plain note 8681,solo,false
8682,User 8682,user8682@example.com,Zürich,1234.82,plain note 8682,"a,b,c",true
8683,User 8683,user8683@example.com,København,1271.83,plain note 8683,solo,false
8684,User 8684,user8684@example.com,Москва,1308.84,plain note 8684,solo,true
8685,User 8685,user8685@example.com,東京,1345.85,plain note 8685,"a,b,c",false
8686,User 8686,user8686@example.com,Paris,1382.86,plain note 8686,solo,true
8687,User 8687,user8687@example.com,Lima,1419.87,"said ""hi"", then left",solo,false
8688,User 8688,user8688@example.com,Amsterdam,1456.88,plain note 8688,"a,b,c",true
8689,User 8689,user8689@example.com,Bratislava,1493.89,plain note 8689,solo,false
8690,User 8690,user8690@example.com,Zürich,1530.90,"line one
line two",solo,true
8691,User 8691,user8691@example.com,København,1567.91,plain note 8691,"a,b,c",false
8692,User 8692,user8692@example.com,Москва,1604.92,plain note 8692,solo,true
8693,User 8693,user8693@example.com,東京,1641.93,plain note 8693,solo,false
8694,User 8694,user8694@example.com,Paris,1678.94,"said ""hi"", then left","a,b,c",true
8695,User 8695,user8695@example.com,Lima,1715.95,plain note 8695,solo,false
8696,User 8696,user8696@example.com,Amsterdam,1752.96,plain note 8696,solo,true
8697,User 8697,user8697@example.com,Bratislava,1789.97,plain note 8697,"a,b,c",false
8698,User 8698,user8698@example.com,Zürich,1826.98,plain note 8698,solo,true
8699,User 8699,user8699@example.com,København,1863.99,plain note 8699,solo,false
8700,User 8700,user8700@example.com,Москва,1900.0,plain note 8700,"a,b,c",true
8701,User 8701,user8701@example.com,東京,1937.1,"said ""hi"", then left",solo,false
8702,User 8702,user8702@example.com,Paris,1974.2,plain note 8702,solo,true
8703,User 8703,user8703@example.com,Lima,2011.3,plain note 8703,"a,b,c",false
8704,User 8704,user8704@example.com,Amsterdam,2048.4,plain note 8704,solo,true
8705,User 8705,user8705@example.com,Bratislava,2085.5,plain note 8705,solo,false
8706,User 8706,user8706@example.com,Zürich,2122.6,plain note 8706,"a,b,c",true
8707,User 8707,user8707@example.com,København,2159.7,plain note 8707,solo,false
8708,User 8708,user8708@example.com,Москва,2196.8,"said ""hi"", then left",solo,true
8709,User 8709,user8709@example.com,東京,2233.9,plain note 8709,"a,b,c",false
8710,User 8710,user8710@example.com,Paris,2270.10,plain note 8710,solo,true
8711,User 8711,user8711@example.com,Lima,2307.11,plain note 8711,solo,false
8712,User 8712,user8712@example.com,Amsterdam,2344.12,"line one
line two","a,b,c",true
8713,User 8713,user8713@example.com,Bratislava,2381.13,plain note 8713,solo,false
8714,User 8714,user8714@example.com,Zürich,2418.14,plain note 8714,solo,true
8715,User 8715,user8715@example.com,København,2455.15,"said ""hi"", then left","a,b,c",false
8716,User 8716,user8716@example.com,Москва,2492.16,plain note 8716,solo,true
8717,User 8717,user8717@example.com,東京,2529.17,plain note 8717,solo,false
8718,User 8718,user8718@example.com,Paris,2566.18,plain note 8718,"a,b,c",true
8719,User 8719,user8719@example.com,Lima,2603.19,plain note 8719,solo,false
8720,User 8720,user8720@example.com,Amsterdam,2640.20,plain note 8720,solo,true
8721,User 8721,user8721@example.com,Bratislava,2677.21,plain note 8721,"a,b,c",false
8722,User 8722,user8722@example.com,Zürich,2714.22,"said ""hi"", then left",solo,true
8723,User 8723,user8723@example.com,København,2751.23,"line one
line two",solo,false
8724,User 8724,user8724@example.com,Москва,2788.24,plain note 8724,"a,b,c",true
8725,User 8725,user8725@example.com,東京,2825.25,plain note 8725,solo,false
8726,User 8726,user8726@example.com,Paris,2862.26,plain note 8726,solo,true
8727,User 8727,user8727@example.com,Lima,2899.27,plain note 8727,"a,b,c",false
8728,User 8728,user8728@example.com,Amsterdam,2936.28,plain note 8728,solo,true
8729,User 8729,user8729@example.com,Bratislava,2973.29,"said ""hi"", then left",solo,false
8730,User 8730,user8730@example.com,Zürich,3010.30,plain note 8730,"a,b,c",true
8731,User 8731,user8731@example.com,København,3047.31,plain note 8731,solo,false
8732,User 8732,user8732@example.com,Москва,3084.32,plain note 8732,solo,true
8733,User 8733,user8733@example.com,東京,3121.33,plain note 8733,"a,b,c",false
8734,User 8734,user8734@example.com,Paris,3158.34,"line one
line two",solo,true
8735,User 8735,user8735@example.com,Lima,3195.35,plain note 8735,solo,false
8736,User 8736,user8736@example.com,Amsterdam,3232.36,"said ""hi"", then left","a,b,c",true
8737,User 8737,user8737@example.com,Bratislava,3269.37,plain note 8737,solo,false
8738,User 8738,user8738@example.com,Zürich,3306.38,plain note 8738,solo,true
8739,User 8739,user8739@example.com,København,3343.39,plain note 8739,"a,b,c",false
8740,User 8740,user8740@example.com,Москва,3380.40,plain note 8740,solo,true
8741,User 8741,user8741@example.com,東京,3417.41,plain note 8741,solo,false
8742,User 8742,user8742@example.com,Paris,3454.42,plain note 8742,"a,b,c",true
8743,User 8743,user8743@example.com,Lima,3491.43,"said ""hi"", then left",solo,false
8744,User 8744,user8744@example.com,Amsterdam,3528.44,plain note 8744,solo,true
8745,User 8745,user8745@example.com,Bratislava,3565.45,"line one
line two","a,b,c",false
8746,User 8746,user8746@example.com,Zürich,3602.46,plain note 8746,solo,true
8747,User 8747,user8747@example.com,København,3639.47,plain note 8747,solo,false
8748,User 8748,user8748@example.com,Москва,3676.48,plain note 8748,"a,b,c",true
8749,User 8749,user8749@example.com,東京,3713.49,plain note 8749,solo,false
8750,User 8750,user8750@example.com,Paris,3750.50,"said ""hi"", then left",solo,true
8751,User 8751,user8751@example.com,Lima,3787.51,plain note 8751,"a,b,c",false
8752,User 8752,user8752@example.com,Amsterdam,3824.52,plain note 8752,solo,true
8753,User 8753,user8753@example.com,Bratislava,3861.53,plain note 8753,solo,false
8754,User 8754,user8754@example.com,Zürich,3898.54,plain note 8754,"a,b,c",true
8755,User 8755,user8755@example.com,København,3935.55,plain note 8755,solo,false
8756,User 8756,user8756@example.com,Москва,3972.56,"line one
line two",solo,true
8757,User 8757,user8757@example.com,東京,4009.57,"said ""hi"", then left","a,b,c",false
8758,User 8758,user8758@example.com,Paris,4046.58,plain note 8758,solo,true
8759,User 8759,user8759@example.com,Lima,4083.59,plain note 8759,solo,false
8760,User 8760,user8760@example.com,Amsterdam,4120.60,plain note 8760,"a,b,c",true
8761,User 8761,user8761@example.com,Bratislava,4157.61,plain note 8761,solo,false
8762,User 8762,user8762@example.com,Zürich,4194.62,plain note 8762,solo,true
8763,User 8763,user8763@example.com,København,4231.63,plain note 8763,"a,b,c",false
8764,User 8764,user8764@example.com,Москва,4268.64,"said ""hi"", then left",solo,true
8765,User 8765,user8765@example.com,東京,4305.65,plain note 8765,solo,false
8766,User 8766,user8766@example.com,Paris,4342.66,plain note 8766,"a,b,c",true
8767,User 8767,user8767@example.com,Lima,4379.67,"line one
line two",solo,false
8768,User 8768,user8768@example.com,Amsterdam,4416.68,plain note 8768,solo,true
8769,User 8769,user8769@example.com,Bratislava,4453.69,plain note 8769,"a,b,c",false
8770,User 8770,user8770@example.com,Zürich,4490.70,plain note 8770,solo,true
8771,User 8771,user8771@example.com,København,4527.71,"said ""hi"", then left",solo,false
8772,User 8772,user8772@example.com,Москва,4564.72,plain note 8772,"a,b,c",true
8773,User 8773,user8773@example.com,東京,4601.73,plain note 8773,solo,false
8774,User 8774,user8774@example.com,Paris,4638.74,plain note 8774,solo,true
8775,User 8775,user8775@example.com,Lima,4675.75,plain note 8775,"a,b,c",false
8776,User 8776,user8776@example.com,Amsterdam,4712.76,plain note 8776,solo,true
8777,User 8777,user8777@example.com,Bratislava,4749.77,plain note 8777,solo,false
8778,User 8778,user8778@example.com,Zürich,4786.78,"said ""hi"", then left","a,b,c",true
8779,User 8779,user8779@example.com,København,4823.79,plain note 8779,solo,false
8780,User 8780,user8780@example.com,Москва,4860.80,plain note 8780,solo,true
8781,User 8781,user8781@example.com,東京,4897.81,plain note 8781,"a,b,c",false
8782,User 8782,user8782@example.com,Paris,4934.82,plain note 8782,solo,true
8783,User 8783,user8783@example.com,Lima,4971.83,plain note 8783,solo,false
8784,User 8784,user8784@example.com,Amsterdam,5008.84,plain note 8784,"a,b,c",true
8785,User 8785,user8785@example.com,Bratislava,5045.85,"said ""hi"", then left",solo,false
8786,User 8786,user8786@example.com,Zürich,5082.86,plain note 8786,solo,true
8787,User 8787,user8787@example.com,København,5119.87,plain note 8787,"a,b,c",false
8788,User 8788,user8788@example.com,Москва,5156.88,plain note 8788,solo,true
8789,User 8789,user8789@example.com,東京,5193.89,"line one
line two",solo,false
8790,User 8790,user8790@example.com,Paris,5230.90,plain note 8790,"a,b,c",true
8791,User 8791,user8791@example.com,Lima,5267.91,plain note 8791,solo,false
8792,User 8792,user8792@example.com,Amsterdam,5304.92,"said ""hi"", then left",solo,true
8793,User 8793,user8793@example.com,Bratislava,5341.93,plain note 8793,"a,b,c",false
8794,User 8794,user8794@example.com,Zürich,5378.94,plain note 8794,solo,true
8795,User 8795,user8795@example.com,København,5415.95,plain note 8795,solo,false
8796,User 8796,user8796@example.com,Москва,5452.96,plain note 8796,"a,b,c",true
8797,User 8797,user8797@example.com,東京,5489.97,plain note 8797,solo,false
8798,User 8798,user8798@example.com,Paris,5526.98,plain note 8798,solo,true
8799,User 8799,user8799@example.com,Lima,5563.99,"said ""hi"", then left","a,b,c",false
8800,User 8800,user8800@example.com,Amsterdam,5600.0,"line one
line two",solo,true
8801,User 8801,user8801@example.com,Bratislava,5637.1,plain note 8801,solo,false
8802,User 8802,user8802@example.com,Zürich,5674.2,plain note 8802,"a,b,c",true
8803,User 8803,user8803@example.com,København,5711.3,plain note 8803,solo,false
8804,User 8804,user8804@example.com,Москва,5748.4,plain note 8804,solo,true
8805,User 8805,user8805@example.com,東京,5785.5,plain note 8805,"a,b,c",false
8806,User 8806,user8806@example.com,Paris,5822.6,"said ""hi"", then left",solo,true
8807,User 8807,user8807@example.com,Lima,5859.7,plain note 8807,solo,false
8808,User 8808,user8808@example.com,Amsterdam,5896.8,plain note 8808,"a,b,c",true
8809,User 8809,user8809@example.com,Bratislava,5933.9,plain note 8809,solo,false
8810,User 8810,user8810@example.com,Zürich,5970.10,plain note 8810,solo,true
8811,User 8811,user8811@example.com,København,6007.11,"line one
line two","a,b,c",false
8812,User 8812,user8812@example.com,Москва,6044.12,plain note 8812,solo,true
8813,User 8813,user8813@example.com,東京,6081.13,"said ""hi"", then left",solo,false
8814,User 8814,user8814@example.com,Paris,6118.14,plain note 8814,"a,b,c",true
8815,User 8815,user8815@example.com,Lima,6155.15,plain note 8815,solo,false
8816,User 8816,user8816@example.com,Amsterdam,6192.16,plain note 8816,solo,true
8817,User 8817,user8817@example.com,Bratislava,6229.17,plain note 8817,"a,b,c",false
8818,User 8818,user8818@example.com,Zürich,6266.18,plain note 8818,solo,true
8819,User 8819,user8819@example.com,København,6303.19,plain note 8819,solo,false
8820,User 8820,user8820@example.com,Москва,6340.20,"said ""hi"", then left","a,b,c",true
8821,User 8821,user8821@example.com,東京,6377.21,plain note 8821,solo,false
8822,User 8822,user8822@example.com,Paris,6414.22,"line one
line two",solo,true
8823,User 8823,user8823@example.com,Lima,6451.23,plain note 8823,"a,b,c",false
8824,User 8824,user8824@example.com,Amsterdam,6488.24,plain note 8824,solo,true
8825,User 8825,user8825@example.com,Bratislava,6525.25,plain note 8825,solo,false
8826,User 8826,user8826@example.com,Zürich,6562.26,plain note 8826,"a,b,c",true
8827,User 8827,user8827@example.com,København,6599.27,"said ""hi"", then left",solo,false
8828,User 8828,user8828@example.com,Москва,6636.28,plain note 8828,solo,true
8829,User 8829,user8829@example.com,東京,6673.29,plain note 8829,"a,b,c",false
8830,User 8830,user8830@example.com,Paris,6710.30,plain note 8830,solo,true
8831,User 8831,user8831@example.com,Lima,6747.31,plain note 8831,solo,false
8832,User 8832,user8832@example.com,Amsterdam,6784.32,plain note 8832,"a,b,c",true
8833,User 8833,user8833@example.com,Bratislava,6821.33,"line one
line two",solo,false
8834,User 8834,user8834@example.com,Zürich,6858.34,"said ""hi"", then left",solo,true
8835,User 8835,user8835@example.com,København,6895.35,plain note 8835,"a,b,c",false
8836,User 8836,user8836@example.com,Москва,6932.36,plain note 8836,solo,true
8837,User 8837,user8837@example.com,東京,6969.37,plain note 8837,solo,false
8838,User 8838,user8838@example.com,Paris,7006.38,plain note 8838,"a,b,c",true
8839,User 8839,user8839@example.com,Lima,7043.39,plain note 8839,solo,false
8840,User 8840,user8840@example.com,Amsterdam,7080.40,plain note 8840,solo,true
8841,User 8841,user8841@example.com,Bratislava,7117.41,"said ""hi"", then left","a,b,c",false
8842,User 8842,user8842@example.com,Zürich,7154.42,plain note 8842,solo,true
8843,User 8843,user8843@example.com,København,7191.43,plain note 8843,solo,false
8844,User 8844,user8844@example.com,Москва,7228.44,"line one
line two","a,b,c",true
8845,User 8845,user8845@example.com,東京,7265.45,plain note 8845,solo,false
8846,User 8846,user8846@example.com,Paris,7302.46,plain note 8846,solo,true
8847,User 8847,user8847@example.com,Lima,7339.47,plain note 8847,"a,b,c",false
8848,User 8848,user8848@example.com,Amsterdam,7376.48,"said ""hi"", then left",solo,true
8849,User 8849,user8849@example.com,Bratislava,7413.49,plain note 8849,solo,false
8850,User 8850,user8850@example.com,Zürich,7450.50,plain note 8850,"a,b,c",true
8851,User 8851,user8851@example.com,København,7487.51,plain note 8851,solo,false
8852,User 8852,user8852@example.com,Москва,7524.52,plain note 8852,solo,true
8853,User 8853,user8853@example.com,東京,7561.53,plain note 8853,"a,b,c",false
8854,User 8854,user8854@example.com,Paris,7598.54,plain note 8854,solo,true
8855,User 8855,user8855@example.com,Lima,7635.55,"said ""hi"", then left",solo,false
8856,User 8856,user8856@example.com,Amsterdam,7672.56,plain note 8856,"a,b,c",true
8857,User 8857,user8857@example.com,Bratislava,7709.57,plain note 8857,solo,false
8858,User 8858,user8858@example.com,Zürich,7746.58,plain note 8858,solo,true
8859,User 8859,user8859@example.com,København,7783.59,plain note 8859,"a,b,c",false
8860,User 8860,user8860@example.com,Москва,7820.60,plain note 8860,solo,true
8861,User 8861,user8861@example.com,東京,7857.61,plain note 8861,solo,false
8862,User 8862,user8862@example.com,Paris,7894.62,"said ""hi"", then left","a,b,c",true
8863,User 8863,user8863@example.com,Lima,7931.63,plain note 8863,solo,false
8864,User 8864,user8864@example.com,Amsterdam,7968.64,plain note 8864,solo,true
8865,User 8865,user8865@example.com,Bratislava,8005.65,plain note 8865,"a,b,c",false
8866,User 8866,user8866@example.com,Zürich,8042.66,"line one
line two",solo,true
8867,User 8867,user8867@example.com,København,8079.67,plain note 8867,solo,false
8868,User 8868,user8868@example.com,Москва,8116.68,plain note 8868,"a,b,c",true
8869,User 8869,user8869@example.com,東京,8153.69,"said ""hi"", then left",solo,false
8870,User 8870,user8870@example.com,Paris,8190.70,plain note 8870,solo,true
8871,User 8871,user8871@example.com,Lima,8227.71,plain note 8871,"a,b,c",false
8872,User 8872,user8872@example.com,Amsterdam,8264.72,plain note 8872,solo,true
8873,User 8873,user8873@example.com,Bratislava,8301.73,plain note 8873,solo,false
8874,User 8874,user8874@example.com,Zürich,8338.74,plain note 8874,"a,b,c",true
8875,User 8875,user8875@example.com,København,8375.75,plain note 8875,solo,false
8876,User 8876,user8876@example.com,Москва,8412.76,"said ""hi"", then left",solo,true
8877,User 8877,user8877@example.com,東京,8449.77,"line one
line two","a,b,c",false
8878,User 8878,user8878@example.com,Paris,8486.78,plain note 8878,solo,true
8879,User 8879,user8879@example.com,Lima,8523.79,plain note 8879,solo,false
8880,User 8880,user8880@example.com,Amsterdam,8560.80,plain note 8880,"a,b,c",true
8881,User 8881,user8881@example.com,Bratislava,8597.81,plain note 8881,solo,false
8882,User 8882,user8882@example.com,Zürich,8634.82,plain note 8882,solo,true
8883,User 8883,user8883@example.com,København,8671.83,"said ""hi"", then left","a,b,c",false
8884,User 8884,user8884@example.com,Москва,8708.84,plain note 8884,solo,true
8885,User 8885,user8885@example.com,東京,8745.85,plain note 8885,solo,false
8886,User 8886,user8886@example.com,Paris,8782.86,plain note 8886,"a,b,c",true
8887,User 8887,user8887@example.com,Lima,8819.87,plain note 8887,solo,false
8888,User 8888,user8888@example.com,Amsterdam,8856.88,"line one
line two",solo,true
8889,User 8889,user8889@example.com,Bratislava,8893.89,plain note 8889,"a,b,c",false
8890,User 8890,user8890@example.com,Zürich,8930.90,"said ""hi"", then left",solo,true
8891,User 8891,user8891@example.com,København,8967.91,plain note 8891,solo,false
8892,User 8892,user8892@example.com,Москва,9004.92,plain note 8892,"a,b,c",true
8893,User 8893,user8893@example.com,東京,9041.93,plain note 8893,solo,false
8894,User 8894,user8894@example.com,Paris,9078.94,plain note 8894,solo,true
8895,User 8895,user8895@example.com,Lima,9115.95,plain note 8895,"a,b,c",false
8896,User 8896,user8896@example.com,Amsterdam,9152.96,plain note 8896,solo,true
8897,User 8897,user8897@example.com,Bratislava,9189.97,"said ""hi"", then left",solo,false
8898,User 8898,user8898@example.com,Zürich,9226.98,plain note 8898,"a,b,c",true
8899,User 8899,user8899@example.com,København,9263.99,"line one
line two",solo,false
8900,User 8900,user8900@example.com,Москва,9300.0,plain note 8900,solo,true
8901,User 8901,user8901@example.com,東京,9337.1,plain note 8901,"a,b,c",false
8902,User 8902,user8902@example.com,Paris,9374.2,plain note 8902,solo,true
8903,User 8903,user8903@example.com,Lima,9411.3,plain note 8903,solo,false
8904,User 8904,user8904@example.com,Amsterdam,9448.4,"said ""hi"", then left","a,b,c",true
8905,User 8905,user8905@example.com,Bratislava,9485.5,plain note 8905,solo,false
8906,User 8906,user8906@example.com,Zürich,9522.6,plain note 8906,solo,true
8907,User 8907,user8907@example.com,København,9559.7,plain note 8907,"a,b,c",false
8908,User 8908,user8908@example.com,Москва,9596.8,plain note 8908,solo,true
8909,User 8909,user8909@example.com,東京,9633.9,plain note 8909,solo,false
8910,User 8910,user8910@example.com,Paris,9670.10,"line one
line two","a,b,c",true
8911,User 8911,user8911@example.com,Lima,9707.11,"said ""hi"", then left",solo,false
8912,User 8912,user8912@example.com,Amsterdam,9744.12,plain note 8912,solo,true
8913,User 8913,user8913@example.com,Bratislava,9781.13,plain note 8913,"a,b,c",false
8914,User 8914,user8914@example.com,Zürich,9818.14,plain note 8914,solo,true
8915,User 8915,user8915@example.com,København,9855.15,plain note 8915,solo,false
8916,User 8916,user8916@example.com,Москва,9892.16,plain note 8916,"a,b,c",true
8917,User 8917,user8917@example.com,東京,9929.17,plain note 8917,solo,false
8918,User 8918,user8918@example.com,Paris,9966.18,"said ""hi"", then left",solo,true
8919,User 8919,user8919@example.com,Lima,3.19,plain note 8919,"a,b,c",false
8920,User 8920,user8920@example.com,Amsterdam,40.20,plain note 8920,solo,true
8921,User 8921,user8921@example.com,Bratislava,77.21,"line one
line two",solo,false
8922,User 8922,user8922@example.com,Zürich,114.22,plain note 8922,"a,b,c",true
8923,User 8923,user8923@example.com,København,151.23,plain note 8923,solo,false
8924,User 8924,user8924@example.com,Москва,188.24,plain note 8924,solo,true
8925,User 8925,user8925@example.com,東京,225.25,"said ""hi"", then left","a,b,c",false
8926,User 8926,user8926@example.com,Paris,262.26,plain note 8926,solo,true
8927,User 8927,user8927@example.com,Lima,299.27,plain note 8927,solo,false
8928,User 8928,user8928@example.com,Amsterdam,336.28,plain note 8928,"a,b,c",true
8929,User 8929,user8929@example.com,Bratislava,373.29,plain note 8929,solo,false
8930,User 8930,user8930@example.com,Zürich,410.30,plain note 8930,solo,true
8931,User 8931,user8931@example.com,København,447.31,plain note 8931,"a,b,c",false
8932,User 8932,user8932@example.com,Москва,484.32,"said ""hi"", then left",solo,true
8933,User 8933,user8933@example.com,東京,521.33,plain note 8933,solo,false
8934,User 8934,user8934@example.com,Paris,558.34,plain note 8934,"a,b,c",true
8935,User 8935,user8935@example.com,Lima,595.35,plain note 8935,solo,false
8936,User 8936,user8936@example.com,Amsterdam,632.36,plain note 8936,solo,true
8937,User 8937,user8937@example.com,Bratislava,669.37,plain note 8937,"a,b,c",false
8938,User 8938,user8938@example.com,Zürich,706.38,plain note 8938,solo,true
8939,User 8939,user8939@example.com,København,743.39,"said ""hi"", then left",solo,false
8940,User 8940,user8940@example.com,Москва,780.40,plain note 8940,"a,b,c",true
8941,User 8941,user8941@example.com,東京,817.41,plain note 8941,solo,false
8942,User 8942,user8942@example.com,Paris,854.42,plain note 8942,solo,true
8943,User 8943,user8943@example.com,Lima,891.43,"line one
line two","a,b,c",false
8944,User 8944,user8944@example.com,Amsterdam,928.44,plain note 8944,solo,true
8945,User 8945,user8945@example.com,Bratislava,965.45,plain note 8945,solo,false
8946,User 8946,user8946@example.com,Zürich,1002.46,"said ""hi"", then left","a,b,c",true
8947,User 8947,user8947@example.com,København,1039.47,plain note 8947,solo,false
8948,User 8948,user8948@example.com,Москва,1076.48,plain note 8948,solo,true
8949,User 8949,user8949@example.com,東京,1113.49,plain note 8949,"a,b,c",false
8950,User 8950,user8950@example.com,Paris,1150.50,plain note 8950,solo,true
8951,User 8951,user8951@example.com,Lima,1187.51,plain note 8951,solo,false
8952,User 8952,user8952@example.com,Amsterdam,1224.52,plain note 8952,"a,b,c",true
8953,User 8953,user8953@example.com,Bratislava,1261.53,"said ""hi"", then left",solo,false
8954,User 8954,user8954@example.com,Zürich,1298.54,"line one
line two",solo,true
8955,User 8955,user8955@example.com,København,1335.55,plain note 8955,"a,b,c",false
8956,User 8956,user8956@example.com,Москва,1372.56,plain note 8956,solo,true
8957,User 8957,user8957@example.com,東京,1409.57,plain note 8957,solo,false
8958,User 8958,user8958@example.com,Paris,1446.58,plain note 8958,"a,b,c",true
8959,User 8959,user8959@example.com,Lima,1483.59,plain note 8959,solo,false
8960,User 8960,user8960@example.com,Amsterdam,1520.60,"said ""hi"", then left",solo,true
8961,User 8961,user8961@example.com,Bratislava,1557.61,plain note 8961,"a,b,c",false
8962,User 8962,user8962@example.com,Zürich,1594.62,plain note 8962,solo,true
8963,User 8963,user8963@example.com,København,1631.63,plain note 8963,solo,false
8964,User 8964,user8964@example.com,Москва,1668.64,plain note 8964,"a,b,c",true
8965,User 8965,user8965@example.com,東京,1705.65,"line one
line two",solo,false
8966,User 8966,user8966@example.com,Paris,1742.66,plain note 8966,solo,true
8967,User 8967,user8967@example.com,Lima,1779.67,"said ""hi"", then left","a,b,c",false
8968,User 8968,user8968@example.com,Amsterdam,1816.68,plain note 8968,solo,true
8969,User 8969,user8969@example.com,Bratislava,1853.69,plain note 8969,solo,false
8970,User 8970,user8970@example.com,Zürich,1890.70,plain note 8970,"a,b,c",true
8971,User 8971,user8971@example.com,København,1927.71,plain note 8971,solo,false
8972,User 8972,user8972@example.com,Москва,1964.72,plain note 8972,solo,true
8973,User 8973,user8973@example.com,東京,2001.73,plain note 8973,"a,b,c",false
8974,User 8974,user8974@example.com,Paris,2038.74,"said ""hi"", then left",solo,true
8975,User 8975,user8975@example.com,Lima,2075.75,plain note 8975,solo,false
8976,User 8976,user8976@example.com,Amsterdam,2112.76,"line one
line two","a,b,c",true
8977,User 8977,user8977@example.com,Bratislava,2149.77,plain note 8977,solo,false
8978,User 8978,user8978@example.com,Zürich,2186.78,plain note 8978,solo,true
8979,User 8979,user8979@example.com,København,2223.79,plain note 8979,"a,b,c",false
8980,User 8980,user8980@example.com,Москва,2260.80,plain note 8980,solo,true
8981,User 8981,user8981@example.com,東京,2297.81,"said ""hi"", then left",solo,false
8982,User 8982,user8982@example.com,Paris,2334.82,plain note 8982,"a,b,c",true
8983,User 8983,user8983@example.com,Lima,2371.83,plain note 8983,solo,false
8984,User 8984,user8984@example.com,Amsterdam,2408.84,plain note 8984,solo,true
8985,User 8985,user8985@example.com,Bratislava,2445.85,plain note 8985,"a,b,c",false
8986,User 8986,user8986@example.com,Zürich,2482.86,plain note 8986,solo,true
8987,User 8987,user8987@example.com,København,2519.87,"line one
line two",solo,false
8988,User 8988,user8988@example.com,Москва,2556.88,"said ""hi"", then left","a,b,c",true
8989,User 8989,user8989@example.com,東京,2593.89,plain note 8989,solo,false
8990,User 8990,user8990@example.com,Paris,2630.90,plain note 8990,solo,true
8991,User 8991,user8991@example.com,Lima,2667.91,plain note 8991,"a,b,c",false
8992,User 8992,user8992@example.com,Amsterdam,2704.92,plain note 8992,solo,true
8993,User 8993,user8993@example.com,Bratislava,2741.93,plain note 8993,solo,false
8994,User 8994,user8994@example.com,Zürich,2778.94,plain note 8994,"a,b,c",true
8995,User 8995,user8995@example.com,København,2815.95,"said ""hi"", then left",solo,false
8996,User 8996,user8996@example.com,Москва,2852.96,plain note 8996,solo,true
8997,User 8997,user8997@example.com,東京,2889.97,plain note 8997,"a,b,c",false
8998,User 8998,user8998@example.com,Paris,2926.98,"line one
line two",solo,true
8999,User 8999,user8999@example.com,Lima,2963.99,plain note 8999,solo,false
9000,User 9000,user9000@example.com,Amsterdam,3000.0,plain note 9000,"a,b,c",true
9001,User 9001,user9001@example.com,Bratislava,3037.1,plain note 9001,solo,false
9002,User 9002,user9002@example.com,Zürich,3074.2,"said ""hi"", then left",solo,true
9003,User 9003,user9003@example.com,København,3111.3,plain note 9003,"a,b,c",false
9004,User 9004,user9004@example.com,Москва,3148.4,plain note 9004,solo,true
9005,User 9005,user9005@example.com,東京,3185.5,plain note 9005,solo,false
9006,User 9006,user9006@example.com,Paris,3222.6,plain note 9006,"a,b,c",true
9007,User 9007,user9007@example.com,Lima,3259.7,plain note 9007,solo,false
9008,User 9008,user9008@example.com,Amsterdam,3296.8,plain note 9008,solo,true
9009,User 9009,user9009@example.com,Bratislava,3333.9,"said ""hi"", then left","a,b,c",false
9010,User 9010,user9010@example.com,Zürich,3370.10,plain note 9010,solo,true
9011,User 9011,user9011@example.com,København,3407.11,plain note 9011,solo,false
9012,User 9012,user9012@example.com,Москва,3444.12,plain note 9012,"a,b,c",true
9013,User 9013,user9013@example.com,東京,3481.13,plain note 9013,solo,false
9014,User 9014,user9014@example.com,Paris,3518.14,plain note 9014,solo,true
9015,User 9015,user9015@example.com,Lima,3555.15,plain note 9015,"a,b,c",false
9016,User 9016,user9016@example.com,Amsterdam,3592.16,"said ""hi"", then left",solo,true
9017,User 9017,user9017@example.com,Bratislava,3629.17,plain note 9017,solo,false
9018,User 9018,user9018@example.com,Zürich,3666.18,plain note 9018,"a,b,c",true
9019,User 9019,user9019@example.com,København,3703.19,plain note 9019,solo,false
9020,User 9020,user9020@example.com,Москва,3740.20,"line one
line two",solo,true
9021,User 9021,user9021@example.com,東京,3777.21,plain note 9021,"a,b,c",false
9022,User 9022,user9022@example.com,Paris,3814.22,plain note 9022,solo,true
9023,User 9023,user9023@example.com,Lima,3851.23,"said ""hi"", then left",solo,false
9024,User 9024,user9024@example.com,Amsterdam,3888.24,plain note 9024,"a,b,c",true
9025,User 9025,user9025@example.com,Bratislava,3925.25,plain note 9025,solo,false
9026,User 9026,user9026@example.com,Zürich,3962.26,plain note 9026,solo,true
9027,User 9027,user9027@example.com,København,3999.27,plain note 9027,"a,b,c",false
9028,User 9028,user9028@example.com,Москва,4036.28,plain note 9028,solo,true
9029,User 9029,user9029@example.com,東京,4073.29,plain note 9029,solo,false
9030,User 9030,user9030@example.com,Paris,4110.30,"said ""hi"", then left","a,b,c",true
9031,User 9031,user9031@example.com,Lima,4147.31,"line one
line two",solo,false
9032,User 9032,user9032@example.com,Amsterdam,4184.32,plain note 9032,solo,true
9033,User 9033,user9033@example.com,Bratislava,4221.33,plain note 9033,"a,b,c",false
9034,User 9034,user9034@example.com,Zürich,4258.34,plain note 9034,solo,true
9035,User 9035,user9035@example.com,København,4295.35,plain note 9035,solo,false
9036,User 9036,user9036@example.com,Москва,4332.36,plain note 9036,"a,b,c",true
9037,User 9037,user9037@example.com,東京,4369.37,"said ""hi"", then left",solo,false
9038,User 9038,user9038@example.com,Paris,4406.38,plain note 9038,solo,true
9039,User 9039,user9039@example.com,Lima,4443.39,plain note 9039,"a,b,c",false
9040,User 9040,user9040@example.com,Amsterdam,4480.40,plain note 9040,solo,true
9041,User 9041,user9041@example.com,Bratislava,4517.41,plain note 9041,solo,false
9042,User 9042,user9042@example.com,Zürich,4554.42,"line one
line two","a,b,c",true
9043,User 9043,user9043@example.com,København,4591.43,plain note 9043,solo,false
9044,User 9044,user9044@example.com,Москва,4628.44,"said ""hi"", then left",solo,true
9045,User 9045,user9045@example.com,東京,4665.45,plain note 9045,"a,b,c",false
9046,User 9046,user9046@example.com,Paris,4702.46,plain note 9046,solo,true
9047,User 9047,user9047@example.com,Lima,4739.47,plain note 9047,solo,false
9048,User 9048,user9048@example.com,Amsterdam,4776.48,plain note 9048,"a,b,c",true
9049,User 9049,user9049@example.com,Bratislava,4813.49,plain note 9049,solo,false
9050,User 9050,user9050@example.com,Zürich,4850.50,plain note 9050,solo,true
9051,User 9051,user9051@example.com,København,4887.51,"said ""hi"", then left","a,b,c",false
9052,User 9052,user9052@example.com,Москва,4924.52,plain note 9052,solo,true
9053,User 9053,user9053@example.com,東京,4961.53,"line one
line two",solo,false
9054,User 9054,user9054@example.com,Paris,4998.54,plain note 9054,"a,b,c",true
9055,User 9055,user9055@example.com,Lima,5035.55,plain note 9055,solo,false
9056,User 9056,user9056@example.com,Amsterdam,5072.56,plain note 9056,solo,true
9057,User 9057,user9057@example.com,Bratislava,5109.57,plain note 9057,"a,b,c",false
9058,User 9058,user9058@example.com,Zürich,5146.58,"said ""hi"", then left",solo,true
9059,User 9059,user9059@example.com,København,5183.59,plain note 9059,solo,false
9060,User 9060,user9060@example.com,Москва,5220.60,plain note 9060,"a,b,c",true
9061,User 9061,user9061@example.com,東京,5257.61,plain note 9061,solo,false
9062,User 9062,user9062@example.com,Paris,5294.62,plain note 9062,solo,true
9063,User 9063,user9063@example.com,Lima,5331.63,plain note 9063,"a,b,c",false
9064,User 9064,user9064@example.com,Amsterdam,5368.64,"line one
line two",solo,true
9065,User 9065,user9065@example.com,Bratislava,5405.65,"said ""hi"", then left",solo,false
9066,User 9066,user9066@example.com,Zürich,5442.66,plain note 9066,"a,b,c",true
9067,User 9067,user9067@example.com,København,5479.67,plain note 9067,solo,false
9068,User 9068,user9068@example.com,Москва,5516.68,plain note 9068,solo,true
9069,User 9069,user9069@example.com,東京,5553.69,plain note 9069,"a,b,c",false
9070,User 9070,user9070@example.com,Paris,5590.70,plain note 9070,solo,true
9071,User 9071,user9071@example.com,Lima,5627.71,plain note 9071,solo,false
9072,User 9072,user9072@example.com,Amsterdam,5664.72,"said ""hi"", then left","a,b,c",true
9073,User 9073,user9073@example.com,Bratislava,5701.73,plain note 9073,solo,false
9074,User 9074,user9074@example.com,Zürich,5738.74,plain note 9074,solo,true
9075,User 9075,user9075@example.com,København,5775.75,"line one
line two","a,b,c",false
9076,User 9076,user9076@example.com,Москва,5812.76,plain note 9076,solo,true
9077,User 9077,user9077@example.com,東京,5849.77,plain note 9077,solo,false
9078,User 9078,user9078@example.com,Paris,5886.78,plain note 9078,"a,b,c",true
9079,User 9079,user9079@example.com,Lima,5923.79,"said ""hi"", then left",solo,false
9080,User 9080,user9080@example.com,Amsterdam,5960.80,plain note 9080,solo,true
9081,User 9081,user9081@example.com,Bratislava,5997.81,plain note 9081,"a,b,c",false
9082,User 9082,user9082@example.com,Zürich,6034.82,plain note 9082,solo,true
9083,User 9083,user9083@example.com,København,6071.83,plain note 9083,solo,false
9084,User 9084,user9084@example.com,Москва,6108.84,plain note 9084,"a,b,c",true
9085,User 9085,user9085@example.com,東京,6145.85,plain note 9085,solo,false
9086,User 9086,user9086@example.com,Paris,6182.86,"said ""hi"", then left",solo,true
9087,User 9087,user9087@example.com,Lima,6219.87,plain note 9087,"a,b,c",false
9088,User 9088,user9088@example.com,Amsterdam,6256.88,plain note 9088,solo,true
9089,User 9089,user9089@example.com,Bratislava,6293.89,plain note 9089,solo,false
9090,User 9090,user9090@example.com,Zürich,6330.90,plain note 9090,"a,b,c",true
9091,User 9091,user9091@example.com,København,6367.91,plain note 9091,solo,false
9092,User 9092,user9092@example.com,Москва,6404.92,plain note 9092,solo,true
9093,User 9093,user9093@example.com,東京,6441.93,"said ""hi"", then left","a,b,c",false
9094,User 9094,user9094@example.com,Paris,6478.94,plain note 9094,solo,true
9095,User 9095,user9095@example.com,Lima,6515.95,plain note 9095,solo,false
9096,User 9096,user9096@example.com,Amsterdam,6552.96,plain note 9096,"a,b,c",true
9097,User 9097,user9097@example.com,Bratislava,6589.97,"line one
line two",solo,false
9098,User 9098,user9098@example.com,Zürich,6626.98,plain note 9098,solo,true
9099,User 9099,user9099@example.com,København,6663.99,plain note 9099,"a,b,c",false
9100,User 9100,user9100@example.com,Москва,6700.0,"said ""hi"", then left",solo,true
9101,User 9101,user9101@example.com,東京,6737.1,plain note 9101,solo,false
9102,User 9102,user9102@example.com,Paris,6774.2,plain note 9102,"a,b,c",true
9103,User 9103,user9103@example.com,Lima,6811.3,plain note 9103,solo,false
9104,User 9104,user9104@example.com,Amsterdam,6848.4,plain note 9104,solo,true
9105,User 9105,user9105@example.com,Bratislava,6885.5,plain note 9105,"a,b,c",false
9106,User 9106,user9106@example.com,Zürich,6922.6,plain note 9106,solo,true
9107,User 9107,user9107@example.com,København,6959.7,"said ""hi"", then left",solo,false
9108,User 9108,user9108@example.com,Москва,6996.8,"line one
line two","a,b,c",true
9109,User 9109,user9109@example.com,東京,7033.9,plain note 9109,solo,false
9110,User 9110,user9110@example.com,Paris,7070.10,plain note 9110,solo,true
9111,User 9111,user9111@example.com,Lima,7107.11,plain note 9111,"a,b,c",false
9112,User 9112,user9112@example.com,Amsterdam,7144.12,plain note 9112,solo,true
9113,User 9113,user9113@example.com,Bratislava,7181.13,plain note 9113,solo,false
9114,User 9114,user9114@example.com,Zürich,7218.14,"said ""hi"", then left","a,b,c",true
9115,User 9115,user9115@example.com,København,7255.15,plain note 9115,solo,false
9116,User 9116,user9116@example.com,Москва,7292.16,plain note 9116,solo,true
9117,User 9117,user9117@example.com,東京,7329.17,plain note 9117,"a,b,c",false
9118,User 9118,user9118@example.com,Paris,7366.18,plain note 9118,solo,true
9119,User 9119,user9119@example.com,Lima,7403.19,"line one
line two",solo,false
9120,User 9120,user9120@example.com,Amsterdam,7440.20,plain note 9120,"a,b,c",true
9121,User 9121,user9121@example.com,Bratislava,7477.21,"said ""hi"", then left",solo,false
9122,User 9122,user9122@example.com,Zürich,7514.22,plain note 9122,solo,true
9123,User 9123,user9123@example.com,København,7551.23,plain note 9123,"a,b,c",false
9124,User 9124,user9124@example.com,Москва,7588.24,plain note 9124,solo,true
9125,User 9125,user9125@example.com,東京,7625.25,plain note 9125,solo,false
9126,User 9126,user9126@example.com,Paris,7662.26,plain note 9126,"a,b,c",true
9127,User 9127,user9127@example.com,Lima,7699.27,plain note 9127,solo,false
9128,User 9128,user9128@example.com,Amsterdam,7736.28,"said ""hi"", then left",solo,true
9129,User 9129,user9129@example.com,Bratislava,7773.29,plain note 9129,"a,b,c",false
9130,User 9130,user9130@example.com,Zürich,7810.30,"line one
line two",solo,true
9131,User 9131,user9131@example.com,København,7847.31,plain note 9131,solo,false
9132,User 9132,user9132@example.com,Москва,7884.32,plain note 9132,"a,b,c",true
9133,User 9133,user9133@example.com,東京,7921.33,plain note 9133,solo,false
9134,User 9134,user9134@example.com,Paris,7958.34,plain note 9134,solo,true
9135,User 9135,user9135@example.com,Lima,7995.35,"said ""hi"", then left","a,b,c",false
9136,User 9136,user9136@example.com,Amsterdam,8032.36,plain note 9136,solo,true
9137,User 9137,user9137@example.com,Bratislava,8069.37,plain note 9137,solo,false
9138,User 9138,user9138@example.com,Zürich,8106.38,plain note 9138,"a,b,c",true
9139,User 9139,user9139@example.com,København,8143.39,plain note 9139,solo,false
9140,User 9140,user9140@example.com,Москва,8180.40,plain note 9140,solo,true
9141,User 9141,user9141@example.com,東京,8217.41,"line one
line two","a,b,c",false
9142,User 9142,user9142@example.com,Paris,8254.42,"said ""hi"", then left",solo,true
9143,User 9143,user9143@example.com,Lima,8291.43,plain note 9143,solo,false
9144,User 9144,user9144@example.com,Amsterdam,8328.44,plain note 9144,"a,b,c",true
9145,User 9145,user9145@example.com,Bratislava,8365.45,plain note 9145,solo,false
9146,User 9146,user9146@example.com,Zürich,8402.46,plain note 9146,solo,true
9147,User 9147,user9147@example.com,København,8439.47,plain note 9147,"a,b,c",false
9148,User 9148,user9148@example.com,Москва,8476.48,plain note 9148,solo,true
9149,User 9149,user9149@example.com,東京,8513.49,"said ""hi"", then left",solo,false
9150,User 9150,user9150@example.com,Paris,8550.50,plain note 9150,"a,b,c",true
9151,User 9151,user9151@example.com,Lima,8587.51,plain note 9151,solo,false
9152,User 9152,user9152@example.com,Amsterdam,8624.52,"line one
line two",solo,true
9153,User 9153,user9153@example.com,Bratislava,8661.53,plain note 9153,"a,b,c",false
9154,User 9154,user9154@example.com,Zürich,8698.54,plain note 9154,solo,true
9155,User 9155,user9155@example.com,København,8735.55,plain note 9155,solo,false
9156,User 9156,user9156@example.com,Москва,8772.56,"said ""hi"", then left","a,b,c",true
9157,User 9157,user9157@example.com,東京,8809.57,plain note 9157,solo,false
9158,User 9158,user9158@example.com,Paris,8846.58,plain note 9158,solo,true
9159,User 9159,user9159@example.com,Lima,8883.59,plain note 9159,"a,b,c",false
9160,User 9160,user9160@example.com,Amsterdam,8920.60,plain note 9160,solo,true
9161,User 9161,user9161@example.com,Bratislava,8957.61,plain note 9161,solo,false
9162,User 9162,user9162@example.com,Zürich,8994.62,plain note 9162,"a,b,c",true
9163,User 9163,user9163@example.com,København,9031.63,"said ""hi"", then left",solo,false
9164,User 9164,user9164@example.com,Москва,9068.64,plain note 9164,solo,true
9165,User 9165,user9165@example.com,東京,9105.65,plain note 9165,"a,b,c",false
9166,User 9166,user9166@example.com,Paris,9142.66,plain note 9166,solo,true
9167,User 9167,user9167@example.com,Lima,9179.67,plain note 9167,solo,false
9168,User 9168,user9168@example.com,Amsterdam,9216.68,plain note 9168,"a,b,c",true
9169,User 9169,user9169@example.com,Bratislava,9253.69,plain note 9169,solo,false
9170,User 9170,user9170@example.com,Zürich,9290.70,"said ""hi"", then left",solo,true
9171,User 9171,user9171@example.com,København,9327.71,plain note 9171,"a,b,c",false
9172,User 9172,user9172@example.com,Москва,9364.72,plain note 9172,solo,true
9173,User 9173,user9173@example.com,東京,9401.73,plain note 9173,solo,false
9174,User 9174,user9174@example.com,Paris,9438.74,"line one
line two","a,b,c",true
9175,User 9175,user9175@example.com,Lima,9475.75,plain note 9175,solo,false
9176,User 9176,user9176@example.com,Amsterdam,9512.76,plain note 9176,solo,true
9177,User 9177,user9177@example.com,Bratislava,9549.77,"said ""hi"", then left","a,b,c",false
9178,User 9178,user9178@example.com,Zürich,9586.78,plain note 9178,solo,true
9179,User 9179,user9179@example.com,København,9623.79,plain note 9179,solo,false
9180,User 9180,user9180@example.com,Москва,9660.80,plain note 9180,"a,b,c",true
9181,User 9181,user9181@example.com,東京,9697.81,plain note 9181,solo,false
9182,User 9182,user9182@example.com,Paris,9734.82,plain note 9182,solo,true
9183,User 9183,user9183@example.com,Lima,9771.83,plain note 9183,"a,b,c",false
9184,User 9184,user9184@example.com,Amsterdam,9808.84,"said ""hi"", then left",solo,true
9185,User 9185,user9185@example.com,Bratislava,9845.85,"line one
line two",solo,false
9186,User 9186,user9186@example.com,Zürich,9882.86,plain note 9186,"a,b,c",true
9187,User 9187,user9187@example.com,København,9919.87,plain note 9187,solo,false
9188,User 9188,user9188@example.com,Москва,9956.88,plain note 9188,solo,true
9189,User 9189,user9189@example.com,東京,9993.89,plain note 9189,"a,b,c",false
9190,User 9190,user9190@example.com,Paris,30.90,plain note 9190,solo,true
9191,User 9191,user9191@example.com,Lima,67.91,"said ""hi"", then left",solo,false
9192,User 9192,user9192@example.com,Amsterdam,104.92,plain note 9192,"a,b,c",true
9193,User 9193,user9193@example.com,Bratislava,141.93,plain note 9193,solo,false
9194,User 9194,user9194@example.com,Zürich,178.94,plain note 9194,solo,true
9195,User 9195,user9195@example.com,København,215.95,plain note 9195,"a,b,c",false
9196,User 9196,user9196@example.com,Москва,252.96,"line one
line two",solo,true
9197,User 9197,user9197@example.com,東京,289.97,plain note 9197,solo,false
9198,User 9198,user9198@example.com,Paris,326.98,"said ""hi"", then left","a,b,c",true
9199,User 9199,user9199@example.com,Lima,363.99,plain note 9199,solo,false
9200,User 9200,user9200@example.com,Amsterdam,400.0,plain note 9200,solo,true
9201,User 9201,user9201@example.com,Bratislava,437.1,plain note 9201,"a,b,c",false
9202,User 9202,user9202@example.com,Zürich,474.2,plain note 9202,solo,true
9203,User 9203,user9203@example.com,København,511.3,plain note 9203,solo,false
9204,User 9204,user9204@example.com,Москва,548.4,plain note 9204,"a,b,c",true
9205,User 9205,user9205@example.com,東京,585.5,"said ""hi"", then left",solo,false
9206,User 9206,user9206@example.com,Paris,622.6,plain note 9206,solo,true
9207,User 9207,user9207@example.com,Lima,659.7,"line one
line two","a,b,c",false
9208,User 9208,user9208@example.com,Amsterdam,696.8,plain note 9208,solo,true
9209,User 9209,user9209@example.com,Bratislava,733.9,plain note 9209,solo,false
9210,User 9210,user9210@example.com,Zürich,770.10,plain note 9210,"a,b,c",true
9211,User 9211,user9211@example.com,København,807.11,plain note 9211,solo,false
9212,User 9212,user9212@example.com,Москва,844.12,"said ""hi"", then left",solo,true
9213,User 9213,user9213@example.com,東京,881.13,plain note 9213,"a,b,c",false
9214,User 9214,user9214@example.com,Paris,918.14,plain note 9214,solo,true
9215,User 9215,user9215@example.com,Lima,955.15,plain note 9215,solo,false
9216,User 9216,user9216@example.com,Amsterdam,992.16,plain note 9216,"a,b,c",true
9217,User 9217,user9217@example.com,Bratislava,1029.17,plain note 9217,solo,false
9218,User 9218,user9218@example.com,Zürich,1066.18,"line one
line two",solo,true
9219,User 9219,user9219@example.com,København,1103.19,"said ""hi"", then left","a,b,c",false
9220,User 9220,user9220@example.com,Москва,1140.20,plain note 9220,solo,true
9221,User 9221,user9221@example.com,東京,1177.21,plain note 9221,solo,false
9222,User 9222,user9222@example.com,Paris,1214.22,plain note 9222,"a,b,c",true
9223,User 9223,user9223@example.com,Lima,1251.23,plain note 9223,solo,false
9224,User 9224,user9224@example.com,Amsterdam,1288.24,plain note 9224,solo,true
9225,User 9225,user9225@example.com,Bratislava,1325.25,plain note 9225,"a,b,c",false
9226,User 9226,user9226@example.com,Zürich,1362.26,"said ""hi"", then left",solo,true
9227,User 9227,user9227@example.com,København,1399.27,plain note 9227,solo,false
9228,User 9228,user9228@example.com,Москва,1436.28,plain note 9228,"a,b,c",true
9229,User 9229,user9229@example.com,東京,1473.29,"line one
line two",solo,false
9230,User 9230,user9230@example.com,Paris,1510.30,plain note 9230,solo,true
9231,User 9231,user9231@example.com,Lima,1547.31,plain note 9231,"a,b,c",false
9232,User 9232,user9232@example.com,Amsterdam,1584.32,plain note 9232,solo,true
9233,User 9233,user9233@example.com,Bratislava,1621.33,"said ""hi"", then left",solo,false
9234,User 9234,user9234@example.com,Zürich,1658.34,plain note 9234,"a,b,c",true
9235,User 9235,user9235@example.com,København,1695.35,plain note 9235,solo,false
9236,User 9236,user9236@example.com,Москва,1732.36,plain note 9236,solo,true
9237,User 9237,user9237@example.com,東京,1769.37,plain note 9237,"a,b,c",false
9238,User 9238,user9238@example.com,Paris,1806.38,plain note 9238,solo,true
9239,User 9239,user9239@example.com,Lima,1843.39,plain note 9239,solo,false
9240,User 9240,user9240@example.com,Amsterdam,1880.40,"said ""hi"", then left","a,b,c",true
9241,User 9241,user9241@example.com,Bratislava,1917.41,plain note 9241,solo,false
9242,User 9242,user9242@example.com,Zürich,1954.42,plain note 9242,solo,true
9243,User 9243,user9243@example.com,København,1991.43,plain note 9243,"a,b,c",false
9244,User 9244,user9244@example.com,Москва,2028.44,plain note 9244,solo,true
9245,User 9245,user9245@example.com,東京,2065.45,plain note 9245,solo,false
9246,User 9246,user9246@example.com,Paris,2102.46,plain note 9246,"a,b,c",true
9247,User 9247,user9247@example.com,Lima,2139.47,"said ""hi"", then left",solo,false
9248,User 9248,user9248@example.com,Amsterdam,2176.48,plain note 9248,solo,true
9249,User 9249,user9249@example.com,Bratislava,2213.49,plain note 9249,"a,b,c",false
9250,User 9250,user9250@example.com,Zürich,2250.50,plain note 9250,solo,true
9251,User 9251,user9251@example.com,København,2287.51,"line one
line two",solo,false
9252,User 9252,user9252@example.com,Москва,2324.52,plain note 9252,"a,b,c",true
9253,User 9253,user9253@example.com,東京,2361.53,plain note 9253,solo,false
9254,User 9254,user9254@example.com,Paris,2398.54,"said ""hi"", then left",solo,true
9255,User 9255,user9255@example.com,Lima,2435.55,plain note 9255,"a,b,c",false
9256,User 9256,user9256@example.com,Amsterdam,2472.56,plain note 9256,solo,true
9257,User 9257,user9257@example.com,Bratislava,2509.57,plain note 9257,solo,false
9258,User 9258,user9258@example.com,Zürich,2546.58,plain note 9258,"a,b,c",true
9259,User 9259,user9259@example.com,København,2583.59,plain note 9259,solo,false
9260,User 9260,user9260@example.com,Москва,2620.60,plain note 9260,solo,true
9261,User 9261,user9261@example.com,東京,2657.61,"said ""hi"", then left","a,b,c",false
9262,User 9262,user9262@example.com,Paris,2694.62,"line one
line two",solo,true
9263,User 9263,user9263@example.com,Lima,2731.63,plain note 9263,solo,false
9264,User 9264,user9264@example.com,Amsterdam,2768.64,plain note 9264,"a,b,c",true
9265,User 9265,user9265@example.com,Bratislava,2805.65,plain note 9265,solo,false
9266,User 9266,user9266@example.com,Zürich,2842.66,plain note 9266,solo,true
9267,User 9267,user9267@example.com,København,2879.67,plain note 9267,"a,b,c",false
9268,User 9268,user9268@example.com,Москва,2916.68,"said ""hi"", then left",solo,true
9269,User 9269,user9269@example.com,東京,2953.69,plain note 9269,solo,false
9270,User 9270,user9270@example.com,Paris,2990.70,plain note 9270,"a,b,c",true
9271,User 9271,user9271@example.com,Lima,3027.71,plain note 9271,solo,false
9272,User 9272,user9272@example.com,Amsterdam,3064.72,plain note 9272,solo,true
9273,User 9273,user9273@example.com,Bratislava,3101.73,"line one
line two","a,b,c",false
9274,User 9274,user9274@example.com,Zürich,3138.74,plain note 9274,solo,true
9275,User 9275,user9275@example.com,København,3175.75,"said ""hi"", then left",solo,false
9276,User 9276,user9276@example.com,Москва,3212.76,plain note 9276,"a,b,c",true
9277,User 9277,user9277@example.com,東京,3249.77,plain note 9277,solo,false
9278,User 9278,user9278@example.com,Paris,3286.78,plain note 9278,solo,true
9279,User 9279,user9279@example.com,Lima,3323.79,plain note 9279,"a,b,c",false
9280,User 9280,user9280@example.com,Amsterdam,3360.80,plain note 9280,solo,true
9281,User 9281,user9281@example.com,Bratislava,3397.81,plain note 9281,solo,false
9282,User 9282,user9282@example.com,Zürich,3434.82,"said ""hi"", then left","a,b,c",true
9283,User 9283,user9283@example.com,København,3471.83,plain note 9283,solo,false
9284,User 9284,user9284@example.com,Москва,3508.84,"line one
line two",solo,true
9285,User 9285,user9285@example.com,東京,3545.85,plain note 9285,"a,b,c",false
9286,User 9286,user9286@example.com,Paris,3582.86,plain note 9286,solo,true
9287,User 9287,user9287@example.com,Lima,3619.87,plain note 9287,solo,false
9288,User 9288,user9288@example.com,Amsterdam,3656.88,plain note 9288,"a,b,c",true
9289,User 9289,user9289@example.com,Bratislava,3693.89,"said ""hi"", then left",solo,false
9290,User 9290,user9290@example.com,Zürich,3730.90,plain note 9290,solo,true
9291,User 9291,user9291@example.com,København,3767.91,plain note 9291,"a,b,c",false
9292,User 9292,user9292@example.com,Москва,3804.92,plain note 9292,solo,true
9293,User 9293,user9293@example.com,東京,3841.93,plain note 9293,solo,false
9294,User 9294,user9294@example.com,Paris,3878.94,plain note 9294,"a,b,c",true
9295,User 9295,user9295@example.com,Lima,3915.95,"line one
line two",solo,false
9296,User 9296,user9296@example.com,Amsterdam,3952.96,"said ""hi"", then left",solo,true
9297,User 9297,user9297@example.com,Bratislava,3989.97,plain note 9297,"a,b,c",false
9298,User 9298,user9298@example.com,Zürich,4026.98,plain note 9298,solo,true
9299,User 9299,user9299@example.com,København,4063.99,plain note 9299,solo,false
9300,User 9300,user9300@example.com,Москва,4100.0,plain note 9300,"a,b,c",true
9301,User 9301,user9301@example.com,東京,4137.1,plain note 9301,solo,false
9302,User 9302,user9302@example.com,Paris,4174.2,plain note 9302,solo,true
9303,User 9303,user9303@example.com,Lima,4211.3,"said ""hi"", then left","a,b,c",false
9304,User 9304,user9304@example.com,Amsterdam,4248.4,plain note 9304,solo,true
9305,User 9305,user9305@example.com,Bratislava,4285.5,plain note 9305,solo,false
9306,User 9306,user9306@example.com,Zürich,4322.6,"line one
line two","a,b,c",true
9307,User 9307,user9307@example.com,København,4359.7,plain note 9307,solo,false
9308,User 9308,user9308@example.com,Москва,4396.8,plain note 9308,solo,true
9309,User 9309,user9309@example.com,東京,4433.9,plain note 9309,"a,b,c",false
9310,User 9310,user9310@example.com,Paris,4470.10,"said ""hi"", then left",solo,true
9311,User 9311,user9311@example.com,Lima,4507.11,plain note 9311,solo,false
9312,User 9312,user9312@example.com,Amsterdam,4544.12,plain note 9312,"a,b,c",true
9313,User 9313,user9313@example.com,Bratislava,4581.13,plain note 9313,solo,false
9314,User 9314,user9314@example.com,Zürich,4618.14,plain note 9314,solo,true
9315,User 9315,user9315@example.com,København,4655.15,plain note 9315,"a,b,c",false
9316,User 9316,user9316@example.com,Москва,4692.16,plain note 9316,solo,true
9317,User 9317,user9317@example.com,東京,4729.17,"said ""hi"", then left",solo,false
9318,User 9318,user9318@example.com,Paris,4766.18,plain note 9318,"a,b,c",true
9319,User 9319,user9319@example.com,Lima,4803.19,plain note 9319,solo,false
9320,User 9320,user9320@example.com,Amsterdam,4840.20,plain note 9320,solo,true
9321,User 9321,user9321@example.com,Bratislava,4877.21,plain note 9321,"a,b,c",false
9322,User 9322,user9322@example.com,Zürich,4914.22,plain note 9322,solo,true
9323,User 9323,user9323@example.com,København,4951.23,plain note 9323,solo,false
9324,User 9324,user9324@example.com,Москва,4988.24,"said ""hi"", then left","a,b,c",true
9325,User 9325,user9325@example.com,東京,5025.25,plain note 9325,solo,false
9326,User 9326,user9326@example.com,Paris,5062.26,plain note 9326,solo,true
9327,User 9327,user9327@example.com,Lima,5099.27,plain note 9327,"a,b,c",false
9328,User 9328,user9328@example.com,Amsterdam,5136.28,"line one
line two",solo,true
9329,User 9329,user9329@example.com,Bratislava,5173.29,plain note 9329,solo,false
9330,User 9330,user9330@example.com,Zürich,5210.30,plain note 9330,"a,b,c",true
9331,User 9331,user9331@example.com,København,5247.31,"said ""hi"", then left",solo,false
9332,User 9332,user9332@example.com,Москва,5284.32,plain note 9332,solo,true
9333,User 9333,user9333@example.com,東京,5321.33,plain note 9333,"a,b,c",false
9334,User 9334,user9334@example.com,Paris,5358.34,plain note 9334,solo,true
9335,User 9335,user9335@example.com,Lima,5395.35,plain note 9335,solo,false
9336,User 9336,user9336@example.com,Amsterdam,5432.36,plain note 9336,"a,b,c",true
9337,User 9337,user9337@example.com,Bratislava,5469.37,plain note 9337,solo,false
9338,User 9338,user9338@example.com,Zürich,5506.38,"said ""hi"", then left",solo,true
9339,User 9339,user9339@example.com,København,5543.39,"line one
line two","a,b,c",false
9340,User 9340,user9340@example.com,Москва,5580.40,plain note 9340,solo,true
9341,User 9341,user9341@example.com,東京,5617.41,plain note 9341,solo,false
9342,User 9342,user9342@example.com,Paris,5654.42,plain note 9342,"a,b,c",true
9343,User 9343,user9343@example.com,Lima,5691.43,plain note 9343,solo,false
9344,User 9344,user9344@example.com,Amsterdam,5728.44,plain note 9344,solo,true
9345,User 9345,user9345@example.com,Bratislava,5765.45,"said ""hi"", then left","a,b,c",false
9346,User 9346,user9346@example.com,Zürich,5802.46,plain note 9346,solo,true
9347,User 9347,user9347@example.com,København,5839.47,plain note 9347,solo,false
9348,User 9348,user9348@example.com,Москва,5876.48,plain note 9348,"a,b,c",true
9349,User 9349,user9349@example.com,東京,5913.49,plain note 9349,solo,false
9350,User 9350,user9350@example.com,Paris,5950.50,"line one
line two",solo,true
9351,User 9351,user9351@example.com,Lima,5987.51,plain note 9351,"a,b,c",false
9352,User 9352,user9352@example.com,Amsterdam,6024.52,"said ""hi"", then left",solo,true
9353,User 9353,user9353@example.com,Bratislava,6061.53,plain note 9353,solo,false
9354,User 9354,user9354@example.com,Zürich,6098.54,plain note 9354,"a,b,c",true
9355,User 9355,user9355@example.com,København,6135.55,plain note 9355,solo,false
9356,User 9356,user9356@example.com,Москва,6172.56,plain note 9356,solo,true
9357,User 9357,user9357@example.com,東京,6209.57,plain note 9357,"a,b,c",false
9358,User 9358,user9358@example.com,Paris,6246.58,plain note 9358,solo,true
9359,User 9359,user9359@example.com,Lima,6283.59,"said ""hi"", then left",solo,false
9360,User 9360,user9360@example.com,Amsterdam,6320.60,plain note 9360,"a,b,c",true
9361,User 9361,user9361@example.com,Bratislava,6357.61,"line one
line two",solo,false
9362,User 9362,user9362@example.com,Zürich,6394.62,plain note 9362,solo,true
9363,User 9363,user9363@example.com,København,6431.63,plain note 9363,"a,b,c",false
9364,User 9364,user9364@example.com,Москва,6468.64,plain note 9364,solo,true
9365,User 9365,user9365@example.com,東京,6505.65,plain note 9365,solo,false
9366,User 9366,user9366@example.com,Paris,6542.66,"said ""hi"", then left","a,b,c",true
9367,User 9367,user9367@example.com,Lima,6579.67,plain note 9367,solo,false
9368,User 9368,user9368@example.com,Amsterdam,6616.68,plain note 9368,solo,true
9369,User 9369,user9369@example.com,Bratislava,6653.69,plain note 9369,"a,b,c",false
9370,User 9370,user9370@example.com,Zürich,6690.70,plain note 9370,solo,true
9371,User 9371,user9371@example.com,København,6727.71,plain note 9371,solo,false
9372,User 9372,user9372@example.com,Москва,6764.72,"line one
line two","a,b,c",true
9373,User 9373,user9373@example.com,東京,6801.73,"said ""hi"", then left",solo,false
9374,User 9374,user9374@example.com,Paris,6838.74,plain note 9374,solo,true
9375,User 9375,user9375@example.com,Lima,6875.75,plain note 9375,"a,b,c",false
9376,User 9376,user9376@example.com,Amsterdam,6912.76,plain note 9376,solo,true
9377,User 9377,user9377@example.com,Bratislava,6949.77,plain note 9377,solo,false
9378,User 9378,user9378@example.com,Zürich,6986.78,plain note 9378,"a,b,c",true
9379,User 9379,user9379@example.com,København,7023.79,plain note 9379,solo,false
9380,User 9380,user9380@example.com,Москва,7060.80,"said ""hi"", then left",solo,true
9381,User 9381,user9381@example.com,東京,7097.81,plain note 9381,"a,b,c",false
9382,User 9382,user9382@example.com,Paris,7134.82,plain note 9382,solo,true
9383,User 9383,user9383@example.com,Lima,7171.83,"line one
line two",solo,false
9384,User 9384,user9384@example.com,Amsterdam,7208.84,plain note 9384,"a,b,c",true
9385,User 9385,user9385@example.com,Bratislava,7245.85,plain note 9385,solo,false
9386,User 9386,user9386@example.com,Zürich,7282.86,plain note 9386,solo,true
9387,User 9387,user9387@example.com,København,7319.87,"said ""hi"", then left","a,b,c",false
9388,User 9388,user9388@example.com,Москва,7356.88,plain note 9388,solo,true
9389,User 9389,user9389@example.com,東京,7393.89,plain note 9389,solo,false
9390,User 9390,user9390@example.com,Paris,7430.90,plain note 9390,"a,b,c",true
9391,User 9391,user9391@example.com,Lima,7467.91,plain note 9391,solo,false
9392,User 9392,user9392@example.com,Amsterdam,7504.92,plain note 9392,solo,true
9393,User 9393,user9393@example.com,Bratislava,7541.93,plain note 9393,"a,b,c",false
9394,User 9394,user9394@example.com,Zürich,7578.94,"said ""hi"", then left",solo,true
9395,User 9395,user9395@example.com,København,7615.95,plain note 9395,solo,false
9396,User 9396,user9396@example.com,Москва,7652.96,plain note 9396,"a,b,c",true
9397,User 9397,user9397@example.com,東京,7689.97,plain note 9397,solo,false
9398,User 9398,user9398@example.com,Paris,7726.98,plain note 9398,solo,true
9399,User 9399,user9399@example.com,Lima,7763.99,plain note 9399,"a,b,c",false
9400,User 9400,user9400@example.com,Amsterdam,7800.0,plain note 9400,solo,true
9401,User 9401,user9401@example.com,Bratislava,7837.1,"said ""hi"", then left",solo,false
9402,User 9402,user9402@example.com,Zürich,7874.2,plain note 9402,"a,b,c",true
9403,User 9403,user9403@example.com,København,7911.3,plain note 9403,solo,false
9404,User 9404,user9404@example.com,Москва,7948.4,plain note 9404,solo,true
9405,User 9405,user9405@example.com,東京,7985.5,"line one
line two","a,b,c",false
9406,User 9406,user9406@example.com,Paris,8022.6,plain note 9406,solo,true
9407,User 9407,user9407@example.com,Lima,8059.7,plain note 9407,solo,false
9408,User 9408,user9408@example.com,Amsterdam,8096.8,"said ""hi"", then left","a,b,c",true
9409,User 9409,user9409@example.com,Bratislava,8133.9,plain note 9409,solo,false
9410,User 9410,user9410@example.com,Zürich,8170.10,plain note 9410,solo,true
9411,User 9411,user9411@example.com,København,8207.11,plain note 9411,"a,b,c",false
9412,User 9412,user9412@example.com,Москва,8244.12,plain note 9412,solo,true
9413,User 9413,user9413@example.com,東京,8281.13,plain note 9413,solo,false
9414,User 9414,user9414@example.com,Paris,8318.14,plain note 9414,"a,b,c",true
9415,User 9415,user9415@example.com,Lima,8355.15,"said ""hi"", then left",solo,false
9416,User 9416,user9416@example.com,Amsterdam,8392.16,"line one
line two",solo,true
9417,User 9417,user9417@example.com,Bratislava,8429.17,plain note 9417,"a,b,c",false
9418,User 9418,user9418@example.com,Zürich,8466.18,plain note 9418,solo,true
9419,User 9419,user9419@example.com,København,8503.19,plain note 9419,solo,false
9420,User 9420,user9420@example.com,Москва,8540.20,plain note 9420,"a,b,c",true
9421,User 9421,user9421@example.com,東京,8577.21,plain note 9421,solo,false
9422,User 9422,user9422@example.com,Paris,8614.22,"said ""hi"", then left",solo,true
9423,User 9423,user9423@example.com,Lima,8651.23,plain note 9423,"a,b,c",false
9424,User 9424,user9424@example.com,Amsterdam,8688.24,plain note 9424,solo,true
9425,User 9425,user9425@example.com,Bratislava,8725.25,plain note 9425,solo,false
9426,User 9426,user9426@example.com,Zürich,8762.26,plain note 9426,"a,b,c",true
9427,User 9427,user9427@example.com,København,8799.27,"line one
line two",solo,false
9428,User 9428,user9428@example.com,Москва,8836.28,plain note 9428,solo,true
9429,User 9429,user9429@example.com,東京,8873.29,"said ""hi"", then left","a,b,c",false
9430,User 9430,user9430@example.com,Paris,8910.30,plain note 9430,solo,true
9431,User 9431,user9431@example.com,Lima,8947.31,plain note 9431,solo,false
9432,User 9432,user9432@example.com,Amsterdam,8984.32,plain note 9432,"a,b,c",true
9433,User 9433,user9433@example.com,Bratislava,9021.33,plain note 9433,solo,false
9434,User 9434,user9434@example.com,Zürich,9058.34,plain note 9434,solo,true
9435,User 9435,user9435@example.com,København,9095.35,plain note 9435,"a,b,c",false
9436,User 9436,user9436@example.com,Москва,9132.36,"said ""hi"", then left",solo,true
9437,User 9437,user9437@example.com,東京,9169.37,plain note 9437,solo,false
9438,User 9438,user9438@example.com,Paris,9206.38,"line one
line two","a,b,c",true
9439,User 9439,user9439@example.com,Lima,9243.39,plain note 9439,solo,false
9440,User 9440,user9440@example.com,Amsterdam,9280.40,plain note 9440,solo,true
9441,User 9441,user9441@example.com,Bratislava,9317.41,plain note 9441,"a,b,c",false
9442,User 9442,user9442@example.com,Zürich,9354.42,plain note 9442,solo,true
9443,User 9443,user9443@example.com,København,9391.43,"said ""hi"", then left",solo,false
9444,User 9444,user9444@example.com,Москва,9428.44,plain note 9444,"a,b,c",true
9445,User 9445,user9445@example.com,東京,9465.45,plain note 9445,solo,false
9446,User 9446,user9446@example.com,Paris,9502.46,plain note 9446,solo,true
9447,User 9447,user9447@example.com,Lima,9539.47,plain note 9447,"a,b,c",false
9448,User 9448,user9448@example.com,Amsterdam,9576.48,plain note 9448,solo,true
9449,User 9449,user9449@example.com,Bratislava,9613.49,"line one
line two",solo,false
9450,User 9450,user9450@example.com,Zürich,9650.50,"said ""hi"", then left","a,b,c",true
9451,User 9451,user9451@example.com,København,9687.51,plain note 9451,solo,false
9452,User 9452,user9452@example.com,Москва,9724.52,plain note 9452,solo,true
9453,User 9453,user9453@example.com,東京,9761.53,plain note 9453,"a,b,c",false
9454,User 9454,user9454@example.com,Paris,9798.54,plain note 9454,solo,true
9455,User 9455,user9455@example.com,Lima,9835.55,plain note 9455,solo,false
9456,User 9456,user9456@example.com,Amsterdam,9872.56,plain note 9456,"a,b,c",true
9457,User 9457,user9457@example.com,Bratislava,9909.57,"said ""hi"", then left",solo,false
9458,User 9458,user9458@example.com,Zürich,9946.58,plain note 9458,solo,true
9459,User 9459,user9459@example.com,København,9983.59,plain note 9459,"a,b,c",false
9460,User 9460,user9460@example.com,Москва,20.60,"line one
line two",solo,true
9461,User 9461,user9461@example.com,東京,57.61,plain note 9461,solo,false
9462,User 9462,user9462@example.com,Paris,94.62,plain note 9462,"a,b,c",true
9463,User 9463,user9463@example.com,Lima,131.63,plain note 9463,solo,false
9464,User 9464,user9464@example.com,Amsterdam,168.64,"said ""hi"", then left",solo,true
9465,User 9465,user9465@example.com,Bratislava,205.65,plain note 9465,"a,b,c",false
9466,User 9466,user9466@example.com,Zürich,242.66,plain note 9466,solo,true
9467,User 9467,user9467@example.com,København,279.67,plain note 9467,solo,false
9468,User 9468,user9468@example.com,Москва,316.68,plain note 9468,"a,b,c",true
9469,User 9469,user9469@example.com,東京,353.69,plain note 9469,solo,false
9470,User 9470,user9470@example.com,Paris,390.70,plain note 9470,solo,true
9471,User 9471,user9471@example.com,Lima,427.71,"said ""hi"", then left","a,b,c",false
9472,User 9472,user9472@example.com,Amsterdam,464.72,plain note 9472,solo,true
9473,User 9473,user9473@example.com,Bratislava,501.73,plain note 9473,solo,false
9474,User 9474,user9474@example.com,Zürich,538.74,plain note 9474,"a,b,c",true
9475,User 9475,user9475@example.com,København,575.75,plain note 9475,solo,false
9476,User 9476,user9476@example.com,Москва,612.76,plain note 9476,solo,true
9477,User 9477,user9477@example.com,東京,649.77,plain note 9477,"a,b,c",false
9478,User 9478,user9478@example.com,Paris,686.78,"said ""hi"", then left",solo,true
9479,User 9479,user9479@example.com,Lima,723.79,plain note 9479,solo,false
9480,User 9480,user9480@example.com,Amsterdam,760.80,plain note 9480,"a,b,c",true
9481,User 9481,user9481@example.com,Bratislava,797.81,plain note 9481,solo,false
9482,User 9482,user9482@example.com,Zürich,834.82,"line one
line two",solo,true
9483,User 9483,user9483@example.com,København,871.83,plain note 9483,"a,b,c",false
9484,User 9484,user9484@example.com,Москва,908.84,plain note 9484,solo,true
9485,User 9485,user9485@example.com,東京,945.85,"said ""hi"", then left",solo,false
9486,User 9486,user9486@example.com,Paris,982.86,plain note 9486,"a,b,c",true
9487,User 9487,user9487@example.com,Lima,1019.87,plain note 9487,solo,false
9488,User 9488,user9488@example.com,Amsterdam,1056.88,plain note 9488,solo,true
9489,User 9489,user9489@example.com,Bratislava,1093.89,plain note 9489,"a,b,c",false
9490,User 9490,user9490@example.com,Zürich,1130.90,plain note 9490,solo,true
9491,User 9491,user9491@example.com,København,1167.91,plain note 9491,solo,false
9492,User 9492,user9492@example.com,Москва,1204.92,"said ""hi"", then left","a,b,c",true
9493,User 9493,user9493@example.com,東京,1241.93,"line one
line two",solo,false
9494,User 9494,user9494@example.com,Paris,1278.94,plain note 9494,solo,true
9495,User 9495,user9495@example.com,Lima,1315.95,plain note 9495,"a,b,c",false
9496,User 9496,user9496@example.com,Amsterdam,1352.96,plain note 9496,solo,true
9497,User 9497,user9497@example.com,Bratislava,1389.97,plain note 9497,solo,false
9498,User 9498,user9498@example.com,Zürich,1426.98,plain note 9498,"a,b,c",true
9499,User 9499,user9499@example.com,København,1463.99,"said ""hi"", then left",solo,false
9500,User 9500,user9500@example.com,Москва,1500.0,plain note 9500,solo,true
9501,User 9501,user9501@example.com,東京,1537.1,plain note 9501,"a,b,c",false
9502,User 9502,user9502@example.com,Paris,1574.2,plain note 9502,solo,true
9503,User 9503,user9503@example.com,Lima,1611.3,plain note 9503,solo,false
9504,User 9504,user9504@example.com,Amsterdam,1648.4,"line one
line two","a,b,c",true
9505,User 9505,user9505@example.com,Bratislava,1685.5,plain note 9505,solo,false
9506,User 9506,user9506@example.com,Zürich,1722.6,"said ""hi"", then left",solo,true
9507,User 9507,user9507@example.com,København,1759.7,plain note 9507,"a,b,c",false
9508,User 9508,user9508@example.com,Москва,1796.8,plain note 9508,solo,true
9509,User 9509,user9509@example.com,東京,1833.9,plain note 9509,solo,false
9510,User 9510,user9510@example.com,Paris,1870.10,plain note 9510,"a,b,c",true
9511,User 9511,user9511@example.com,Lima,1907.11,plain note 9511,solo,false
9512,User 9512,user9512@example.com,Amsterdam,1944.12,plain note 9512,solo,true
9513,User 9513,user9513@example.com,Bratislava,1981.13,"said ""hi"", then left","a,b,c",false
9514,User 9514,user9514@example.com,Zürich,2018.14,plain note 9514,solo,true
9515,User 9515,user9515@example.com,København,2055.15,"line one
line two",solo,false
9516,User 9516,user9516@example.com,Москва,2092.16,plain note 9516,"a,b,c",true
9517,User 9517,user9517@example.com,東京,2129.17,plain note 9517,solo,false
9518,User 9518,user9518@example.com,Paris,2166.18,plain note 9518,solo,true
9519,User 9519,user9519@example.com,Lima,2203.19,plain note 9519,"a,b,c",false
9520,User 9520,user9520@example.com,Amsterdam,2240.20,"said ""hi"", then left",solo,true
9521,User 9521,user9521@example.com,Bratislava,2277.21,plain note 9521,solo,false
9522,User 9522,user9522@example.com,Zürich,2314.22,plain note 9522,"a,b,c",true
9523,User 9523,user9523@example.com,København,2351.23,plain note 9523,solo,false
9524,User 9524,user9524@example.com,Москва,2388.24,plain note 9524,solo,true
9525,User 9525,user9525@example.com,東京,2425.25,plain note 9525,"a,b,c",false
9526,User 9526,user9526@example.com,Paris,2462.26,"line one
line two",solo,true
9527,User 9527,user9527@example.com,Lima,2499.27,"said ""hi"", then left",solo,false
9528,User 9528,user9528@example.com,Amsterdam,2536.28,plain note 9528,"a,b,c",true
9529,User 9529,user9529@example.com,Bratislava,2573.29,plain note 9529,solo,false
9530,User 9530,user9530@example.com,Zürich,2610.30,plain note 9530,solo,true
9531,User 9531,user9531@example.com,København,2647.31,plain note 9531,"a,b,c",false
9532,User 9532,user9532@example.com,Москва,2684.32,plain note 9532,solo,true
9533,User 9533,user9533@example.com,東京,2721.33,plain note 9533,solo,false
9534,User 9534,user9534@example.com,Paris,2758.34,"said ""hi"", then left","a,b,c",true
9535,User 9535,user9535@example.com,Lima,2795.35,plain note 9535,solo,false
9536,User 9536,user9536@example.com,Amsterdam,2832.36,plain note 9536,solo,true
9537,User 9537,user9537@example.com,Bratislava,2869.37,"line one
line two","a,b,c",false
9538,User 9538,user9538@example.com,Zürich,2906.38,plain note 9538,solo,true
9539,User 9539,user9539@example.com,København,2943.39,plain note 9539,solo,false
9540,User 9540,user9540@example.com,Москва,2980.40,plain note 9540,"a,b,c",true
9541,User 9541,user9541@example.com,東京,3017.41,"said ""hi"", then left",solo,false
9542,User 9542,user9542@example.com,Paris,3054.42,plain note 9542,solo,true
9543,User 9543,user9543@example.com,Lima,3091.43,plain note 9543,"a,b,c",false
9544,User 9544,user9544@example.com,Amsterdam,3128.44,plain note 9544,solo,true
9545,User 9545,user9545@example.com,Bratislava,3165.45,plain note 9545,solo,false
9546,User 9546,user9546@example.com,Zürich,3202.46,plain note 9546,"a,b,c",true
9547,User 9547,user9547@example.com,København,3239.47,plain note 9547,solo,false
9548,User 9548,user9548@example.com,Москва,3276.48,"said ""hi"", then left",solo,true
9549,User 9549,user9549@example.com,東京,3313.49,plain note 9549,"a,b,c",false
9550,User 9550,user9550@example.com,Paris,3350.50,plain note 9550,solo,true
9551,User 9551,user9551@example.com,Lima,3387.51,plain note 9551,solo,false
9552,User 9552,user9552@example.com,Amsterdam,3424.52,plain note 9552,"a,b,c",true
9553,User 9553,user9553@example.com,Bratislava,3461.53,plain note 9553,solo,false
9554,User 9554,user9554@example.com,Zürich,3498.54,plain note 9554,solo,true
9555,User 9555,user9555@example.com,København,3535.55,"said ""hi"", then left","a,b,c",false
9556,User 9556,user9556@example.com,Москва,3572.56,plain note 9556,solo,true
9557,User 9557,user9557@example.com,東京,3609.57,plain note 9557,solo,false
9558,User 9558,user9558@example.com,Paris,3646.58,plain note 9558,"a,b,c",true
9559,User 9559,user9559@example.com,Lima,3683.59,"line one
line two",solo,false
9560,User 9560,user9560@example.com,Amsterdam,3720.60,plain note 9560,solo,true
9561,User 9561,user9561@example.com,Bratislava,3757.61,plain note 9561,"a,b,c",false
9562,User 9562,user9562@example.com,Zürich,3794.62,"said ""hi"", then left",solo,true
9563,User 9563,user9563@example.com,København,3831.63,plain note 9563,solo,false
9564,User 9564,user9564@example.com,Москва,3868.64,plain note 9564,"a,b,c",true
9565,User 9565,user9565@example.com,東京,3905.65,plain note 9565,solo,false
9566,User 9566,user9566@example.com,Paris,3942.66,plain note 9566,solo,true
9567,User 9567,user9567@example.com,Lima,3979.67,plain note 9567,"a,b,c",false
9568,User 9568,user9568@example.com,Amsterdam,4016.68,plain note 9568,solo,true
9569,User 9569,user9569@example.com,Bratislava,4053.69,"said ""hi"", then left",solo,false
9570,User 9570,user9570@example.com,Zürich,4090.70,"line one
line two","a,b,c",true
9571,User 9571,user9571@example.com,København,4127.71,plain note 9571,solo,false
9572,User 9572,user9572@example.com,Москва,4164.72,plain note 9572,solo,true
9573,User 9573,user9573@example.com,東京,4201.73,plain note 9573,"a,b,c",false
9574,User 9574,user9574@example.com,Paris,4238.74,plain note 9574,solo,true
9575,User 9575,user9575@example.com,Lima,4275.75,plain note 9575,solo,false
9576,User 9576,user9576@example.com,Amsterdam,4312.76,"said ""hi"", then left","a,b,c",true
9577,User 9577,user9577@example.com,Bratislava,4349.77,plain note 9577,solo,false
9578,User 9578,user9578@example.com,Zürich,4386.78,plain note 9578,solo,true
9579,User 9579,user9579@example.com,København,4423.79,plain note 9579,"a,b,c",false
9580,User 9580,user9580@example.com,Москва,4460.80,plain note 9580,solo,true
9581,User 9581,user9581@example.com,東京,4497.81,"line one
line two",solo,false
9582,User 9582,user9582@example.com,Paris,4534.82,plain note 9582,"a,b,c",true
9583,User 9583,user9583@example.com,Lima,4571.83,"said ""hi"", then left",solo,false
9584,User 9584,user9584@example.com,Amsterdam,4608.84,plain note 9584,solo,true
9585,User 9585,user9585@example.com,Bratislava,4645.85,plain note 9585,"a,b,c",false
9586,User 9586,user9586@example.com,Zürich,4682.86,plain note 9586,solo,true
9587,User 9587,user9587@example.com,København,4719.87,plain note 9587,solo,false
9588,User 9588,user9588@example.com,Москва,4756.88,plain note 9588,"a,b,c",true
9589,User 9589,user9589@example.com,東京,4793.89,plain note 9589,solo,false
9590,User 9590,user9590@example.com,Paris,4830.90,"said ""hi"", then left",solo,true
9591,User 9591,user9591@example.com,Lima,4867.91,plain note 9591,"a,b,c",false
9592,User 9592,user9592@example.com,Amsterdam,4904.92,"line one
line two",solo,true
9593,User 9593,user9593@example.com,Bratislava,4941.93,plain note 9593,solo,false
9594,User 9594,user9594@example.com,Zürich,4978.94,plain note 9594,"a,b,c",true
9595,User 9595,user9595@example.com,København,5015.95,plain note 9595,solo,false
9596,User 9596,user9596@example.com,Москва,5052.96,plain note 9596,solo,true
9597,User 9597,user9597@example.com,東京,5089.97,"said ""hi"", then left","a,b,c",false
9598,User 9598,user9598@example.com,Paris,5126.98,plain note 9598,solo,true
9599,User 9599,user9599@example.com,Lima,5163.99,plain note 9599,solo,false
9600,User 9600,user9600@example.com,Amsterdam,5200.0,plain note 9600,"a,b,c",true
9601,User 9601,user9601@example.com,Bratislava,5237.1,plain note 9601,solo,false
9602,User 9602,user9602@example.com,Zürich,5274.2,plain note 9602,solo,true
9603,User 9603,user9603@example.com,København,5311.3,"line one
line two","a,b,c",false
9604,User 9604,user9604@example.com,Москва,5348.4,"said ""hi"", then left",solo,true
9605,User 9605,user9605@example.com,東京,5385.5,plain note 9605,solo,false
9606,User 9606,user9606@example.com,Paris,5422.6,plain note 9606,"a,b,c",true
9607,User 9607,user9607@example.com,Lima,5459.7,plain note 9607,solo,false
9608,User 9608,user9608@example.com,Amsterdam,5496.8,plain note 9608,solo,true
9609,User 9609,user9609@example.com,Bratislava,5533.9,plain note 9609,"a,b,c",false
9610,User 9610,user9610@example.com,Zürich,5570.10,plain note 9610,solo,true
9611,User 9611,user9611@example.com,København,5607.11,"said ""hi"", then left",solo,false
9612,User 9612,user9612@example.com,Москва,5644.12,plain note 9612,"a,b,c",true
9613,User 9613,user9613@example.com,東京,5681.13,plain note 9613,solo,false
9614,User 9614,user9614@example.com,Paris,5718.14,"line one
line two",solo,true
9615,User 9615,user9615@example.com,Lima,5755.15,plain note 9615,"a,b,c",false
9616,User 9616,user9616@example.com,Amsterdam,5792.16,plain note 9616,solo,true
9617,User 9617,user9617@example.com,Bratislava,5829.17,plain note 9617,solo,false
9618,User 9618,user9618@example.com,Zürich,5866.18,"said ""hi"", then left","a,b,c",true
9619,User 9619,user9619@example.com,København,5903.19,plain note 9619,solo,false
9620,User 9620,user9620@example.com,Москва,5940.20,plain note 9620,solo,true
9621,User 9621,user9621@example.com,東京,5977.21,plain note 9621,"a,b,c",false
9622,User 9622,user9622@example.com,Paris,6014.22,plain note 9622,solo,true
9623,User 9623,user9623@example.com,Lima,6051.23,plain note 9623,solo,false
9624,User 9624,user9624@example.com,Amsterdam,6088.24,plain note 9624,"a,b,c",true
9625,User 9625,user9625@example.com,Bratislava,6125.25,"said ""hi"", then left",solo,false
9626,User 9626,user9626@example.com,Zürich,6162.26,plain note 9626,solo,true
9627,User 9627,user9627@example.com,København,6199.27,plain note 9627,"a,b,c",false
9628,User 9628,user9628@example.com,Москва,6236.28,plain note 9628,solo,true
9629,User 9629,user9629@example.com,東京,6273.29,plain note 9629,solo,false
9630,User 9630,user9630@example.com,Paris,6310.30,plain note 9630,"a,b,c",true
9631,User 9631,user9631@example.com,Lima,6347.31,plain note 9631,solo,false
9632,User 9632,user9632@example.com,Amsterdam,6384.32,"said ""hi"", then left",solo,true
9633,User 9633,user9633@example.com,Bratislava,6421.33,plain note 9633,"a,b,c",false
9634,User 9634,user9634@example.com,Zürich,6458.34,plain note 9634,solo,true
9635,User 9635,user9635@example.com,København,6495.35,plain note 9635,solo,false
9636,User 9636,user9636@example.com,Москва,6532.36,"line one
line two","a,b,c",true
9637,User 9637,user9637@example.com,東京,6569.37,plain note 9637,solo,false
9638,User 9638,user9638@example.com,Paris,6606.38,plain note 9638,solo,true
9639,User 9639,user9639@example.com,Lima,6643.39,"said ""hi"", then left","a,b,c",false
9640,User 9640,user9640@example.com,Amsterdam,6680.40,plain note 9640,solo,true
9641,User 9641,user9641@example.com,Bratislava,6717.41,plain note 9641,solo,false
9642,User 9642,user9642@example.com,Zürich,6754.42,plain note 9642,"a,b,c",true
9643,User 9643,user9643@example.com,København,6791.43,plain note 9643,solo,false
9644,User 9644,user9644@example.com,Москва,6828.44,plain note 9644,solo,true
9645,User 9645,user9645@example.com,東京,6865.45,plain note 9645,"a,b,c",false
9646,User 9646,user9646@example.com,Paris,6902.46,"said ""hi"", then left",solo,true
9647,User 9647,user9647@example.com,Lima,6939.47,"line one
line two",solo,false
9648,User 9648,user9648@example.com,Amsterdam,6976.48,plain note 9648,"a,b,c",true
9649,User 9649,user9649@example.com,Bratislava,7013.49,plain note 9649,solo,false
9650,User 9650,user9650@example.com,Zürich,7050.50,plain note 9650,solo,true
9651,User 9651,user9651@example.com,København,7087.51,plain note 9651,"a,b,c",false
9652,User 9652,user9652@example.com,Москва,7124.52,plain note 9652,solo,true
9653,User 9653,user9653@example.com,東京,7161.53,"said ""hi"", then left",solo,false
9654,User 9654,user9654@example.com,Paris,7198.54,plain note 9654,"a,b,c",true
9655,User 9655,user9655@example.com,Lima,7235.55,plain note 9655,solo,false
9656,User 9656,user9656@example.com,Amsterdam,7272.56,plain note 9656,solo,true
9657,User 9657,user9657@example.com,Bratislava,7309.57,plain note 9657,"a,b,c",false
9658,User 9658,user9658@example.com,Zürich,7346.58,"line one
line two",solo,true
9659,User 9659,user9659@example.com,København,7383.59,plain note 9659,solo,false
9660,User 9660,user9660@example.com,Москва,7420.60,"said ""hi"", then left","a,b,c",true
9661,User 9661,user9661@example.com,東京,7457.61,plain note 9661,solo,false
9662,User 9662,user9662@example.com,Paris,7494.62,plain note 9662,solo,true
9663,User 9663,user9663@example.com,Lima,7531.63,plain note 9663,"a,b,c",false
9664,User 9664,user9664@example.com,Amsterdam,7568.64,plain note 9664,solo,true
9665,User 9665,user9665@example.com,Bratislava,7605.65,plain note 9665,solo,false
9666,User 9666,user9666@example.com,Zürich,7642.66,plain note 9666,"a,b,c",true
9667,User 9667,user9667@example.com,København,7679.67,"said ""hi"", then left",solo,false
9668,User 9668,user9668@example.com,Москва,7716.68,plain note 9668,solo,true
9669,User 9669,user9669@example.com,東京,7753.69,"line one
line two","a,b,c",false
9670,User 9670,user9670@example.com,Paris,7790.70,plain note 9670,solo,true
9671,User 9671,user9671@example.com,Lima,7827.71,plain note 9671,solo,false
9672,User 9672,user9672@example.com,Amsterdam,7864.72,plain note 9672,"a,b,c",true
9673,User 9673,user9673@example.com,Bratislava,7901.73,plain note 9673,solo,false
9674,User 9674,user9674@example.com,Zürich,7938.74,"said ""hi"", then left",solo,true
9675,User 9675,user9675@example.com,København,7975.75,plain note 9675,"a,b,c",false
9676,User 9676,user9676@example.com,Москва,8012.76,plain note 9676,solo,true
9677,User 9677,user9677@example.com,東京,8049.77,plain note 9677,solo,false
9678,User 9678,user9678@example.com,Paris,8086.78,plain note 9678,"a,b,c",true
9679,User 9679,user9679@example.com,Lima,8123.79,plain note 9679,solo,false
9680,User 9680,user9680@example.com,Amsterdam,8160.80,"line one
line two",solo,true
9681,User 9681,user9681@example.com,Bratislava,8197.81,"said ""hi"", then left","a,b,c",false
9682,User 9682,user9682@example.com,Zürich,8234.82,plain note 9682,solo,true
9683,User 9683,user9683@example.com,København,8271.83,plain note 9683,solo,false
9684,User 9684,user9684@example.com,Москва,8308.84,plain note 9684,"a,b,c",true
9685,User 9685,user9685@example.com,東京,8345.85,plain note 9685,solo,false
9686,User 9686,user9686@example.com,Paris,8382.86,plain note 9686,solo,true
9687,User 9687,user9687@example.com,Lima,8419.87,plain note 9687,"a,b,c",false
9688,User 9688,user9688@example.com,Amsterdam,8456.88,"said ""hi"", then left",solo,true
9689,User 9689,user9689@example.com,Bratislava,8493.89,plain note 9689,solo,false
9690,User 9690,user9690@example.com,Zürich,8530.90,plain note 9690,"a,b,c",true
9691,User 9691,user9691@example.com,København,8567.91,"line one
line two",solo,false
9692,User 9692,user9692@example.com,Москва,8604.92,plain note 9692,solo,true
9693,User 9693,user9693@example.com,東京,8641.93,plain note 9693,"a,b,c",false
9694,User 9694,user9694@example.com,Paris,8678.94,plain note 9694,solo,true
9695,User 9695,user9695@example.com,Lima,8715.95,"said ""hi"", then left",solo,false
9696,User 9696,user9696@example.com,Amsterdam,8752.96,plain note 9696,"a,b,c",true
9697,User 9697,user9697@example.com,Bratislava,8789.97,plain note 9697,solo,false
9698,User 9698,user9698@example.com,Zürich,8826.98,plain note 9698,solo,true
9699,User 9699,user9699@example.com,København,8863.99,plain note 9699,"a,b,c",false
9700,User 9700,user9700@example.com,Москва,8900.0,plain note 9700,solo,true
9701,User 9701,user9701@example.com,東京,8937.1,plain note 9701,solo,false
9702,User 9702,user9702@example.com,Paris,8974.2,"said ""hi"", then left","a,b,c",true
9703,User 9703,user9703@example.com,Lima,9011.3,plain note 9703,solo,false
9704,User 9704,user9704@example.com,Amsterdam,9048.4,plain note 9704,solo,true
9705,User 9705,user9705@example.com,Bratislava,9085.5,plain note 9705,"a,b,c",false
9706,User 9706,user9706@example.com,Zürich,9122.6,plain note 9706,solo,true
9707,User 9707,user9707@example.com,København,9159.7,plain note 9707,solo,false
9708,User 9708,user9708@example.com,Москва,9196.8,plain note 9708,"a,b,c",true
9709,User 9709,user9709@example.com,東京,9233.9,"said ""hi"", then left",solo,false
9710,User 9710,user9710@example.com,Paris,9270.10,plain note 9710,solo,true
9711,User 9711,user9711@example.com,Lima,9307.11,plain note 9711,"a,b,c",false
9712,User 9712,user9712@example.com,Amsterdam,9344.12,plain note 9712,solo,true
9713,User 9713,user9713@example.com,Bratislava,9381.13,"line one
line two",solo,false
9714,User 9714,user9714@example.com,Zürich,9418.14,plain note 9714,"a,b,c",true
9715,User 9715,user9715@example.com,København,9455.15,plain note 9715,solo,false
9716,User 9716,user9716@example.com,Москва,9492.16,"said ""hi"", then left",solo,true
9717,User 9717,user9717@example.com,東京,9529.17,plain note 9717,"a,b,c",false
9718,User 9718,user9718@example.com,Paris,9566.18,plain note 9718,solo,true
9719,User 9719,user9719@example.com,Lima,9603.19,plain note 9719,solo,false
9720,User 9720,user9720@example.com,Amsterdam,9640.20,plain note 9720,"a,b,c",true
9721,User 9721,user9721@example.com,Bratislava,9677.21,plain note 9721,solo,false
9722,User 9722,user9722@example.com,Zürich,9714.22,plain note 9722,solo,true
9723,User 9723,user9723@example.com,København,9751.23,"said ""hi"", then left","a,b,c",false
9724,User 9724,user9724@example.com,Москва,9788.24,"line one
line two",solo,true
9725,User 9725,user9725@example.com,東京,9825.25,plain note 9725,solo,false
9726,User 9726,user9726@example.com,Paris,9862.26,plain note 9726,"a,b,c",true
9727,User 9727,user9727@example.com,Lima,9899.27,plain note 9727,solo,false
9728,User 9728,user9728@example.com,Amsterdam,9936.28,plain note 9728,solo,true
9729,User 9729,user9729@example.com,Bratislava,9973.29,plain note 9729,"a,b,c",false
9730,User 9730,user9730@example.com,Zürich,10.30,"said ""hi"", then left",solo,true
9731,User 9731,user9731@example.com,København,47.31,plain note 9731,solo,false
9732,User 9732,user9732@example.com,Москва,84.32,plain note 9732,"a,b,c",true
9733,User 9733,user9733@example.com,東京,121.33,plain note 9733,solo,false
9734,User 9734,user9734@example.com,Paris,158.34,plain note 9734,solo,true
9735,User 9735,user9735@example.com,Lima,195.35,"line one
line two","a,b,c",false
9736,User 9736,user9736@example.com,Amsterdam,232.36,plain note 9736,solo,true
9737,User 9737,user9737@example.com,Bratislava,269.37,"said ""hi"", then left",solo,false
9738,User 9738,user9738@example.com,Zürich,306.38,plain note 9738,"a,b,c",true
9739,User 9739,user9739@example.com,København,343.39,plain note 9739,solo,false
9740,User 9740,user9740@example.com,Москва,380.40,plain note 9740,solo,true
9741,User 9741,user9741@example.com,東京,417.41,plain note 9741,"a,b,c",false
9742,User 9742,user9742@example.com,Paris,454.42,plain note 9742,solo,true
9743,User 9743,user9743@example.com,Lima,491.43,plain note 9743,solo,false
9744,User 9744,user9744@example.com,Amsterdam,528.44,"said ""hi"", then left","a,b,c",true
9745,User 9745,user9745@example.com,Bratislava,565.45,plain note 9745,solo,false
9746,User 9746,user9746@example.com,Zürich,602.46,"line one
line two",solo,true
9747,User 9747,user9747@example.com,København,639.47,plain note 9747,"a,b,c",false
9748,User 9748,user9748@example.com,Москва,676.48,plain note 9748,solo,true
9749,User 9749,user9749@example.com,東京,713.49,plain note 9749,solo,false
9750,User 9750,user9750@example.com,Paris,750.50,plain note 9750,"a,b,c",true
9751,User 9751,user9751@example.com,Lima,787.51,"said ""hi"", then left",solo,false
9752,User 9752,user9752@example.com,Amsterdam,824.52,plain note 9752,solo,true
9753,User 9753,user9753@example.com,Bratislava,861.53,plain note 9753,"a,b,c",false
9754,User 9754,user9754@example.com,Zürich,898.54,plain note 9754,solo,true
9755,User 9755,user9755@example.com,København,935.55,plain note 9755,solo,false
9756,User 9756,user9756@example.com,Москва,972.56,plain note 9756,"a,b,c",true
9757,User 9757,user9757@example.com,東京,1009.57,"line one
line two",solo,false
9758,User 9758,user9758@example.com,Paris,1046.58,"said ""hi"", then left",solo,true
9759,User 9759,user9759@example.com,Lima,1083.59,plain note 9759,"a,b,c",false
9760,User 9760,user9760@example.com,Amsterdam,1120.60,plain note 9760,solo,true
9761,User 9761,user9761@example.com,Bratislava,1157.61,plain note 9761,solo,false
9762,User 9762,user9762@example.com,Zürich,1194.62,plain note 9762,"a,b,c",true
9763,User 9763,user9763@example.com,København,1231.63,plain note 9763,solo,false
9764,User 9764,user9764@example.com,Москва,1268.64,plain note 9764,solo,true
9765,User 9765,user9765@example.com,東京,1305.65,"said ""hi"", then left","a,b,c",false
9766,User 9766,user9766@example.com,Paris,1342.66,plain note 9766,solo,true
9767,User 9767,user9767@example.com,Lima,1379.67,plain note 9767,solo,false
9768,User 9768,user9768@example.com,Amsterdam,1416.68,"line one
line two","a,b,c",true
9769,User 9769,user9769@example.com,Bratislava,1453.69,plain note 9769,solo,false
9770,User 9770,user9770@example.com,Zürich,1490.70,plain note 9770,solo,true
9771,User 9771,user9771@example.com,København,1527.71,plain note 9771,"a,b,c",false
9772,User 9772,user9772@example.com,Москва,1564.72,"said ""hi"", then left",solo,true
9773,User 9773,user9773@example.com,東京,1601.73,plain note 9773,solo,false
9774,User 9774,user9774@example.com,Paris,1638.74,plain note 9774,"a,b,c",true
9775,User 9775,user9775@example.com,Lima,1675.75,plain note 9775,solo,false
9776,User 9776,user9776@example.com,Amsterdam,1712.76,plain note 9776,solo,true
9777,User 9777,user9777@example.com,Bratislava,1749.77,plain note 9777,"a,b,c",false
9778,User 9778,user9778@example.com,Zürich,1786.78,plain note 9778,solo,true
9779,User 9779,user9779@example.com,København,1823.79,"said ""hi"", then left",solo,false
9780,User 9780,user9780@example.com,Москва,1860.80,plain note 9780,"a,b,c",true
9781,User 9781,user9781@example.com,東京,1897.81,plain note 9781,solo,false
9782,User 9782,user9782@example.com,Paris,1934.82,plain note 9782,solo,true
9783,User 9783,user9783@example.com,Lima,1971.83,plain note 9783,"a,b,c",false
9784,User 9784,user9784@example.com,Amsterdam,2008.84,plain note 9784,solo,true
9785,User 9785,user9785@example.com,Bratislava,2045.85,plain note 9785,solo,false
9786,User 9786,user9786@example.com,Zürich,2082.86,"said ""hi"", then left","a,b,c",true
9787,User 9787,user9787@example.com,København,2119.87,plain note 9787,solo,false
9788,User 9788,user9788@example.com,Москва,2156.88,plain note 9788,solo,true
9789,User 9789,user9789@example.com,東京,2193.89,plain note 9789,"a,b,c",false
9790,User 9790,user9790@example.com,Paris,2230.90,"line one
line two",solo,true
9791,User 9791,user9791@example.com,Lima,2267.91,plain note 9791,solo,false
9792,User 9792,user9792@example.com,Amsterdam,2304.92,plain note 9792,"a,b,c",true
9793,User 9793,user9793@example.com,Bratislava,2341.93,"said ""hi"", then left",solo,false
9794,User 9794,user9794@example.com,Zürich,2378.94,plain note 9794,solo,true
9795,User 9795,user9795@example.com,København,2415.95,plain note 9795,"a,b,c",false
9796,User 9796,user9796@example.com,Москва,2452.96,plain note 9796,solo,true
9797,User 9797,user9797@example.com,東京,2489.97,plain note 9797,solo,false
9798,User 9798,user9798@example.com,Paris,2526.98,plain note 9798,"a,b,c",true
9799,User 9799,user9799@example.com,Lima,2563.99,plain note 9799,solo,false
9800,User 9800,user9800@example.com,Amsterdam,2600.0,"said ""hi"", then left",solo,true
9801,User 9801,user9801@example.com,Bratislava,2637.1,"line one
line two","a,b,c",false
9802,User 9802,user9802@example.com,Zürich,2674.2,plain note 9802,solo,true
9803,User 9803,user9803@example.com,København,2711.3,plain note 9803,solo,false
9804,User 9804,user9804@example.com,Москва,2748.4,plain note 9804,"a,b,c",true
9805,User 9805,user9805@example.com,東京,2785.5,plain note 9805,solo,false
9806,User 9806,user9806@example.com,Paris,2822.6,plain note 9806,solo,true
9807,User 9807,user9807@example.com,Lima,2859.7,"said ""hi"", then left","a,b,c",false
9808,User 9808,user9808@example.com,Amsterdam,2896.8,plain note 9808,solo,true
9809,User 9809,user9809@example.com,Bratislava,2933.9,plain note 9809,solo,false
9810,User 9810,user9810@example.com,Zürich,2970.10,plain note 9810,"a,b,c",true
9811,User 9811,user9811@example.com,København,3007.11,plain note 9811,solo,false
9812,User 9812,user9812@example.com,Москва,3044.12,"line one
line two",solo,true
9813,User 9813,user9813@example.com,東京,3081.13,plain note 9813,"a,b,c",false
9814,User 9814,user9814@example.com,Paris,3118.14,"said ""hi"", then left",solo,true
9815,User 9815,user9815@example.com,Lima,3155.15,plain note 9815,solo,false
9816,User 9816,user9816@example.com,Amsterdam,3192.16,plain note 9816,"a,b,c",true
9817,User 9817,user9817@example.com,Bratislava,3229.17,plain note 9817,solo,false
9818,User 9818,user9818@example.com,Zürich,3266.18,plain note 9818,solo,true
9819,User 9819,user9819@example.com,København,3303.19,plain note 9819,"a,b,c",false
9820,User 9820,user9820@example.com,Москва,3340.20,plain note 9820,solo,true
9821,User 9821,user9821@example.com,東京,3377.21,"said ""hi"", then left",solo,false
9822,User 9822,user9822@example.com,Paris,3414.22,plain note 9822,"a,b,c",true
9823,User 9823,user9823@example.com,Lima,3451.23,"line one
line two",solo,false
9824,User 9824,user9824@example.com,Amsterdam,3488.24,plain note 9824,solo,true
9825,User 9825,user9825@example.com,Bratislava,3525.25,plain note 9825,"a,b,c",false
9826,User 9826,user9826@example.com,Zürich,3562.26,plain note 9826,solo,true
9827,User 9827,user9827@example.com,København,3599.27,plain note 9827,solo,false
9828,User 9828,user9828@example.com,Москва,3636.28,"said ""hi"", then left","a,b,c",true
9829,User 9829,user9829@example.com,東京,3673.29,plain note 9829,solo,false
9830,User 9830,user9830@example.com,Paris,3710.30,plain note 9830,solo,true
9831,User 9831,user9831@example.com,Lima,3747.31,plain note 9831,"a,b,c",false
9832,User 9832,user9832@example.com,Amsterdam,3784.32,plain note 9832,solo,true
9833,User 9833,user9833@example.com,Bratislava,3821.33,plain note 9833,solo,false
9834,User 9834,user9834@example.com,Zürich,3858.34,"line one
line two","a,b,c",true
9835,User 9835,user9835@example.com,København,3895.35,"said ""hi"", then left",solo,false
9836,User 9836,user9836@example.com,Москва,3932.36,plain note 9836,solo,true
9837,User 9837,user9837@example.com,東京,3969.37,plain note 9837,"a,b,c",false
9838,User 9838,user9838@example.com,Paris,4006.38,plain note 9838,solo,true
9839,User 9839,user9839@example.com,Lima,4043.39,plain note 9839,solo,false
9840,User 9840,user9840@example.com,Amsterdam,4080.40,plain note 9840,"a,b,c",true
9841,User 9841,user9841@example.com,Bratislava,4117.41,plain note 9841,solo,false
9842,User 9842,user9842@example.com,Zürich,4154.42,"said ""hi"", then left",solo,true
9843,User 9843,user9843@example.com,København,4191.43,plain note 9843,"a,b,c",false
9844,User 9844,user9844@example.com,Москва,4228.44,plain note 9844,solo,true
9845,User 9845,user9845@example.com,東京,4265.45,"line one
line two",solo,false
9846,User 9846,user9846@example.com,Paris,4302.46,plain note 9846,"a,b,c",true
9847,User 9847,user9847@example.com,Lima,4339.47,plain note 9847,solo,false
9848,User 9848,user9848@example.com,Amsterdam,4376.48,plain note 9848,solo,true
9849,User 9849,user9849@example.com,Bratislava,4413.49,"said ""hi"", then left","a,b,c",false
9850,User 9850,user9850@example.com,Zürich,4450.50,plain note 9850,solo,true
9851,User 9851,user9851@example.com,København,4487.51,plain note 9851,solo,false
9852,User 9852,user9852@example.com,Москва,4524.52,plain note 9852,"a,b,c",true
9853,User 9853,user9853@example.com,東京,4561.53,plain note 9853,solo,false
9854,User 9854,user9854@example.com,Paris,4598.54,plain note 9854,solo,true
9855,User 9855,user9855@example.com,Lima,4635.55,plain note 9855,"a,b,c",false
9856,User 9856,user9856@example.com,Amsterdam,4672.56,"said ""hi"", then left",solo,true
9857,User 9857,user9857@example.com,Bratislava,4709.57,plain note 9857,solo,false
9858,User 9858,user9858@example.com,Zürich,4746.58,plain note 9858,"a,b,c",true
9859,User 9859,user9859@example.com,København,4783.59,plain note 9859,solo,false
9860,User 9860,user9860@example.com,Москва,4820.60,plain note 9860,solo,true
9861,User 9861,user9861@example.com,東京,4857.61,plain note 9861,"a,b,c",false
9862,User 9862,user9862@example.com,Paris,4894.62,plain note 9862,solo,true
9863,User 9863,user9863@example.com,Lima,4931.63,"said ""hi"", then left",solo,false
9864,User 9864,user9864@example.com,Amsterdam,4968.64,plain note 9864,"a,b,c",true
9865,User 9865,user9865@example.com,Bratislava,5005.65,plain note 9865,solo,false
9866,User 9866,user9866@example.com,Zürich,5042.66,plain note 9866,solo,true
9867,User 9867,user9867@example.com,København,5079.67,"line one
line two","a,b,c",false
9868,User 9868,user9868@example.com,Москва,5116.68,plain note 9868,solo,true
9869,User 9869,user9869@example.com,東京,5153.69,plain note 9869,solo,false
9870,User 9870,user9870@example.com,Paris,5190.70,"said ""hi"", then left","a,b,c",true
9871,User 9871,user9871@example.com,Lima,5227.71,plain note 9871,solo,false
9872,User 9872,user9872@example.com,Amsterdam,5264.72,plain note 9872,solo,true
9873,User 9873,user9873@example.com,Bratislava,5301.73,plain note 9873,"a,b,c",false
9874,User 9874,user9874@example.com,Zürich,5338.74,plain note 9874,solo,true
9875,User 9875,user9875@example.com,København,5375.75,plain note 9875,solo,false
9876,User 9876,user9876@example.com,Москва,5412.76,plain note 9876,"a,b,c",true
9877,User 9877,user9877@example.com,東京,5449.77,"said ""hi"", then left",solo,false
9878,User 9878,user9878@example.com,Paris,5486.78,"line one
line two",solo,true
9879,User 9879,user9879@example.com,Lima,5523.79,plain note 9879,"a,b,c",false
9880,User 9880,user9880@example.com,Amsterdam,5560.80,plain note 9880,solo,true
9881,User 9881,user9881@example.com,Bratislava,5597.81,plain note 9881,solo,false
9882,User 9882,user9882@example.com,Zürich,5634.82,plain note 9882,"a,b,c",true
9883,User 9883,user9883@example.com,København,5671.83,plain note 9883,solo,false
9884,User 9884,user9884@example.com,Москва,5708.84,"said ""hi"", then left",solo,true
9885,User 9885,user9885@example.com,東京,5745.85,plain note 9885,"a,b,c",false
9886,User 9886,user9886@example.com,Paris,5782.86,plain note 9886,solo,true
9887,User 9887,user9887@example.com,Lima,5819.87,plain note 9887,solo,false
9888,User 9888,user9888@example.com,Amsterdam,5856.88,plain note 9888,"a,b,c",true
9889,User 9889,user9889@example.com,Bratislava,5893.89,"line one
line two",solo,false
9890,User 9890,user9890@example.com,Zürich,5930.90,plain note 9890,solo,true
9891,User 9891,user9891@example.com,København,5967.91,"said ""hi"", then left","a,b,c",false
9892,User 9892,user9892@example.com,Москва,6004.92,plain note 9892,solo,true
9893,User 9893,user9893@example.com,東京,6041.93,plain note 9893,solo,false
9894,User 9894,user9894@example.com,Paris,6078.94,plain note 9894,"a,b,c",true
9895,User 9895,user9895@example.com,Lima,6115.95,plain note 9895,solo,false
9896,User 9896,user9896@example.com,Amsterdam,6152.96,plain note 9896,solo,true
9897,User 9897,user9897@example.com,Bratislava,6189.97,plain note 9897,"a,b,c",false
9898,User 9898,user9898@example.com,Zürich,6226.98,"said ""hi"", then left",solo,true
9899,User 9899,user9899@example.com,København,6263.99,plain note 9899,solo,false
9900,User 9900,user9900@example.com,Москва,6300.0,"line one
line two","a,b,c",true
9901,User 9901,user9901@example.com,東京,6337.1,plain note 9901,solo,false
9902,User 9902,user9902@example.com,Paris,6374.2,plain note 9902,solo,true
9903,User 9903,user9903@example.com,Lima,6411.3,plain note 9903,"a,b,c",false
9904,User 9904,user9904@example.com,Amsterdam,6448.4,plain note 9904,solo,true
9905,User 9905,user9905@example.com,Bratislava,6485.5,"said ""hi"", then left",solo,false
9906,User 9906,user9906@example.com,Zürich,6522.6,plain note 9906,"a,b,c",true
9907,User 9907,user9907@example.com,København,6559.7,plain note 9907,solo,false
9908,User 9908,user9908@example.com,Москва,6596.8,plain note 9908,solo,true
9909,User 9909,user9909@example.com,東京,6633.9,plain note 9909,"a,b,c",false
9910,User 9910,user9910@example.com,Paris,6670.10,plain note 9910,solo,true
9911,User 9911,user9911@example.com,Lima,6707.11,"line one
line two",solo,false
9912,User 9912,user9912@example.com,Amsterdam,6744.12,"said ""hi"", then left","a,b,c",true
9913,User 9913,user9913@example.com,Bratislava,6781.13,plain note 9913,solo,false
9914,User 9914,user9914@example.com,Zürich,6818.14,plain note 9914,solo,true
9915,User 9915,user9915@example.com,København,6855.15,plain note 9915,"a,b,c",false
9916,User 9916,user9916@example.com,Москва,6892.16,plain note 9916,solo,true
9917,User 9917,user9917@example.com,東京,6929.17,plain note 9917,solo,false
9918,User 9918,user9918@example.com,Paris,6966.18,plain note 9918,"a,b,c",true
9919,User 9919,user9919@example.com,Lima,7003.19,"said ""hi"", then left",solo,false
9920,User 9920,user9920@example.com,Amsterdam,7040.20,plain note 9920,solo,true
9921,User 9921,user9921@example.com,Bratislava,7077.21,plain note 9921,"a,b,c",false
9922,User 9922,user9922@example.com,Zürich,7114.22,"line one
line two",solo,true
9923,User 9923,user9923@example.com,København,7151.23,plain note 9923,solo,false
9924,User 9924,user9924@example.com,Москва,7188.24,plain note 9924,"a,b,c",true
9925,User 9925,user9925@example.com,東京,7225.25,plain note 9925,solo,false
9926,User 9926,user9926@example.com,Paris,7262.26,"said ""hi"", then left",solo,true
9927,User 9927,user9927@example.com,Lima,7299.27,plain note 9927,"a,b,c",false
9928,User 9928,user9928@example.com,Amsterdam,7336.28,plain note 9928,solo,true
9929,User 9929,user9929@example.com,Bratislava,7373.29,plain note 9929,solo,false
9930,User 9930,user9930@example.com,Zürich,7410.30,plain note 9930,"a,b,c",true
9931,User 9931,user9931@example.com,København,7447.31,plain note 9931,solo,false
9932,User 9932,user9932@example.com,Москва,7484.32,plain note 9932,solo,true
9933,User 9933,user9933@example.com,東京,7521.33,"said ""hi"", then left","a,b,c",false
9934,User 9934,user9934@example.com,Paris,7558.34,plain note 9934,solo,true
9935,User 9935,user9935@example.com,Lima,7595.35,plain note 9935,solo,false
9936,User 9936,user9936@example.com,Amsterdam,7632.36,plain note 9936,"a,b,c",true
9937,User 9937,user9937@example.com,Bratislava,7669.37,plain note 9937,solo,false
9938,User 9938,user9938@example.com,Zürich,7706.38,plain note 9938,solo,true
9939,User 9939,user9939@example.com,København,7743.39,plain note 9939,"a,b,c",false
9940,User 9940,user9940@example.com,Москва,7780.40,"said ""hi"", then left",solo,true
9941,User 9941,user9941@example.com,東京,7817.41,plain note 9941,solo,false
9942,User 9942,user9942@example.com,Paris,7854.42,plain note 9942,"a,b,c",true
9943,User 9943,user9943@example.com,Lima,7891.43,plain note 9943,solo,false
9944,User 9944,user9944@example.com,Amsterdam,7928.44,"line one
line two",solo,true
9945,User 9945,user9945@example.com,Bratislava,7965.45,plain note 9945,"a,b,c",false
9946,User 9946,user9946@example.com,Zürich,8002.46,plain note 9946,solo,true
9947,User 9947,user9947@example.com,København,8039.47,"said ""hi"", then left",solo,false
9948,User 9948,user9948@example.com,Москва,8076.48,plain note 9948,"a,b,c",true
9949,User 9949,user9949@example.com,東京,8113.49,plain note 9949,solo,false
9950,User 9950,user9950@example.com,Paris,8150.50,plain note 9950,solo,true
9951,User 9951,user9951@example.com,Lima,8187.51,plain note 9951,"a,b,c",false
9952,User 9952,user9952@example.com,Amsterdam,8224.52,plain note 9952,solo,true
9953,User 9953,user9953@example.com,Bratislava,8261.53,plain note 9953,solo,false
9954,User 9954,user9954@example.com,Zürich,8298.54,"said ""hi"", then left","a,b,c",true
9955,User 9955,user9955@example.com,København,8335.55,"line one
line two",solo,false
9956,User 9956,user9956@example.com,Москва,8372.56,plain note 9956,solo,true
9957,User 9957,user9957@example.com,東京,8409.57,plain note 9957,"a,b,c",false
9958,User 9958,user9958@example.com,Paris,8446.58,plain note 9958,solo,true
9959,User 9959,user9959@example.com,Lima,8483.59,plain note 9959,solo,false
9960,User 9960,user9960@example.com,Amsterdam,8520.60,plain note 9960,"a,b,c",true
9961,User 9961,user9961@example.com,Bratislava,8557.61,"said ""hi"", then left",solo,false
9962,User 9962,user9962@example.com,Zürich,8594.62,plain note 9962,solo,true
9963,User 9963,user9963@example.com,København,8631.63,plain note 9963,"a,b,c",false
9964,User 9964,user9964@example.com,Москва,8668.64,plain note 9964,solo,true
9965,User 9965,user9965@example.com,東京,8705.65,plain note 9965,solo,false
9966,User 9966,user9966@example.com,Paris,8742.66,"line one
line two","a,b,c",true
9967,User 9967,user9967@example.com,Lima,8779.67,plain note 9967,solo,false
9968,User 9968,user9968@example.com,Amsterdam,8816.68,"said ""hi"", then left",solo,true
9969,User 9969,user9969@example.com,Bratislava,8853.69,plain note 9969,"a,b,c",false
9970,User 9970,user9970@example.com,Zürich,8890.70,plain note 9970,solo,true
9971,User 9971,user9971@example.com,København,8927.71,plain note 9971,solo,false
9972,User 9972,user9972@example.com,Москва,8964.72,plain note 9972,"a,b,c",true
9973,User 9973,user9973@example.com,東京,9001.73,plain note 9973,solo,false
9974,User 9974,user9974@example.com,Paris,9038.74,plain note 9974,solo,true
9975,User 9975,user9975@example.com,Lima,9075.75,"said ""hi"", then left","a,b,c",false
9976,User 9976,user9976@example.com,Amsterdam,9112.76,plain note 9976,solo,true
9977,User 9977,user9977@example.com,Bratislava,9149.77,"line one
line two",solo,false
9978,User 9978,user9978@example.com,Zürich,9186.78,plain note 9978,"a,b,c",true
9979,User 9979,user9979@example.com,København,9223.79,plain note 9979,solo,false
9980,User 9980,user9980@example.com,Москва,9260.80,plain note 9980,solo,true
9981,User 9981,user9981@example.com,東京,9297.81,plain note 9981,"a,b,c",false
9982,User 9982,user9982@example.com,Paris,9334.82,"said ""hi"", then left",solo,true
9983,User 9983,user9983@example.com,Lima,9371.83,plain note 9983,solo,false
9984,User 9984,user9984@example.com,Amsterdam,9408.84,plain note 9984,"a,b,c",true
9985,User 9985,user9985@example.com,Bratislava,9445.85,plain note 9985,solo,false
9986,User 9986,user9986@example.com,Zürich,9482.86,plain note 9986,solo,true
9987,User 9987,user9987@example.com,København,9519.87,plain note 9987,"a,b,c",false
9988,User 9988,user9988@example.com,Москва,9556.88,"line one
line two",solo,true
9989,User 9989,user9989@example.com,東京,9593.89,"said ""hi"", then left",solo,false
9990,User 9990,user9990@example.com,Paris,9630.90,plain note 9990,"a,b,c",true
9991,User 9991,user9991@example.com,Lima,9667.91,plain note 9991,solo,false
9992,User 9992,user9992@example.com,Amsterdam,9704.92,plain note 9992,solo,true
9993,User 9993,user9993@example.com,Bratislava,9741.93,plain note 9993,"a,b,c",false
9994,User 9994,user9994@example.com,Zürich,9778.94,plain note 9994,solo,true
9995,User 9995,user9995@example.com,København,9815.95,plain note 9995,solo,false
9996,User 9996,user9996@example.com,Москва,9852.96,"said ""hi"", then left","a,b,c",true
9997,User 9997,user9997@example.com,東京,9889.97,plain note 9997,solo,false
9998,User 9998,user9998@example.com,Paris,9926.98,plain note 9998,solo,true
9999,User 9999,user9999@example.com,Lima,9963.99,"line one
line two","a,b,c",false
