id,name,email,city,amount,note,tags,active
0,User 0,user0@example.com,Amsterdam,0.0,"said ""hi"", then left","a,b,c",true
1,User 1,user1@example.com,Bratislava,37.1,plain note 1,solo,false
2,User 2,user2@example.com,Zürich,74.2,plain note 2,solo,true
3,User 3,user3@example.com,København,111.3,plain note 3,"a,b,c",false
4,User 4,user4@example.com,Москва,148.4,plain note 4,solo,true
5,User 5,user5@example.com,東京,185.5,plain note 5,solo,false
6,User 6,user6@example.com,Paris,222.6,plain note 6,"a,b,c",true
7,User 7,user7@example.com,Lima,259.7,"said ""hi"", then left",solo,false
8,User 8,user8@example.com,Amsterdam,296.8,plain note 8,solo,true
9,User 9,user9@example.com,Bratislava,333.9,plain note 9,"a,b,c",false
10,User 10,user10@example.com,Zürich,370.10,plain note 10,solo,true
11,User 11,user11@example.com,København,407.11,"line one
line two",solo,false
12,User 12,user12@example.com,Москва,444.12,plain note 12,"a,b,c",true
13,User 13,user13@example.com,東京,481.13,plain note 13,solo,false
14,User 14,user14@example.com,Paris,518.14,"said ""hi"", then left",solo,true
15,User 15,user15@example.com,Lima,555.15,plain note 15,"a,b,c",false
16,User 16,user16@example.com,Amsterdam,592.16,plain note 16,solo,true
17,User 17,user17@example.com,Bratislava,629.17,plain note 17,solo,false
18,User 18,user18@example.com,Zürich,666.18,plain note 18,"a,b,c",true
19,User 19,user19@example.com,København,703.19,plain note 19,solo,false
20,User 20,user20@example.com,Москва,740.20,plain note 20,solo,true
21,User 21,user21@example.com,東京,777.21,"said ""hi"", then left","a,b,c",false
22,User 22,user22@example.com,Paris,814.22,"line one
line two",solo,true
23,User 23,user23@example.com,Lima,851.23,plain note 23,solo,false
24,User 24,user24@example.com,Amsterdam,888.24,plain note 24,"a,b,c",true
25,User 25,user25@example.com,Bratislava,925.25,plain note 25,solo,false
26,User 26,user26@example.com,Zürich,962.26,plain note 26,solo,true
27,User 27,user27@example.com,København,999.27,plain note 27,"a,b,c",false
28,User 28,user28@example.com,Москва,1036.28,"said ""hi"", then left",solo,true
29,User 29,user29@example.com,東京,1073.29,plain note 29,solo,false
30,User 30,user30@example.com,Paris,1110.30,plain note 30,"a,b,c",true
31,User 31,user31@example.com,Lima,1147.31,plain note 31,solo,false
32,User 32,user32@example.com,Amsterdam,1184.32,plain note 32,solo,true
33,User 33,user33@example.com,Bratislava,1221.33,"line one
line two","a,b,c",false
34,User 34,user34@example.com,Zürich,1258.34,plain note 34,solo,true
35,User 35,user35@example.com,København,1295.35,"said ""hi"", then left",solo,false
36,User 36,user36@example.com,Москва,1332.36,plain note 36,"a,b,c",true
37,User 37,user37@example.com,東京,1369.37,plain note 37,solo,false
38,User 38,user38@example.com,Paris,1406.38,plain note 38,solo,true
39,User 39,user39@example.com,Lima,1443.39,plain note 39,"a,b,c",false
40,User 40,user40@example.com,Amsterdam,1480.40,plain note 40,solo,true
41,User 41,user41@example.com,Bratislava,1517.41,plain note 41,solo,false
42,User 42,user42@example.com,Zürich,1554.42,"said ""hi"", then left","a,b,c",true
43,User 43,user43@example.com,København,1591.43,plain note 43,solo,false
44,User 44,user44@example.com,Москва,1628.44,"line one
line two",solo,true
45,User 45,user45@example.com,東京,1665.45,plain note 45,"a,b,c",false
46,User 46,user46@example.com,Paris,1702.46,plain note 46,solo,true
47,User 47,user47@example.com,Lima,1739.47,plain note 47,solo,false
48,User 48,user48@example.com,Amsterdam,1776.48,plain note 48,"a,b,c",true
49,User 49,user49@example.com,Bratislava,1813.49,"said ""hi"", then left",solo,false
50,User 50,user50@example.com,Zürich,1850.50,plain note 50,solo,true
51,User 51,user51@example.com,København,1887.51,plain note 51,"a,b,c",false
52,User 52,user52@example.com,Москва,1924.52,plain note 52,solo,true
53,User 53,user53@example.com,東京,1961.53,plain note 53,solo,false
54,User 54,user54@example.com,Paris,1998.54,plain note 54,"a,b,c",true
55,User 55,user55@example.com,Lima,2035.55,"line one
line two",solo,false
56,User 56,user56@example.com,Amsterdam,2072.56,"said ""hi"", then left",solo,true
57,User 57,user57@example.com,Bratislava,2109.57,plain note 57,"a,b,c",false
58,User 58,user58@example.com,Zürich,2146.58,plain note 58,solo,true
59,User 59,user59@example.com,København,2183.59,plain note 59,solo,false
60,User 60,user60@example.com,Москва,2220.60,plain note 60,"a,b,c",true
61,User 61,user61@example.com,東京,2257.61,plain note 61,solo,false
62,User 62,user62@example.com,Paris,2294.62,plain note 62,solo,true
63,User 63,user63@example.com,Lima,2331.63,"said ""hi"", then left","a,b,c",false
64,User 64,user64@example.com,Amsterdam,2368.64,plain note 64,solo,true
65,User 65,user65@example.com,Bratislava,2405.65,plain note 65,solo,false
66,User 66,user66@example.com,Zürich,2442.66,"line one
line two","a,b,c",true
67,User 67,user67@example.com,København,2479.67,plain note 67,solo,false
68,User 68,user68@example.com,Москва,2516.68,plain note 68,solo,true
69,User 69,user69@example.com,東京,2553.69,plain note 69,"a,b,c",false
70,User 70,user70@example.com,Paris,2590.70,"said ""hi"", then left",solo,true
71,User 71,user71@example.com,Lima,2627.71,plain note 71,solo,false
72,User 72,user72@example.com,Amsterdam,2664.72,plain note 72,"a,b,c",true
73,User 73,user73@example.com,Bratislava,2701.73,plain note 73,solo,false
74,User 74,user74@example.com,Zürich,2738.74,plain note 74,solo,true
75,User 75,user75@example.com,København,2775.75,plain note 75,"a,b,c",false
76,User 76,user76@example.com,Москва,2812.76,plain note 76,solo,true
77,User 77,user77@example.com,東京,2849.77,"said ""hi"", then left",solo,false
78,User 78,user78@example.com,Paris,2886.78,plain note 78,"a,b,c",true
79,User 79,user79@example.com,Lima,2923.79,plain note 79,solo,false
80,User 80,user80@example.com,Amsterdam,2960.80,plain note 80,solo,true
81,User 81,user81@example.com,Bratislava,2997.81,plain note 81,"a,b,c",false
82,User 82,user82@example.com,Zürich,3034.82,plain note 82,solo,true
83,User 83,user83@example.com,København,3071.83,plain note 83,solo,false
84,User 84,user84@example.com,Москва,3108.84,"said ""hi"", then left","a,b,c",true
85,User 85,user85@example.com,東京,3145.85,plain note 85,solo,false
86,User 86,user86@example.com,Paris,3182.86,plain note 86,solo,true
87,User 87,user87@example.com,Lima,3219.87,plain note 87,"a,b,c",false
88,User 88,user88@example.com,Amsterdam,3256.88,"line one
line two",solo,true
89,User 89,user89@example.com,Bratislava,3293.89,plain note 89,solo,false
90,User 90,user90@example.com,Zürich,3330.90,plain note 90,"a,b,c",true
91,User 91,user91@example.com,København,3367.91,"said ""hi"", then left",solo,false
92,User 92,user92@example.com,Москва,3404.92,plain note 92,solo,true
93,User 93,user93@example.com,東京,3441.93,plain note 93,"a,b,c",false
94,User 94,user94@example.com,Paris,3478.94,plain note 94,solo,true
95,User 95,user95@example.com,Lima,3515.95,plain note 95,solo,false
96,User 96,user96@example.com,Amsterdam,3552.96,plain note 96,"a,b,c",true
97,User 97,user97@example.com,Bratislava,3589.97,plain note 97,solo,false
98,User 98,user98@example.com,Zürich,3626.98,"said ""hi"", then left",solo,true
99,User 99,user99@example.com,København,3663.99,"line one
line two","a,b,c",false
100,User 100,user100@example.com,Москва,3700.0,plain note 100,solo,true
101,User 101,user101@example.com,東京,3737.1,plain note 101,solo,false
102,User 102,user102@example.com,Paris,3774.2,plain note 102,"a,b,c",true
103,User 103,user103@example.com,Lima,3811.3,plain note 103,solo,false
104,User 104,user104@example.com,Amsterdam,3848.4,plain note 104,solo,true
105,User 105,user105@example.com,Bratislava,3885.5,"said ""hi"", then left","a,b,c",false
106,User 106,user106@example.com,Zürich,3922.6,plain note 106,solo,true
107,User 107,user107@example.com,København,3959.7,plain note 107,solo,false
108,User 108,user108@example.com,Москва,3996.8,plain note 108,"a,b,c",true
109,User 109,user109@example.com,東京,4033.9,plain note 109,solo,false
110,User 110,user110@example.com,Paris,4070.10,"line one
line two",solo,true
111,User 111,user111@example.com,Lima,4107.11,plain note 111,"a,b,c",false
112,User 112,user112@example.com,Amsterdam,4144.12,"said ""hi"", then left",solo,true
113,User 113,user113@example.com,Bratislava,4181.13,plain note 113,solo,false
114,User 114,user114@example.com,Zürich,4218.14,plain note 114,"a,b,c",true
115,User 115,user115@example.com,København,4255.15,plain note 115,solo,false
116,User 116,user116@example.com,Москва,4292.16,plain note 116,solo,true
117,User 117,user117@example.com,東京,4329.17,plain note 117,"a,b,c",false
118,User 118,user118@example.com,Paris,4366.18,plain note 118,solo,true
119,User 119,user119@example.com,Lima,4403.19,"said ""hi"", then left",solo,false
120,User 120,user120@example.com,Amsterdam,4440.20,plain note 120,"a,b,c",true
121,User 121,user121@example.com,Bratislava,4477.21,"line one
line two",solo,false
122,User 122,user122@example.com,Zürich,4514.22,plain note 122,solo,true
123,User 123,user123@example.com,København,4551.23,plain note 123,"a,b,c",false
124,User 124,user124@example.com,Москва,4588.24,plain note 124,solo,true
125,User 125,user125@example.com,東京,4625.25,plain note 125,solo,false
126,User 126,user126@example.com,Paris,4662.26,"said ""hi"", then left","a,b,c",true
127,User 127,user127@example.com,Lima,4699.27,plain note 127,solo,false
128,User 128,user128@example.com,Amsterdam,4736.28,plain note 128,solo,true
129,User 129,user129@example.com,Bratislava,4773.29,plain note 129,"a,b,c",false
130,User 130,user130@example.com,Zürich,4810.30,plain note 130,solo,true
131,User 131,user131@example.com,København,4847.31,plain note 131,solo,false
132,User 132,user132@example.com,Москва,4884.32,"line one
line two","a,b,c",true
133,User 133,user133@example.com,東京,4921.33,"said ""hi"", then left",solo,false
134,User 134,user134@example.com,Paris,4958.34,plain note 134,solo,true
135,User 135,user135@example.com,Lima,4995.35,plain note 135,"a,b,c",false
136,User 136,user136@example.com,Amsterdam,5032.36,plain note 136,solo,true
137,User 137,user137@example.com,Bratislava,5069.37,plain note 137,solo,false
138,User 138,user138@example.com,Zürich,5106.38,plain note 138,"a,b,c",true
139,User 139,user139@example.com,København,5143.39,plain note 139,solo,false
140,User 140,user140@example.com,Москва,5180.40,"said ""hi"", then left",solo,true
141,User 141,user141@example.com,東京,5217.41,plain note 141,"a,b,c",false
142,User 142,user142@example.com,Paris,5254.42,plain note 142,solo,true
143,User 143,user143@example.com,Lima,5291.43,"line one
line two",solo,false
144,User 144,user144@example.com,Amsterdam,5328.44,plain note 144,"a,b,c",true
145,User 145,user145@example.com,Bratislava,5365.45,plain note 145,solo,false
146,User 146,user146@example.com,Zürich,5402.46,plain note 146,solo,true
147,User 147,user147@example.com,København,5439.47,"said ""hi"", then left","a,b,c",false
148,User 148,user148@example.com,Москва,5476.48,plain note 148,solo,true
149,User 149,user149@example.com,東京,5513.49,plain note 149,solo,false
150,User 150,user150@example.com,Paris,5550.50,plain note 150,"a,b,c",true
151,User 151,user151@example.com,Lima,5587.51,plain note 151,solo,false
152,User 152,user152@example.com,Amsterdam,5624.52,plain note 152,solo,true
153,User 153,user153@example.com,Bratislava,5661.53,plain note 153,"a,b,c",false
154,User 154,user154@example.com,Zürich,5698.54,"said ""hi"", then left",solo,true
155,User 155,user155@example.com,København,5735.55,plain note 155,solo,false
156,User 156,user156@example.com,Москва,5772.56,plain note 156,"a,b,c",true
157,User 157,user157@example.com,東京,5809.57,plain note 157,solo,false
158,User 158,user158@example.com,Paris,5846.58,plain note 158,solo,true
159,User 159,user159@example.com,Lima,5883.59,plain note 159,"a,b,c",false
160,User 160,user160@example.com,Amsterdam,5920.60,plain note 160,solo,true
161,User 161,user161@example.com,Bratislava,5957.61,"said ""hi"", then left",solo,false
162,User 162,user162@example.com,Zürich,5994.62,plain note 162,"a,b,c",true
163,User 163,user163@example.com,København,6031.63,plain note 163,solo,false
164,User 164,user164@example.com,Москва,6068.64,plain note 164,solo,true
165,User 165,user165@example.com,東京,6105.65,"line one
line two","a,b,c",false
166,User 166,user166@example.com,Paris,6142.66,plain note 166,solo,true
167,User 167,user167@example.com,Lima,6179.67,plain note 167,solo,false
168,User 168,user168@example.com,Amsterdam,6216.68,"said ""hi"", then left","a,b,c",true
169,User 169,user169@example.com,Bratislava,6253.69,plain note 169,solo,false
170,User 170,user170@example.com,Zürich,6290.70,plain note 170,solo,true
171,User 171,user171@example.com,København,6327.71,plain note 171,"a,b,c",false
172,User 172,user172@example.com,Москва,6364.72,plain note 172,solo,true
173,User 173,user173@example.com,東京,6401.73,plain note 173,solo,false
174,User 174,user174@example.com,Paris,6438.74,plain note 174,"a,b,c",true
175,User 175,user175@example.com,Lima,6475.75,"said ""hi"", then left",solo,false
176,User 176,user176@example.com,Amsterdam,6512.76,"line one
line two",solo,true
177,User 177,user177@example.com,Bratislava,6549.77,plain note 177,"a,b,c",false
178,User 178,user178@example.com,Zürich,6586.78,plain note 178,solo,true
179,User 179,user179@example.com,København,6623.79,plain note 179,solo,false
180,User 180,user180@example.com,Москва,6660.80,plain note 180,"a,b,c",true
181,User 181,user181@example.com,東京,6697.81,plain note 181,solo,false
182,User 182,user182@example.com,Paris,6734.82,"said ""hi"", then left",solo,true
183,User 183,user183@example.com,Lima,6771.83,plain note 183,"a,b,c",false
184,User 184,user184@example.com,Amsterdam,6808.84,plain note 184,solo,true
185,User 185,user185@example.com,Bratislava,6845.85,plain note 185,solo,false
186,User 186,user186@example.com,Zürich,6882.86,plain note 186,"a,b,c",true
187,User 187,user187@example.com,København,6919.87,"line one
line two",solo,false
188,User 188,user188@example.com,Москва,6956.88,plain note 188,solo,true
189,User 189,user189@example.com,東京,6993.89,"said ""hi"", then left","a,b,c",false
190,User 190,user190@example.com,Paris,7030.90,plain note 190,solo,true
191,User 191,user191@example.com,Lima,7067.91,plain note 191,solo,false
192,User 192,user192@example.com,Amsterdam,7104.92,plain note 192,"a,b,c",true
193,User 193,user193@example.com,Bratislava,7141.93,plain note 193,solo,false
194,User 194,user194@example.com,Zürich,7178.94,plain note 194,solo,true
195,User 195,user195@example.com,København,7215.95,plain note 195,"a,b,c",false
196,User 196,user196@example.com,Москва,7252.96,"said ""hi"", then left",solo,true
197,User 197,user197@example.com,東京,7289.97,plain note 197,solo,false
198,User 198,user198@example.com,Paris,7326.98,"line one
line two","a,b,c",true
199,User 199,user199@example.com,Lima,7363.99,plain note 199,solo,false
200,User 200,user200@example.com,Amsterdam,7400.0,plain note 200,solo,true
201,User 201,user201@example.com,Bratislava,7437.1,plain note 201,"a,b,c",false
202,User 202,user202@example.com,Zürich,7474.2,plain note 202,solo,true
203,User 203,user203@example.com,København,7511.3,"said ""hi"", then left",solo,false
204,User 204,user204@example.com,Москва,7548.4,plain note 204,"a,b,c",true
205,User 205,user205@example.com,東京,7585.5,plain note 205,solo,false
206,User 206,user206@example.com,Paris,7622.6,plain note 206,solo,true
207,User 207,user207@example.com,Lima,7659.7,plain note 207,"a,b,c",false
208,User 208,user208@example.com,Amsterdam,7696.8,plain note 208,solo,true
209,User 209,user209@example.com,Bratislava,7733.9,"line one
line two",solo,false
210,User 210,user210@example.com,Zürich,7770.10,"said ""hi"", then left","a,b,c",true
211,User 211,user211@example.com,København,7807.11,plain note 211,solo,false
212,User 212,user212@example.com,Москва,7844.12,plain note 212,solo,true
213,User 213,user213@example.com,東京,7881.13,plain note 213,"a,b,c",false
214,User 214,user214@example.com,Paris,7918.14,plain note 214,solo,true
215,User 215,user215@example.com,Lima,7955.15,plain note 215,solo,false
216,User 216,user216@example.com,Amsterdam,7992.16,plain note 216,"a,b,c",true
217,User 217,user217@example.com,Bratislava,8029.17,"said ""hi"", then left",solo,false
218,User 218,user218@example.com,Zürich,8066.18,plain note 218,solo,true
219,User 219,user219@example.com,København,8103.19,plain note 219,"a,b,c",false
220,User 220,user220@example.com,Москва,8140.20,"line one
line two",solo,true
221,User 221,user221@example.com,東京,8177.21,plain note 221,solo,false
222,User 222,user222@example.com,Paris,8214.22,plain note 222,"a,b,c",true
223,User 223,user223@example.com,Lima,8251.23,plain note 223,solo,false
224,User 224,user224@example.com,Amsterdam,8288.24,"said ""hi"", then left",solo,true
225,User 225,user225@example.com,Bratislava,8325.25,plain note 225,"a,b,c",false
226,User 226,user226@example.com,Zürich,8362.26,plain note 226,solo,true
227,User 227,user227@example.com,København,8399.27,plain note 227,solo,false
228,User 228,user228@example.com,Москва,8436.28,plain note 228,"a,b,c",true
229,User 229,user229@example.com,東京,8473.29,plain note 229,solo,false
230,User 230,user230@example.com,Paris,8510.30,plain note 230,solo,true
231,User 231,user231@example.com,Lima,8547.31,"said ""hi"", then left","a,b,c",false
232,User 232,user232@example.com,Amsterdam,8584.32,plain note 232,solo,true
233,User 233,user233@example.com,Bratislava,8621.33,plain note 233,solo,false
234,User 234,user234@example.com,Zürich,8658.34,plain note 234,"a,b,c",true
235,User 235,user235@example.com,København,8695.35,plain note 235,solo,false
236,User 236,user236@example.com,Москва,8732.36,plain note 236,solo,true
237,User 237,user237@example.com,東京,8769.37,plain note 237,"a,b,c",false
238,User 238,user238@example.com,Paris,8806.38,"said ""hi"", then left",solo,true
239,User 239,user239@example.com,Lima,8843.39,plain note 239,solo,false
240,User 240,user240@example.com,Amsterdam,8880.40,plain note 240,"a,b,c",true
241,User 241,user241@example.com,Bratislava,8917.41,plain note 241,solo,false
242,User 242,user242@example.com,Zürich,8954.42,"line one
line two",solo,true
243,User 243,user243@example.com,København,8991.43,plain note 243,"a,b,c",false
244,User 244,user244@example.com,Москва,9028.44,plain note 244,solo,true
245,User 245,user245@example.com,東京,9065.45,"said ""hi"", then left",solo,false
246,User 246,user246@example.com,Paris,9102.46,plain note 246,"a,b,c",true
247,User 247,user247@example.com,Lima,9139.47,plain note 247,solo,false
248,User 248,user248@example.com,Amsterdam,9176.48,plain note 248,solo,true
249,User 249,user249@example.com,Bratislava,9213.49,plain note 249,"a,b,c",false
250,User 250,user250@example.com,Zürich,9250.50,plain note 250,solo,true
251,User 251,user251@example.com,København,9287.51,plain note 251,solo,false
252,User 252,user252@example.com,Москва,9324.52,"said ""hi"", then left","a,b,c",true
253,User 253,user253@example.com,東京,9361.53,"line one
line two",solo,false
254,User 254,user254@example.com,Paris,9398.54,plain note 254,solo,true
255,User 255,user255@example.com,Lima,9435.55,plain note 255,"a,b,c",false
256,User 256,user256@example.com,Amsterdam,9472.56,plain note 256,solo,true
257,User 257,user257@example.com,Bratislava,9509.57,plain note 257,solo,false
258,User 258,user258@example.com,Zürich,9546.58,plain note 258,"a,b,c",true
259,User 259,user259@example.com,København,9583.59,"said ""hi"", then left",solo,false
260,User 260,user260@example.com,Москва,9620.60,plain note 260,solo,true
261,User 261,user261@example.com,東京,9657.61,plain note 261,"a,b,c",false
262,User 262,user262@example.com,Paris,9694.62,plain note 262,solo,true
263,User 263,user263@example.com,Lima,9731.63,plain note 263,solo,false
264,User 264,user264@example.com,Amsterdam,9768.64,"line one
line two","a,b,c",true
265,User 265,user265@example.com,Bratislava,9805.65,plain note 265,solo,false
266,User 266,user266@example.com,Zürich,9842.66,"said ""hi"", then left",solo,true
267,User 267,user267@example.com,København,9879.67,plain note 267,"a,b,c",false
268,User 268,user268@example.com,Москва,9916.68,plain note 268,solo,true
269,User 269,user269@example.com,東京,9953.69,plain note 269,solo,false
270,User 270,user270@example.com,Paris,9990.70,plain note 270,"a,b,c",true
271,User 271,user271@example.com,Lima,27.71,plain note 271,solo,false
272,User 272,user272@example.com,Amsterdam,64.72,plain note 272,solo,true
273,User 273,user273@example.com,Bratislava,101.73,"said ""hi"", then left","a,b,c",false
274,User 274,user274@example.com,Zürich,138.74,plain note 274,solo,true
275,User 275,user275@example.com,København,175.75,"line one
line two",solo,false
276,User 276,user276@example.com,Москва,212.76,plain note 276,"a,b,c",true
277,User 277,user277@example.com,東京,249.77,plain note 277,solo,false
278,User 278,user278@example.com,Paris,286.78,plain note 278,solo,true
279,User 279,user279@example.com,Lima,323.79,plain note 279,"a,b,c",false
280,User 280,user280@example.com,Amsterdam,360.80,"said ""hi"", then left",solo,true
281,User 281,user281@example.com,Bratislava,397.81,plain note 281,solo,false
282,User 282,user282@example.com,Zürich,434.82,plain note 282,"a,b,c",true
283,User 283,user283@example.com,København,471.83,plain note 283,solo,false
284,User 284,user284@example.com,Москва,508.84,plain note 284,solo,true
285,User 285,user285@example.com,東京,545.85,plain note 285,"a,b,c",false
286,User 286,user286@example.com,Paris,582.86,"line one
line two",solo,true
287,User 287,user287@example.com,Lima,619.87,"said ""hi"", then left",solo,false
288,User 288,user288@example.com,Amsterdam,656.88,plain note 288,"a,b,c",true
289,User 289,user289@example.com,Bratislava,693.89,plain note 289,solo,false
290,User 290,user290@example.com,Zürich,730.90,plain note 290,solo,true
291,User 291,user291@example.com,København,767.91,plain note 291,"a,b,c",false
292,User 292,user292@example.com,Москва,804.92,plain note 292,solo,true
293,User 293,user293@example.com,東京,841.93,plain note 293,solo,false
294,User 294,user294@example.com,Paris,878.94,"said ""hi"", then left","a,b,c",true
295,User 295,user295@example.com,Lima,915.95,plain note 295,solo,false
296,User 296,user296@example.com,Amsterdam,952.96,plain note 296,solo,true
297,User 297,user297@example.com,Bratislava,989.97,"line one
line two","a,b,c",false
298,User 298,user298@example.com,Zürich,1026.98,plain note 298,solo,true
299,User 299,user299@example.com,København,1063.99,plain note 299,solo,false
300,User 300,user300@example.com,Москва,1100.0,plain note 300,"a,b,c",true
301,User 301,user301@example.com,東京,1137.1,"said ""hi"", then left",solo,false
302,User 302,user302@example.com,Paris,1174.2,plain note 302,solo,true
303,User 303,user303@example.com,Lima,1211.3,plain note 303,"a,b,c",false
304,User 304,user304@example.com,Amsterdam,1248.4,plain note 304,solo,true
305,User 305,user305@example.com,Bratislava,1285.5,plain note 305,solo,false
306,User 306,user306@example.com,Zürich,1322.6,plain note 306,"a,b,c",true
307,User 307,user307@example.com,København,1359.7,plain note 307,solo,false
308,User 308,user308@example.com,Москва,1396.8,"said ""hi"", then left",solo,true
309,User 309,user309@example.com,東京,1433.9,plain note 309,"a,b,c",false
310,User 310,user310@example.com,Paris,1470.10,plain note 310,solo,true
311,User 311,user311@example.com,Lima,1507.11,plain note 311,solo,false
312,User 312,user312@example.com,Amsterdam,1544.12,plain note 312,"a,b,c",true
313,User 313,user313@example.com,Bratislava,1581.13,plain note 313,solo,false
314,User 314,user314@example.com,Zürich,1618.14,plain note 314,solo,true
315,User 315,user315@example.com,København,1655.15,"said ""hi"", then left","a,b,c",false
316,User 316,user316@example.com,Москва,1692.16,plain note 316,solo,true
317,User 317,user317@example.com,東京,1729.17,plain note 317,solo,false
318,User 318,user318@example.com,Paris,1766.18,plain note 318,"a,b,c",true
319,User 319,user319@example.com,Lima,1803.19,"line one
line two",solo,false
320,User 320,user320@example.com,Amsterdam,1840.20,plain note 320,solo,true
321,User 321,user321@example.com,Bratislava,1877.21,plain note 321,"a,b,c",false
322,User 322,user322@example.com,Zürich,1914.22,"said ""hi"", then left",solo,true
323,User 323,user323@example.com,København,1951.23,plain note 323,solo,false
324,User 324,user324@example.com,Москва,1988.24,plain note 324,"a,b,c",true
325,User 325,user325@example.com,東京,2025.25,plain note 325,solo,false
326,User 326,user326@example.com,Paris,2062.26,plain note 326,solo,true
327,User 327,user327@example.com,Lima,2099.27,plain note 327,"a,b,c",false
328,User 328,user328@example.com,Amsterdam,2136.28,plain note 328,solo,true
329,User 329,user329@example.com,Bratislava,2173.29,"said ""hi"", then left",solo,false
330,User 330,user330@example.com,Zürich,2210.30,"line one
line two","a,b,c",true
331,User 331,user331@example.com,København,2247.31,plain note 331,solo,false
332,User 332,user332@example.com,Москва,2284.32,plain note 332,solo,true
333,User 333,user333@example.com,東京,2321.33,plain note 333,"a,b,c",false
334,User 334,user334@example.com,Paris,2358.34,plain note 334,solo,true
335,User 335,user335@example.com,Lima,2395.35,plain note 335,solo,false
336,User 336,user336@example.com,Amsterdam,2432.36,"said ""hi"", then left","a,b,c",true
337,User 337,user337@example.com,Bratislava,2469.37,plain note 337,solo,false
338,User 338,user338@example.com,Zürich,2506.38,plain note 338,solo,true
339,User 339,user339@example.com,København,2543.39,plain note 339,"a,b,c",false
340,User 340,user340@example.com,Москва,2580.40,plain note 340,solo,true
341,User 341,user341@example.com,東京,2617.41,"line one
line two",solo,false
342,User 342,user342@example.com,Paris,2654.42,plain note 342,"a,b,c",true
343,User 343,user343@example.com,Lima,2691.43,"said ""hi"", then left",solo,false
344,User 344,user344@example.com,Amsterdam,2728.44,plain note 344,solo,true
345,User 345,user345@example.com,Bratislava,2765.45,plain note 345,"a,b,c",false
346,User 346,user346@example.com,Zürich,2802.46,plain note 346,solo,true
347,User 347,user347@example.com,København,2839.47,plain note 347,solo,false
348,User 348,user348@example.com,Москва,2876.48,plain note 348,"a,b,c",true
349,User 349,user349@example.com,東京,2913.49,plain note 349,solo,false
350,User 350,user350@example.com,Paris,2950.50,"said ""hi"", then left",solo,true
351,User 351,user351@example.com,Lima,2987.51,plain note 351,"a,b,c",false
352,User 352,user352@example.com,Amsterdam,3024.52,"line one
line two",solo,true
353,User 353,user353@example.com,Bratislava,3061.53,plain note 353,solo,false
354,User 354,user354@example.com,Zürich,3098.54,plain note 354,"a,b,c",true
355,User 355,user355@example.com,København,3135.55,plain note 355,solo,false
356,User 356,user356@example.com,Москва,3172.56,plain note 356,solo,true
357,User 357,user357@example.com,東京,3209.57,"said ""hi"", then left","a,b,c",false
358,User 358,user358@example.com,Paris,3246.58,plain note 358,solo,true
359,User 359,user359@example.com,Lima,3283.59,plain note 359,solo,false
360,User 360,user360@example.com,Amsterdam,3320.60,plain note 360,"a,b,c",true
361,User 361,user361@example.com,Bratislava,3357.61,plain note 361,solo,false
362,User 362,user362@example.com,Zürich,3394.62,plain note 362,solo,true
363,User 363,user363@example.com,København,3431.63,"line one
line two","a,b,c",false
364,User 364,user364@example.com,Москва,3468.64,"said ""hi"", then left",solo,true
365,User 365,user365@example.com,東京,3505.65,plain note 365,solo,false
366,User 366,user366@example.com,Paris,3542.66,plain note 366,"a,b,c",true
367,User 367,user367@example.com,Lima,3579.67,plain note 367,solo,false
368,User 368,user368@example.com,Amsterdam,3616.68,plain note 368,solo,true
369,User 369,user369@example.com,Bratislava,3653.69,plain note 369,"a,b,c",false
370,User 370,user370@example.com,Zürich,3690.70,plain note 370,solo,true
371,User 371,user371@example.com,København,3727.71,"said ""hi"", then left",solo,false
372,User 372,user372@example.com,Москва,3764.72,plain note 372,"a,b,c",true
373,User 373,user373@example.com,東京,3801.73,plain note 373,solo,false
374,User 374,user374@example.com,Paris,3838.74,"line one
line two",solo,true
375,User 375,user375@example.com,Lima,3875.75,plain note 375,"a,b,c",false
376,User 376,user376@example.com,Amsterdam,3912.76,plain note 376,solo,true
377,User 377,user377@example.com,Bratislava,3949.77,plain note 377,solo,false
378,User 378,user378@example.com,Zürich,3986.78,"said ""hi"", then left","a,b,c",true
379,User 379,user379@example.com,København,4023.79,plain note 379,solo,false
380,User 380,user380@example.com,Москва,4060.80,plain note 380,solo,true
381,User 381,user381@example.com,東京,4097.81,plain note 381,"a,b,c",false
382,User 382,user382@example.com,Paris,4134.82,plain note 382,solo,true
383,User 383,user383@example.com,Lima,4171.83,plain note 383,solo,false
384,User 384,user384@example.com,Amsterdam,4208.84,plain note 384,"a,b,c",true
385,User 385,user385@example.com,Bratislava,4245.85,"said ""hi"", then left",solo,false
386,User 386,user386@example.com,Zürich,4282.86,plain note 386,solo,true
387,User 387,user387@example.com,København,4319.87,plain note 387,"a,b,c",false
388,User 388,user388@example.com,Москва,4356.88,plain note 388,solo,true
389,User 389,user389@example.com,東京,4393.89,plain note 389,solo,false
390,User 390,user390@example.com,Paris,4430.90,plain note 390,"a,b,c",true
391,User 391,user391@example.com,Lima,4467.91,plain note 391,solo,false
392,User 392,user392@example.com,Amsterdam,4504.92,"said ""hi"", then left",solo,true
393,User 393,user393@example.com,Bratislava,4541.93,plain note 393,"a,b,c",false
394,User 394,user394@example.com,Zürich,4578.94,plain note 394,solo,true
395,User 395,user395@example.com,København,4615.95,plain note 395,solo,false
396,User 396,user396@example.com,Москва,4652.96,"line one
line two","a,b,c",true
397,User 397,user397@example.com,東京,4689.97,plain note 397,solo,false
398,User 398,user398@example.com,Paris,4726.98,plain note 398,solo,true
399,User 399,user399@example.com,Lima,4763.99,"said ""hi"", then left","a,b,c",false
400,User 400,user400@example.com,Amsterdam,4800.0,plain note 400,solo,true
401,User 401,user401@example.com,Bratislava,4837.1,plain note 401,solo,false
402,User 402,user402@example.com,Zürich,4874.2,plain note 402,"a,b,c",true
403,User 403,user403@example.com,København,4911.3,plain note 403,solo,false
404,User 404,user404@example.com,Москва,4948.4,plain note 404,solo,true
405,User 405,user405@example.com,東京,4985.5,plain note 405,"a,b,c",false
406,User 406,user406@example.com,Paris,5022.6,"said ""hi"", then left",solo,true
407,User 407,user407@example.com,Lima,5059.7,"line one
line two",solo,false
408,User 408,user408@example.com,Amsterdam,5096.8,plain note 408,"a,b,c",true
409,User 409,user409@example.com,Bratislava,5133.9,plain note 409,solo,false
410,User 410,user410@example.com,Zürich,5170.10,plain note 410,solo,true
411,User 411,user411@example.com,København,5207.11,plain note 411,"a,b,c",false
412,User 412,user412@example.com,Москва,5244.12,plain note 412,solo,true
413,User 413,user413@example.com,東京,5281.13,"said ""hi"", then left",solo,false
414,User 414,user414@example.com,Paris,5318.14,plain note 414,"a,b,c",true
415,User 415,user415@example.com,Lima,5355.15,plain note 415,solo,false
416,User 416,user416@example.com,Amsterdam,5392.16,plain note 416,solo,true
417,User 417,user417@example.com,Bratislava,5429.17,plain note 417,"a,b,c",false
418,User 418,user418@example.com,Zürich,5466.18,"line one
line two",solo,true
419,User 419,user419@example.com,København,5503.19,plain note 419,solo,false
420,User 420,user420@example.com,Москва,5540.20,"said ""hi"", then left","a,b,c",true
421,User 421,user421@example.com,東京,5577.21,plain note 421,solo,false
422,User 422,user422@example.com,Paris,5614.22,plain note 422,solo,true
423,User 423,user423@example.com,Lima,5651.23,plain note 423,"a,b,c",false
424,User 424,user424@example.com,Amsterdam,5688.24,plain note 424,solo,true
425,User 425,user425@example.com,Bratislava,5725.25,plain note 425,solo,false
426,User 426,user426@example.com,Zürich,5762.26,plain note 426,"a,b,c",true
427,User 427,user427@example.com,København,5799.27,"said ""hi"", then left",solo,false
428,User 428,user428@example.com,Москва,5836.28,plain note 428,solo,true
429,User 429,user429@example.com,東京,5873.29,"line one
line two","a,b,c",false
430,User 430,user430@example.com,Paris,5910.30,plain note 430,solo,true
431,User 431,user431@example.com,Lima,5947.31,plain note 431,solo,false
432,User 432,user432@example.com,Amsterdam,5984.32,plain note 432,"a,b,c",true
433,User 433,user433@example.com,Bratislava,6021.33,plain note 433,solo,false
434,User 434,user434@example.com,Zürich,6058.34,"said ""hi"", then left",solo,true
435,User 435,user435@example.com,København,6095.35,plain note 435,"a,b,c",false
436,User 436,user436@example.com,Москва,6132.36,plain note 436,solo,true
437,User 437,user437@example.com,東京,6169.37,plain note 437,solo,false
438,User 438,user438@example.com,Paris,6206.38,plain note 438,"a,b,c",true
439,User 439,user439@example.com,Lima,6243.39,plain note 439,solo,false
440,User 440,user440@example.com,Amsterdam,6280.40,"line one
line two",solo,true
441,User 441,user441@example.com,Bratislava,6317.41,"said ""hi"", then left","a,b,c",false
442,User 442,user442@example.com,Zürich,6354.42,plain note 442,solo,true
443,User 443,user443@example.com,København,6391.43,plain note 443,solo,false
444,User 444,user444@example.com,Москва,6428.44,plain note 444,"a,b,c",true
445,User 445,user445@example.com,東京,6465.45,plain note 445,solo,false
446,User 446,user446@example.com,Paris,6502.46,plain note 446,solo,true
447,User 447,user447@example.com,Lima,6539.47,plain note 447,"a,b,c",false
448,User 448,user448@example.com,Amsterdam,6576.48,"said ""hi"", then left",solo,true
449,User 449,user449@example.com,Bratislava,6613.49,plain note 449,solo,false
450,User 450,user450@example.com,Zürich,6650.50,plain note 450,"a,b,c",true
451,User 451,user451@example.com,København,6687.51,"line one
line two",solo,false
452,User 452,user452@example.com,Москва,6724.52,plain note 452,solo,true
453,User 453,user453@example.com,東京,6761.53,plain note 453,"a,b,c",false
454,User 454,user454@example.com,Paris,6798.54,plain note 454,solo,true
455,User 455,user455@example.com,Lima,6835.55,"said ""hi"", then left",solo,false
456,User 456,user456@example.com,Amsterdam,6872.56,plain note 456,"a,b,c",true
457,User 457,user457@example.com,Bratislava,6909.57,plain note 457,solo,false
458,User 458,user458@example.com,Zürich,6946.58,plain note 458,solo,true
459,User 459,user459@example.com,København,6983.59,plain note 459,"a,b,c",false
460,User 460,user460@example.com,Москва,7020.60,plain note 460,solo,true
461,User 461,user461@example.com,東京,7057.61,plain note 461,solo,false
462,User 462,user462@example.com,Paris,7094.62,"said ""hi"", then left","a,b,c",true
463,User 463,user463@example.com,Lima,7131.63,plain note 463,solo,false
464,User 464,user464@example.com,Amsterdam,7168.64,plain note 464,solo,true
465,User 465,user465@example.com,Bratislava,7205.65,plain note 465,"a,b,c",false
466,User 466,user466@example.com,Zürich,7242.66,plain note 466,solo,true
467,User 467,user467@example.com,København,7279.67,plain note 467,solo,false
468,User 468,user468@example.com,Москва,7316.68,plain note 468,"a,b,c",true
469,User 469,user469@example.com,東京,7353.69,"said ""hi"", then left",solo,false
470,User 470,user470@example.com,Paris,7390.70,plain note 470,solo,true
471,User 471,user471@example.com,Lima,7427.71,plain note 471,"a,b,c",false
472,User 472,user472@example.com,Amsterdam,7464.72,plain note 472,solo,true
473,User 473,user473@example.com,Bratislava,7501.73,"line one
line two",solo,false
474,User 474,user474@example.com,Zürich,7538.74,plain note 474,"a,b,c",true
475,User 475,user475@example.com,København,7575.75,plain note 475,solo,false
476,User 476,user476@example.com,Москва,7612.76,"said ""hi"", then left",solo,true
477,User 477,user477@example.com,東京,7649.77,plain note 477,"a,b,c",false
478,User 478,user478@example.com,Paris,7686.78,plain note 478,solo,true
479,User 479,user479@example.com,Lima,7723.79,plain note 479,solo,false
480,User 480,user480@example.com,Amsterdam,7760.80,plain note 480,"a,b,c",true
481,User 481,user481@example.com,Bratislava,7797.81,plain note 481,solo,false
482,User 482,user482@example.com,Zürich,7834.82,plain note 482,solo,true
483,User 483,user483@example.com,København,7871.83,"said ""hi"", then left","a,b,c",false
484,User 484,user484@example.com,Москва,7908.84,"line one
line two",solo,true
485,User 485,user485@example.com,東京,7945.85,plain note 485,solo,false
486,User 486,user486@example.com,Paris,7982.86,plain note 486,"a,b,c",true
487,User 487,user487@example.com,Lima,8019.87,plain note 487,solo,false
488,User 488,user488@example.com,Amsterdam,8056.88,plain note 488,solo,true
489,User 489,user489@example.com,Bratislava,8093.89,plain note 489,"a,b,c",false
490,User 490,user490@example.com,Zürich,8130.90,"said ""hi"", then left",solo,true
491,User 491,user491@example.com,København,8167.91,plain note 491,solo,false
492,User 492,user492@example.com,Москва,8204.92,plain note 492,"a,b,c",true
493,User 493,user493@example.com,東京,8241.93,plain note 493,solo,false
494,User 494,user494@example.com,Paris,8278.94,plain note 494,solo,true
495,User 495,user495@example.com,Lima,8315.95,"line one
line two","a,b,c",false
496,User 496,user496@example.com,Amsterdam,8352.96,plain note 496,solo,true
497,User 497,user497@example.com,Bratislava,8389.97,"said ""hi"", then left",solo,false
498,User 498,user498@example.com,Zürich,8426.98,plain note 498,"a,b,c",true
499,User 499,user499@example.com,København,8463.99,plain note 499,solo,false
500,User 500,user500@example.com,Москва,8500.0,plain note 500,solo,true
501,User 501,user501@example.com,東京,8537.1,plain note 501,"a,b,c",false
502,User 502,user502@example.com,Paris,8574.2,plain note 502,solo,true
503,User 503,user503@example.com,Lima,8611.3,plain note 503,solo,false
504,User 504,user504@example.com,Amsterdam,8648.4,"said ""hi"", then left","a,b,c",true
505,User 505,user505@example.com,Bratislava,8685.5,plain note 505,solo,false
506,User 506,user506@example.com,Zürich,8722.6,"line one
line two",solo,true
507,User 507,user507@example.com,København,8759.7,plain note 507,"a,b,c",false
508,User 508,user508@example.com,Москва,8796.8,plain note 508,solo,true
509,User 509,user509@example.com,東京,8833.9,plain note 509,solo,false
510,User 510,user510@example.com,Paris,8870.10,plain note 510,"a,b,c",true
511,User 511,user511@example.com,Lima,8907.11,"said ""hi"", then left",solo,false
512,User 512,user512@example.com,Amsterdam,8944.12,plain note 512,solo,true
513,User 513,user513@example.com,Bratislava,8981.13,plain note 513,"a,b,c",false
514,User 514,user514@example.com,Zürich,9018.14,plain note 514,solo,true
515,User 515,user515@example.com,København,9055.15,plain note 515,solo,false
516,User 516,user516@example.com,Москва,9092.16,plain note 516,"a,b,c",true
517,User 517,user517@example.com,東京,9129.17,"line one
line two",solo,false
518,User 518,user518@example.com,Paris,9166.18,"said ""hi"", then left",solo,true
519,User 519,user519@example.com,Lima,9203.19,plain note 519,"a,b,c",false
520,User 520,user520@example.com,Amsterdam,9240.20,plain note 520,solo,true
521,User 521,user521@example.com,Bratislava,9277.21,plain note 521,solo,false
522,User 522,user522@example.com,Zürich,9314.22,plain note 522,"a,b,c",true
523,User 523,user523@example.com,København,9351.23,plain note 523,solo,false
524,User 524,user524@example.com,Москва,9388.24,plain note 524,solo,true
525,User 525,user525@example.com,東京,9425.25,"said ""hi"", then left","a,b,c",false
526,User 526,user526@example.com,Paris,9462.26,plain note 526,solo,true
527,User 527,user527@example.com,Lima,9499.27,plain note 527,solo,false
528,User 528,user528@example.com,Amsterdam,9536.28,"line one
line two","a,b,c",true
529,User 529,user529@example.com,Bratislava,9573.29,plain note 529,solo,false
530,User 530,user530@example.com,Zürich,9610.30,plain note 530,solo,true
531,User 531,user531@example.com,København,9647.31,plain note 531,"a,b,c",false
532,User 532,user532@example.com,Москва,9684.32,"said ""hi"", then left",solo,true
533,User 533,user533@example.com,東京,9721.33,plain note 533,solo,false
534,User 534,user534@example.com,Paris,9758.34,plain note 534,"a,b,c",true
535,User 535,user535@example.com,Lima,9795.35,plain note 535,solo,false
536,User 536,user536@example.com,Amsterdam,9832.36,plain note 536,solo,true
537,User 537,user537@example.com,Bratislava,9869.37,plain note 537,"a,b,c",false
538,User 538,user538@example.com,Zürich,9906.38,plain note 538,solo,true
539,User 539,user539@example.com,København,9943.39,"said ""hi"", then left",solo,false
540,User 540,user540@example.com,Москва,9980.40,plain note 540,"a,b,c",true
541,User 541,user541@example.com,東京,17.41,plain note 541,solo,false
542,User 542,user542@example.com,Paris,54.42,plain note 542,solo,true
543,User 543,user543@example.com,Lima,91.43,plain note 543,"a,b,c",false
544,User 544,user544@example.com,Amsterdam,128.44,plain note 544,solo,true
545,User 545,user545@example.com,Bratislava,165.45,plain note 545,solo,false
546,User 546,user546@example.com,Zürich,202.46,"said ""hi"", then left","a,b,c",true
547,User 547,user547@example.com,København,239.47,plain note 547,solo,false
548,User 548,user548@example.com,Москва,276.48,plain note 548,solo,true
549,User 549,user549@example.com,東京,313.49,plain note 549,"a,b,c",false
550,User 550,user550@example.com,Paris,350.50,"line one
line two",solo,true
551,User 551,user551@example.com,Lima,387.51,plain note 551,solo,false
552,User 552,user552@example.com,Amsterdam,424.52,plain note 552,"a,b,c",true
553,User 553,user553@example.com,Bratislava,461.53,"said ""hi"", then left",solo,false
554,User 554,user554@example.com,Zürich,498.54,plain note 554,solo,true
555,User 555,user555@example.com,København,535.55,plain note 555,"a,b,c",false
556,User 556,user556@example.com,Москва,572.56,plain note 556,solo,true
557,User 557,user557@example.com,東京,609.57,plain note 557,solo,false
558,User 558,user558@example.com,Paris,646.58,plain note 558,"a,b,c",true
559,User 559,user559@example.com,Lima,683.59,plain note 559,solo,false
560,User 560,user560@example.com,Amsterdam,720.60,"said ""hi"", then left",solo,true
561,User 561,user561@example.com,Bratislava,757.61,"line one
line two","a,b,c",false
562,User 562,user562@example.com,Zürich,794.62,plain note 562,solo,true
563,User 563,user563@example.com,København,831.63,plain note 563,solo,false
564,User 564,user564@example.com,Москва,868.64,plain note 564,"a,b,c",true
565,User 565,user565@example.com,東京,905.65,plain note 565,solo,false
566,User 566,user566@example.com,Paris,942.66,plain note 566,solo,true
567,User 567,user567@example.com,Lima,979.67,"said ""hi"", then left","a,b,c",false
568,User 568,user568@example.com,Amsterdam,1016.68,plain note 568,solo,true
569,User 569,user569@example.com,Bratislava,1053.69,plain note 569,solo,false
570,User 570,user570@example.com,Zürich,1090.70,plain note 570,"a,b,c",true
571,User 571,user571@example.com,København,1127.71,plain note 571,solo,false
572,User 572,user572@example.com,Москва,1164.72,"line one
line two",solo,true
573,User 573,user573@example.com,東京,1201.73,plain note 573,"a,b,c",false
574,User 574,user574@example.com,Paris,1238.74,"said ""hi"", then left",solo,true
575,User 575,user575@example.com,Lima,1275.75,plain note 575,solo,false
576,User 576,user576@example.com,Amsterdam,1312.76,plain note 576,"a,b,c",true
577,User 577,user577@example.com,Bratislava,1349.77,plain note 577,solo,false
578,User 578,user578@example.com,Zürich,1386.78,plain note 578,solo,true
579,User 579,user579@example.com,København,1423.79,plain note 579,"a,b,c",false
580,User 580,user580@example.com,Москва,1460.80,plain note 580,solo,true
581,User 581,user581@example.com,東京,1497.81,"said ""hi"", then left",solo,false
582,User 582,user582@example.com,Paris,1534.82,plain note 582,"a,b,c",true
583,User 583,user583@example.com,Lima,1571.83,"line one
line two",solo,false
584,User 584,user584@example.com,Amsterdam,1608.84,plain note 584,solo,true
585,User 585,user585@example.com,Bratislava,1645.85,plain note 585,"a,b,c",false
586,User 586,user586@example.com,Zürich,1682.86,plain note 586,solo,true
587,User 587,user587@example.com,København,1719.87,plain note 587,solo,false
588,User 588,user588@example.com,Москва,1756.88,"said ""hi"", then left","a,b,c",true
589,User 589,user589@example.com,東京,1793.89,plain note 589,solo,false
590,User 590,user590@example.com,Paris,1830.90,plain note 590,solo,true
591,User 591,user591@example.com,Lima,1867.91,plain note 591,"a,b,c",false
592,User 592,user592@example.com,Amsterdam,1904.92,plain note 592,solo,true
593,User 593,user593@example.com,Bratislava,1941.93,plain note 593,solo,false
594,User 594,user594@example.com,Zürich,1978.94,"line one
line two","a,b,c",true
595,User 595,user595@example.com,København,2015.95,"said ""hi"", then left",solo,false
596,User 596,user596@example.com,Москва,2052.96,plain note 596,solo,true
597,User 597,user597@example.com,東京,2089.97,plain note 597,"a,b,c",false
598,User 598,user598@example.com,Paris,2126.98,plain note 598,solo,true
599,User 599,user599@example.com,Lima,2163.99,plain note 599,solo,false
600,User 600,user600@example.com,Amsterdam,2200.0,plain note 600,"a,b,c",true
601,User 601,user601@example.com,Bratislava,2237.1,plain note 601,solo,false
602,User 602,user602@example.com,Zürich,2274.2,"said ""hi"", then left",solo,true
603,User 603,user603@example.com,København,2311.3,plain note 603,"a,b,c",false
604,User 604,user604@example.com,Москва,2348.4,plain note 604,solo,true
605,User 605,user605@example.com,東京,2385.5,"line one
line two",solo,false
606,User 606,user606@example.com,Paris,2422.6,plain note 606,"a,b,c",true
607,User 607,user607@example.com,Lima,2459.7,plain note 607,solo,false
608,User 608,user608@example.com,Amsterdam,2496.8,plain note 608,solo,true
609,User 609,user609@example.com,Bratislava,2533.9,"said ""hi"", then left","a,b,c",false
610,User 610,user610@example.com,Zürich,2570.10,plain note 610,solo,true
611,User 611,user611@example.com,København,2607.11,plain note 611,solo,false
612,User 612,user612@example.com,Москва,2644.12,plain note 612,"a,b,c",true
613,User 613,user613@example.com,東京,2681.13,plain note 613,solo,false
614,User 614,user614@example.com,Paris,2718.14,plain note 614,solo,true
615,User 615,user615@example.com,Lima,2755.15,plain note 615,"a,b,c",false
616,User 616,user616@example.com,Amsterdam,2792.16,"said ""hi"", then left",solo,true
617,User 617,user617@example.com,Bratislava,2829.17,plain note 617,solo,false
618,User 618,user618@example.com,Zürich,2866.18,plain note 618,"a,b,c",true
619,User 619,user619@example.com,København,2903.19,plain note 619,solo,false
620,User 620,user620@example.com,Москва,2940.20,plain note 620,solo,true
621,User 621,user621@example.com,東京,2977.21,plain note 621,"a,b,c",false
622,User 622,user622@example.com,Paris,3014.22,plain note 622,solo,true
623,User 623,user623@example.com,Lima,3051.23,"said ""hi"", then left",solo,false
624,User 624,user624@example.com,Amsterdam,3088.24,plain note 624,"a,b,c",true
625,User 625,user625@example.com,Bratislava,3125.25,plain note 625,solo,false
626,User 626,user626@example.com,Zürich,3162.26,plain note 626,solo,true
627,User 627,user627@example.com,København,3199.27,"line one
line two","a,b,c",false
628,User 628,user628@example.com,Москва,3236.28,plain note 628,solo,true
629,User 629,user629@example.com,東京,3273.29,plain note 629,solo,false
630,User 630,user630@example.com,Paris,3310.30,"said ""hi"", then left","a,b,c",true
631,User 631,user631@example.com,Lima,3347.31,plain note 631,solo,false
632,User 632,user632@example.com,Amsterdam,3384.32,plain note 632,solo,true
633,User 633,user633@example.com,Bratislava,3421.33,plain note 633,"a,b,c",false
634,User 634,user634@example.com,Zürich,3458.34,plain note 634,solo,true
635,User 635,user635@example.com,København,3495.35,plain note 635,solo,false
636,User 636,user636@example.com,Москва,3532.36,plain note 636,"a,b,c",true
637,User 637,user637@example.com,東京,3569.37,"said ""hi"", then left",solo,false
638,User 638,user638@example.com,Paris,3606.38,"line one
line two",solo,true
639,User 639,user639@example.com,Lima,3643.39,plain note 639,"a,b,c",false
640,User 640,user640@example.com,Amsterdam,3680.40,plain note 640,solo,true
641,User 641,user641@example.com,Bratislava,3717.41,plain note 641,solo,false
642,User 642,user642@example.com,Zürich,3754.42,plain note 642,"a,b,c",true
643,User 643,user643@example.com,København,3791.43,plain note 643,solo,false
644,User 644,user644@example.com,Москва,3828.44,"said ""hi"", then left",solo,true
645,User 645,user645@example.com,東京,3865.45,plain note 645,"a,b,c",false
646,User 646,user646@example.com,Paris,3902.46,plain note 646,solo,true
647,User 647,user647@example.com,Lima,3939.47,plain note 647,solo,false
648,User 648,user648@example.com,Amsterdam,3976.48,plain note 648,"a,b,c",true
649,User 649,user649@example.com,Bratislava,4013.49,"line one
line two",solo,false
650,User 650,user650@example.com,Zürich,4050.50,plain note 650,solo,true
651,User 651,user651@example.com,København,4087.51,"said ""hi"", then left","a,b,c",false
652,User 652,user652@example.com,Москва,4124.52,plain note 652,solo,true
653,User 653,user653@example.com,東京,4161.53,plain note 653,solo,false
654,User 654,user654@example.com,Paris,4198.54,plain note 654,"a,b,c",true
655,User 655,user655@example.com,Lima,4235.55,plain note 655,solo,false
656,User 656,user656@example.com,Amsterdam,4272.56,plain note 656,solo,true
657,User 657,user657@example.com,Bratislava,4309.57,plain note 657,"a,b,c",false
658,User 658,user658@example.com,Zürich,4346.58,"said ""hi"", then left",solo,true
659,User 659,user659@example.com,København,4383.59,plain note 659,solo,false
660,User 660,user660@example.com,Москва,4420.60,"line one
line two","a,b,c",true
661,User 661,user661@example.com,東京,4457.61,plain note 661,solo,false
662,User 662,user662@example.com,Paris,4494.62,plain note 662,solo,true
663,User 663,user663@example.com,Lima,4531.63,plain note 663,"a,b,c",false
664,User 664,user664@example.com,Amsterdam,4568.64,plain note 664,solo,true
665,User 665,user665@example.com,Bratislava,4605.65,"said ""hi"", then left",solo,false
666,User 666,user666@example.com,Zürich,4642.66,plain note 666,"a,b,c",true
667,User 667,user667@example.com,København,4679.67,plain note 667,solo,false
668,User 668,user668@example.com,Москва,4716.68,plain note 668,solo,true
669,User 669,user669@example.com,東京,4753.69,plain note 669,"a,b,c",false
670,User 670,user670@example.com,Paris,4790.70,plain note 670,solo,true
671,User 671,user671@example.com,Lima,4827.71,"line one
line two",solo,false
672,User 672,user672@example.com,Amsterdam,4864.72,"said ""hi"", then left","a,b,c",true
673,User 673,user673@example.com,Bratislava,4901.73,plain note 673,solo,false
674,User 674,user674@example.com,Zürich,4938.74,plain note 674,solo,true
675,User 675,user675@example.com,København,4975.75,plain note 675,"a,b,c",false
676,User 676,user676@example.com,Москва,5012.76,plain note 676,solo,true
677,User 677,user677@example.com,東京,5049.77,plain note 677,solo,false
678,User 678,user678@example.com,Paris,5086.78,plain note 678,"a,b,c",true
679,User 679,user679@example.com,Lima,5123.79,"said ""hi"", then left",solo,false
680,User 680,user680@example.com,Amsterdam,5160.80,plain note 680,solo,true
681,User 681,user681@example.com,Bratislava,5197.81,plain note 681,"a,b,c",false
682,User 682,user682@example.com,Zürich,5234.82,"line one
line two",solo,true
683,User 683,user683@example.com,København,5271.83,plain note 683,solo,false
684,User 684,user684@example.com,Москва,5308.84,plain note 684,"a,b,c",true
685,User 685,user685@example.com,東京,5345.85,plain note 685,solo,false
686,User 686,user686@example.com,Paris,5382.86,"said ""hi"", then left",solo,true
687,User 687,user687@example.com,Lima,5419.87,plain note 687,"a,b,c",false
688,User 688,user688@example.com,Amsterdam,5456.88,plain note 688,solo,true
689,User 689,user689@example.com,Bratislava,5493.89,plain note 689,solo,false
690,User 690,user690@example.com,Zürich,5530.90,plain note 690,"a,b,c",true
691,User 691,user691@example.com,København,5567.91,plain note 691,solo,false
692,User 692,user692@example.com,Москва,5604.92,plain note 692,solo,true
693,User 693,user693@example.com,東京,5641.93,"said ""hi"", then left","a,b,c",false
694,User 694,user694@example.com,Paris,5678.94,plain note 694,solo,true
695,User 695,user695@example.com,Lima,5715.95,plain note 695,solo,false
696,User 696,user696@example.com,Amsterdam,5752.96,plain note 696,"a,b,c",true
697,User 697,user697@example.com,Bratislava,5789.97,plain note 697,solo,false
698,User 698,user698@example.com,Zürich,5826.98,plain note 698,solo,true
699,User 699,user699@example.com,København,5863.99,plain note 699,"a,b,c",false
700,User 700,user700@example.com,Москва,5900.0,"said ""hi"", then left",solo,true
701,User 701,user701@example.com,東京,5937.1,plain note 701,solo,false
702,User 702,user702@example.com,Paris,5974.2,plain note 702,"a,b,c",true
703,User 703,user703@example.com,Lima,6011.3,plain note 703,solo,false
704,User 704,user704@example.com,Amsterdam,6048.4,"line one
line two",solo,true
705,User 705,user705@example.com,Bratislava,6085.5,plain note 705,"a,b,c",false
706,User 706,user706@example.com,Zürich,6122.6,plain note 706,solo,true
707,User 707,user707@example.com,København,6159.7,"said ""hi"", then left",solo,false
708,User 708,user708@example.com,Москва,6196.8,plain note 708,"a,b,c",true
709,User 709,user709@example.com,東京,6233.9,plain note 709,solo,false
710,User 710,user710@example.com,Paris,6270.10,plain note 710,solo,true
711,User 711,user711@example.com,Lima,6307.11,plain note 711,"a,b,c",false
712,User 712,user712@example.com,Amsterdam,6344.12,plain note 712,solo,true
713,User 713,user713@example.com,Bratislava,6381.13,plain note 713,solo,false
714,User 714,user714@example.com,Zürich,6418.14,"said ""hi"", then left","a,b,c",true
715,User 715,user715@example.com,København,6455.15,"line one
line two",solo,false
716,User 716,user716@example.com,Москва,6492.16,plain note 716,solo,true
717,User 717,user717@example.com,東京,6529.17,plain note 717,"a,b,c",false
718,User 718,user718@example.com,Paris,6566.18,plain note 718,solo,true
719,User 719,user719@example.com,Lima,6603.19,plain note 719,solo,false
720,User 720,user720@example.com,Amsterdam,6640.20,plain note 720,"a,b,c",true
721,User 721,user721@example.com,Bratislava,6677.21,"said ""hi"", then left",solo,false
722,User 722,user722@example.com,Zürich,6714.22,plain note 722,solo,true
723,User 723,user723@example.com,København,6751.23,plain note 723,"a,b,c",false
724,User 724,user724@example.com,Москва,6788.24,plain note 724,solo,true
725,User 725,user725@example.com,東京,6825.25,plain note 725,solo,false
726,User 726,user726@example.com,Paris,6862.26,"line one
line two","a,b,c",true
727,User 727,user727@example.com,Lima,6899.27,plain note 727,solo,false
728,User 728,user728@example.com,Amsterdam,6936.28,"said ""hi"", then left",solo,true
729,User 729,user729@example.com,Bratislava,6973.29,plain note 729,"a,b,c",false
730,User 730,user730@example.com,Zürich,7010.30,plain note 730,solo,true
731,User 731,user731@example.com,København,7047.31,plain note 731,solo,false
732,User 732,user732@example.com,Москва,7084.32,plain note 732,"a,b,c",true
733,User 733,user733@example.com,東京,7121.33,plain note 733,solo,false
734,User 734,user734@example.com,Paris,7158.34,plain note 734,solo,true
735,User 735,user735@example.com,Lima,7195.35,"said ""hi"", then left","a,b,c",false
736,User 736,user736@example.com,Amsterdam,7232.36,plain note 736,solo,true
737,User 737,user737@example.com,Bratislava,7269.37,"line one
line two",solo,false
738,User 738,user738@example.com,Zürich,7306.38,plain note 738,"a,b,c",true
739,User 739,user739@example.com,København,7343.39,plain note 739,solo,false
740,User 740,user740@example.com,Москва,7380.40,plain note 740,solo,true
741,User 741,user741@example.com,東京,7417.41,plain note 741,"a,b,c",false
742,User 742,user742@example.com,Paris,7454.42,"said ""hi"", then left",solo,true
743,User 743,user743@example.com,Lima,7491.43,plain note 743,solo,false
744,User 744,user744@example.com,Amsterdam,7528.44,plain note 744,"a,b,c",true
745,User 745,user745@example.com,Bratislava,7565.45,plain note 745,solo,false
746,User 746,user746@example.com,Zürich,7602.46,plain note 746,solo,true
747,User 747,user747@example.com,København,7639.47,plain note 747,"a,b,c",false
748,User 748,user748@example.com,Москва,7676.48,"line one
line two",solo,true
749,User 749,user749@example.com,東京,7713.49,"said ""hi"", then left",solo,false
750,User 750,user750@example.com,Paris,7750.50,plain note 750,"a,b,c",true
751,User 751,user751@example.com,Lima,7787.51,plain note 751,solo,false
752,User 752,user752@example.com,Amsterdam,7824.52,plain note 752,solo,true
753,User 753,user753@example.com,Bratislava,7861.53,plain note 753,"a,b,c",false
754,User 754,user754@example.com,Zürich,7898.54,plain note 754,solo,true
755,User 755,user755@example.com,København,7935.55,plain note 755,solo,false
756,User 756,user756@example.com,Москва,7972.56,"said ""hi"", then left","a,b,c",true
757,User 757,user757@example.com,東京,8009.57,plain note 757,solo,false
758,User 758,user758@example.com,Paris,8046.58,plain note 758,solo,true
759,User 759,user759@example.com,Lima,8083.59,"line one
line two","a,b,c",false
760,User 760,user760@example.com,Amsterdam,8120.60,plain note 760,solo,true
761,User 761,user761@example.com,Bratislava,8157.61,plain note 761,solo,false
762,User 762,user762@example.com,Zürich,8194.62,plain note 762,"a,b,c",true
763,User 763,user763@example.com,København,8231.63,"said ""hi"", then left",solo,false
764,User 764,user764@example.com,Москва,8268.64,plain note 764,solo,true
765,User 765,user765@example.com,東京,8305.65,plain note 765,"a,b,c",false
766,User 766,user766@example.com,Paris,8342.66,plain note 766,solo,true
767,User 767,user767@example.com,Lima,8379.67,plain note 767,solo,false
768,User 768,user768@example.com,Amsterdam,8416.68,plain note 768,"a,b,c",true
769,User 769,user769@example.com,Bratislava,8453.69,plain note 769,solo,false
770,User 770,user770@example.com,Zürich,8490.70,"said ""hi"", then left",solo,true
771,User 771,user771@example.com,København,8527.71,plain note 771,"a,b,c",false
772,User 772,user772@example.com,Москва,8564.72,plain note 772,solo,true
773,User 773,user773@example.com,東京,8601.73,plain note 773,solo,false
774,User 774,user774@example.com,Paris,8638.74,plain note 774,"a,b,c",true
775,User 775,user775@example.com,Lima,8675.75,plain note 775,solo,false
776,User 776,user776@example.com,Amsterdam,8712.76,plain note 776,solo,true
777,User 777,user777@example.com,Bratislava,8749.77,"said ""hi"", then left","a,b,c",false
778,User 778,user778@example.com,Zürich,8786.78,plain note 778,solo,true
779,User 779,user779@example.com,København,8823.79,plain note 779,solo,false
780,User 780,user780@example.com,Москва,8860.80,plain note 780,"a,b,c",true
781,User 781,user781@example.com,東京,8897.81,"line one
line two",solo,false
782,User 782,user782@example.com,Paris,8934.82,plain note 782,solo,true
783,User 783,user783@example.com,Lima,8971.83,plain note 783,"a,b,c",false
784,User 784,user784@example.com,Amsterdam,9008.84,"said ""hi"", then left",solo,true
785,User 785,user785@example.com,Bratislava,9045.85,plain note 785,solo,false
786,User 786,user786@example.com,Zürich,9082.86,plain note 786,"a,b,c",true
787,User 787,user787@example.com,København,9119.87,plain note 787,solo,false
788,User 788,user788@example.com,Москва,9156.88,plain note 788,solo,true
789,User 789,user789@example.com,東京,9193.89,plain note 789,"a,b,c",false
790,User 790,user790@example.com,Paris,9230.90,plain note 790,solo,true
791,User 791,user791@example.com,Lima,9267.91,"said ""hi"", then left",solo,false
792,User 792,user792@example.com,Amsterdam,9304.92,"line one
line two","a,b,c",true
793,User 793,user793@example.com,Bratislava,9341.93,plain note 793,solo,false
794,User 794,user794@example.com,Zürich,9378.94,plain note 794,solo,true
795,User 795,user795@example.com,København,9415.95,plain note 795,"a,b,c",false
796,User 796,user796@example.com,Москва,9452.96,plain note 796,solo,true
797,User 797,user797@example.com,東京,9489.97,plain note 797,solo,false
798,User 798,user798@example.com,Paris,9526.98,"said ""hi"", then left","a,b,c",true
799,User 799,user799@example.com,Lima,9563.99,plain note 799,solo,false
800,User 800,user800@example.com,Amsterdam,9600.0,plain note 800,solo,true
801,User 801,user801@example.com,Bratislava,9637.1,plain note 801,"a,b,c",false
802,User 802,user802@example.com,Zürich,9674.2,plain note 802,solo,true
803,User 803,user803@example.com,København,9711.3,"line one
line two",solo,false
804,User 804,user804@example.com,Москва,9748.4,plain note 804,"a,b,c",true
805,User 805,user805@example.com,東京,9785.5,"said ""hi"", then left",solo,false
806,User 806,user806@example.com,Paris,9822.6,plain note 806,solo,true
807,User 807,user807@example.com,Lima,9859.7,plain note 807,"a,b,c",false
808,User 808,user808@example.com,Amsterdam,9896.8,plain note 808,solo,true
809,User 809,user809@example.com,Bratislava,9933.9,plain note 809,solo,false
810,User 810,user810@example.com,Zürich,9970.10,plain note 810,"a,b,c",true
811,User 811,user811@example.com,København,7.11,plain note 811,solo,false
812,User 812,user812@example.com,Москва,44.12,"said ""hi"", then left",solo,true
813,User 813,user813@example.com,東京,81.13,plain note 813,"a,b,c",false
814,User 814,user814@example.com,Paris,118.14,"line one
line two",solo,true
815,User 815,user815@example.com,Lima,155.15,plain note 815,solo,false
816,User 816,user816@example.com,Amsterdam,192.16,plain note 816,"a,b,c",true
817,User 817,user817@example.com,Bratislava,229.17,plain note 817,solo,false
818,User 818,user818@example.com,Zürich,266.18,plain note 818,solo,true
819,User 819,user819@example.com,København,303.19,"said ""hi"", then left","a,b,c",false
820,User 820,user820@example.com,Москва,340.20,plain note 820,solo,true
821,User 821,user821@example.com,東京,377.21,plain note 821,solo,false
822,User 822,user822@example.com,Paris,414.22,plain note 822,"a,b,c",true
823,User 823,user823@example.com,Lima,451.23,plain note 823,solo,false
824,User 824,user824@example.com,Amsterdam,488.24,plain note 824,solo,true
825,User 825,user825@example.com,Bratislava,525.25,"line one
line two","a,b,c",false
826,User 826,user826@example.com,Zürich,562.26,"said ""hi"", then left",solo,true
827,User 827,user827@example.com,København,599.27,plain note 827,solo,false
828,User 828,user828@example.com,Москва,636.28,plain note 828,"a,b,c",true
829,User 829,user829@example.com,東京,673.29,plain note 829,solo,false
830,User 830,user830@example.com,Paris,710.30,plain note 830,solo,true
831,User 831,user831@example.com,Lima,747.31,plain note 831,"a,b,c",false
832,User 832,user832@example.com,Amsterdam,784.32,plain note 832,solo,true
833,User 833,user833@example.com,Bratislava,821.33,"said ""hi"", then left",solo,false
834,User 834,user834@example.com,Zürich,858.34,plain note 834,"a,b,c",true
835,User 835,user835@example.com,København,895.35,plain note 835,solo,false
836,User 836,user836@example.com,Москва,932.36,"line one
line two",solo,true
837,User 837,user837@example.com,東京,969.37,plain note 837,"a,b,c",false
838,User 838,user838@example.com,Paris,1006.38,plain note 838,solo,true
839,User 839,user839@example.com,Lima,1043.39,plain note 839,solo,false
840,User 840,user840@example.com,Amsterdam,1080.40,"said ""hi"", then left","a,b,c",true
841,User 841,user841@example.com,Bratislava,1117.41,plain note 841,solo,false
842,User 842,user842@example.com,Zürich,1154.42,plain note 842,solo,true
843,User 843,user843@example.com,København,1191.43,plain note 843,"a,b,c",false
844,User 844,user844@example.com,Москва,1228.44,plain note 844,solo,true
845,User 845,user845@example.com,東京,1265.45,plain note 845,solo,false
846,User 846,user846@example.com,Paris,1302.46,plain note 846,"a,b,c",true
847,User 847,user847@example.com,Lima,1339.47,"said ""hi"", then left",solo,false
848,User 848,user848@example.com,Amsterdam,1376.48,plain note 848,solo,true
849,User 849,user849@example.com,Bratislava,1413.49,plain note 849,"a,b,c",false
850,User 850,user850@example.com,Zürich,1450.50,plain note 850,solo,true
851,User 851,user851@example.com,København,1487.51,plain note 851,solo,false
852,User 852,user852@example.com,Москва,1524.52,plain note 852,"a,b,c",true
853,User 853,user853@example.com,東京,1561.53,plain note 853,solo,false
854,User 854,user854@example.com,Paris,1598.54,"said ""hi"", then left",solo,true
855,User 855,user855@example.com,Lima,1635.55,plain note 855,"a,b,c",false
856,User 856,user856@example.com,Amsterdam,1672.56,plain note 856,solo,true
857,User 857,user857@example.com,Bratislava,1709.57,plain note 857,solo,false
858,User 858,user858@example.com,Zürich,1746.58,"line one
line two","a,b,c",true
859,User 859,user859@example.com,København,1783.59,plain note 859,solo,false
860,User 860,user860@example.com,Москва,1820.60,plain note 860,solo,true
861,User 861,user861@example.com,東京,1857.61,"said ""hi"", then left","a,b,c",false
862,User 862,user862@example.com,Paris,1894.62,plain note 862,solo,true
863,User 863,user863@example.com,Lima,1931.63,plain note 863,solo,false
864,User 864,user864@example.com,Amsterdam,1968.64,plain note 864,"a,b,c",true
865,User 865,user865@example.com,Bratislava,2005.65,plain note 865,solo,false
866,User 866,user866@example.com,Zürich,2042.66,plain note 866,solo,true
867,User 867,user867@example.com,København,2079.67,plain note 867,"a,b,c",false
868,User 868,user868@example.com,Москва,2116.68,"said ""hi"", then left",solo,true
869,User 869,user869@example.com,東京,2153.69,"line one
line two",solo,false
870,User 870,user870@example.com,Paris,2190.70,plain note 870,"a,b,c",true
871,User 871,user871@example.com,Lima,2227.71,plain note 871,solo,false
872,User 872,user872@example.com,Amsterdam,2264.72,plain note 872,solo,true
873,User 873,user873@example.com,Bratislava,2301.73,plain note 873,"a,b,c",false
874,User 874,user874@example.com,Zürich,2338.74,plain note 874,solo,true
875,User 875,user875@example.com,København,2375.75,"said ""hi"", then left",solo,false
876,User 876,user876@example.com,Москва,2412.76,plain note 876,"a,b,c",true
877,User 877,user877@example.com,東京,2449.77,plain note 877,solo,false
878,User 878,user878@example.com,Paris,2486.78,plain note 878,solo,true
879,User 879,user879@example.com,Lima,2523.79,plain note 879,"a,b,c",false
880,User 880,user880@example.com,Amsterdam,2560.80,"line one
line two",solo,true
881,User 881,user881@example.com,Bratislava,2597.81,plain note 881,solo,false
882,User 882,user882@example.com,Zürich,2634.82,"said ""hi"", then left","a,b,c",true
883,User 883,user883@example.com,København,2671.83,plain note 883,solo,false
884,User 884,user884@example.com,Москва,2708.84,plain note 884,solo,true
885,User 885,user885@example.com,東京,2745.85,plain note 885,"a,b,c",false
886,User 886,user886@example.com,Paris,2782.86,plain note 886,solo,true
887,User 887,user887@example.com,Lima,2819.87,plain note 887,solo,false
888,User 888,user888@example.com,Amsterdam,2856.88,plain note 888,"a,b,c",true
889,User 889,user889@example.com,Bratislava,2893.89,"said ""hi"", then left",solo,false
890,User 890,user890@example.com,Zürich,2930.90,plain note 890,solo,true
891,User 891,user891@example.com,København,2967.91,"line one
line two","a,b,c",false
892,User 892,user892@example.com,Москва,3004.92,plain note 892,solo,true
893,User 893,user893@example.com,東京,3041.93,plain note 893,solo,false
894,User 894,user894@example.com,Paris,3078.94,plain note 894,"a,b,c",true
895,User 895,user895@example.com,Lima,3115.95,plain note 895,solo,false
896,User 896,user896@example.com,Amsterdam,3152.96,"said ""hi"", then left",solo,true
897,User 897,user897@example.com,Bratislava,3189.97,plain note 897,"a,b,c",false
898,User 898,user898@example.com,Zürich,3226.98,plain note 898,solo,true
899,User 899,user899@example.com,København,3263.99,plain note 899,solo,false
900,User 900,user900@example.com,Москва,3300.0,plain note 900,"a,b,c",true
901,User 901,user901@example.com,東京,3337.1,plain note 901,solo,false
902,User 902,user902@example.com,Paris,3374.2,"line one
line two",solo,true
903,User 903,user903@example.com,Lima,3411.3,"said ""hi"", then left","a,b,c",false
904,User 904,user904@example.com,Amsterdam,3448.4,plain note 904,solo,true
905,User 905,user905@example.com,Bratislava,3485.5,plain note 905,solo,false
906,User 906,user906@example.com,Zürich,3522.6,plain note 906,"a,b,c",true
907,User 907,user907@example.com,København,3559.7,plain note 907,solo,false
908,User 908,user908@example.com,Москва,3596.8,plain note 908,solo,true
909,User 909,user909@example.com,東京,3633.9,plain note 909,"a,b,c",false
910,User 910,user910@example.com,Paris,3670.10,"said ""hi"", then left",solo,true
911,User 911,user911@example.com,Lima,3707.11,plain note 911,solo,false
912,User 912,user912@example.com,Amsterdam,3744.12,plain note 912,"a,b,c",true
913,User 913,user913@example.com,Bratislava,3781.13,"line one
line two",solo,false
914,User 914,user914@example.com,Zürich,3818.14,plain note 914,solo,true
915,User 915,user915@example.com,København,3855.15,plain note 915,"a,b,c",false
916,User 916,user916@example.com,Москва,3892.16,plain note 916,solo,true
917,User 917,user917@example.com,東京,3929.17,"said ""hi"", then left",solo,false
918,User 918,user918@example.com,Paris,3966.18,plain note 918,"a,b,c",true
919,User 919,user919@example.com,Lima,4003.19,plain note 919,solo,false
920,User 920,user920@example.com,Amsterdam,4040.20,plain note 920,solo,true
921,User 921,user921@example.com,Bratislava,4077.21,plain note 921,"a,b,c",false
922,User 922,user922@example.com,Zürich,4114.22,plain note 922,solo,true
923,User 923,user923@example.com,København,4151.23,plain note 923,solo,false
924,User 924,user924@example.com,Москва,4188.24,"said ""hi"", then left","a,b,c",true
925,User 925,user925@example.com,東京,4225.25,plain note 925,solo,false
926,User 926,user926@example.com,Paris,4262.26,plain note 926,solo,true
927,User 927,user927@example.com,Lima,4299.27,plain note 927,"a,b,c",false
928,User 928,user928@example.com,Amsterdam,4336.28,plain note 928,solo,true
929,User 929,user929@example.com,Bratislava,4373.29,plain note 929,solo,false
930,User 930,user930@example.com,Zürich,4410.30,plain note 930,"a,b,c",true
931,User 931,user931@example.com,København,4447.31,"said ""hi"", then left",solo,false
932,User 932,user932@example.com,Москва,4484.32,plain note 932,solo,true
933,User 933,user933@example.com,東京,4521.33,plain note 933,"a,b,c",false
934,User 934,user934@example.com,Paris,4558.34,plain note 934,solo,true
935,User 935,user935@example.com,Lima,4595.35,"line one
line two",solo,false
936,User 936,user936@example.com,Amsterdam,4632.36,plain note 936,"a,b,c",true
937,User 937,user937@example.com,Bratislava,4669.37,plain note 937,solo,false
938,User 938,user938@example.com,Zürich,4706.38,"said ""hi"", then left",solo,true
939,User 939,user939@example.com,København,4743.39,plain note 939,"a,b,c",false
940,User 940,user940@example.com,Москва,4780.40,plain note 940,solo,true
941,User 941,user941@example.com,東京,4817.41,plain note 941,solo,false
942,User 942,user942@example.com,Paris,4854.42,plain note 942,"a,b,c",true
943,User 943,user943@example.com,Lima,4891.43,plain note 943,solo,false
944,User 944,user944@example.com,Amsterdam,4928.44,plain note 944,solo,true
945,User 945,user945@example.com,Bratislava,4965.45,"said ""hi"", then left","a,b,c",false
946,User 946,user946@example.com,Zürich,5002.46,"line one
line two",solo,true
947,User 947,user947@example.com,København,5039.47,plain note 947,solo,false
948,User 948,user948@example.com,Москва,5076.48,plain note 948,"a,b,c",true
949,User 949,user949@example.com,東京,5113.49,plain note 949,solo,false
950,User 950,user950@example.com,Paris,5150.50,plain note 950,solo,true
951,User 951,user951@example.com,Lima,5187.51,plain note 951,"a,b,c",false
952,User 952,user952@example.com,Amsterdam,5224.52,"said ""hi"", then left",solo,true
953,User 953,user953@example.com,Bratislava,5261.53,plain note 953,solo,false
954,User 954,user954@example.com,Zürich,5298.54,plain note 954,"a,b,c",true
955,User 955,user955@example.com,København,5335.55,plain note 955,solo,false
956,User 956,user956@example.com,Москва,5372.56,plain note 956,solo,true
957,User 957,user957@example.com,東京,5409.57,"line one
line two","a,b,c",false
958,User 958,user958@example.com,Paris,5446.58,plain note 958,solo,true
959,User 959,user959@example.com,Lima,5483.59,"said ""hi"", then left",solo,false
960,User 960,user960@example.com,Amsterdam,5520.60,plain note 960,"a,b,c",true
961,User 961,user961@example.com,Bratislava,5557.61,plain note 961,solo,false
962,User 962,user962@example.com,Zürich,5594.62,plain note 962,solo,true
963,User 963,user963@example.com,København,5631.63,plain note 963,"a,b,c",false
964,User 964,user964@example.com,Москва,5668.64,plain note 964,solo,true
965,User 965,user965@example.com,東京,5705.65,plain note 965,solo,false
966,User 966,user966@example.com,Paris,5742.66,"said ""hi"", then left","a,b,c",true
967,User 967,user967@example.com,Lima,5779.67,plain note 967,solo,false
968,User 968,user968@example.com,Amsterdam,5816.68,"line one
line two",solo,true
969,User 969,user969@example.com,Bratislava,5853.69,plain note 969,"a,b,c",false
970,User 970,user970@example.com,Zürich,5890.70,plain note 970,solo,true
971,User 971,user971@example.com,København,5927.71,plain note 971,solo,false
972,User 972,user972@example.com,Москва,5964.72,plain note 972,"a,b,c",true
973,User 973,user973@example.com,東京,6001.73,"said ""hi"", then left",solo,false
974,User 974,user974@example.com,Paris,6038.74,plain note 974,solo,true
975,User 975,user975@example.com,Lima,6075.75,plain note 975,"a,b,c",false
976,User 976,user976@example.com,Amsterdam,6112.76,plain note 976,solo,true
977,User 977,user977@example.com,Bratislava,6149.77,plain note 977,solo,false
978,User 978,user978@example.com,Zürich,6186.78,plain note 978,"a,b,c",true
979,User 979,user979@example.com,København,6223.79,"line one
line two",solo,false
980,User 980,user980@example.com,Москва,6260.80,"said ""hi"", then left",solo,true
981,User 981,user981@example.com,東京,6297.81,plain note 981,"a,b,c",false
982,User 982,user982@example.com,Paris,6334.82,plain note 982,solo,true
983,User 983,user983@example.com,Lima,6371.83,plain note 983,solo,false
984,User 984,user984@example.com,Amsterdam,6408.84,plain note 984,"a,b,c",true
985,User 985,user985@example.com,Bratislava,6445.85,plain note 985,solo,false
986,User 986,user986@example.com,Zürich,6482.86,plain note 986,solo,true
987,User 987,user987@example.com,København,6519.87,"said ""hi"", then left","a,b,c",false
988,User 988,user988@example.com,Москва,6556.88,plain note 988,solo,true
989,User 989,user989@example.com,東京,6593.89,plain note 989,solo,false
990,User 990,user990@example.com,Paris,6630.90,"line one
line two","a,b,c",true
991,User 991,user991@example.com,Lima,6667.91,plain note 991,solo,false
992,User 992,user992@example.com,Amsterdam,6704.92,plain note 992,solo,true
993,User 993,user993@example.com,Bratislava,6741.93,plain note 993,"a,b,c",false
994,User 994,user994@example.com,Zürich,6778.94,"said ""hi"", then left",solo,true
995,User 995,user995@example.com,København,6815.95,plain note 995,solo,false
996,User 996,user996@example.com,Москва,6852.96,plain note 996,"a,b,c",true
997,User 997,user997@example.com,東京,6889.97,plain note 997,solo,false
998,User 998,user998@example.com,Paris,6926.98,plain note 998,solo,true
999,User 999,user999@example.com,Lima,6963.99,plain note 999,"a,b,c",false
1000,User 1000,user1000@example.com,Amsterdam,7000.0,plain note 1000,solo,true
1001,User 1001,user1001@example.com,Bratislava,7037.1,"said ""hi"", then left",solo,false
1002,User 1002,user1002@example.com,Zürich,7074.2,plain note 1002,"a,b,c",true
1003,User 1003,user1003@example.com,København,7111.3,plain note 1003,solo,false
1004,User 1004,user1004@example.com,Москва,7148.4,plain note 1004,solo,true
1005,User 1005,user1005@example.com,東京,7185.5,plain note 1005,"a,b,c",false
1006,User 1006,user1006@example.com,Paris,7222.6,plain note 1006,solo,true
1007,User 1007,user1007@example.com,Lima,7259.7,plain note 1007,solo,false
1008,User 1008,user1008@example.com,Amsterdam,7296.8,"said ""hi"", then left","a,b,c",true
1009,User 1009,user1009@example.com,Bratislava,7333.9,plain note 1009,solo,false
1010,User 1010,user1010@example.com,Zürich,7370.10,plain note 1010,solo,true
1011,User 1011,user1011@example.com,København,7407.11,plain note 1011,"a,b,c",false
1012,User 1012,user1012@example.com,Москва,7444.12,"line one
line two",solo,true
1013,User 1013,user1013@example.com,東京,7481.13,plain note 1013,solo,false
1014,User 1014,user1014@example.com,Paris,7518.14,plain note 1014,"a,b,c",true
1015,User 1015,user1015@example.com,Lima,7555.15,"said ""hi"", then left",solo,false
1016,User 1016,user1016@example.com,Amsterdam,7592.16,plain note 1016,solo,true
1017,User 1017,user1017@example.com,Bratislava,7629.17,plain note 1017,"a,b,c",false
1018,User 1018,user1018@example.com,Zürich,7666.18,plain note 1018,solo,true
1019,User 1019,user1019@example.com,København,7703.19,plain note 1019,solo,false
1020,User 1020,user1020@example.com,Москва,7740.20,plain note 1020,"a,b,c",true
1021,User 1021,user1021@example.com,東京,7777.21,plain note 1021,solo,false
1022,User 1022,user1022@example.com,Paris,7814.22,"said ""hi"", then left",solo,true
1023,User 1023,user1023@example.com,Lima,7851.23,"line one
line two","a,b,c",false
1024,User 1024,user1024@example.com,Amsterdam,7888.24,plain note 1024,solo,true
1025,User 1025,user1025@example.com,Bratislava,7925.25,plain note 1025,solo,false
1026,User 1026,user1026@example.com,Zürich,7962.26,plain note 1026,"a,b,c",true
1027,User 1027,user1027@example.com,København,7999.27,plain note 1027,solo,false
1028,User 1028,user1028@example.com,Москва,8036.28,plain note 1028,solo,true
1029,User 1029,user1029@example.com,東京,8073.29,"said ""hi"", then left","a,b,c",false
1030,User 1030,user1030@example.com,Paris,8110.30,plain note 1030,solo,true
1031,User 1031,user1031@example.com,Lima,8147.31,plain note 1031,solo,false
1032,User 1032,user1032@example.com,Amsterdam,8184.32,plain note 1032,"a,b,c",true
1033,User 1033,user1033@example.com,Bratislava,8221.33,plain note 1033,solo,false
1034,User 1034,user1034@example.com,Zürich,8258.34,"line one
line two",solo,true
1035,User 1035,user1035@example.com,København,8295.35,plain note 1035,"a,b,c",false
1036,User 1036,user1036@example.com,Москва,8332.36,"said ""hi"", then left",solo,true
1037,User 1037,user1037@example.com,東京,8369.37,plain note 1037,solo,false
1038,User 1038,user1038@example.com,Paris,8406.38,plain note 1038,"a,b,c",true
1039,User 1039,user1039@example.com,Lima,8443.39,plain note 1039,solo,false
1040,User 1040,user1040@example.com,Amsterdam,8480.40,plain note 1040,solo,true
1041,User 1041,user1041@example.com,Bratislava,8517.41,plain note 1041,"a,b,c",false
1042,User 1042,user1042@example.com,Zürich,8554.42,plain note 1042,solo,true
1043,User 1043,user1043@example.com,København,8591.43,"said ""hi"", then left",solo,false
1044,User 1044,user1044@example.com,Москва,8628.44,plain note 1044,"a,b,c",true
1045,User 1045,user1045@example.com,東京,8665.45,"line one
line two",solo,false
1046,User 1046,user1046@example.com,Paris,8702.46,plain note 1046,solo,true
1047,User 1047,user1047@example.com,Lima,8739.47,plain note 1047,"a,b,c",false
1048,User 1048,user1048@example.com,Amsterdam,8776.48,plain note 1048,solo,true
1049,User 1049,user1049@example.com,Bratislava,8813.49,plain note 1049,solo,false
1050,User 1050,user1050@example.com,Zürich,8850.50,"said ""hi"", then left","a,b,c",true
1051,User 1051,user1051@example.com,København,8887.51,plain note 1051,solo,false
1052,User 1052,user1052@example.com,Москва,8924.52,plain note 1052,solo,true
1053,User 1053,user1053@example.com,東京,8961.53,plain note 1053,"a,b,c",false
1054,User 1054,user1054@example.com,Paris,8998.54,plain note 1054,solo,true
1055,User 1055,user1055@example.com,Lima,9035.55,plain note 1055,solo,false
1056,User 1056,user1056@example.com,Amsterdam,9072.56,"line one
line two","a,b,c",true
1057,User 1057,user1057@example.com,Bratislava,9109.57,"said ""hi"", then left",solo,false
1058,User 1058,user1058@example.com,Zürich,9146.58,plain note 1058,solo,true
1059,User 1059,user1059@example.com,København,9183.59,plain note 1059,"a,b,c",false
1060,User 1060,user1060@example.com,Москва,9220.60,plain note 1060,solo,true
1061,User 1061,user1061@example.com,東京,9257.61,plain note 1061,solo,false
1062,User 1062,user1062@example.com,Paris,9294.62,plain note 1062,"a,b,c",true
1063,User 1063,user1063@example.com,Lima,9331.63,plain note 1063,solo,false
1064,User 1064,user1064@example.com,Amsterdam,9368.64,"said ""hi"", then left",solo,true
1065,User 1065,user1065@example.com,Bratislava,9405.65,plain note 1065,"a,b,c",false
1066,User 1066,user1066@example.com,Zürich,9442.66,plain note 1066,solo,true
1067,User 1067,user1067@example.com,København,9479.67,"line one
line two",solo,false
1068,User 1068,user1068@example.com,Москва,9516.68,plain note 1068,"a,b,c",true
1069,User 1069,user1069@example.com,東京,9553.69,plain note 1069,solo,false
1070,User 1070,user1070@example.com,Paris,9590.70,plain note 1070,solo,true
1071,User 1071,user1071@example.com,Lima,9627.71,"said ""hi"", then left","a,b,c",false
1072,User 1072,user1072@example.com,Amsterdam,9664.72,plain note 1072,solo,true
1073,User 1073,user1073@example.com,Bratislava,9701.73,plain note 1073,solo,false
1074,User 1074,user1074@example.com,Zürich,9738.74,plain note 1074,"a,b,c",true
1075,User 1075,user1075@example.com,København,9775.75,plain note 1075,solo,false
1076,User 1076,user1076@example.com,Москва,9812.76,plain note 1076,solo,true
1077,User 1077,user1077@example.com,東京,9849.77,plain note 1077,"a,b,c",false
1078,User 1078,user1078@example.com,Paris,9886.78,"said ""hi"", then left",solo,true
1079,User 1079,user1079@example.com,Lima,9923.79,plain note 1079,solo,false
1080,User 1080,user1080@example.com,Amsterdam,9960.80,plain note 1080,"a,b,c",true
1081,User 1081,user1081@example.com,Bratislava,9997.81,plain note 1081,solo,false
1082,User 1082,user1082@example.com,Zürich,34.82,plain note 1082,solo,true
1083,User 1083,user1083@example.com,København,71.83,plain note 1083,"a,b,c",false
1084,User 1084,user1084@example.com,Москва,108.84,plain note 1084,solo,true
1085,User 1085,user1085@example.com,東京,145.85,"said ""hi"", then left",solo,false
1086,User 1086,user1086@example.com,Paris,182.86,plain note 1086,"a,b,c",true
1087,User 1087,user1087@example.com,Lima,219.87,plain note 1087,solo,false
1088,User 1088,user1088@example.com,Amsterdam,256.88,plain note 1088,solo,true
1089,User 1089,user1089@example.com,Bratislava,293.89,"line one
line two","a,b,c",false
1090,User 1090,user1090@example.com,Zürich,330.90,plain note 1090,solo,true
1091,User 1091,user1091@example.com,København,367.91,plain note 1091,solo,false
1092,User 1092,user1092@example.com,Москва,404.92,"said ""hi"", then left","a,b,c",true
1093,User 1093,user1093@example.com,東京,441.93,plain note 1093,solo,false
1094,User 1094,user1094@example.com,Paris,478.94,plain note 1094,solo,true
1095,User 1095,user1095@example.com,Lima,515.95,plain note 1095,"a,b,c",false
1096,User 1096,user1096@example.com,Amsterdam,552.96,plain note 1096,solo,true
1097,User 1097,user1097@example.com,Bratislava,589.97,plain note 1097,solo,false
1098,User 1098,user1098@example.com,Zürich,626.98,plain note 1098,"a,b,c",true
1099,User 1099,user1099@example.com,København,663.99,"said ""hi"", then left",solo,false
1100,User 1100,user1100@example.com,Москва,700.0,"line one
line two",solo,true
1101,User 1101,user1101@example.com,東京,737.1,plain note 1101,"a,b,c",false
1102,User 1102,user1102@example.com,Paris,774.2,plain note 1102,solo,true
1103,User 1103,user1103@example.com,Lima,811.3,plain note 1103,solo,false
1104,User 1104,user1104@example.com,Amsterdam,848.4,plain note 1104,"a,b,c",true
1105,User 1105,user1105@example.com,Bratislava,885.5,plain note 1105,solo,false
1106,User 1106,user1106@example.com,Zürich,922.6,"said ""hi"", then left",solo,true
1107,User 1107,user1107@example.com,København,959.7,plain note 1107,"a,b,c",false
1108,User 1108,user1108@example.com,Москва,996.8,plain note 1108,solo,true
1109,User 1109,user1109@example.com,東京,1033.9,plain note 1109,solo,false
1110,User 1110,user1110@example.com,Paris,1070.10,plain note 1110,"a,b,c",true
1111,User 1111,user1111@example.com,Lima,1107.11,"line one
line two",solo,false
1112,User 1112,user1112@example.com,Amsterdam,1144.12,plain note 1112,solo,true
1113,User 1113,user1113@example.com,Bratislava,1181.13,"said ""hi"", then left","a,b,c",false
1114,User 1114,user1114@example.com,Zürich,1218.14,plain note 1114,solo,true
1115,User 1115,user1115@example.com,København,1255.15,plain note 1115,solo,false
1116,User 1116,user1116@example.com,Москва,1292.16,plain note 1116,"a,b,c",true
1117,User 1117,user1117@example.com,東京,1329.17,plain note 1117,solo,false
1118,User 1118,user1118@example.com,Paris,1366.18,plain note 1118,solo,true
1119,User 1119,user1119@example.com,Lima,1403.19,plain note 1119,"a,b,c",false
1120,User 1120,user1120@example.com,Amsterdam,1440.20,"said ""hi"", then left",solo,true
1121,User 1121,user1121@example.com,Bratislava,1477.21,plain note 1121,solo,false
1122,User 1122,user1122@example.com,Zürich,1514.22,"line one
line two","a,b,c",true
1123,User 1123,user1123@example.com,København,1551.23,plain note 1123,solo,false
1124,User 1124,user1124@example.com,Москва,1588.24,plain note 1124,solo,true
1125,User 1125,user1125@example.com,東京,1625.25,plain note 1125,"a,b,c",false
1126,User 1126,user1126@example.com,Paris,1662.26,plain note 1126,solo,true
1127,User 1127,user1127@example.com,Lima,1699.27,"said ""hi"", then left",solo,false
1128,User 1128,user1128@example.com,Amsterdam,1736.28,plain note 1128,"a,b,c",true
1129,User 1129,user1129@example.com,Bratislava,1773.29,plain note 1129,solo,false
1130,User 1130,user1130@example.com,Zürich,1810.30,plain note 1130,solo,true
1131,User 1131,user1131@example.com,København,1847.31,plain note 1131,"a,b,c",false
1132,User 1132,user1132@example.com,Москва,1884.32,plain note 1132,solo,true
1133,User 1133,user1133@example.com,東京,1921.33,"line one
line two",solo,false
1134,User 1134,user1134@example.com,Paris,1958.34,"said ""hi"", then left","a,b,c",true
1135,User 1135,user1135@example.com,Lima,1995.35,plain note 1135,solo,false
1136,User 1136,user1136@example.com,Amsterdam,2032.36,plain note 1136,solo,true
1137,User 1137,user1137@example.com,Bratislava,2069.37,plain note 1137,"a,b,c",false
1138,User 1138,user1138@example.com,Zürich,2106.38,plain note 1138,solo,true
1139,User 1139,user1139@example.com,København,2143.39,plain note 1139,solo,false
1140,User 1140,user1140@example.com,Москва,2180.40,plain note 1140,"a,b,c",true
1141,User 1141,user1141@example.com,東京,2217.41,"said ""hi"", then left",solo,false
1142,User 1142,user1142@example.com,Paris,2254.42,plain note 1142,solo,true
1143,User 1143,user1143@example.com,Lima,2291.43,plain note 1143,"a,b,c",false
1144,User 1144,user1144@example.com,Amsterdam,2328.44,"line one
line two",solo,true
1145,User 1145,user1145@example.com,Bratislava,2365.45,plain note 1145,solo,false
1146,User 1146,user1146@example.com,Zürich,2402.46,plain note 1146,"a,b,c",true
1147,User 1147,user1147@example.com,København,2439.47,plain note 1147,solo,false
1148,User 1148,user1148@example.com,Москва,2476.48,"said ""hi"", then left",solo,true
1149,User 1149,user1149@example.com,東京,2513.49,plain note 1149,"a,b,c",false
1150,User 1150,user1150@example.com,Paris,2550.50,plain note 1150,solo,true
1151,User 1151,user1151@example.com,Lima,2587.51,plain note 1151,solo,false
1152,User 1152,user1152@example.com,Amsterdam,2624.52,plain note 1152,"a,b,c",true
1153,User 1153,user1153@example.com,Bratislava,2661.53,plain note 1153,solo,false
1154,User 1154,user1154@example.com,Zürich,2698.54,plain note 1154,solo,true
1155,User 1155,user1155@example.com,København,2735.55,"said ""hi"", then left","a,b,c",false
1156,User 1156,user1156@example.com,Москва,2772.56,plain note 1156,solo,true
1157,User 1157,user1157@example.com,東京,2809.57,plain note 1157,solo,false
1158,User 1158,user1158@example.com,Paris,2846.58,plain note 1158,"a,b,c",true
1159,User 1159,user1159@example.com,Lima,2883.59,plain note 1159,solo,false
1160,User 1160,user1160@example.com,Amsterdam,2920.60,plain note 1160,solo,true
1161,User 1161,user1161@example.com,Bratislava,2957.61,plain note 1161,"a,b,c",false
1162,User 1162,user1162@example.com,Zürich,2994.62,"said ""hi"", then left",solo,true
1163,User 1163,user1163@example.com,København,3031.63,plain note 1163,solo,false
1164,User 1164,user1164@example.com,Москва,3068.64,plain note 1164,"a,b,c",true
1165,User 1165,user1165@example.com,東京,3105.65,plain note 1165,solo,false
1166,User 1166,user1166@example.com,Paris,3142.66,"line one
line two",solo,true
1167,User 1167,user1167@example.com,Lima,3179.67,plain note 1167,"a,b,c",false
1168,User 1168,user1168@example.com,Amsterdam,3216.68,plain note 1168,solo,true
1169,User 1169,user1169@example.com,Bratislava,3253.69,"said ""hi"", then left",solo,false
1170,User 1170,user1170@example.com,Zürich,3290.70,plain note 1170,"a,b,c",true
1171,User 1171,user1171@example.com,København,3327.71,plain note 1171,solo,false
1172,User 1172,user1172@example.com,Москва,3364.72,plain note 1172,solo,true
1173,User 1173,user1173@example.com,東京,3401.73,plain note 1173,"a,b,c",false
1174,User 1174,user1174@example.com,Paris,3438.74,plain note 1174,solo,true
1175,User 1175,user1175@example.com,Lima,3475.75,plain note 1175,solo,false
1176,User 1176,user1176@example.com,Amsterdam,3512.76,"said ""hi"", then left","a,b,c",true
1177,User 1177,user1177@example.com,Bratislava,3549.77,"line one
line two",solo,false
1178,User 1178,user1178@example.com,Zürich,3586.78,plain note 1178,solo,true
1179,User 1179,user1179@example.com,København,3623.79,plain note 1179,"a,b,c",false
1180,User 1180,user1180@example.com,Москва,3660.80,plain note 1180,solo,true
1181,User 1181,user1181@example.com,東京,3697.81,plain note 1181,solo,false
1182,User 1182,user1182@example.com,Paris,3734.82,plain note 1182,"a,b,c",true
1183,User 1183,user1183@example.com,Lima,3771.83,"said ""hi"", then left",solo,false
1184,User 1184,user1184@example.com,Amsterdam,3808.84,plain note 1184,solo,true
1185,User 1185,user1185@example.com,Bratislava,3845.85,plain note 1185,"a,b,c",false
1186,User 1186,user1186@example.com,Zürich,3882.86,plain note 1186,solo,true
1187,User 1187,user1187@example.com,København,3919.87,plain note 1187,solo,false
1188,User 1188,user1188@example.com,Москва,3956.88,"line one
line two","a,b,c",true
1189,User 1189,user1189@example.com,東京,3993.89,plain note 1189,solo,false
1190,User 1190,user1190@example.com,Paris,4030.90,"said ""hi"", then left",solo,true
1191,User 1191,user1191@example.com,Lima,4067.91,plain note 1191,"a,b,c",false
1192,User 1192,user1192@example.com,Amsterdam,4104.92,plain note 1192,solo,true
1193,User 1193,user1193@example.com,Bratislava,4141.93,plain note 1193,solo,false
1194,User 1194,user1194@example.com,Zürich,4178.94,plain note 1194,"a,b,c",true
1195,User 1195,user1195@example.com,København,4215.95,plain note 1195,solo,false
1196,User 1196,user1196@example.com,Москва,4252.96,plain note 1196,solo,true
1197,User 1197,user1197@example.com,東京,4289.97,"said ""hi"", then left","a,b,c",false
1198,User 1198,user1198@example.com,Paris,4326.98,plain note 1198,solo,true
1199,User 1199,user1199@example.com,Lima,4363.99,"line one
line two",solo,false
1200,User 1200,user1200@example.com,Amsterdam,4400.0,plain note 1200,"a,b,c",true
1201,User 1201,user1201@example.com,Bratislava,4437.1,plain note 1201,solo,false
1202,User 1202,user1202@example.com,Zürich,4474.2,plain note 1202,solo,true
1203,User 1203,user1203@example.com,København,4511.3,plain note 1203,"a,b,c",false
1204,User 1204,user1204@example.com,Москва,4548.4,"said ""hi"", then left",solo,true
1205,User 1205,user1205@example.com,東京,4585.5,plain note 1205,solo,false
1206,User 1206,user1206@example.com,Paris,4622.6,plain note 1206,"a,b,c",true
1207,User 1207,user1207@example.com,Lima,4659.7,plain note 1207,solo,false
1208,User 1208,user1208@example.com,Amsterdam,4696.8,plain note 1208,solo,true
1209,User 1209,user1209@example.com,Bratislava,4733.9,plain note 1209,"a,b,c",false
1210,User 1210,user1210@example.com,Zürich,4770.10,"line one
line two",solo,true
1211,User 1211,user1211@example.com,København,4807.11,"said ""hi"", then left",solo,false
1212,User 1212,user1212@example.com,Москва,4844.12,plain note 1212,"a,b,c",true
1213,User 1213,user1213@example.com,東京,4881.13,plain note 1213,solo,false
1214,User 1214,user1214@example.com,Paris,4918.14,plain note 1214,solo,true
1215,User 1215,user1215@example.com,Lima,4955.15,plain note 1215,"a,b,c",false
1216,User 1216,user1216@example.com,Amsterdam,4992.16,plain note 1216,solo,true
1217,User 1217,user1217@example.com,Bratislava,5029.17,plain note 1217,solo,false
1218,User 1218,user1218@example.com,Zürich,5066.18,"said ""hi"", then left","a,b,c",true
1219,User 1219,user1219@example.com,København,5103.19,plain note 1219,solo,false
1220,User 1220,user1220@example.com,Москва,5140.20,plain note 1220,solo,true
1221,User 1221,user1221@example.com,東京,5177.21,"line one
line two","a,b,c",false
1222,User 1222,user1222@example.com,Paris,5214.22,plain note 1222,solo,true
1223,User 1223,user1223@example.com,Lima,5251.23,plain note 1223,solo,false
1224,User 1224,user1224@example.com,Amsterdam,5288.24,plain note 1224,"a,b,c",true
1225,User 1225,user1225@example.com,Bratislava,5325.25,"said ""hi"", then left",solo,false
1226,User 1226,user1226@example.com,Zürich,5362.26,plain note 1226,solo,true
1227,User 1227,user1227@example.com,København,5399.27,plain note 1227,"a,b,c",false
1228,User 1228,user1228@example.com,Москва,5436.28,plain note 1228,solo,true
1229,User 1229,user1229@example.com,東京,5473.29,plain note 1229,solo,false
1230,User 1230,user1230@example.com,Paris,5510.30,plain note 1230,"a,b,c",true
1231,User 1231,user1231@example.com,Lima,5547.31,plain note 1231,solo,false
1232,User 1232,user1232@example.com,Amsterdam,5584.32,"said ""hi"", then left",solo,true
1233,User 1233,user1233@example.com,Bratislava,5621.33,plain note 1233,"a,b,c",false
1234,User 1234,user1234@example.com,Zürich,5658.34,plain note 1234,solo,true
1235,User 1235,user1235@example.com,København,5695.35,plain note 1235,solo,false
1236,User 1236,user1236@example.com,Москва,5732.36,plain note 1236,"a,b,c",true
1237,User 1237,user1237@example.com,東京,5769.37,plain note 1237,solo,false
1238,User 1238,user1238@example.com,Paris,5806.38,plain note 1238,solo,true
1239,User 1239,user1239@example.com,Lima,5843.39,"said ""hi"", then left","a,b,c",false
1240,User 1240,user1240@example.com,Amsterdam,5880.40,plain note 1240,solo,true
1241,User 1241,user1241@example.com,Bratislava,5917.41,plain note 1241,solo,false
1242,User 1242,user1242@example.com,Zürich,5954.42,plain note 1242,"a,b,c",true
1243,User 1243,user1243@example.com,København,5991.43,"line one
line two",solo,false
1244,User 1244,user1244@example.com,Москва,6028.44,plain note 1244,solo,true
1245,User 1245,user1245@example.com,東京,6065.45,plain note 1245,"a,b,c",false
1246,User 1246,user1246@example.com,Paris,6102.46,"said ""hi"", then left",solo,true
1247,User 1247,user1247@example.com,Lima,6139.47,plain note 1247,solo,false
1248,User 1248,user1248@example.com,Amsterdam,6176.48,plain note 1248,"a,b,c",true
1249,User 1249,user1249@example.com,Bratislava,6213.49,plain note 1249,solo,false
1250,User 1250,user1250@example.com,Zürich,6250.50,plain note 1250,solo,true
1251,User 1251,user1251@example.com,København,6287.51,plain note 1251,"a,b,c",false
1252,User 1252,user1252@example.com,Москва,6324.52,plain note 1252,solo,true
1253,User 1253,user1253@example.com,東京,6361.53,"said ""hi"", then left",solo,false
1254,User 1254,user1254@example.com,Paris,6398.54,"line one
line two","a,b,c",true
1255,User 1255,user1255@example.com,Lima,6435.55,plain note 1255,solo,false
1256,User 1256,user1256@example.com,Amsterdam,6472.56,plain note 1256,solo,true
1257,User 1257,user1257@example.com,Bratislava,6509.57,plain note 1257,"a,b,c",false
1258,User 1258,user1258@example.com,Zürich,6546.58,plain note 1258,solo,true
1259,User 1259,user1259@example.com,København,6583.59,plain note 1259,solo,false
1260,User 1260,user1260@example.com,Москва,6620.60,"said ""hi"", then left","a,b,c",true
1261,User 1261,user1261@example.com,東京,6657.61,plain note 1261,solo,false
1262,User 1262,user1262@example.com,Paris,6694.62,plain note 1262,solo,true
1263,User 1263,user1263@example.com,Lima,6731.63,plain note 1263,"a,b,c",false
1264,User 1264,user1264@example.com,Amsterdam,6768.64,plain note 1264,solo,true
1265,User 1265,user1265@example.com,Bratislava,6805.65,"line one
line two",solo,false
1266,User 1266,user1266@example.com,Zürich,6842.66,plain note 1266,"a,b,c",true
1267,User 1267,user1267@example.com,København,6879.67,"said ""hi"", then left",solo,false
1268,User 1268,user1268@example.com,Москва,6916.68,plain note 1268,solo,true
1269,User 1269,user1269@example.com,東京,6953.69,plain note 1269,"a,b,c",false
1270,User 1270,user1270@example.com,Paris,6990.70,plain note 1270,solo,true
1271,User 1271,user1271@example.com,Lima,7027.71,plain note 1271,solo,false
1272,User 1272,user1272@example.com,Amsterdam,7064.72,plain note 1272,"a,b,c",true
1273,User 1273,user1273@example.com,Bratislava,7101.73,plain note 1273,solo,false
1274,User 1274,user1274@example.com,Zürich,7138.74,"said ""hi"", then left",solo,true
1275,User 1275,user1275@example.com,København,7175.75,plain note 1275,"a,b,c",false
1276,User 1276,user1276@example.com,Москва,7212.76,"line one
line two",solo,true
1277,User 1277,user1277@example.com,東京,7249.77,plain note 1277,solo,false
1278,User 1278,user1278@example.com,Paris,7286.78,plain note 1278,"a,b,c",true
1279,User 1279,user1279@example.com,Lima,7323.79,plain note 1279,solo,false
1280,User 1280,user1280@example.com,Amsterdam,7360.80,plain note 1280,solo,true
1281,User 1281,user1281@example.com,Bratislava,7397.81,"said ""hi"", then left","a,b,c",false
1282,User 1282,user1282@example.com,Zürich,7434.82,plain note 1282,solo,true
1283,User 1283,user1283@example.com,København,7471.83,plain note 1283,solo,false
1284,User 1284,user1284@example.com,Москва,7508.84,plain note 1284,"a,b,c",true
1285,User 1285,user1285@example.com,東京,7545.85,plain note 1285,solo,false
1286,User 1286,user1286@example.com,Paris,7582.86,plain note 1286,solo,true
1287,User 1287,user1287@example.com,Lima,7619.87,"line one
line two","a,b,c",false
1288,User 1288,user1288@example.com,Amsterdam,7656.88,"said ""hi"", then left",solo,true
1289,User 1289,user1289@example.com,Bratislava,7693.89,plain note 1289,solo,false
1290,User 1290,user1290@example.com,Zürich,7730.90,plain note 1290,"a,b,c",true
1291,User 1291,user1291@example.com,København,7767.91,plain note 1291,solo,false
1292,User 1292,user1292@example.com,Москва,7804.92,plain note 1292,solo,true
1293,User 1293,user1293@example.com,東京,7841.93,plain note 1293,"a,b,c",false
1294,User 1294,user1294@example.com,Paris,7878.94,plain note 1294,solo,true
1295,User 1295,user1295@example.com,Lima,7915.95,"said ""hi"", then left",solo,false
1296,User 1296,user1296@example.com,Amsterdam,7952.96,plain note 1296,"a,b,c",true
1297,User 1297,user1297@example.com,Bratislava,7989.97,plain note 1297,solo,false
1298,User 1298,user1298@example.com,Zürich,8026.98,"line one
line two",solo,true
1299,User 1299,user1299@example.com,København,8063.99,plain note 1299,"a,b,c",false
1300,User 1300,user1300@example.com,Москва,8100.0,plain note 1300,solo,true
1301,User 1301,user1301@example.com,東京,8137.1,plain note 1301,solo,false
1302,User 1302,user1302@example.com,Paris,8174.2,"said ""hi"", then left","a,b,c",true
1303,User 1303,user1303@example.com,Lima,8211.3,plain note 1303,solo,false
1304,User 1304,user1304@example.com,Amsterdam,8248.4,plain note 1304,solo,true
1305,User 1305,user1305@example.com,Bratislava,8285.5,plain note 1305,"a,b,c",false
1306,User 1306,user1306@example.com,Zürich,8322.6,plain note 1306,solo,true
1307,User 1307,user1307@example.com,København,8359.7,plain note 1307,solo,false
1308,User 1308,user1308@example.com,Москва,8396.8,plain note 1308,"a,b,c",true
1309,User 1309,user1309@example.com,東京,8433.9,"said ""hi"", then left",solo,false
1310,User 1310,user1310@example.com,Paris,8470.10,plain note 1310,solo,true
1311,User 1311,user1311@example.com,Lima,8507.11,plain note 1311,"a,b,c",false
1312,User 1312,user1312@example.com,Amsterdam,8544.12,plain note 1312,solo,true
1313,User 1313,user1313@example.com,Bratislava,8581.13,plain note 1313,solo,false
1314,User 1314,user1314@example.com,Zürich,8618.14,plain note 1314,"a,b,c",true
1315,User 1315,user1315@example.com,København,8655.15,plain note 1315,solo,false
1316,User 1316,user1316@example.com,Москва,8692.16,"said ""hi"", then left",solo,true
1317,User 1317,user1317@example.com,東京,8729.17,plain note 1317,"a,b,c",false
1318,User 1318,user1318@example.com,Paris,8766.18,plain note 1318,solo,true
1319,User 1319,user1319@example.com,Lima,8803.19,plain note 1319,solo,false
1320,User 1320,user1320@example.com,Amsterdam,8840.20,"line one
line two","a,b,c",true
1321,User 1321,user1321@example.com,Bratislava,8877.21,plain note 1321,solo,false
1322,User 1322,user1322@example.com,Zürich,8914.22,plain note 1322,solo,true
1323,User 1323,user1323@example.com,København,8951.23,"said ""hi"", then left","a,b,c",false
1324,User 1324,user1324@example.com,Москва,8988.24,plain note 1324,solo,true
1325,User 1325,user1325@example.com,東京,9025.25,plain note 1325,solo,false
1326,User 1326,user1326@example.com,Paris,9062.26,plain note 1326,"a,b,c",true
1327,User 1327,user1327@example.com,Lima,9099.27,plain note 1327,solo,false
1328,User 1328,user1328@example.com,Amsterdam,9136.28,plain note 1328,solo,true
1329,User 1329,user1329@example.com,Bratislava,9173.29,plain note 1329,"a,b,c",false
1330,User 1330,user1330@example.com,Zürich,9210.30,"said ""hi"", then left",solo,true
1331,User 1331,user1331@example.com,København,9247.31,"line one
line two",solo,false
1332,User 1332,user1332@example.com,Москва,9284.32,plain note 1332,"a,b,c",true
1333,User 1333,user1333@example.com,東京,9321.33,plain note 1333,solo,false
1334,User 1334,user1334@example.com,Paris,9358.34,plain note 1334,solo,true
1335,User 1335,user1335@example.com,Lima,9395.35,plain note 1335,"a,b,c",false
1336,User 1336,user1336@example.com,Amsterdam,9432.36,plain note 1336,solo,true
1337,User 1337,user1337@example.com,Bratislava,9469.37,"said ""hi"", then left",solo,false
1338,User 1338,user1338@example.com,Zürich,9506.38,plain note 1338,"a,b,c",true
1339,User 1339,user1339@example.com,København,9543.39,plain note 1339,solo,false
1340,User 1340,user1340@example.com,Москва,9580.40,plain note 1340,solo,true
1341,User 1341,user1341@example.com,東京,9617.41,plain note 1341,"a,b,c",false
1342,User 1342,user1342@example.com,Paris,9654.42,"line one
line two",solo,true
1343,User 1343,user1343@example.com,Lima,9691.43,plain note 1343,solo,false
1344,User 1344,user1344@example.com,Amsterdam,9728.44,"said ""hi"", then left","a,b,c",true
1345,User 1345,user1345@example.com,Bratislava,9765.45,plain note 1345,solo,false
1346,User 1346,user1346@example.com,Zürich,9802.46,plain note 1346,solo,true
1347,User 1347,user1347@example.com,København,9839.47,plain note 1347,"a,b,c",false
1348,User 1348,user1348@example.com,Москва,9876.48,plain note 1348,solo,true
1349,User 1349,user1349@example.com,東京,9913.49,plain note 1349,solo,false
1350,User 1350,user1350@example.com,Paris,9950.50,plain note 1350,"a,b,c",true
1351,User 1351,user1351@example.com,Lima,9987.51,"said ""hi"", then left",solo,false
1352,User 1352,user1352@example.com,Amsterdam,24.52,plain note 1352,solo,true
1353,User 1353,user1353@example.com,Bratislava,61.53,"line one
line two","a,b,c",false
1354,User 1354,user1354@example.com,Zürich,98.54,plain note 1354,solo,true
1355,User 1355,user1355@example.com,København,135.55,plain note 1355,solo,false
1356,User 1356,user1356@example.com,Москва,172.56,plain note 1356,"a,b,c",true
1357,User 1357,user1357@example.com,東京,209.57,plain note 1357,solo,false
1358,User 1358,user1358@example.com,Paris,246.58,"said ""hi"", then left",solo,true
1359,User 1359,user1359@example.com,Lima,283.59,plain note 1359,"a,b,c",false
1360,User 1360,user1360@example.com,Amsterdam,320.60,plain note 1360,solo,true
1361,User 1361,user1361@example.com,Bratislava,357.61,plain note 1361,solo,false
1362,User 1362,user1362@example.com,Zürich,394.62,plain note 1362,"a,b,c",true
1363,User 1363,user1363@example.com,København,431.63,plain note 1363,solo,false
1364,User 1364,user1364@example.com,Москва,468.64,"line one
line two",solo,true
1365,User 1365,user1365@example.com,東京,505.65,"said ""hi"", then left","a,b,c",false
1366,User 1366,user1366@example.com,Paris,542.66,plain note 1366,solo,true
1367,User 1367,user1367@example.com,Lima,579.67,plain note 1367,solo,false
1368,User 1368,user1368@example.com,Amsterdam,616.68,plain note 1368,"a,b,c",true
1369,User 1369,user1369@example.com,Bratislava,653.69,plain note 1369,solo,false
1370,User 1370,user1370@example.com,Zürich,690.70,plain note 1370,solo,true
1371,User 1371,user1371@example.com,København,727.71,plain note 1371,"a,b,c",false
1372,User 1372,user1372@example.com,Москва,764.72,"said ""hi"", then left",solo,true
1373,User 1373,user1373@example.com,東京,801.73,plain note 1373,solo,false
1374,User 1374,user1374@example.com,Paris,838.74,plain note 1374,"a,b,c",true
1375,User 1375,user1375@example.com,Lima,875.75,"line one
line two",solo,false
1376,User 1376,user1376@example.com,Amsterdam,912.76,plain note 1376,solo,true
1377,User 1377,user1377@example.com,Bratislava,949.77,plain note 1377,"a,b,c",false
1378,User 1378,user1378@example.com,Zürich,986.78,plain note 1378,solo,true
1379,User 1379,user1379@example.com,København,1023.79,"said ""hi"", then left",solo,false
1380,User 1380,user1380@example.com,Москва,1060.80,plain note 1380,"a,b,c",true
1381,User 1381,user1381@example.com,東京,1097.81,plain note 1381,solo,false
1382,User 1382,user1382@example.com,Paris,1134.82,plain note 1382,solo,true
1383,User 1383,user1383@example.com,Lima,1171.83,plain note 1383,"a,b,c",false
1384,User 1384,user1384@example.com,Amsterdam,1208.84,plain note 1384,solo,true
1385,User 1385,user1385@example.com,Bratislava,1245.85,plain note 1385,solo,false
1386,User 1386,user1386@example.com,Zürich,1282.86,"said ""hi"", then left","a,b,c",true
1387,User 1387,user1387@example.com,København,1319.87,plain note 1387,solo,false
1388,User 1388,user1388@example.com,Москва,1356.88,plain note 1388,solo,true
1389,User 1389,user1389@example.com,東京,1393.89,plain note 1389,"a,b,c",false
1390,User 1390,user1390@example.com,Paris,1430.90,plain note 1390,solo,true
1391,User 1391,user1391@example.com,Lima,1467.91,plain note 1391,solo,false
1392,User 1392,user1392@example.com,Amsterdam,1504.92,plain note 1392,"a,b,c",true
1393,User 1393,user1393@example.com,Bratislava,1541.93,"said ""hi"", then left",solo,false
1394,User 1394,user1394@example.com,Zürich,1578.94,plain note 1394,solo,true
1395,User 1395,user1395@example.com,København,1615.95,plain note 1395,"a,b,c",false
1396,User 1396,user1396@example.com,Москва,1652.96,plain note 1396,solo,true
1397,User 1397,user1397@example.com,東京,1689.97,"line one
line two",solo,false
1398,User 1398,user1398@example.com,Paris,1726.98,plain note 1398,"a,b,c",true
1399,User 1399,user1399@example.com,Lima,1763.99,plain note 1399,solo,false
1400,User 1400,user1400@example.com,Amsterdam,1800.0,"said ""hi"", then left",solo,true
1401,User 1401,user1401@example.com,Bratislava,1837.1,plain note 1401,"a,b,c",false
1402,User 1402,user1402@example.com,Zürich,1874.2,plain note 1402,solo,true
1403,User 1403,user1403@example.com,København,1911.3,plain note 1403,solo,false
1404,User 1404,user1404@example.com,Москва,1948.4,plain note 1404,"a,b,c",true
1405,User 1405,user1405@example.com,東京,1985.5,plain note 1405,solo,false
1406,User 1406,user1406@example.com,Paris,2022.6,plain note 1406,solo,true
1407,User 1407,user1407@example.com,Lima,2059.7,"said ""hi"", then left","a,b,c",false
1408,User 1408,user1408@example.com,Amsterdam,2096.8,"line one
line two",solo,true
1409,User 1409,user1409@example.com,Bratislava,2133.9,plain note 1409,solo,false
1410,User 1410,user1410@example.com,Zürich,2170.10,plain note 1410,"a,b,c",true
1411,User 1411,user1411@example.com,København,2207.11,plain note 1411,solo,false
1412,User 1412,user1412@example.com,Москва,2244.12,plain note 1412,solo,true
1413,User 1413,user1413@example.com,東京,2281.13,plain note 1413,"a,b,c",false
1414,User 1414,user1414@example.com,Paris,2318.14,"said ""hi"", then left",solo,true
1415,User 1415,user1415@example.com,Lima,2355.15,plain note 1415,solo,false
1416,User 1416,user1416@example.com,Amsterdam,2392.16,plain note 1416,"a,b,c",true
1417,User 1417,user1417@example.com,Bratislava,2429.17,plain note 1417,solo,false
1418,User 1418,user1418@example.com,Zürich,2466.18,plain note 1418,solo,true
1419,User 1419,user1419@example.com,København,2503.19,"line one
line two","a,b,c",false
1420,User 1420,user1420@example.com,Москва,2540.20,plain note 1420,solo,true
1421,User 1421,user1421@example.com,東京,2577.21,"said ""hi"", then left",solo,false
1422,User 1422,user1422@example.com,Paris,2614.22,plain note 1422,"a,b,c",true
1423,User 1423,user1423@example.com,Lima,2651.23,plain note 1423,solo,false
1424,User 1424,user1424@example.com,Amsterdam,2688.24,plain note 1424,solo,true
1425,User 1425,user1425@example.com,Bratislava,2725.25,plain note 1425,"a,b,c",false
1426,User 1426,user1426@example.com,Zürich,2762.26,plain note 1426,solo,true
1427,User 1427,user1427@example.com,København,2799.27,plain note 1427,solo,false
1428,User 1428,user1428@example.com,Москва,2836.28,"said ""hi"", then left","a,b,c",true
1429,User 1429,user1429@example.com,東京,2873.29,plain note 1429,solo,false
1430,User 1430,user1430@example.com,Paris,2910.30,"line one
line two",solo,true
1431,User 1431,user1431@example.com,Lima,2947.31,plain note 1431,"a,b,c",false
1432,User 1432,user1432@example.com,Amsterdam,2984.32,plain note 1432,solo,true
1433,User 1433,user1433@example.com,Bratislava,3021.33,plain note 1433,solo,false
1434,User 1434,user1434@example.com,Zürich,3058.34,plain note 1434,"a,b,c",true
1435,User 1435,user1435@example.com,København,3095.35,"said ""hi"", then left",solo,false
1436,User 1436,user1436@example.com,Москва,3132.36,plain note 1436,solo,true
1437,User 1437,user1437@example.com,東京,3169.37,plain note 1437,"a,b,c",false
1438,User 1438,user1438@example.com,Paris,3206.38,plain note 1438,solo,true
1439,User 1439,user1439@example.com,Lima,3243.39,plain note 1439,solo,false
1440,User 1440,user1440@example.com,Amsterdam,3280.40,plain note 1440,"a,b,c",true
1441,User 1441,user1441@example.com,Bratislava,3317.41,"line one
line two",solo,false
1442,User 1442,user1442@example.com,Zürich,3354.42,"said ""hi"", then left",solo,true
1443,User 1443,user1443@example.com,København,3391.43,plain note 1443,"a,b,c",false
1444,User 1444,user1444@example.com,Москва,3428.44,plain note 1444,solo,true
1445,User 1445,user1445@example.com,東京,3465.45,plain note 1445,solo,false
1446,User 1446,user1446@example.com,Paris,3502.46,plain note 1446,"a,b,c",true
1447,User 1447,user1447@example.com,Lima,3539.47,plain note 1447,solo,false
1448,User 1448,user1448@example.com,Amsterdam,3576.48,plain note 1448,solo,true
1449,User 1449,user1449@example.com,Bratislava,3613.49,"said ""hi"", then left","a,b,c",false
1450,User 1450,user1450@example.com,Zürich,3650.50,plain note 1450,solo,true
1451,User 1451,user1451@example.com,København,3687.51,plain note 1451,solo,false
1452,User 1452,user1452@example.com,Москва,3724.52,"line one
line two","a,b,c",true
1453,User 1453,user1453@example.com,東京,3761.53,plain note 1453,solo,false
1454,User 1454,user1454@example.com,Paris,3798.54,plain note 1454,solo,true
1455,User 1455,user1455@example.com,Lima,3835.55,plain note 1455,"a,b,c",false
1456,User 1456,user1456@example.com,Amsterdam,3872.56,"said ""hi"", then left",solo,true
1457,User 1457,user1457@example.com,Bratislava,3909.57,plain note 1457,solo,false
1458,User 1458,user1458@example.com,Zürich,3946.58,plain note 1458,"a,b,c",true
1459,User 1459,user1459@example.com,København,3983.59,plain note 1459,solo,false
1460,User 1460,user1460@example.com,Москва,4020.60,plain note 1460,solo,true
1461,User 1461,user1461@example.com,東京,4057.61,plain note 1461,"a,b,c",false
1462,User 1462,user1462@example.com,Paris,4094.62,plain note 1462,solo,true
1463,User 1463,user1463@example.com,Lima,4131.63,"said ""hi"", then left",solo,false
1464,User 1464,user1464@example.com,Amsterdam,4168.64,plain note 1464,"a,b,c",true
1465,User 1465,user1465@example.com,Bratislava,4205.65,plain note 1465,solo,false
1466,User 1466,user1466@example.com,Zürich,4242.66,plain note 1466,solo,true
1467,User 1467,user1467@example.com,København,4279.67,plain note 1467,"a,b,c",false
1468,User 1468,user1468@example.com,Москва,4316.68,plain note 1468,solo,true
1469,User 1469,user1469@example.com,東京,4353.69,plain note 1469,solo,false
1470,User 1470,user1470@example.com,Paris,4390.70,"said ""hi"", then left","a,b,c",true
1471,User 1471,user1471@example.com,Lima,4427.71,plain note 1471,solo,false
1472,User 1472,user1472@example.com,Amsterdam,4464.72,plain note 1472,solo,true
1473,User 1473,user1473@example.com,Bratislava,4501.73,plain note 1473,"a,b,c",false
1474,User 1474,user1474@example.com,Zürich,4538.74,"line one
line two",solo,true
1475,User 1475,user1475@example.com,København,4575.75,plain note 1475,solo,false
1476,User 1476,user1476@example.com,Москва,4612.76,plain note 1476,"a,b,c",true
1477,User 1477,user1477@example.com,東京,4649.77,"said ""hi"", then left",solo,false
1478,User 1478,user1478@example.com,Paris,4686.78,plain note 1478,solo,true
1479,User 1479,user1479@example.com,Lima,4723.79,plain note 1479,"a,b,c",false
1480,User 1480,user1480@example.com,Amsterdam,4760.80,plain note 1480,solo,true
1481,User 1481,user1481@example.com,Bratislava,4797.81,plain note 1481,solo,false
1482,User 1482,user1482@example.com,Zürich,4834.82,plain note 1482,"a,b,c",true
1483,User 1483,user1483@example.com,København,4871.83,plain note 1483,solo,false
1484,User 1484,user1484@example.com,Москва,4908.84,"said ""hi"", then left",solo,true
1485,User 1485,user1485@example.com,東京,4945.85,"line one
line two","a,b,c",false
1486,User 1486,user1486@example.com,Paris,4982.86,plain note 1486,solo,true
1487,User 1487,user1487@example.com,Lima,5019.87,plain note 1487,solo,false
1488,User 1488,user1488@example.com,Amsterdam,5056.88,plain note 1488,"a,b,c",true
1489,User 1489,user1489@example.com,Bratislava,5093.89,plain note 1489,solo,false
1490,User 1490,user1490@example.com,Zürich,5130.90,plain note 1490,solo,true
1491,User 1491,user1491@example.com,København,5167.91,"said ""hi"", then left","a,b,c",false
1492,User 1492,user1492@example.com,Москва,5204.92,plain note 1492,solo,true
1493,User 1493,user1493@example.com,東京,5241.93,plain note 1493,solo,false
1494,User 1494,user1494@example.com,Paris,5278.94,plain note 1494,"a,b,c",true
1495,User 1495,user1495@example.com,Lima,5315.95,plain note 1495,solo,false
1496,User 1496,user1496@example.com,Amsterdam,5352.96,"line one
line two",solo,true
1497,User 1497,user1497@example.com,Bratislava,5389.97,plain note 1497,"a,b,c",false
1498,User 1498,user1498@example.com,Zürich,5426.98,"said ""hi"", then left",solo,true
1499,User 1499,user1499@example.com,København,5463.99,plain note 1499,solo,false
1500,User 1500,user1500@example.com,Москва,5500.0,plain note 1500,"a,b,c",true
1501,User 1501,user1501@example.com,東京,5537.1,plain note 1501,solo,false
1502,User 1502,user1502@example.com,Paris,5574.2,plain note 1502,solo,true
1503,User 1503,user1503@example.com,Lima,5611.3,plain note 1503,"a,b,c",false
1504,User 1504,user1504@example.com,Amsterdam,5648.4,plain note 1504,solo,true
1505,User 1505,user1505@example.com,Bratislava,5685.5,"said ""hi"", then left",solo,false
1506,User 1506,user1506@example.com,Zürich,5722.6,plain note 1506,"a,b,c",true
1507,User 1507,user1507@example.com,København,5759.7,"line one
line two",solo,false
1508,User 1508,user1508@example.com,Москва,5796.8,plain note 1508,solo,true
1509,User 1509,user1509@example.com,東京,5833.9,plain note 1509,"a,b,c",false
1510,User 1510,user1510@example.com,Paris,5870.10,plain note 1510,solo,true
1511,User 1511,user1511@example.com,Lima,5907.11,plain note 1511,solo,false
1512,User 1512,user1512@example.com,Amsterdam,5944.12,"said ""hi"", then left","a,b,c",true
1513,User 1513,user1513@example.com,Bratislava,5981.13,plain note 1513,solo,false
1514,User 1514,user1514@example.com,Zürich,6018.14,plain note 1514,solo,true
1515,User 1515,user1515@example.com,København,6055.15,plain note 1515,"a,b,c",false
1516,User 1516,user1516@example.com,Москва,6092.16,plain note 1516,solo,true
1517,User 1517,user1517@example.com,東京,6129.17,plain note 1517,solo,false
1518,User 1518,user1518@example.com,Paris,6166.18,"line one
line two","a,b,c",true
1519,User 1519,user1519@example.com,Lima,6203.19,"said ""hi"", then left",solo,false
1520,User 1520,user1520@example.com,Amsterdam,6240.20,plain note 1520,solo,true
1521,User 1521,user1521@example.com,Bratislava,6277.21,plain note 1521,"a,b,c",false
1522,User 1522,user1522@example.com,Zürich,6314.22,plain note 1522,solo,true
1523,User 1523,user1523@example.com,København,6351.23,plain note 1523,solo,false
1524,User 1524,user1524@example.com,Москва,6388.24,plain note 1524,"a,b,c",true
1525,User 1525,user1525@example.com,東京,6425.25,plain note 1525,solo,false
1526,User 1526,user1526@example.com,Paris,6462.26,"said ""hi"", then left",solo,true
1527,User 1527,user1527@example.com,Lima,6499.27,plain note 1527,"a,b,c",false
1528,User 1528,user1528@example.com,Amsterdam,6536.28,plain note 1528,solo,true
1529,User 1529,user1529@example.com,Bratislava,6573.29,"line one
line two",solo,false
1530,User 1530,user1530@example.com,Zürich,6610.30,plain note 1530,"a,b,c",true
1531,User 1531,user1531@example.com,København,6647.31,plain note 1531,solo,false
1532,User 1532,user1532@example.com,Москва,6684.32,plain note 1532,solo,true
1533,User 1533,user1533@example.com,東京,6721.33,"said ""hi"", then left","a,b,c",false
1534,User 1534,user1534@example.com,Paris,6758.34,plain note 1534,solo,true
1535,User 1535,user1535@example.com,Lima,6795.35,plain note 1535,solo,false
1536,User 1536,user1536@example.com,Amsterdam,6832.36,plain note 1536,"a,b,c",true
1537,User 1537,user1537@example.com,Bratislava,6869.37,plain note 1537,solo,false
1538,User 1538,user1538@example.com,Zürich,6906.38,plain note 1538,solo,true
1539,User 1539,user1539@example.com,København,6943.39,plain note 1539,"a,b,c",false
1540,User 1540,user1540@example.com,Москва,6980.40,"said ""hi"", then left",solo,true
1541,User 1541,user1541@example.com,東京,7017.41,plain note 1541,solo,false
1542,User 1542,user1542@example.com,Paris,7054.42,plain note 1542,"a,b,c",true
1543,User 1543,user1543@example.com,Lima,7091.43,plain note 1543,solo,false
1544,User 1544,user1544@example.com,Amsterdam,7128.44,plain note 1544,solo,true
1545,User 1545,user1545@example.com,Bratislava,7165.45,plain note 1545,"a,b,c",false
1546,User 1546,user1546@example.com,Zürich,7202.46,plain note 1546,solo,true
1547,User 1547,user1547@example.com,København,7239.47,"said ""hi"", then left",solo,false
1548,User 1548,user1548@example.com,Москва,7276.48,plain note 1548,"a,b,c",true
1549,User 1549,user1549@example.com,東京,7313.49,plain note 1549,solo,false
1550,User 1550,user1550@example.com,Paris,7350.50,plain note 1550,solo,true
1551,User 1551,user1551@example.com,Lima,7387.51,"line one
line two","a,b,c",false
1552,User 1552,user1552@example.com,Amsterdam,7424.52,plain note 1552,solo,true
1553,User 1553,user1553@example.com,Bratislava,7461.53,plain note 1553,solo,false
1554,User 1554,user1554@example.com,Zürich,7498.54,"said ""hi"", then left","a,b,c",true
1555,User 1555,user1555@example.com,København,7535.55,plain note 1555,solo,false
1556,User 1556,user1556@example.com,Москва,7572.56,plain note 1556,solo,true
1557,User 1557,user1557@example.com,東京,7609.57,plain note 1557,"a,b,c",false
1558,User 1558,user1558@example.com,Paris,7646.58,plain note 1558,solo,true
1559,User 1559,user1559@example.com,Lima,7683.59,plain note 1559,solo,false
1560,User 1560,user1560@example.com,Amsterdam,7720.60,plain note 1560,"a,b,c",true
1561,User 1561,user1561@example.com,Bratislava,7757.61,"said ""hi"", then left",solo,false
1562,User 1562,user1562@example.com,Zürich,7794.62,"line one
line two",solo,true
1563,User 1563,user1563@example.com,København,7831.63,plain note 1563,"a,b,c",false
1564,User 1564,user1564@example.com,Москва,7868.64,plain note 1564,solo,true
1565,User 1565,user1565@example.com,東京,7905.65,plain note 1565,solo,false
1566,User 1566,user1566@example.com,Paris,7942.66,plain note 1566,"a,b,c",true
1567,User 1567,user1567@example.com,Lima,7979.67,plain note 1567,solo,false
1568,User 1568,user1568@example.com,Amsterdam,8016.68,"said ""hi"", then left",solo,true
1569,User 1569,user1569@example.com,Bratislava,8053.69,plain note 1569,"a,b,c",false
1570,User 1570,user1570@example.com,Zürich,8090.70,plain note 1570,solo,true
1571,User 1571,user1571@example.com,København,8127.71,plain note 1571,solo,false
1572,User 1572,user1572@example.com,Москва,8164.72,plain note 1572,"a,b,c",true
1573,User 1573,user1573@example.com,東京,8201.73,"line one
line two",solo,false
1574,User 1574,user1574@example.com,Paris,8238.74,plain note 1574,solo,true
1575,User 1575,user1575@example.com,Lima,8275.75,"said ""hi"", then left","a,b,c",false
1576,User 1576,user1576@example.com,Amsterdam,8312.76,plain note 1576,solo,true
1577,User 1577,user1577@example.com,Bratislava,8349.77,plain note 1577,solo,false
1578,User 1578,user1578@example.com,Zürich,8386.78,plain note 1578,"a,b,c",true
1579,User 1579,user1579@example.com,København,8423.79,plain note 1579,solo,false
1580,User 1580,user1580@example.com,Москва,8460.80,plain note 1580,solo,true
1581,User 1581,user1581@example.com,東京,8497.81,plain note 1581,"a,b,c",false
1582,User 1582,user1582@example.com,Paris,8534.82,"said ""hi"", then left",solo,true
1583,User 1583,user1583@example.com,Lima,8571.83,plain note 1583,solo,false
1584,User 1584,user1584@example.com,Amsterdam,8608.84,"line one
line two","a,b,c",true
1585,User 1585,user1585@example.com,Bratislava,8645.85,plain note 1585,solo,false
1586,User 1586,user1586@example.com,Zürich,8682.86,plain note 1586,solo,true
1587,User 1587,user1587@example.com,København,8719.87,plain note 1587,"a,b,c",false
1588,User 1588,user1588@example.com,Москва,8756.88,plain note 1588,solo,true
1589,User 1589,user1589@example.com,東京,8793.89,"said ""hi"", then left",solo,false
1590,User 1590,user1590@example.com,Paris,8830.90,plain note 1590,"a,b,c",true
1591,User 1591,user1591@example.com,Lima,8867.91,plain note 1591,solo,false
1592,User 1592,user1592@example.com,Amsterdam,8904.92,plain note 1592,solo,true
1593,User 1593,user1593@example.com,Bratislava,8941.93,plain note 1593,"a,b,c",false
1594,User 1594,user1594@example.com,Zürich,8978.94,plain note 1594,solo,true
1595,User 1595,user1595@example.com,København,9015.95,"line one
line two",solo,false
1596,User 1596,user1596@example.com,Москва,9052.96,"said ""hi"", then left","a,b,c",true
1597,User 1597,user1597@example.com,東京,9089.97,plain note 1597,solo,false
1598,User 1598,user1598@example.com,Paris,9126.98,plain note 1598,solo,true
1599,User 1599,user1599@example.com,Lima,9163.99,plain note 1599,"a,b,c",false
1600,User 1600,user1600@example.com,Amsterdam,9200.0,plain note 1600,solo,true
1601,User 1601,user1601@example.com,Bratislava,9237.1,plain note 1601,solo,false
1602,User 1602,user1602@example.com,Zürich,9274.2,plain note 1602,"a,b,c",true
1603,User 1603,user1603@example.com,København,9311.3,"said ""hi"", then left",solo,false
1604,User 1604,user1604@example.com,Москва,9348.4,plain note 1604,solo,true
1605,User 1605,user1605@example.com,東京,9385.5,plain note 1605,"a,b,c",false
1606,User 1606,user1606@example.com,Paris,9422.6,"line one
line two",solo,true
1607,User 1607,user1607@example.com,Lima,9459.7,plain note 1607,solo,false
1608,User 1608,user1608@example.com,Amsterdam,9496.8,plain note 1608,"a,b,c",true
1609,User 1609,user1609@example.com,Bratislava,9533.9,plain note 1609,solo,false
1610,User 1610,user1610@example.com,Zürich,9570.10,"said ""hi"", then left",solo,true
1611,User 1611,user1611@example.com,København,9607.11,plain note 1611,"a,b,c",false
1612,User 1612,user1612@example.com,Москва,9644.12,plain note 1612,solo,true
1613,User 1613,user1613@example.com,東京,9681.13,plain note 1613,solo,false
1614,User 1614,user1614@example.com,Paris,9718.14,plain note 1614,"a,b,c",true
1615,User 1615,user1615@example.com,Lima,9755.15,plain note 1615,solo,false
1616,User 1616,user1616@example.com,Amsterdam,9792.16,plain note 1616,solo,true
1617,User 1617,user1617@example.com,Bratislava,9829.17,"said ""hi"", then left","a,b,c",false
1618,User 1618,user1618@example.com,Zürich,9866.18,plain note 1618,solo,true
1619,User 1619,user1619@example.com,København,9903.19,plain note 1619,solo,false
1620,User 1620,user1620@example.com,Москва,9940.20,plain note 1620,"a,b,c",true
1621,User 1621,user1621@example.com,東京,9977.21,plain note 1621,solo,false
1622,User 1622,user1622@example.com,Paris,14.22,plain note 1622,solo,true
1623,User 1623,user1623@example.com,Lima,51.23,plain note 1623,"a,b,c",false
1624,User 1624,user1624@example.com,Amsterdam,88.24,"said ""hi"", then left",solo,true
1625,User 1625,user1625@example.com,Bratislava,125.25,plain note 1625,solo,false
1626,User 1626,user1626@example.com,Zürich,162.26,plain note 1626,"a,b,c",true
1627,User 1627,user1627@example.com,København,199.27,plain note 1627,solo,false
1628,User 1628,user1628@example.com,Москва,236.28,"line one
line two",solo,true
1629,User 1629,user1629@example.com,東京,273.29,plain note 1629,"a,b,c",false
1630,User 1630,user1630@example.com,Paris,310.30,plain note 1630,solo,true
1631,User 1631,user1631@example.com,Lima,347.31,"said ""hi"", then left",solo,false
1632,User 1632,user1632@example.com,Amsterdam,384.32,plain note 1632,"a,b,c",true
1633,User 1633,user1633@example.com,Bratislava,421.33,plain note 1633,solo,false
1634,User 1634,user1634@example.com,Zürich,458.34,plain note 1634,solo,true
1635,User 1635,user1635@example.com,København,495.35,plain note 1635,"a,b,c",false
1636,User 1636,user1636@example.com,Москва,532.36,plain note 1636,solo,true
1637,User 1637,user1637@example.com,東京,569.37,plain note 1637,solo,false
1638,User 1638,user1638@example.com,Paris,606.38,"said ""hi"", then left","a,b,c",true
1639,User 1639,user1639@example.com,Lima,643.39,"line one
line two",solo,false
1640,User 1640,user1640@example.com,Amsterdam,680.40,plain note 1640,solo,true
1641,User 1641,user1641@example.com,Bratislava,717.41,plain note 1641,"a,b,c",false
1642,User 1642,user1642@example.com,Zürich,754.42,plain note 1642,solo,true
1643,User 1643,user1643@example.com,København,791.43,plain note 1643,solo,false
1644,User 1644,user1644@example.com,Москва,828.44,plain note 1644,"a,b,c",true
1645,User 1645,user1645@example.com,東京,865.45,"said ""hi"", then left",solo,false
1646,User 1646,user1646@example.com,Paris,902.46,plain note 1646,solo,true
1647,User 1647,user1647@example.com,Lima,939.47,plain note 1647,"a,b,c",false
1648,User 1648,user1648@example.com,Amsterdam,976.48,plain note 1648,solo,true
1649,User 1649,user1649@example.com,Bratislava,1013.49,plain note 1649,solo,false
1650,User 1650,user1650@example.com,Zürich,1050.50,"line one
line two","a,b,c",true
1651,User 1651,user1651@example.com,København,1087.51,plain note 1651,solo,false
1652,User 1652,user1652@example.com,Москва,1124.52,"said ""hi"", then left",solo,true
1653,User 1653,user1653@example.com,東京,1161.53,plain note 1653,"a,b,c",false
1654,User 1654,user1654@example.com,Paris,1198.54,plain note 1654,solo,true
1655,User 1655,user1655@example.com,Lima,1235.55,plain note 1655,solo,false
1656,User 1656,user1656@example.com,Amsterdam,1272.56,plain note 1656,"a,b,c",true
1657,User 1657,user1657@example.com,Bratislava,1309.57,plain note 1657,solo,false
1658,User 1658,user1658@example.com,Zürich,1346.58,plain note 1658,solo,true
1659,User 1659,user1659@example.com,København,1383.59,"said ""hi"", then left","a,b,c",false
1660,User 1660,user1660@example.com,Москва,1420.60,plain note 1660,solo,true
1661,User 1661,user1661@example.com,東京,1457.61,"line one
line two",solo,false
1662,User 1662,user1662@example.com,Paris,1494.62,plain note 1662,"a,b,c",true
1663,User 1663,user1663@example.com,Lima,1531.63,plain note 1663,solo,false
1664,User 1664,user1664@example.com,Amsterdam,1568.64,plain note 1664,solo,true
1665,User 1665,user1665@example.com,Bratislava,1605.65,plain note 1665,"a,b,c",false
1666,User 1666,user1666@example.com,Zürich,1642.66,"said ""hi"", then left",solo,true
1667,User 1667,user1667@example.com,København,1679.67,plain note 1667,solo,false
1668,User 1668,user1668@example.com,Москва,1716.68,plain note 1668,"a,b,c",true
1669,User 1669,user1669@example.com,東京,1753.69,plain note 1669,solo,false
1670,User 1670,user1670@example.com,Paris,1790.70,plain note 1670,solo,true
1671,User 1671,user1671@example.com,Lima,1827.71,plain note 1671,"a,b,c",false
1672,User 1672,user1672@example.com,Amsterdam,1864.72,"line one
line two",solo,true
1673,User 1673,user1673@example.com,Bratislava,1901.73,"said ""hi"", then left",solo,false
1674,User 1674,user1674@example.com,Zürich,1938.74,plain note 1674,"a,b,c",true
1675,User 1675,user1675@example.com,København,1975.75,plain note 1675,solo,false
1676,User 1676,user1676@example.com,Москва,2012.76,plain note 1676,solo,true
1677,User 1677,user1677@example.com,東京,2049.77,plain note 1677,"a,b,c",false
1678,User 1678,user1678@example.com,Paris,2086.78,plain note 1678,solo,true
1679,User 1679,user1679@example.com,Lima,2123.79,plain note 1679,solo,false
1680,User 1680,user1680@example.com,Amsterdam,2160.80,"said ""hi"", then left","a,b,c",true
1681,User 1681,user1681@example.com,Bratislava,2197.81,plain note 1681,solo,false
1682,User 1682,user1682@example.com,Zürich,2234.82,plain note 1682,solo,true
1683,User 1683,user1683@example.com,København,2271.83,"line one
line two","a,b,c",false
1684,User 1684,user1684@example.com,Москва,2308.84,plain note 1684,solo,true
1685,User 1685,user1685@example.com,東京,2345.85,plain note 1685,solo,false
1686,User 1686,user1686@example.com,Paris,2382.86,plain note 1686,"a,b,c",true
1687,User 1687,user1687@example.com,Lima,2419.87,"said ""hi"", then left",solo,false
1688,User 1688,user1688@example.com,Amsterdam,2456.88,plain note 1688,solo,true
1689,User 1689,user1689@example.com,Bratislava,2493.89,plain note 1689,"a,b,c",false
1690,User 1690,user1690@example.com,Zürich,2530.90,plain note 1690,solo,true
1691,User 1691,user1691@example.com,København,2567.91,plain note 1691,solo,false
1692,User 1692,user1692@example.com,Москва,2604.92,plain note 1692,"a,b,c",true
1693,User 1693,user1693@example.com,東京,2641.93,plain note 1693,solo,false
1694,User 1694,user1694@example.com,Paris,2678.94,"said ""hi"", then left",solo,true
1695,User 1695,user1695@example.com,Lima,2715.95,plain note 1695,"a,b,c",false
1696,User 1696,user1696@example.com,Amsterdam,2752.96,plain note 1696,solo,true
1697,User 1697,user1697@example.com,Bratislava,2789.97,plain note 1697,solo,false
1698,User 1698,user1698@example.com,Zürich,2826.98,plain note 1698,"a,b,c",true
1699,User 1699,user1699@example.com,København,2863.99,plain note 1699,solo,false
1700,User 1700,user1700@example.com,Москва,2900.0,plain note 1700,solo,true
1701,User 1701,user1701@example.com,東京,2937.1,"said ""hi"", then left","a,b,c",false
1702,User 1702,user1702@example.com,Paris,2974.2,plain note 1702,solo,true
1703,User 1703,user1703@example.com,Lima,3011.3,plain note 1703,solo,false
1704,User 1704,user1704@example.com,Amsterdam,3048.4,plain note 1704,"a,b,c",true
1705,User 1705,user1705@example.com,Bratislava,3085.5,"line one
line two",solo,false
1706,User 1706,user1706@example.com,Zürich,3122.6,plain note 1706,solo,true
1707,User 1707,user1707@example.com,København,3159.7,plain note 1707,"a,b,c",false
1708,User 1708,user1708@example.com,Москва,3196.8,"said ""hi"", then left",solo,true
1709,User 1709,user1709@example.com,東京,3233.9,plain note 1709,solo,false
1710,User 1710,user1710@example.com,Paris,3270.10,plain note 1710,"a,b,c",true
1711,User 1711,user1711@example.com,Lima,3307.11,plain note 1711,solo,false
1712,User 1712,user1712@example.com,Amsterdam,3344.12,plain note 1712,solo,true
1713,User 1713,user1713@example.com,Bratislava,3381.13,plain note 1713,"a,b,c",false
1714,User 1714,user1714@example.com,Zürich,3418.14,plain note 1714,solo,true
1715,User 1715,user1715@example.com,København,3455.15,"said ""hi"", then left",solo,false
1716,User 1716,user1716@example.com,Москва,3492.16,"line one
line two","a,b,c",true
1717,User 1717,user1717@example.com,東京,3529.17,plain note 1717,solo,false
1718,User 1718,user1718@example.com,Paris,3566.18,plain note 1718,solo,true
1719,User 1719,user1719@example.com,Lima,3603.19,plain note 1719,"a,b,c",false
1720,User 1720,user1720@example.com,Amsterdam,3640.20,plain note 1720,solo,true
1721,User 1721,user1721@example.com,Bratislava,3677.21,plain note 1721,solo,false
1722,User 1722,user1722@example.com,Zürich,3714.22,"said ""hi"", then left","a,b,c",true
1723,User 1723,user1723@example.com,København,3751.23,plain note 1723,solo,false
1724,User 1724,user1724@example.com,Москва,3788.24,plain note 1724,solo,true
1725,User 1725,user1725@example.com,東京,3825.25,plain note 1725,"a,b,c",false
1726,User 1726,user1726@example.com,Paris,3862.26,plain note 1726,solo,true
1727,User 1727,user1727@example.com,Lima,3899.27,"line one
line two",solo,false
1728,User 1728,user1728@example.com,Amsterdam,3936.28,plain note 1728,"a,b,c",true
1729,User 1729,user1729@example.com,Bratislava,3973.29,"said ""hi"", then left",solo,false
1730,User 1730,user1730@example.com,Zürich,4010.30,plain note 1730,solo,true
1731,User 1731,user1731@example.com,København,4047.31,plain note 1731,"a,b,c",false
1732,User 1732,user1732@example.com,Москва,4084.32,plain note 1732,solo,true
1733,User 1733,user1733@example.com,東京,4121.33,plain note 1733,solo,false
1734,User 1734,user1734@example.com,Paris,4158.34,plain note 1734,"a,b,c",true
1735,User 1735,user1735@example.com,Lima,4195.35,plain note 1735,solo,false
1736,User 1736,user1736@example.com,Amsterdam,4232.36,"said ""hi"", then left",solo,true
1737,User 1737,user1737@example.com,Bratislava,4269.37,plain note 1737,"a,b,c",false
1738,User 1738,user1738@example.com,Zürich,4306.38,"line one
line two",solo,true
1739,User 1739,user1739@example.com,København,4343.39,plain note 1739,solo,false
1740,User 1740,user1740@example.com,Москва,4380.40,plain note 1740,"a,b,c",true
1741,User 1741,user1741@example.com,東京,4417.41,plain note 1741,solo,false
1742,User 1742,user1742@example.com,Paris,4454.42,plain note 1742,solo,true
1743,User 1743,user1743@example.com,Lima,4491.43,"said ""hi"", then left","a,b,c",false
1744,User 1744,user1744@example.com,Amsterdam,4528.44,plain note 1744,solo,true
1745,User 1745,user1745@example.com,Bratislava,4565.45,plain note 1745,solo,false
1746,User 1746,user1746@example.com,Zürich,4602.46,plain note 1746,"a,b,c",true
1747,User 1747,user1747@example.com,København,4639.47,plain note 1747,solo,false
1748,User 1748,user1748@example.com,Москва,4676.48,plain note 1748,solo,true
1749,User 1749,user1749@example.com,東京,4713.49,"line one
line two","a,b,c",false
1750,User 1750,user1750@example.com,Paris,4750.50,"said ""hi"", then left",solo,true
1751,User 1751,user1751@example.com,Lima,4787.51,plain note 1751,solo,false
1752,User 1752,user1752@example.com,Amsterdam,4824.52,plain note 1752,"a,b,c",true
1753,User 1753,user1753@example.com,Bratislava,4861.53,plain note 1753,solo,false
1754,User 1754,user1754@example.com,Zürich,4898.54,plain note 1754,solo,true
1755,User 1755,user1755@example.com,København,4935.55,plain note 1755,"a,b,c",false
1756,User 1756,user1756@example.com,Москва,4972.56,plain note 1756,solo,true
1757,User 1757,user1757@example.com,東京,5009.57,"said ""hi"", then left",solo,false
1758,User 1758,user1758@example.com,Paris,5046.58,plain note 1758,"a,b,c",true
1759,User 1759,user1759@example.com,Lima,5083.59,plain note 1759,solo,false
1760,User 1760,user1760@example.com,Amsterdam,5120.60,"line one
line two",solo,true
1761,User 1761,user1761@example.com,Bratislava,5157.61,plain note 1761,"a,b,c",false
1762,User 1762,user1762@example.com,Zürich,5194.62,plain note 1762,solo,true
1763,User 1763,user1763@example.com,København,5231.63,plain note 1763,solo,false
1764,User 1764,user1764@example.com,Москва,5268.64,"said ""hi"", then left","a,b,c",true
1765,User 1765,user1765@example.com,東京,5305.65,plain note 1765,solo,false
1766,User 1766,user1766@example.com,Paris,5342.66,plain note 1766,solo,true
1767,User 1767,user1767@example.com,Lima,5379.67,plain note 1767,"a,b,c",false
1768,User 1768,user1768@example.com,Amsterdam,5416.68,plain note 1768,solo,true
1769,User 1769,user1769@example.com,Bratislava,5453.69,plain note 1769,solo,false
1770,User 1770,user1770@example.com,Zürich,5490.70,plain note 1770,"a,b,c",true
1771,User 1771,user1771@example.com,København,5527.71,"said ""hi"", then left",solo,false
1772,User 1772,user1772@example.com,Москва,5564.72,plain note 1772,solo,true
1773,User 1773,user1773@example.com,東京,5601.73,plain note 1773,"a,b,c",false
1774,User 1774,user1774@example.com,Paris,5638.74,plain note 1774,solo,true
1775,User 1775,user1775@example.com,Lima,5675.75,plain note 1775,solo,false
1776,User 1776,user1776@example.com,Amsterdam,5712.76,plain note 1776,"a,b,c",true
1777,User 1777,user1777@example.com,Bratislava,5749.77,plain note 1777,solo,false
1778,User 1778,user1778@example.com,Zürich,5786.78,"said ""hi"", then left",solo,true
1779,User 1779,user1779@example.com,København,5823.79,plain note 1779,"a,b,c",false
1780,User 1780,user1780@example.com,Москва,5860.80,plain note 1780,solo,true
1781,User 1781,user1781@example.com,東京,5897.81,plain note 1781,solo,false
1782,User 1782,user1782@example.com,Paris,5934.82,"line one
line two","a,b,c",true
1783,User 1783,user1783@example.com,Lima,5971.83,plain note 1783,solo,false
1784,User 1784,user1784@example.com,Amsterdam,6008.84,plain note 1784,solo,true
1785,User 1785,user1785@example.com,Bratislava,6045.85,"said ""hi"", then left","a,b,c",false
1786,User 1786,user1786@example.com,Zürich,6082.86,plain note 1786,solo,true
1787,User 1787,user1787@example.com,København,6119.87,plain note 1787,solo,false
1788,User 1788,user1788@example.com,Москва,6156.88,plain note 1788,"a,b,c",true
1789,User 1789,user1789@example.com,東京,6193.89,plain note 1789,solo,false
1790,User 1790,user1790@example.com,Paris,6230.90,plain note 1790,solo,true
1791,User 1791,user1791@example.com,Lima,6267.91,plain note 1791,"a,b,c",false
1792,User 1792,user1792@example.com,Amsterdam,6304.92,"said ""hi"", then left",solo,true
1793,User 1793,user1793@example.com,Bratislava,6341.93,"line one
line two",solo,false
1794,User 1794,user1794@example.com,Zürich,6378.94,plain note 1794,"a,b,c",true
1795,User 1795,user1795@example.com,København,6415.95,plain note 1795,solo,false
1796,User 1796,user1796@example.com,Москва,6452.96,plain note 1796,solo,true
1797,User 1797,user1797@example.com,東京,6489.97,plain note 1797,"a,b,c",false
1798,User 1798,user1798@example.com,Paris,6526.98,plain note 1798,solo,true
1799,User 1799,user1799@example.com,Lima,6563.99,"said ""hi"", then left",solo,false
1800,User 1800,user1800@example.com,Amsterdam,6600.0,plain note 1800,"a,b,c",true
1801,User 1801,user1801@example.com,Bratislava,6637.1,plain note 1801,solo,false
1802,User 1802,user1802@example.com,Zürich,6674.2,plain note 1802,solo,true
1803,User 1803,user1803@example.com,København,6711.3,plain note 1803,"a,b,c",false
1804,User 1804,user1804@example.com,Москва,6748.4,"line one
line two",solo,true
1805,User 1805,user1805@example.com,東京,6785.5,plain note 1805,solo,false
1806,User 1806,user1806@example.com,Paris,6822.6,"said ""hi"", then left","a,b,c",true
1807,User 1807,user1807@example.com,Lima,6859.7,plain note 1807,solo,false
1808,User 1808,user1808@example.com,Amsterdam,6896.8,plain note 1808,solo,true
1809,User 1809,user1809@example.com,Bratislava,6933.9,plain note 1809,"a,b,c",false
1810,User 1810,user1810@example.com,Zürich,6970.10,plain note 1810,solo,true
1811,User 1811,user1811@example.com,København,7007.11,plain note 1811,solo,false
1812,User 1812,user1812@example.com,Москва,7044.12,plain note 1812,"a,b,c",true
1813,User 1813,user1813@example.com,東京,7081.13,"said ""hi"", then left",solo,false
1814,User 1814,user1814@example.com,Paris,7118.14,plain note 1814,solo,true
1815,User 1815,user1815@example.com,Lima,7155.15,"line one
line two","a,b,c",false
1816,User 1816,user1816@example.com,Amsterdam,7192.16,plain note 1816,solo,true
1817,User 1817,user1817@example.com,Bratislava,7229.17,plain note 1817,solo,false
1818,User 1818,user1818@example.com,Zürich,7266.18,plain note 1818,"a,b,c",true
1819,User 1819,user1819@example.com,København,7303.19,plain note 1819,solo,false
1820,User 1820,user1820@example.com,Москва,7340.20,"said ""hi"", then left",solo,true
1821,User 1821,user1821@example.com,東京,7377.21,plain note 1821,"a,b,c",false
1822,User 1822,user1822@example.com,Paris,7414.22,plain note 1822,solo,true
1823,User 1823,user1823@example.com,Lima,7451.23,plain note 1823,solo,false
1824,User 1824,user1824@example.com,Amsterdam,7488.24,plain note 1824,"a,b,c",true
1825,User 1825,user1825@example.com,Bratislava,7525.25,plain note 1825,solo,false
1826,User 1826,user1826@example.com,Zürich,7562.26,"line one
line two",solo,true
1827,User 1827,user1827@example.com,København,7599.27,"said ""hi"", then left","a,b,c",false
1828,User 1828,user1828@example.com,Москва,7636.28,plain note 1828,solo,true
1829,User 1829,user1829@example.com,東京,7673.29,plain note 1829,solo,false
1830,User 1830,user1830@example.com,Paris,7710.30,plain note 1830,"a,b,c",true
1831,User 1831,user1831@example.com,Lima,7747.31,plain note 1831,solo,false
1832,User 1832,user1832@example.com,Amsterdam,7784.32,plain note 1832,solo,true
1833,User 1833,user1833@example.com,Bratislava,7821.33,plain note 1833,"a,b,c",false
1834,User 1834,user1834@example.com,Zürich,7858.34,"said ""hi"", then left",solo,true
1835,User 1835,user1835@example.com,København,7895.35,plain note 1835,solo,false
1836,User 1836,user1836@example.com,Москва,7932.36,plain note 1836,"a,b,c",true
1837,User 1837,user1837@example.com,東京,7969.37,"line one
line two",solo,false
1838,User 1838,user1838@example.com,Paris,8006.38,plain note 1838,solo,true
1839,User 1839,user1839@example.com,Lima,8043.39,plain note 1839,"a,b,c",false
1840,User 1840,user1840@example.com,Amsterdam,8080.40,plain note 1840,solo,true
1841,User 1841,user1841@example.com,Bratislava,8117.41,"said ""hi"", then left",solo,false
1842,User 1842,user1842@example.com,Zürich,8154.42,plain note 1842,"a,b,c",true
1843,User 1843,user1843@example.com,København,8191.43,plain note 1843,solo,false
1844,User 1844,user1844@example.com,Москва,8228.44,plain note 1844,solo,true
1845,User 1845,user1845@example.com,東京,8265.45,plain note 1845,"a,b,c",false
1846,User 1846,user1846@example.com,Paris,8302.46,plain note 1846,solo,true
1847,User 1847,user1847@example.com,Lima,8339.47,plain note 1847,solo,false
1848,User 1848,user1848@example.com,Amsterdam,8376.48,"said ""hi"", then left","a,b,c",true
1849,User 1849,user1849@example.com,Bratislava,8413.49,plain note 1849,solo,false
1850,User 1850,user1850@example.com,Zürich,8450.50,plain note 1850,solo,true
1851,User 1851,user1851@example.com,København,8487.51,plain note 1851,"a,b,c",false
1852,User 1852,user1852@example.com,Москва,8524.52,plain note 1852,solo,true
1853,User 1853,user1853@example.com,東京,8561.53,plain note 1853,solo,false
1854,User 1854,user1854@example.com,Paris,8598.54,plain note 1854,"a,b,c",true
1855,User 1855,user1855@example.com,Lima,8635.55,"said ""hi"", then left",solo,false
1856,User 1856,user1856@example.com,Amsterdam,8672.56,plain note 1856,solo,true
1857,User 1857,user1857@example.com,Bratislava,8709.57,plain note 1857,"a,b,c",false
1858,User 1858,user1858@example.com,Zürich,8746.58,plain note 1858,solo,true
1859,User 1859,user1859@example.com,København,8783.59,"line one
line two",solo,false
1860,User 1860,user1860@example.com,Москва,8820.60,plain note 1860,"a,b,c",true
1861,User 1861,user1861@example.com,東京,8857.61,plain note 1861,solo,false
1862,User 1862,user1862@example.com,Paris,8894.62,"said ""hi"", then left",solo,true
1863,User 1863,user1863@example.com,Lima,8931.63,plain note 1863,"a,b,c",false
1864,User 1864,user1864@example.com,Amsterdam,8968.64,plain note 1864,solo,true
1865,User 1865,user1865@example.com,Bratislava,9005.65,plain note 1865,solo,false
1866,User 1866,user1866@example.com,Zürich,9042.66,plain note 1866,"a,b,c",true
1867,User 1867,user1867@example.com,København,9079.67,plain note 1867,solo,false
1868,User 1868,user1868@example.com,Москва,9116.68,plain note 1868,solo,true
1869,User 1869,user1869@example.com,東京,9153.69,"said ""hi"", then left","a,b,c",false
1870,User 1870,user1870@example.com,Paris,9190.70,"line one
line two",solo,true
1871,User 1871,user1871@example.com,Lima,9227.71,plain note 1871,solo,false
1872,User 1872,user1872@example.com,Amsterdam,9264.72,plain note 1872,"a,b,c",true
1873,User 1873,user1873@example.com,Bratislava,9301.73,plain note 1873,solo,false
1874,User 1874,user1874@example.com,Zürich,9338.74,plain note 1874,solo,true
1875,User 1875,user1875@example.com,København,9375.75,plain note 1875,"a,b,c",false
1876,User 1876,user1876@example.com,Москва,9412.76,"said ""hi"", then left",solo,true
1877,User 1877,user1877@example.com,東京,9449.77,plain note 1877,solo,false
1878,User 1878,user1878@example.com,Paris,9486.78,plain note 1878,"a,b,c",true
1879,User 1879,user1879@example.com,Lima,9523.79,plain note 1879,solo,false
1880,User 1880,user1880@example.com,Amsterdam,9560.80,plain note 1880,solo,true
1881,User 1881,user1881@example.com,Bratislava,9597.81,"line one
line two","a,b,c",false
1882,User 1882,user1882@example.com,Zürich,9634.82,plain note 1882,solo,true
1883,User 1883,user1883@example.com,København,9671.83,"said ""hi"", then left",solo,false
1884,User 1884,user1884@example.com,Москва,9708.84,plain note 1884,"a,b,c",true
1885,User 1885,user1885@example.com,東京,9745.85,plain note 1885,solo,false
1886,User 1886,user1886@example.com,Paris,9782.86,plain note 1886,solo,true
1887,User 1887,user1887@example.com,Lima,9819.87,plain note 1887,"a,b,c",false
1888,User 1888,user1888@example.com,Amsterdam,9856.88,plain note 1888,solo,true
1889,User 1889,user1889@example.com,Bratislava,9893.89,plain note 1889,solo,false
1890,User 1890,user1890@example.com,Zürich,9930.90,"said ""hi"", then left","a,b,c",true
1891,User 1891,user1891@example.com,København,9967.91,plain note 1891,solo,false
1892,User 1892,user1892@example.com,Москва,4.92,"line one
line two",solo,true
1893,User 1893,user1893@example.com,東京,41.93,plain note 1893,"a,b,c",false
1894,User 1894,user1894@example.com,Paris,78.94,plain note 1894,solo,true
1895,User 1895,user1895@example.com,Lima,115.95,plain note 1895,solo,false
1896,User 1896,user1896@example.com,Amsterdam,152.96,plain note 1896,"a,b,c",true
1897,User 1897,user1897@example.com,Bratislava,189.97,"said ""hi"", then left",solo,false
1898,User 1898,user1898@example.com,Zürich,226.98,plain note 1898,solo,true
1899,User 1899,user1899@example.com,København,263.99,plain note 1899,"a,b,c",false
1900,User 1900,user1900@example.com,Москва,300.0,plain note 1900,solo,true
1901,User 1901,user1901@example.com,東京,337.1,plain note 1901,solo,false
1902,User 1902,user1902@example.com,Paris,374.2,plain note 1902,"a,b,c",true
1903,User 1903,user1903@example.com,Lima,411.3,"line one
line two",solo,false
1904,User 1904,user1904@example.com,Amsterdam,448.4,"said ""hi"", then left",solo,true
1905,User 1905,user1905@example.com,Bratislava,485.5,plain note 1905,"a,b,c",false
1906,User 1906,user1906@example.com,Zürich,522.6,plain note 1906,solo,true
1907,User 1907,user1907@example.com,København,559.7,plain note 1907,solo,false
1908,User 1908,user1908@example.com,Москва,596.8,plain note 1908,"a,b,c",true
1909,User 1909,user1909@example.com,東京,633.9,plain note 1909,solo,false
1910,User 1910,user1910@example.com,Paris,670.10,plain note 1910,solo,true
1911,User 1911,user1911@example.com,Lima,707.11,"said ""hi"", then left","a,b,c",false
1912,User 1912,user1912@example.com,Amsterdam,744.12,plain note 1912,solo,true
1913,User 1913,user1913@example.com,Bratislava,781.13,plain note 1913,solo,false
1914,User 1914,user1914@example.com,Zürich,818.14,"line one
line two","a,b,c",true
1915,User 1915,user1915@example.com,København,855.15,plain note 1915,solo,false
1916,User 1916,user1916@example.com,Москва,892.16,plain note 1916,solo,true
1917,User 1917,user1917@example.com,東京,929.17,plain note 1917,"a,b,c",false
1918,User 1918,user1918@example.com,Paris,966.18,"said ""hi"", then left",solo,true
1919,User 1919,user1919@example.com,Lima,1003.19,plain note 1919,solo,false
1920,User 1920,user1920@example.com,Amsterdam,1040.20,plain note 1920,"a,b,c",true
1921,User 1921,user1921@example.com,Bratislava,1077.21,plain note 1921,solo,false
1922,User 1922,user1922@example.com,Zürich,1114.22,plain note 1922,solo,true
1923,User 1923,user1923@example.com,København,1151.23,plain note 1923,"a,b,c",false
1924,User 1924,user1924@example.com,Москва,1188.24,plain note 1924,solo,true
1925,User 1925,user1925@example.com,東京,1225.25,"said ""hi"", then left",solo,false
1926,User 1926,user1926@example.com,Paris,1262.26,plain note 1926,"a,b,c",true
1927,User 1927,user1927@example.com,Lima,1299.27,plain note 1927,solo,false
1928,User 1928,user1928@example.com,Amsterdam,1336.28,plain note 1928,solo,true
1929,User 1929,user1929@example.com,Bratislava,1373.29,plain note 1929,"a,b,c",false
1930,User 1930,user1930@example.com,Zürich,1410.30,plain note 1930,solo,true
1931,User 1931,user1931@example.com,København,1447.31,plain note 1931,solo,false
1932,User 1932,user1932@example.com,Москва,1484.32,"said ""hi"", then left","a,b,c",true
1933,User 1933,user1933@example.com,東京,1521.33,plain note 1933,solo,false
1934,User 1934,user1934@example.com,Paris,1558.34,plain note 1934,solo,true
1935,User 1935,user1935@example.com,Lima,1595.35,plain note 1935,"a,b,c",false
1936,User 1936,user1936@example.com,Amsterdam,1632.36,"line one
line two",solo,true
1937,User 1937,user1937@example.com,Bratislava,1669.37,plain note 1937,solo,false
1938,User 1938,user1938@example.com,Zürich,1706.38,plain note 1938,"a,b,c",true
1939,User 1939,user1939@example.com,København,1743.39,"said ""hi"", then left",solo,false
1940,User 1940,user1940@example.com,Москва,1780.40,plain note 1940,solo,true
1941,User 1941,user1941@example.com,東京,1817.41,plain note 1941,"a,b,c",false
1942,User 1942,user1942@example.com,Paris,1854.42,plain note 1942,solo,true
1943,User 1943,user1943@example.com,Lima,1891.43,plain note 1943,solo,false
1944,User 1944,user1944@example.com,Amsterdam,1928.44,plain note 1944,"a,b,c",true
1945,User 1945,user1945@example.com,Bratislava,1965.45,plain note 1945,solo,false
1946,User 1946,user1946@example.com,Zürich,2002.46,"said ""hi"", then left",solo,true
1947,User 1947,user1947@example.com,København,2039.47,"line one
line two","a,b,c",false
1948,User 1948,user1948@example.com,Москва,2076.48,plain note 1948,solo,true
1949,User 1949,user1949@example.com,東京,2113.49,plain note 1949,solo,false
1950,User 1950,user1950@example.com,Paris,2150.50,plain note 1950,"a,b,c",true
1951,User 1951,user1951@example.com,Lima,2187.51,plain note 1951,solo,false
1952,User 1952,user1952@example.com,Amsterdam,2224.52,plain note 1952,solo,true
1953,User 1953,user1953@example.com,Bratislava,2261.53,"said ""hi"", then left","a,b,c",false
1954,User 1954,user1954@example.com,Zürich,2298.54,plain note 1954,solo,true
1955,User 1955,user1955@example.com,København,2335.55,plain note 1955,solo,false
1956,User 1956,user1956@example.com,Москва,2372.56,plain note 1956,"a,b,c",true
1957,User 1957,user1957@example.com,東京,2409.57,plain note 1957,solo,false
1958,User 1958,user1958@example.com,Paris,2446.58,"line one
line two",solo,true
1959,User 1959,user1959@example.com,Lima,2483.59,plain note 1959,"a,b,c",false
1960,User 1960,user1960@example.com,Amsterdam,2520.60,"said ""hi"", then left",solo,true
1961,User 1961,user1961@example.com,Bratislava,2557.61,plain note 1961,solo,false
1962,User 1962,user1962@example.com,Zürich,2594.62,plain note 1962,"a,b,c",true
1963,User 1963,user1963@example.com,København,2631.63,plain note 1963,solo,false
1964,User 1964,user1964@example.com,Москва,2668.64,plain note 1964,solo,true
1965,User 1965,user1965@example.com,東京,2705.65,plain note 1965,"a,b,c",false
1966,User 1966,user1966@example.com,Paris,2742.66,plain note 1966,solo,true
1967,User 1967,user1967@example.com,Lima,2779.67,"said ""hi"", then left",solo,false
1968,User 1968,user1968@example.com,Amsterdam,2816.68,plain note 1968,"a,b,c",true
1969,User 1969,user1969@example.com,Bratislava,2853.69,"line one
line two",solo,false
1970,User 1970,user1970@example.com,Zürich,2890.70,plain note 1970,solo,true
1971,User 1971,user1971@example.com,København,2927.71,plain note 1971,"a,b,c",false
1972,User 1972,user1972@example.com,Москва,2964.72,plain note 1972,solo,true
1973,User 1973,user1973@example.com,東京,3001.73,plain note 1973,solo,false
1974,User 1974,user1974@example.com,Paris,3038.74,"said ""hi"", then left","a,b,c",true
1975,User 1975,user1975@example.com,Lima,3075.75,plain note 1975,solo,false
1976,User 1976,user1976@example.com,Amsterdam,3112.76,plain note 1976,solo,true
1977,User 1977,user1977@example.com,Bratislava,3149.77,plain note 1977,"a,b,c",false
1978,User 1978,user1978@example.com,Zürich,3186.78,plain note 1978,solo,true
1979,User 1979,user1979@example.com,København,3223.79,plain note 1979,solo,false
1980,User 1980,user1980@example.com,Москва,3260.80,"line one
line two","a,b,c",true
1981,User 1981,user1981@example.com,東京,3297.81,"said ""hi"", then left",solo,false
1982,User 1982,user1982@example.com,Paris,3334.82,plain note 1982,solo,true
1983,User 1983,user1983@example.com,Lima,3371.83,plain note 1983,"a,b,c",false
1984,User 1984,user1984@example.com,Amsterdam,3408.84,plain note 1984,solo,true
1985,User 1985,user1985@example.com,Bratislava,3445.85,plain note 1985,solo,false
1986,User 1986,user1986@example.com,Zürich,3482.86,plain note 1986,"a,b,c",true
1987,User 1987,user1987@example.com,København,3519.87,plain note 1987,solo,false
1988,User 1988,user1988@example.com,Москва,3556.88,"said ""hi"", then left",solo,true
1989,User 1989,user1989@example.com,東京,3593.89,plain note 1989,"a,b,c",false
1990,User 1990,user1990@example.com,Paris,3630.90,plain note 1990,solo,true
1991,User 1991,user1991@example.com,Lima,3667.91,"line one
line two",solo,false
1992,User 1992,user1992@example.com,Amsterdam,3704.92,plain note 1992,"a,b,c",true
1993,User 1993,user1993@example.com,Bratislava,3741.93,plain note 1993,solo,false
1994,User 1994,user1994@example.com,Zürich,3778.94,plain note 1994,solo,true
1995,User 1995,user1995@example.com,København,3815.95,"said ""hi"", then left","a,b,c",false
1996,User 1996,user1996@example.com,Москва,3852.96,plain note 1996,solo,true
1997,User 1997,user1997@example.com,東京,3889.97,plain note 1997,solo,false
1998,User 1998,user1998@example.com,Paris,3926.98,plain note 1998,"a,b,c",true
1999,User 1999,user1999@example.com,Lima,3963.99,plain note 1999,solo,false
